time,uav_id,status,assigned_cluster_id,x,y,is_damaged
30.0,1,en_route,2,9.428500005073102,-137600.00003825256,False
30.0,2,en_route,0,2.3829570654434393,-137600.00007932124,False
30.0,3,en_route,1,7.880063395212372,-137600.00000299682,False
30.0,4,available,,10.0,-140000.0,False
30.0,5,available,,5.0,-140000.0,False
30.0,6,available,,4.0,-140000.0,False
30.0,7,available,,4.0,-140000.0,False
30.0,8,available,,4.0,-140000.0,False
30.0,9,available,,4.0,-140000.0,False
30.0,10,available,,4.0,-140000.0,False
30.0,11,available,,4.0,-140000.0,False
30.0,12,en_route,2,0.5827599990080321,-137600.00007075194,False
30.0,13,en_route,2,1.5656200000036338,-137600.00006665124,False
30.0,14,en_route,0,5.331536824732659,-137600.0000930923,False
30.0,15,en_route,1,7.880063395212372,-137600.00000299682,False
30.0,16,available,,2.0,-140000.0,False
30.0,17,available,,7.0,-140000.0,False
30.0,18,available,,7.0,-140000.0,False
30.0,19,available,,7.0,-140000.0,False
30.0,20,available,,7.0,-140000.0,False
30.0,21,available,,7.0,-140000.0,False
30.0,22,available,,7.0,-140000.0,False
30.0,23,available,,7.0,-140000.0,False
30.0,24,available,,7.0,-140000.0,False
30.0,25,available,,7.0,-140000.0,False
30.0,26,available,,7.0,-140000.0,False
30.0,27,available,,7.0,-140000.0,False
30.0,28,available,,7.0,-140000.0,False
30.0,29,available,,7.0,-140000.0,False
30.0,30,available,,7.0,-140000.0,False
30.0,31,available,,7.0,-140000.0,False
30.0,32,available,,7.0,-140000.0,False
30.0,33,available,,7.0,-140000.0,False
30.0,34,available,,7.0,-140000.0,False
30.0,35,available,,7.0,-140000.0,False
30.0,36,available,,7.0,-140000.0,False
30.0,37,available,,7.0,-140000.0,False
30.0,38,available,,7.0,-140000.0,False
30.0,39,available,,7.0,-140000.0,False
30.0,40,available,,7.0,-140000.0,False
30.0,41,available,,7.0,-140000.0,False
60.0,1,en_route,2,9.857000010146205,-135200.00007650512,False
60.0,2,en_route,0,1.7659141308868787,-135200.00015864248,False
60.0,3,en_route,1,7.760126790424744,-135200.00000599364,False
60.0,4,available,,10.0,-140000.0,False
60.0,5,available,,5.0,-140000.0,False
60.0,6,available,,4.0,-140000.0,False
60.0,7,available,,4.0,-140000.0,False
60.0,8,available,,4.0,-140000.0,False
60.0,9,available,,4.0,-140000.0,False
60.0,10,available,,4.0,-140000.0,False
60.0,11,available,,4.0,-140000.0,False
60.0,12,en_route,2,1.1655199980160642,-135200.00014150387,False
60.0,13,en_route,2,2.131240000007268,-135200.00013330247,False
60.0,14,en_route,0,4.663073649465318,-135200.0001861846,False
60.0,15,en_route,1,7.760126790424744,-135200.00000599364,False
60.0,16,available,,2.0,-140000.0,False
60.0,17,available,,7.0,-140000.0,False
60.0,18,available,,7.0,-140000.0,False
60.0,19,available,,7.0,-140000.0,False
60.0,20,available,,7.0,-140000.0,False
60.0,21,available,,7.0,-140000.0,False
60.0,22,available,,7.0,-140000.0,False
60.0,23,available,,7.0,-140000.0,False
60.0,24,available,,7.0,-140000.0,False
60.0,25,available,,7.0,-140000.0,False
60.0,26,available,,7.0,-140000.0,False
60.0,27,available,,7.0,-140000.0,False
60.0,28,available,,7.0,-140000.0,False
60.0,29,available,,7.0,-140000.0,False
60.0,30,available,,7.0,-140000.0,False
60.0,31,available,,7.0,-140000.0,False
60.0,32,available,,7.0,-140000.0,False
60.0,33,available,,7.0,-140000.0,False
60.0,34,available,,7.0,-140000.0,False
60.0,35,available,,7.0,-140000.0,False
60.0,36,available,,7.0,-140000.0,False
60.0,37,available,,7.0,-140000.0,False
60.0,38,available,,7.0,-140000.0,False
60.0,39,available,,7.0,-140000.0,False
60.0,40,available,,7.0,-140000.0,False
60.0,41,available,,7.0,-140000.0,False
90.0,1,en_route,2,10.285500015219307,-132800.00011475768,False
90.0,2,en_route,0,1.148871196330318,-132800.00023796372,False
90.0,3,en_route,1,7.640190185637116,-132800.00000899046,False
90.0,4,available,,10.0,-140000.0,False
90.0,5,available,,5.0,-140000.0,False
90.0,6,available,,4.0,-140000.0,False
90.0,7,available,,4.0,-140000.0,False
90.0,8,available,,4.0,-140000.0,False
90.0,9,available,,4.0,-140000.0,False
90.0,10,available,,4.0,-140000.0,False
90.0,11,available,,4.0,-140000.0,False
90.0,12,en_route,2,1.748279997024096,-132800.0002122558,False
90.0,13,en_route,2,2.696860000010902,-132800.0001999537,False
90.0,14,en_route,0,3.994610474197977,-132800.0002792769,False
90.0,15,en_route,1,7.640190185637116,-132800.00000899046,False
90.0,16,available,,2.0,-140000.0,False
90.0,17,available,,7.0,-140000.0,False
90.0,18,available,,7.0,-140000.0,False
90.0,19,available,,7.0,-140000.0,False
90.0,20,available,,7.0,-140000.0,False
90.0,21,available,,7.0,-140000.0,False
90.0,22,available,,7.0,-140000.0,False
90.0,23,available,,7.0,-140000.0,False
90.0,24,available,,7.0,-140000.0,False
90.0,25,available,,7.0,-140000.0,False
90.0,26,available,,7.0,-140000.0,False
90.0,27,available,,7.0,-140000.0,False
90.0,28,available,,7.0,-140000.0,False
90.0,29,available,,7.0,-140000.0,False
90.0,30,available,,7.0,-140000.0,False
90.0,31,available,,7.0,-140000.0,False
90.0,32,available,,7.0,-140000.0,False
90.0,33,available,,7.0,-140000.0,False
90.0,34,available,,7.0,-140000.0,False
90.0,35,available,,7.0,-140000.0,False
90.0,36,available,,7.0,-140000.0,False
90.0,37,available,,7.0,-140000.0,False
90.0,38,available,,7.0,-140000.0,False
90.0,39,available,,7.0,-140000.0,False
90.0,40,available,,7.0,-140000.0,False
90.0,41,available,,7.0,-140000.0,False
120.0,1,en_route,2,10.71400002029241,-130400.00015301023,False
120.0,2,en_route,0,0.5318282617737574,-130400.00031728497,False
120.0,3,en_route,1,7.520253580849488,-130400.0000119873,False
120.0,4,available,,10.0,-140000.0,False
120.0,5,available,,5.0,-140000.0,False
120.0,6,available,,4.0,-140000.0,False
120.0,7,available,,4.0,-140000.0,False
120.0,8,available,,4.0,-140000.0,False
120.0,9,available,,4.0,-140000.0,False
120.0,10,available,,4.0,-140000.0,False
120.0,11,available,,4.0,-140000.0,False
120.0,12,en_route,2,2.331039996032128,-130400.00028300773,False
120.0,13,en_route,2,3.262480000014536,-130400.00026660495,False
120.0,14,en_route,0,3.3261472989306364,-130400.00037236919,False
120.0,15,en_route,1,7.520253580849488,-130400.0000119873,False
120.0,16,available,,2.0,-140000.0,False
120.0,17,available,,7.0,-140000.0,False
120.0,18,available,,7.0,-140000.0,False
120.0,19,available,,7.0,-140000.0,False
120.0,20,available,,7.0,-140000.0,False
120.0,21,available,,7.0,-140000.0,False
120.0,22,available,,7.0,-140000.0,False
120.0,23,available,,7.0,-140000.0,False
120.0,24,available,,7.0,-140000.0,False
120.0,25,available,,7.0,-140000.0,False
120.0,26,available,,7.0,-140000.0,False
120.0,27,available,,7.0,-140000.0,False
120.0,28,available,,7.0,-140000.0,False
120.0,29,available,,7.0,-140000.0,False
120.0,30,available,,7.0,-140000.0,False
120.0,31,available,,7.0,-140000.0,False
120.0,32,available,,7.0,-140000.0,False
120.0,33,available,,7.0,-140000.0,False
120.0,34,available,,7.0,-140000.0,False
120.0,35,available,,7.0,-140000.0,False
120.0,36,available,,7.0,-140000.0,False
120.0,37,available,,7.0,-140000.0,False
120.0,38,available,,7.0,-140000.0,False
120.0,39,available,,7.0,-140000.0,False
120.0,40,available,,7.0,-140000.0,False
120.0,41,available,,7.0,-140000.0,False
150.0,1,en_route,2,11.142500025365512,-128000.00019126278,False
150.0,2,en_route,0,-0.08521467278280315,-128000.00039660622,False
150.0,3,en_route,1,7.40031697606186,-128000.00001498414,False
150.0,4,available,,10.0,-140000.0,False
150.0,5,available,,5.0,-140000.0,False
150.0,6,available,,4.0,-140000.0,False
150.0,7,available,,4.0,-140000.0,False
150.0,8,available,,4.0,-140000.0,False
150.0,9,available,,4.0,-140000.0,False
150.0,10,available,,4.0,-140000.0,False
150.0,11,available,,4.0,-140000.0,False
150.0,12,en_route,2,2.91379999504016,-128000.00035375965,False
150.0,13,en_route,2,3.82810000001817,-128000.0003332562,False
150.0,14,en_route,0,2.6576841236632958,-128000.00046546149,False
150.0,15,en_route,1,7.40031697606186,-128000.00001498414,False
150.0,16,available,,2.0,-140000.0,False
150.0,17,available,,7.0,-140000.0,False
150.0,18,available,,7.0,-140000.0,False
150.0,19,available,,7.0,-140000.0,False
150.0,20,available,,7.0,-140000.0,False
150.0,21,available,,7.0,-140000.0,False
150.0,22,available,,7.0,-140000.0,False
150.0,23,available,,7.0,-140000.0,False
150.0,24,available,,7.0,-140000.0,False
150.0,25,available,,7.0,-140000.0,False
150.0,26,available,,7.0,-140000.0,False
150.0,27,available,,7.0,-140000.0,False
150.0,28,available,,7.0,-140000.0,False
150.0,29,available,,7.0,-140000.0,False
150.0,30,available,,7.0,-140000.0,False
150.0,31,available,,7.0,-140000.0,False
150.0,32,available,,7.0,-140000.0,False
150.0,33,available,,7.0,-140000.0,False
150.0,34,available,,7.0,-140000.0,False
150.0,35,available,,7.0,-140000.0,False
150.0,36,available,,7.0,-140000.0,False
150.0,37,available,,7.0,-140000.0,False
150.0,38,available,,7.0,-140000.0,False
150.0,39,available,,7.0,-140000.0,False
150.0,40,available,,7.0,-140000.0,False
150.0,41,available,,7.0,-140000.0,False
180.0,1,en_route,2,11.571000030438615,-125600.00022951532,False
180.0,2,en_route,0,-0.7022576073393637,-125600.00047592747,False
180.0,3,en_route,1,7.280380371274232,-125600.00001798097,False
180.0,4,available,,10.0,-140000.0,False
180.0,5,available,,5.0,-140000.0,False
180.0,6,available,,4.0,-140000.0,False
180.0,7,available,,4.0,-140000.0,False
180.0,8,available,,4.0,-140000.0,False
180.0,9,available,,4.0,-140000.0,False
180.0,10,available,,4.0,-140000.0,False
180.0,11,available,,4.0,-140000.0,False
180.0,12,en_route,2,3.4965599940481917,-125600.00042451157,False
180.0,13,en_route,2,4.393720000021804,-125600.00039990745,False
180.0,14,en_route,0,1.989220948395955,-125600.00055855379,False
180.0,15,en_route,1,7.280380371274232,-125600.00001798097,False
180.0,16,available,,2.0,-140000.0,False
180.0,17,available,,7.0,-140000.0,False
180.0,18,available,,7.0,-140000.0,False
180.0,19,available,,7.0,-140000.0,False
180.0,20,available,,7.0,-140000.0,False
180.0,21,available,,7.0,-140000.0,False
180.0,22,available,,7.0,-140000.0,False
180.0,23,available,,7.0,-140000.0,False
180.0,24,available,,7.0,-140000.0,False
180.0,25,available,,7.0,-140000.0,False
180.0,26,available,,7.0,-140000.0,False
180.0,27,available,,7.0,-140000.0,False
180.0,28,available,,7.0,-140000.0,False
180.0,29,available,,7.0,-140000.0,False
180.0,30,available,,7.0,-140000.0,False
180.0,31,available,,7.0,-140000.0,False
180.0,32,available,,7.0,-140000.0,False
180.0,33,available,,7.0,-140000.0,False
180.0,34,available,,7.0,-140000.0,False
180.0,35,available,,7.0,-140000.0,False
180.0,36,available,,7.0,-140000.0,False
180.0,37,available,,7.0,-140000.0,False
180.0,38,available,,7.0,-140000.0,False
180.0,39,available,,7.0,-140000.0,False
180.0,40,available,,7.0,-140000.0,False
180.0,41,available,,7.0,-140000.0,False
210.0,1,en_route,2,11.99950003551172,-123200.00026776787,False
210.0,2,en_route,0,-1.3193005418959243,-123200.00055524873,False
210.0,3,en_route,1,7.160443766486604,-123200.00002097781,False
210.0,4,available,,10.0,-140000.0,False
210.0,5,available,,5.0,-140000.0,False
210.0,6,available,,4.0,-140000.0,False
210.0,7,available,,4.0,-140000.0,False
210.0,8,available,,4.0,-140000.0,False
210.0,9,available,,4.0,-140000.0,False
210.0,10,available,,4.0,-140000.0,False
210.0,11,available,,4.0,-140000.0,False
210.0,12,en_route,2,4.079319993056224,-123200.00049526349,False
210.0,13,en_route,2,4.959340000025438,-123200.0004665587,False
210.0,14,en_route,0,1.3207577731286144,-123200.00065164609,False
210.0,15,en_route,1,7.160443766486604,-123200.00002097781,False
210.0,16,available,,2.0,-140000.0,False
210.0,17,available,,7.0,-140000.0,False
210.0,18,available,,7.0,-140000.0,False
210.0,19,available,,7.0,-140000.0,False
210.0,20,available,,7.0,-140000.0,False
210.0,21,available,,7.0,-140000.0,False
210.0,22,available,,7.0,-140000.0,False
210.0,23,available,,7.0,-140000.0,False
210.0,24,available,,7.0,-140000.0,False
210.0,25,available,,7.0,-140000.0,False
210.0,26,available,,7.0,-140000.0,False
210.0,27,available,,7.0,-140000.0,False
210.0,28,available,,7.0,-140000.0,False
210.0,29,available,,7.0,-140000.0,False
210.0,30,available,,7.0,-140000.0,False
210.0,31,available,,7.0,-140000.0,False
210.0,32,available,,7.0,-140000.0,False
210.0,33,available,,7.0,-140000.0,False
210.0,34,available,,7.0,-140000.0,False
210.0,35,available,,7.0,-140000.0,False
210.0,36,available,,7.0,-140000.0,False
210.0,37,available,,7.0,-140000.0,False
210.0,38,available,,7.0,-140000.0,False
210.0,39,available,,7.0,-140000.0,False
210.0,40,available,,7.0,-140000.0,False
210.0,41,available,,7.0,-140000.0,False
240.0,1,en_route,2,12.428000040584823,-120800.00030602042,False
240.0,2,en_route,0,-1.936343476452485,-120800.00063456998,False
240.0,3,en_route,1,7.040507161698976,-120800.00002397464,False
240.0,4,available,,10.0,-140000.0,False
240.0,5,available,,5.0,-140000.0,False
240.0,6,available,,4.0,-140000.0,False
240.0,7,available,,4.0,-140000.0,False
240.0,8,available,,4.0,-140000.0,False
240.0,9,available,,4.0,-140000.0,False
240.0,10,available,,4.0,-140000.0,False
240.0,11,available,,4.0,-140000.0,False
240.0,12,en_route,2,4.662079992064256,-120800.00056601541,False
240.0,13,en_route,2,5.524960000029072,-120800.00053320995,False
240.0,14,en_route,0,0.6522945978612739,-120800.00074473838,False
240.0,15,en_route,1,7.040507161698976,-120800.00002397464,False
240.0,16,available,,2.0,-140000.0,False
240.0,17,available,,7.0,-140000.0,False
240.0,18,available,,7.0,-140000.0,False
240.0,19,available,,7.0,-140000.0,False
240.0,20,available,,7.0,-140000.0,False
240.0,21,available,,7.0,-140000.0,False
240.0,22,available,,7.0,-140000.0,False
240.0,23,available,,7.0,-140000.0,False
240.0,24,available,,7.0,-140000.0,False
240.0,25,available,,7.0,-140000.0,False
240.0,26,available,,7.0,-140000.0,False
240.0,27,available,,7.0,-140000.0,False
240.0,28,available,,7.0,-140000.0,False
240.0,29,available,,7.0,-140000.0,False
240.0,30,available,,7.0,-140000.0,False
240.0,31,available,,7.0,-140000.0,False
240.0,32,available,,7.0,-140000.0,False
240.0,33,available,,7.0,-140000.0,False
240.0,34,available,,7.0,-140000.0,False
240.0,35,available,,7.0,-140000.0,False
240.0,36,available,,7.0,-140000.0,False
240.0,37,available,,7.0,-140000.0,False
240.0,38,available,,7.0,-140000.0,False
240.0,39,available,,7.0,-140000.0,False
240.0,40,available,,7.0,-140000.0,False
240.0,41,available,,7.0,-140000.0,False
270.0,1,en_route,2,12.856500045657928,-118400.00034427296,False
270.0,2,en_route,0,-2.553386411009045,-118400.00071389123,False
270.0,3,en_route,1,6.920570556911348,-118400.00002697148,False
270.0,4,available,,10.0,-140000.0,False
270.0,5,available,,5.0,-140000.0,False
270.0,6,available,,4.0,-140000.0,False
270.0,7,available,,4.0,-140000.0,False
270.0,8,available,,4.0,-140000.0,False
270.0,9,available,,4.0,-140000.0,False
270.0,10,available,,4.0,-140000.0,False
270.0,11,available,,4.0,-140000.0,False
270.0,12,en_route,2,5.244839991072288,-118400.00063676733,False
270.0,13,en_route,2,6.0905800000327055,-118400.0005998612,False
270.0,14,en_route,0,-0.016168577406066587,-118400.00083783068,False
270.0,15,en_route,1,6.920570556911348,-118400.00002697148,False
270.0,16,available,,2.0,-140000.0,False
270.0,17,available,,7.0,-140000.0,False
270.0,18,available,,7.0,-140000.0,False
270.0,19,available,,7.0,-140000.0,False
270.0,20,available,,7.0,-140000.0,False
270.0,21,available,,7.0,-140000.0,False
270.0,22,available,,7.0,-140000.0,False
270.0,23,available,,7.0,-140000.0,False
270.0,24,available,,7.0,-140000.0,False
270.0,25,available,,7.0,-140000.0,False
270.0,26,available,,7.0,-140000.0,False
270.0,27,available,,7.0,-140000.0,False
270.0,28,available,,7.0,-140000.0,False
270.0,29,available,,7.0,-140000.0,False
270.0,30,available,,7.0,-140000.0,False
270.0,31,available,,7.0,-140000.0,False
270.0,32,available,,7.0,-140000.0,False
270.0,33,available,,7.0,-140000.0,False
270.0,34,available,,7.0,-140000.0,False
270.0,35,available,,7.0,-140000.0,False
270.0,36,available,,7.0,-140000.0,False
270.0,37,available,,7.0,-140000.0,False
270.0,38,available,,7.0,-140000.0,False
270.0,39,available,,7.0,-140000.0,False
270.0,40,available,,7.0,-140000.0,False
270.0,41,available,,7.0,-140000.0,False
300.0,1,assigned,1,13.285000050731032,-116000.00038252551,False
300.0,2,assigned,0,-3.170429345565606,-116000.00079321249,False
300.0,3,assigned,2,6.80063395212372,-116000.00002996832,False
300.0,4,available,,10.0,-140000.0,False
300.0,5,available,,5.0,-140000.0,False
300.0,6,available,,4.0,-140000.0,False
300.0,7,available,,4.0,-140000.0,False
300.0,8,available,,4.0,-140000.0,False
300.0,9,available,,4.0,-140000.0,False
300.0,10,available,,4.0,-140000.0,False
300.0,11,available,,4.0,-140000.0,False
300.0,12,assigned,1,5.82759999008032,-116000.00070751926,False
300.0,13,assigned,0,6.65620000003634,-116000.00066651245,False
300.0,14,assigned,2,-0.684631752673407,-116000.00093092298,False
300.0,15,available,,6.80063395212372,-116000.00002996832,False
300.0,16,available,,2.0,-140000.0,False
300.0,17,available,,7.0,-140000.0,False
300.0,18,available,,7.0,-140000.0,False
300.0,19,available,,7.0,-140000.0,False
300.0,20,available,,7.0,-140000.0,False
300.0,21,available,,7.0,-140000.0,False
300.0,22,available,,7.0,-140000.0,False
300.0,23,available,,7.0,-140000.0,False
300.0,24,available,,7.0,-140000.0,False
300.0,25,available,,7.0,-140000.0,False
300.0,26,available,,7.0,-140000.0,False
300.0,27,available,,7.0,-140000.0,False
300.0,28,available,,7.0,-140000.0,False
300.0,29,available,,7.0,-140000.0,False
300.0,30,available,,7.0,-140000.0,False
300.0,31,available,,7.0,-140000.0,False
300.0,32,available,,7.0,-140000.0,False
300.0,33,available,,7.0,-140000.0,False
300.0,34,available,,7.0,-140000.0,False
300.0,35,available,,7.0,-140000.0,False
300.0,36,available,,7.0,-140000.0,False
300.0,37,available,,7.0,-140000.0,False
300.0,38,available,,7.0,-140000.0,False
300.0,39,available,,7.0,-140000.0,False
300.0,40,available,,7.0,-140000.0,False
300.0,41,available,,7.0,-140000.0,False
330.0,1,en_route,1,12.327566524096206,-113600.0005735003,False
330.0,2,en_route,0,-2.4118224064797396,-113600.00091310509,False
330.0,3,en_route,2,6.680697347336092,-113600.00003296515,False
330.0,4,available,,10.0,-140000.0,False
330.0,5,available,,5.0,-140000.0,False
330.0,6,available,,4.0,-140000.0,False
330.0,7,available,,4.0,-140000.0,False
330.0,8,available,,4.0,-140000.0,False
330.0,9,available,,4.0,-140000.0,False
330.0,10,available,,4.0,-140000.0,False
330.0,11,available,,4.0,-140000.0,False
330.0,12,en_route,1,5.024427326780832,-113600.00084191225,False
330.0,13,en_route,0,7.211521925882943,-113600.0007307588,False
330.0,14,en_route,2,-0.6497995234613162,-113600.00093117575,False
330.0,15,available,,6.80063395212372,-116000.00002996832,False
330.0,16,available,,2.0,-140000.0,False
330.0,17,available,,7.0,-140000.0,False
330.0,18,available,,7.0,-140000.0,False
330.0,19,available,,7.0,-140000.0,False
330.0,20,available,,7.0,-140000.0,False
330.0,21,available,,7.0,-140000.0,False
330.0,22,available,,7.0,-140000.0,False
330.0,23,available,,7.0,-140000.0,False
330.0,24,available,,7.0,-140000.0,False
330.0,25,available,,7.0,-140000.0,False
330.0,26,available,,7.0,-140000.0,False
330.0,27,available,,7.0,-140000.0,False
330.0,28,available,,7.0,-140000.0,False
330.0,29,available,,7.0,-140000.0,False
330.0,30,available,,7.0,-140000.0,False
330.0,31,available,,7.0,-140000.0,False
330.0,32,available,,7.0,-140000.0,False
330.0,33,available,,7.0,-140000.0,False
330.0,34,available,,7.0,-140000.0,False
330.0,35,available,,7.0,-140000.0,False
330.0,36,available,,7.0,-140000.0,False
330.0,37,available,,7.0,-140000.0,False
330.0,38,available,,7.0,-140000.0,False
330.0,39,available,,7.0,-140000.0,False
330.0,40,available,,7.0,-140000.0,False
330.0,41,available,,7.0,-140000.0,False
360.0,1,en_route,1,11.37013299746138,-111200.0007644751,False
360.0,2,en_route,0,-1.6532154673938733,-111200.0010329977,False
360.0,3,en_route,2,6.560760742548464,-111200.00003596199,False
360.0,4,available,,10.0,-140000.0,False
360.0,5,available,,5.0,-140000.0,False
360.0,6,available,,4.0,-140000.0,False
360.0,7,available,,4.0,-140000.0,False
360.0,8,available,,4.0,-140000.0,False
360.0,9,available,,4.0,-140000.0,False
360.0,10,available,,4.0,-140000.0,False
360.0,11,available,,4.0,-140000.0,False
360.0,12,en_route,1,4.221254663481344,-111200.00097630524,False
360.0,13,en_route,0,7.766843851729546,-111200.00079500514,False
360.0,14,en_route,2,-0.6149672942492254,-111200.00093142851,False
360.0,15,available,,6.80063395212372,-116000.00002996832,False
360.0,16,available,,2.0,-140000.0,False
360.0,17,available,,7.0,-140000.0,False
360.0,18,available,,7.0,-140000.0,False
360.0,19,available,,7.0,-140000.0,False
360.0,20,available,,7.0,-140000.0,False
360.0,21,available,,7.0,-140000.0,False
360.0,22,available,,7.0,-140000.0,False
360.0,23,available,,7.0,-140000.0,False
360.0,24,available,,7.0,-140000.0,False
360.0,25,available,,7.0,-140000.0,False
360.0,26,available,,7.0,-140000.0,False
360.0,27,available,,7.0,-140000.0,False
360.0,28,available,,7.0,-140000.0,False
360.0,29,available,,7.0,-140000.0,False
360.0,30,available,,7.0,-140000.0,False
360.0,31,available,,7.0,-140000.0,False
360.0,32,available,,7.0,-140000.0,False
360.0,33,available,,7.0,-140000.0,False
360.0,34,available,,7.0,-140000.0,False
360.0,35,available,,7.0,-140000.0,False
360.0,36,available,,7.0,-140000.0,False
360.0,37,available,,7.0,-140000.0,False
360.0,38,available,,7.0,-140000.0,False
360.0,39,available,,7.0,-140000.0,False
360.0,40,available,,7.0,-140000.0,False
360.0,41,available,,7.0,-140000.0,False
390.0,1,en_route,1,10.412699470826553,-108800.0009554499,False
390.0,2,en_route,0,-0.8946085283080073,-108800.0011528903,False
390.0,3,en_route,2,6.440824137760836,-108800.00003895882,False
390.0,4,available,,10.0,-140000.0,False
390.0,5,available,,5.0,-140000.0,False
390.0,6,available,,4.0,-140000.0,False
390.0,7,available,,4.0,-140000.0,False
390.0,8,available,,4.0,-140000.0,False
390.0,9,available,,4.0,-140000.0,False
390.0,10,available,,4.0,-140000.0,False
390.0,11,available,,4.0,-140000.0,False
390.0,12,en_route,1,3.4180820001818555,-108800.00111069823,False
390.0,13,en_route,0,8.32216577757615,-108800.00085925148,False
390.0,14,en_route,2,-0.5801350650371345,-108800.00093168128,False
390.0,15,available,,6.80063395212372,-116000.00002996832,False
390.0,16,available,,2.0,-140000.0,False
390.0,17,available,,7.0,-140000.0,False
390.0,18,available,,7.0,-140000.0,False
390.0,19,available,,7.0,-140000.0,False
390.0,20,available,,7.0,-140000.0,False
390.0,21,available,,7.0,-140000.0,False
390.0,22,available,,7.0,-140000.0,False
390.0,23,available,,7.0,-140000.0,False
390.0,24,available,,7.0,-140000.0,False
390.0,25,available,,7.0,-140000.0,False
390.0,26,available,,7.0,-140000.0,False
390.0,27,available,,7.0,-140000.0,False
390.0,28,available,,7.0,-140000.0,False
390.0,29,available,,7.0,-140000.0,False
390.0,30,available,,7.0,-140000.0,False
390.0,31,available,,7.0,-140000.0,False
390.0,32,available,,7.0,-140000.0,False
390.0,33,available,,7.0,-140000.0,False
390.0,34,available,,7.0,-140000.0,False
390.0,35,available,,7.0,-140000.0,False
390.0,36,available,,7.0,-140000.0,False
390.0,37,available,,7.0,-140000.0,False
390.0,38,available,,7.0,-140000.0,False
390.0,39,available,,7.0,-140000.0,False
390.0,40,available,,7.0,-140000.0,False
390.0,41,available,,7.0,-140000.0,False
420.0,1,en_route,1,9.455265944191726,-106400.00114642469,False
420.0,2,en_route,0,-0.13600158922214123,-106400.0012727829,False
420.0,3,en_route,2,6.320887532973208,-106400.00004195566,False
420.0,4,available,,10.0,-140000.0,False
420.0,5,available,,5.0,-140000.0,False
420.0,6,available,,4.0,-140000.0,False
420.0,7,available,,4.0,-140000.0,False
420.0,8,available,,4.0,-140000.0,False
420.0,9,available,,4.0,-140000.0,False
420.0,10,available,,4.0,-140000.0,False
420.0,11,available,,4.0,-140000.0,False
420.0,12,en_route,1,2.6149093368823673,-106400.00124509122,False
420.0,13,en_route,0,8.877487703422753,-106400.00092349782,False
420.0,14,en_route,2,-0.5453028358250437,-106400.00093193405,False
420.0,15,available,,6.80063395212372,-116000.00002996832,False
420.0,16,available,,2.0,-140000.0,False
420.0,17,available,,7.0,-140000.0,False
420.0,18,available,,7.0,-140000.0,False
420.0,19,available,,7.0,-140000.0,False
420.0,20,available,,7.0,-140000.0,False
420.0,21,available,,7.0,-140000.0,False
420.0,22,available,,7.0,-140000.0,False
420.0,23,available,,7.0,-140000.0,False
420.0,24,available,,7.0,-140000.0,False
420.0,25,available,,7.0,-140000.0,False
420.0,26,available,,7.0,-140000.0,False
420.0,27,available,,7.0,-140000.0,False
420.0,28,available,,7.0,-140000.0,False
420.0,29,available,,7.0,-140000.0,False
420.0,30,available,,7.0,-140000.0,False
420.0,31,available,,7.0,-140000.0,False
420.0,32,available,,7.0,-140000.0,False
420.0,33,available,,7.0,-140000.0,False
420.0,34,available,,7.0,-140000.0,False
420.0,35,available,,7.0,-140000.0,False
420.0,36,available,,7.0,-140000.0,False
420.0,37,available,,7.0,-140000.0,False
420.0,38,available,,7.0,-140000.0,False
420.0,39,available,,7.0,-140000.0,False
420.0,40,available,,7.0,-140000.0,False
420.0,41,available,,7.0,-140000.0,False
450.0,1,en_route,1,8.4978324175569,-104000.00133739949,False
450.0,2,en_route,0,0.6226053498637247,-104000.0013926755,False
450.0,3,en_route,2,6.20095092818558,-104000.0000449525,False
450.0,4,available,,10.0,-140000.0,False
450.0,5,available,,5.0,-140000.0,False
450.0,6,available,,4.0,-140000.0,False
450.0,7,available,,4.0,-140000.0,False
450.0,8,available,,4.0,-140000.0,False
450.0,9,available,,4.0,-140000.0,False
450.0,10,available,,4.0,-140000.0,False
450.0,11,available,,4.0,-140000.0,False
450.0,12,en_route,1,1.8117366735828788,-104000.00137948421,False
450.0,13,en_route,0,9.432809629269357,-104000.00098774416,False
450.0,14,en_route,2,-0.5104706066129528,-104000.00093218681,False
450.0,15,available,,6.80063395212372,-116000.00002996832,False
450.0,16,available,,2.0,-140000.0,False
450.0,17,available,,7.0,-140000.0,False
450.0,18,available,,7.0,-140000.0,False
450.0,19,available,,7.0,-140000.0,False
450.0,20,available,,7.0,-140000.0,False
450.0,21,available,,7.0,-140000.0,False
450.0,22,available,,7.0,-140000.0,False
450.0,23,available,,7.0,-140000.0,False
450.0,24,available,,7.0,-140000.0,False
450.0,25,available,,7.0,-140000.0,False
450.0,26,available,,7.0,-140000.0,False
450.0,27,available,,7.0,-140000.0,False
450.0,28,available,,7.0,-140000.0,False
450.0,29,available,,7.0,-140000.0,False
450.0,30,available,,7.0,-140000.0,False
450.0,31,available,,7.0,-140000.0,False
450.0,32,available,,7.0,-140000.0,False
450.0,33,available,,7.0,-140000.0,False
450.0,34,available,,7.0,-140000.0,False
450.0,35,available,,7.0,-140000.0,False
450.0,36,available,,7.0,-140000.0,False
450.0,37,available,,7.0,-140000.0,False
450.0,38,available,,7.0,-140000.0,False
450.0,39,available,,7.0,-140000.0,False
450.0,40,available,,7.0,-140000.0,False
450.0,41,available,,7.0,-140000.0,False
480.0,1,en_route,1,7.5403988909220745,-101600.00152837428,False
480.0,2,en_route,0,1.3812122889495908,-101600.00151256811,False
480.0,3,en_route,2,6.081014323397952,-101600.00004794933,False
480.0,4,available,,10.0,-140000.0,False
480.0,5,available,,5.0,-140000.0,False
480.0,6,available,,4.0,-140000.0,False
480.0,7,available,,4.0,-140000.0,False
480.0,8,available,,4.0,-140000.0,False
480.0,9,available,,4.0,-140000.0,False
480.0,10,available,,4.0,-140000.0,False
480.0,11,available,,4.0,-140000.0,False
480.0,12,en_route,1,1.0085640102833904,-101600.0015138772,False
480.0,13,en_route,0,9.988131555115961,-101600.0010519905,False
480.0,14,en_route,2,-0.475638377400862,-101600.00093243958,False
480.0,15,available,,6.80063395212372,-116000.00002996832,False
480.0,16,available,,2.0,-140000.0,False
480.0,17,available,,7.0,-140000.0,False
480.0,18,available,,7.0,-140000.0,False
480.0,19,available,,7.0,-140000.0,False
480.0,20,available,,7.0,-140000.0,False
480.0,21,available,,7.0,-140000.0,False
480.0,22,available,,7.0,-140000.0,False
480.0,23,available,,7.0,-140000.0,False
480.0,24,available,,7.0,-140000.0,False
480.0,25,available,,7.0,-140000.0,False
480.0,26,available,,7.0,-140000.0,False
480.0,27,available,,7.0,-140000.0,False
480.0,28,available,,7.0,-140000.0,False
480.0,29,available,,7.0,-140000.0,False
480.0,30,available,,7.0,-140000.0,False
480.0,31,available,,7.0,-140000.0,False
480.0,32,available,,7.0,-140000.0,False
480.0,33,available,,7.0,-140000.0,False
480.0,34,available,,7.0,-140000.0,False
480.0,35,available,,7.0,-140000.0,False
480.0,36,available,,7.0,-140000.0,False
480.0,37,available,,7.0,-140000.0,False
480.0,38,available,,7.0,-140000.0,False
480.0,39,available,,7.0,-140000.0,False
480.0,40,available,,7.0,-140000.0,False
480.0,41,available,,7.0,-140000.0,False
510.0,1,en_route,1,6.582965364287249,-99200.00171934908,False
510.0,2,en_route,0,2.139819228035457,-99200.00163246071,False
510.0,3,en_route,2,5.961077718610324,-99200.00005094617,False
510.0,4,available,,10.0,-140000.0,False
510.0,5,available,,5.0,-140000.0,False
510.0,6,available,,4.0,-140000.0,False
510.0,7,available,,4.0,-140000.0,False
510.0,8,available,,4.0,-140000.0,False
510.0,9,available,,4.0,-140000.0,False
510.0,10,available,,4.0,-140000.0,False
510.0,11,available,,4.0,-140000.0,False
510.0,12,en_route,1,0.20539134698390205,-99200.00164827019,False
510.0,13,en_route,0,10.543453480962565,-99200.00111623685,False
510.0,14,en_route,2,-0.4408061481887712,-99200.00093269235,False
510.0,15,available,,6.80063395212372,-116000.00002996832,False
510.0,16,available,,2.0,-140000.0,False
510.0,17,available,,7.0,-140000.0,False
510.0,18,available,,7.0,-140000.0,False
510.0,19,available,,7.0,-140000.0,False
510.0,20,available,,7.0,-140000.0,False
510.0,21,available,,7.0,-140000.0,False
510.0,22,available,,7.0,-140000.0,False
510.0,23,available,,7.0,-140000.0,False
510.0,24,available,,7.0,-140000.0,False
510.0,25,available,,7.0,-140000.0,False
510.0,26,available,,7.0,-140000.0,False
510.0,27,available,,7.0,-140000.0,False
510.0,28,available,,7.0,-140000.0,False
510.0,29,available,,7.0,-140000.0,False
510.0,30,available,,7.0,-140000.0,False
510.0,31,available,,7.0,-140000.0,False
510.0,32,available,,7.0,-140000.0,False
510.0,33,available,,7.0,-140000.0,False
510.0,34,available,,7.0,-140000.0,False
510.0,35,available,,7.0,-140000.0,False
510.0,36,available,,7.0,-140000.0,False
510.0,37,available,,7.0,-140000.0,False
510.0,38,available,,7.0,-140000.0,False
510.0,39,available,,7.0,-140000.0,False
510.0,40,available,,7.0,-140000.0,False
510.0,41,available,,7.0,-140000.0,False
540.0,1,en_route,1,5.6255318376524235,-96800.00191032387,False
540.0,2,en_route,0,2.898426167121323,-96800.00175235332,False
540.0,3,en_route,2,5.841141113822696,-96800.000053943,False
540.0,4,available,,10.0,-140000.0,False
540.0,5,available,,5.0,-140000.0,False
540.0,6,available,,4.0,-140000.0,False
540.0,7,available,,4.0,-140000.0,False
540.0,8,available,,4.0,-140000.0,False
540.0,9,available,,4.0,-140000.0,False
540.0,10,available,,4.0,-140000.0,False
540.0,11,available,,4.0,-140000.0,False
540.0,12,en_route,1,-0.5977813163155862,-96800.00178266318,False
540.0,13,en_route,0,11.09877540680917,-96800.00118048319,False
540.0,14,en_route,2,-0.4059739189766803,-96800.00093294511,False
540.0,15,available,,6.80063395212372,-116000.00002996832,False
540.0,16,available,,2.0,-140000.0,False
540.0,17,available,,7.0,-140000.0,False
540.0,18,available,,7.0,-140000.0,False
540.0,19,available,,7.0,-140000.0,False
540.0,20,available,,7.0,-140000.0,False
540.0,21,available,,7.0,-140000.0,False
540.0,22,available,,7.0,-140000.0,False
540.0,23,available,,7.0,-140000.0,False
540.0,24,available,,7.0,-140000.0,False
540.0,25,available,,7.0,-140000.0,False
540.0,26,available,,7.0,-140000.0,False
540.0,27,available,,7.0,-140000.0,False
540.0,28,available,,7.0,-140000.0,False
540.0,29,available,,7.0,-140000.0,False
540.0,30,available,,7.0,-140000.0,False
540.0,31,available,,7.0,-140000.0,False
540.0,32,available,,7.0,-140000.0,False
540.0,33,available,,7.0,-140000.0,False
540.0,34,available,,7.0,-140000.0,False
540.0,35,available,,7.0,-140000.0,False
540.0,36,available,,7.0,-140000.0,False
540.0,37,available,,7.0,-140000.0,False
540.0,38,available,,7.0,-140000.0,False
540.0,39,available,,7.0,-140000.0,False
540.0,40,available,,7.0,-140000.0,False
540.0,41,available,,7.0,-140000.0,False
570.0,1,en_route,1,4.668098311017598,-94400.00210129867,False
570.0,2,en_route,0,3.6570331062071895,-94400.00187224592,False
570.0,3,en_route,2,5.721204509035068,-94400.00005693984,False
570.0,4,available,,10.0,-140000.0,False
570.0,5,available,,5.0,-140000.0,False
570.0,6,available,,4.0,-140000.0,False
570.0,7,available,,4.0,-140000.0,False
570.0,8,available,,4.0,-140000.0,False
570.0,9,available,,4.0,-140000.0,False
570.0,10,available,,4.0,-140000.0,False
570.0,11,available,,4.0,-140000.0,False
570.0,12,en_route,1,-1.4009539796150743,-94400.00191705617,False
570.0,13,en_route,0,11.654097332655773,-94400.00124472953,False
570.0,14,en_route,2,-0.37114168976458944,-94400.00093319788,False
570.0,15,available,,6.80063395212372,-116000.00002996832,False
570.0,16,available,,2.0,-140000.0,False
570.0,17,available,,7.0,-140000.0,False
570.0,18,available,,7.0,-140000.0,False
570.0,19,available,,7.0,-140000.0,False
570.0,20,available,,7.0,-140000.0,False
570.0,21,available,,7.0,-140000.0,False
570.0,22,available,,7.0,-140000.0,False
570.0,23,available,,7.0,-140000.0,False
570.0,24,available,,7.0,-140000.0,False
570.0,25,available,,7.0,-140000.0,False
570.0,26,available,,7.0,-140000.0,False
570.0,27,available,,7.0,-140000.0,False
570.0,28,available,,7.0,-140000.0,False
570.0,29,available,,7.0,-140000.0,False
570.0,30,available,,7.0,-140000.0,False
570.0,31,available,,7.0,-140000.0,False
570.0,32,available,,7.0,-140000.0,False
570.0,33,available,,7.0,-140000.0,False
570.0,34,available,,7.0,-140000.0,False
570.0,35,available,,7.0,-140000.0,False
570.0,36,available,,7.0,-140000.0,False
570.0,37,available,,7.0,-140000.0,False
570.0,38,available,,7.0,-140000.0,False
570.0,39,available,,7.0,-140000.0,False
570.0,40,available,,7.0,-140000.0,False
570.0,41,available,,7.0,-140000.0,False
600.0,1,en_route,1,3.7106647843827725,-92000.00229227346,False
600.0,2,en_route,0,4.415640045293055,-92000.00199213852,False
600.0,3,en_route,2,5.60126790424744,-92000.00005993668,False
600.0,4,available,,10.0,-140000.0,False
600.0,5,available,,5.0,-140000.0,False
600.0,6,available,,4.0,-140000.0,False
600.0,7,available,,4.0,-140000.0,False
600.0,8,available,,4.0,-140000.0,False
600.0,9,available,,4.0,-140000.0,False
600.0,10,available,,4.0,-140000.0,False
600.0,11,available,,4.0,-140000.0,False
600.0,12,en_route,1,-2.2041266429145625,-92000.00205144916,False
600.0,13,en_route,0,12.209419258502376,-92000.00130897587,False
600.0,14,en_route,2,-0.3363094605524986,-92000.00093345065,False
600.0,15,available,,6.80063395212372,-116000.00002996832,False
600.0,16,available,,2.0,-140000.0,False
600.0,17,available,,7.0,-140000.0,False
600.0,18,available,,7.0,-140000.0,False
600.0,19,available,,7.0,-140000.0,False
600.0,20,available,,7.0,-140000.0,False
600.0,21,available,,7.0,-140000.0,False
600.0,22,available,,7.0,-140000.0,False
600.0,23,available,,7.0,-140000.0,False
600.0,24,available,,7.0,-140000.0,False
600.0,25,available,,7.0,-140000.0,False
600.0,26,available,,7.0,-140000.0,False
600.0,27,available,,7.0,-140000.0,False
600.0,28,available,,7.0,-140000.0,False
600.0,29,available,,7.0,-140000.0,False
600.0,30,available,,7.0,-140000.0,False
600.0,31,available,,7.0,-140000.0,False
600.0,32,available,,7.0,-140000.0,False
600.0,33,available,,7.0,-140000.0,False
600.0,34,available,,7.0,-140000.0,False
600.0,35,available,,7.0,-140000.0,False
600.0,36,available,,7.0,-140000.0,False
600.0,37,available,,7.0,-140000.0,False
600.0,38,available,,7.0,-140000.0,False
600.0,39,available,,7.0,-140000.0,False
600.0,40,available,,7.0,-140000.0,False
600.0,41,available,,7.0,-140000.0,False
630.0,1,en_route,1,2.753231257747947,-89600.00248324826,False
630.0,2,en_route,0,5.174246984378922,-89600.00211203113,False
630.0,3,en_route,2,5.481331299459812,-89600.00006293351,False
630.0,4,available,,10.0,-140000.0,False
630.0,5,available,,5.0,-140000.0,False
630.0,6,available,,4.0,-140000.0,False
630.0,7,available,,4.0,-140000.0,False
630.0,8,available,,4.0,-140000.0,False
630.0,9,available,,4.0,-140000.0,False
630.0,10,available,,4.0,-140000.0,False
630.0,11,available,,4.0,-140000.0,False
630.0,12,en_route,1,-3.0072993062140507,-89600.00218584215,False
630.0,13,en_route,0,12.76474118434898,-89600.00137322221,False
630.0,14,en_route,2,-0.3014772313404077,-89600.00093370341,False
630.0,15,available,,6.80063395212372,-116000.00002996832,False
630.0,16,available,,2.0,-140000.0,False
630.0,17,available,,7.0,-140000.0,False
630.0,18,available,,7.0,-140000.0,False
630.0,19,available,,7.0,-140000.0,False
630.0,20,available,,7.0,-140000.0,False
630.0,21,available,,7.0,-140000.0,False
630.0,22,available,,7.0,-140000.0,False
630.0,23,available,,7.0,-140000.0,False
630.0,24,available,,7.0,-140000.0,False
630.0,25,available,,7.0,-140000.0,False
630.0,26,available,,7.0,-140000.0,False
630.0,27,available,,7.0,-140000.0,False
630.0,28,available,,7.0,-140000.0,False
630.0,29,available,,7.0,-140000.0,False
630.0,30,available,,7.0,-140000.0,False
630.0,31,available,,7.0,-140000.0,False
630.0,32,available,,7.0,-140000.0,False
630.0,33,available,,7.0,-140000.0,False
630.0,34,available,,7.0,-140000.0,False
630.0,35,available,,7.0,-140000.0,False
630.0,36,available,,7.0,-140000.0,False
630.0,37,available,,7.0,-140000.0,False
630.0,38,available,,7.0,-140000.0,False
630.0,39,available,,7.0,-140000.0,False
630.0,40,available,,7.0,-140000.0,False
630.0,41,available,,7.0,-140000.0,False
660.0,1,en_route,1,1.7957977311131215,-87200.00267422305,False
660.0,2,en_route,0,5.932853923464788,-87200.00223192373,False
660.0,3,en_route,2,5.3613946946721835,-87200.00006593035,False
660.0,4,available,,10.0,-140000.0,False
660.0,5,available,,5.0,-140000.0,False
660.0,6,available,,4.0,-140000.0,False
660.0,7,available,,4.0,-140000.0,False
660.0,8,available,,4.0,-140000.0,False
660.0,9,available,,4.0,-140000.0,False
660.0,10,available,,4.0,-140000.0,False
660.0,11,available,,4.0,-140000.0,False
660.0,12,en_route,1,-3.810471969513539,-87200.00232023514,False
660.0,13,en_route,0,13.320063110195584,-87200.00143746856,False
660.0,14,en_route,2,-0.2666450021283169,-87200.00093395618,False
660.0,15,available,,6.80063395212372,-116000.00002996832,False
660.0,16,available,,2.0,-140000.0,False
660.0,17,available,,7.0,-140000.0,False
660.0,18,available,,7.0,-140000.0,False
660.0,19,available,,7.0,-140000.0,False
660.0,20,available,,7.0,-140000.0,False
660.0,21,available,,7.0,-140000.0,False
660.0,22,available,,7.0,-140000.0,False
660.0,23,available,,7.0,-140000.0,False
660.0,24,available,,7.0,-140000.0,False
660.0,25,available,,7.0,-140000.0,False
660.0,26,available,,7.0,-140000.0,False
660.0,27,available,,7.0,-140000.0,False
660.0,28,available,,7.0,-140000.0,False
660.0,29,available,,7.0,-140000.0,False
660.0,30,available,,7.0,-140000.0,False
660.0,31,available,,7.0,-140000.0,False
660.0,32,available,,7.0,-140000.0,False
660.0,33,available,,7.0,-140000.0,False
660.0,34,available,,7.0,-140000.0,False
660.0,35,available,,7.0,-140000.0,False
660.0,36,available,,7.0,-140000.0,False
660.0,37,available,,7.0,-140000.0,False
660.0,38,available,,7.0,-140000.0,False
660.0,39,available,,7.0,-140000.0,False
660.0,40,available,,7.0,-140000.0,False
660.0,41,available,,7.0,-140000.0,False
690.0,1,en_route,1,0.8383642044782962,-84800.00286519785,False
690.0,2,en_route,0,6.691460862550654,-84800.00235181634,False
690.0,3,en_route,2,5.2414580898845555,-84800.00006892718,False
690.0,4,available,,10.0,-140000.0,False
690.0,5,available,,5.0,-140000.0,False
690.0,6,available,,4.0,-140000.0,False
690.0,7,available,,4.0,-140000.0,False
690.0,8,available,,4.0,-140000.0,False
690.0,9,available,,4.0,-140000.0,False
690.0,10,available,,4.0,-140000.0,False
690.0,11,available,,4.0,-140000.0,False
690.0,12,en_route,1,-4.613644632813027,-84800.00245462813,False
690.0,13,en_route,0,13.875385036042188,-84800.0015017149,False
690.0,14,en_route,2,-0.231812772916226,-84800.00093420895,False
690.0,15,available,,6.80063395212372,-116000.00002996832,False
690.0,16,available,,2.0,-140000.0,False
690.0,17,available,,7.0,-140000.0,False
690.0,18,available,,7.0,-140000.0,False
690.0,19,available,,7.0,-140000.0,False
690.0,20,available,,7.0,-140000.0,False
690.0,21,available,,7.0,-140000.0,False
690.0,22,available,,7.0,-140000.0,False
690.0,23,available,,7.0,-140000.0,False
690.0,24,available,,7.0,-140000.0,False
690.0,25,available,,7.0,-140000.0,False
690.0,26,available,,7.0,-140000.0,False
690.0,27,available,,7.0,-140000.0,False
690.0,28,available,,7.0,-140000.0,False
690.0,29,available,,7.0,-140000.0,False
690.0,30,available,,7.0,-140000.0,False
690.0,31,available,,7.0,-140000.0,False
690.0,32,available,,7.0,-140000.0,False
690.0,33,available,,7.0,-140000.0,False
690.0,34,available,,7.0,-140000.0,False
690.0,35,available,,7.0,-140000.0,False
690.0,36,available,,7.0,-140000.0,False
690.0,37,available,,7.0,-140000.0,False
690.0,38,available,,7.0,-140000.0,False
690.0,39,available,,7.0,-140000.0,False
690.0,40,available,,7.0,-140000.0,False
690.0,41,available,,7.0,-140000.0,False
720.0,1,en_route,1,-0.1190693221565291,-82400.00305617265,False
720.0,2,en_route,0,7.4500678016365205,-82400.00247170894,False
720.0,3,en_route,2,5.1215214850969275,-82400.00007192402,False
720.0,4,available,,10.0,-140000.0,False
720.0,5,available,,5.0,-140000.0,False
720.0,6,available,,4.0,-140000.0,False
720.0,7,available,,4.0,-140000.0,False
720.0,8,available,,4.0,-140000.0,False
720.0,9,available,,4.0,-140000.0,False
720.0,10,available,,4.0,-140000.0,False
720.0,11,available,,4.0,-140000.0,False
720.0,12,en_route,1,-5.416817296112515,-82400.00258902113,False
720.0,13,en_route,0,14.430706961888792,-82400.00156596124,False
720.0,14,en_route,2,-0.19698054370413515,-82400.00093446171,False
720.0,15,available,,6.80063395212372,-116000.00002996832,False
720.0,16,available,,2.0,-140000.0,False
720.0,17,available,,7.0,-140000.0,False
720.0,18,available,,7.0,-140000.0,False
720.0,19,available,,7.0,-140000.0,False
720.0,20,available,,7.0,-140000.0,False
720.0,21,available,,7.0,-140000.0,False
720.0,22,available,,7.0,-140000.0,False
720.0,23,available,,7.0,-140000.0,False
720.0,24,available,,7.0,-140000.0,False
720.0,25,available,,7.0,-140000.0,False
720.0,26,available,,7.0,-140000.0,False
720.0,27,available,,7.0,-140000.0,False
720.0,28,available,,7.0,-140000.0,False
720.0,29,available,,7.0,-140000.0,False
720.0,30,available,,7.0,-140000.0,False
720.0,31,available,,7.0,-140000.0,False
720.0,32,available,,7.0,-140000.0,False
720.0,33,available,,7.0,-140000.0,False
720.0,34,available,,7.0,-140000.0,False
720.0,35,available,,7.0,-140000.0,False
720.0,36,available,,7.0,-140000.0,False
720.0,37,available,,7.0,-140000.0,False
720.0,38,available,,7.0,-140000.0,False
720.0,39,available,,7.0,-140000.0,False
720.0,40,available,,7.0,-140000.0,False
720.0,41,available,,7.0,-140000.0,False
750.0,1,en_route,1,-1.0765028487913546,-80000.00324714744,False
750.0,2,en_route,0,8.208674740722387,-80000.00259160154,False
750.0,3,en_route,2,5.0015848803092995,-80000.00007492086,False
750.0,4,available,,10.0,-140000.0,False
750.0,5,available,,5.0,-140000.0,False
750.0,6,available,,4.0,-140000.0,False
750.0,7,available,,4.0,-140000.0,False
750.0,8,available,,4.0,-140000.0,False
750.0,9,available,,4.0,-140000.0,False
750.0,10,available,,4.0,-140000.0,False
750.0,11,available,,4.0,-140000.0,False
750.0,12,en_route,1,-6.219989959412003,-80000.00272341412,False
750.0,13,en_route,0,14.986028887735394,-80000.00163020758,False
750.0,14,en_route,2,-0.16214831449204428,-80000.00093471448,False
750.0,15,available,,6.80063395212372,-116000.00002996832,False
750.0,16,available,,2.0,-140000.0,False
750.0,17,available,,7.0,-140000.0,False
750.0,18,available,,7.0,-140000.0,False
750.0,19,available,,7.0,-140000.0,False
750.0,20,available,,7.0,-140000.0,False
750.0,21,available,,7.0,-140000.0,False
750.0,22,available,,7.0,-140000.0,False
750.0,23,available,,7.0,-140000.0,False
750.0,24,available,,7.0,-140000.0,False
750.0,25,available,,7.0,-140000.0,False
750.0,26,available,,7.0,-140000.0,False
750.0,27,available,,7.0,-140000.0,False
750.0,28,available,,7.0,-140000.0,False
750.0,29,available,,7.0,-140000.0,False
750.0,30,available,,7.0,-140000.0,False
750.0,31,available,,7.0,-140000.0,False
750.0,32,available,,7.0,-140000.0,False
750.0,33,available,,7.0,-140000.0,False
750.0,34,available,,7.0,-140000.0,False
750.0,35,available,,7.0,-140000.0,False
750.0,36,available,,7.0,-140000.0,False
750.0,37,available,,7.0,-140000.0,False
750.0,38,available,,7.0,-140000.0,False
750.0,39,available,,7.0,-140000.0,False
750.0,40,available,,7.0,-140000.0,False
750.0,41,available,,7.0,-140000.0,False
780.0,1,en_route,1,-2.0339363754261797,-77600.00343812224,False
780.0,2,en_route,0,8.967281679808252,-77600.00271149415,False
780.0,3,en_route,2,4.8816482755216715,-77600.00007791769,False
780.0,4,available,,10.0,-140000.0,False
780.0,5,available,,5.0,-140000.0,False
780.0,6,available,,4.0,-140000.0,False
780.0,7,available,,4.0,-140000.0,False
780.0,8,available,,4.0,-140000.0,False
780.0,9,available,,4.0,-140000.0,False
780.0,10,available,,4.0,-140000.0,False
780.0,11,available,,4.0,-140000.0,False
780.0,12,en_route,1,-7.023162622711491,-77600.0028578071,False
780.0,13,en_route,0,15.541350813581998,-77600.00169445392,False
780.0,14,en_route,2,-0.12731608527995342,-77600.00093496725,False
780.0,15,available,,6.80063395212372,-116000.00002996832,False
780.0,16,available,,2.0,-140000.0,False
780.0,17,available,,7.0,-140000.0,False
780.0,18,available,,7.0,-140000.0,False
780.0,19,available,,7.0,-140000.0,False
780.0,20,available,,7.0,-140000.0,False
780.0,21,available,,7.0,-140000.0,False
780.0,22,available,,7.0,-140000.0,False
780.0,23,available,,7.0,-140000.0,False
780.0,24,available,,7.0,-140000.0,False
780.0,25,available,,7.0,-140000.0,False
780.0,26,available,,7.0,-140000.0,False
780.0,27,available,,7.0,-140000.0,False
780.0,28,available,,7.0,-140000.0,False
780.0,29,available,,7.0,-140000.0,False
780.0,30,available,,7.0,-140000.0,False
780.0,31,available,,7.0,-140000.0,False
780.0,32,available,,7.0,-140000.0,False
780.0,33,available,,7.0,-140000.0,False
780.0,34,available,,7.0,-140000.0,False
780.0,35,available,,7.0,-140000.0,False
780.0,36,available,,7.0,-140000.0,False
780.0,37,available,,7.0,-140000.0,False
780.0,38,available,,7.0,-140000.0,False
780.0,39,available,,7.0,-140000.0,False
780.0,40,available,,7.0,-140000.0,False
780.0,41,available,,7.0,-140000.0,False
810.0,1,en_route,1,-2.9913699020610047,-75200.00362909703,False
810.0,2,en_route,0,9.725888618894118,-75200.00283138675,False
810.0,3,en_route,2,4.761711670734044,-75200.00008091453,False
810.0,4,available,,10.0,-140000.0,False
810.0,5,available,,5.0,-140000.0,False
810.0,6,available,,4.0,-140000.0,False
810.0,7,available,,4.0,-140000.0,False
810.0,8,available,,4.0,-140000.0,False
810.0,9,available,,4.0,-140000.0,False
810.0,10,available,,4.0,-140000.0,False
810.0,11,available,,4.0,-140000.0,False
810.0,12,en_route,1,-7.82633528601098,-75200.0029922001,False
810.0,13,en_route,0,16.0966727394286,-75200.00175870027,False
810.0,14,en_route,2,-0.09248385606786255,-75200.00093522001,False
810.0,15,available,,6.80063395212372,-116000.00002996832,False
810.0,16,available,,2.0,-140000.0,False
810.0,17,available,,7.0,-140000.0,False
810.0,18,available,,7.0,-140000.0,False
810.0,19,available,,7.0,-140000.0,False
810.0,20,available,,7.0,-140000.0,False
810.0,21,available,,7.0,-140000.0,False
810.0,22,available,,7.0,-140000.0,False
810.0,23,available,,7.0,-140000.0,False
810.0,24,available,,7.0,-140000.0,False
810.0,25,available,,7.0,-140000.0,False
810.0,26,available,,7.0,-140000.0,False
810.0,27,available,,7.0,-140000.0,False
810.0,28,available,,7.0,-140000.0,False
810.0,29,available,,7.0,-140000.0,False
810.0,30,available,,7.0,-140000.0,False
810.0,31,available,,7.0,-140000.0,False
810.0,32,available,,7.0,-140000.0,False
810.0,33,available,,7.0,-140000.0,False
810.0,34,available,,7.0,-140000.0,False
810.0,35,available,,7.0,-140000.0,False
810.0,36,available,,7.0,-140000.0,False
810.0,37,available,,7.0,-140000.0,False
810.0,38,available,,7.0,-140000.0,False
810.0,39,available,,7.0,-140000.0,False
810.0,40,available,,7.0,-140000.0,False
810.0,41,available,,7.0,-140000.0,False
840.0,1,en_route,1,-3.94880342869583,-72800.00382007183,False
840.0,2,en_route,0,10.484495557979983,-72800.00295127936,False
840.0,3,en_route,2,4.641775065946417,-72800.00008391136,False
840.0,4,available,,10.0,-140000.0,False
840.0,5,available,,5.0,-140000.0,False
840.0,6,available,,4.0,-140000.0,False
840.0,7,available,,4.0,-140000.0,False
840.0,8,available,,4.0,-140000.0,False
840.0,9,available,,4.0,-140000.0,False
840.0,10,available,,4.0,-140000.0,False
840.0,11,available,,4.0,-140000.0,False
840.0,12,en_route,1,-8.629507949310467,-72800.00312659309,False
840.0,13,en_route,0,16.651994665275204,-72800.00182294661,False
840.0,14,en_route,2,-0.05765162685577169,-72800.00093547278,False
840.0,15,available,,6.80063395212372,-116000.00002996832,False
840.0,16,available,,2.0,-140000.0,False
840.0,17,available,,7.0,-140000.0,False
840.0,18,available,,7.0,-140000.0,False
840.0,19,available,,7.0,-140000.0,False
840.0,20,available,,7.0,-140000.0,False
840.0,21,available,,7.0,-140000.0,False
840.0,22,available,,7.0,-140000.0,False
840.0,23,available,,7.0,-140000.0,False
840.0,24,available,,7.0,-140000.0,False
840.0,25,available,,7.0,-140000.0,False
840.0,26,available,,7.0,-140000.0,False
840.0,27,available,,7.0,-140000.0,False
840.0,28,available,,7.0,-140000.0,False
840.0,29,available,,7.0,-140000.0,False
840.0,30,available,,7.0,-140000.0,False
840.0,31,available,,7.0,-140000.0,False
840.0,32,available,,7.0,-140000.0,False
840.0,33,available,,7.0,-140000.0,False
840.0,34,available,,7.0,-140000.0,False
840.0,35,available,,7.0,-140000.0,False
840.0,36,available,,7.0,-140000.0,False
840.0,37,available,,7.0,-140000.0,False
840.0,38,available,,7.0,-140000.0,False
840.0,39,available,,7.0,-140000.0,False
840.0,40,available,,7.0,-140000.0,False
840.0,41,available,,7.0,-140000.0,False
870.0,1,en_route,1,-4.906236955330655,-70400.00401104662,False
870.0,2,en_route,0,11.243102497065848,-70400.00307117196,False
870.0,3,en_route,2,4.52183846115879,-70400.0000869082,False
870.0,4,available,,10.0,-140000.0,False
870.0,5,available,,5.0,-140000.0,False
870.0,6,available,,4.0,-140000.0,False
870.0,7,available,,4.0,-140000.0,False
870.0,8,available,,4.0,-140000.0,False
870.0,9,available,,4.0,-140000.0,False
870.0,10,available,,4.0,-140000.0,False
870.0,11,available,,4.0,-140000.0,False
870.0,12,en_route,1,-9.432680612609955,-70400.00326098608,False
870.0,13,en_route,0,17.207316591121806,-70400.00188719295,False
870.0,14,en_route,2,-0.022819397643680822,-70400.00093572555,False
870.0,15,available,,6.80063395212372,-116000.00002996832,False
870.0,16,available,,2.0,-140000.0,False
870.0,17,available,,7.0,-140000.0,False
870.0,18,available,,7.0,-140000.0,False
870.0,19,available,,7.0,-140000.0,False
870.0,20,available,,7.0,-140000.0,False
870.0,21,available,,7.0,-140000.0,False
870.0,22,available,,7.0,-140000.0,False
870.0,23,available,,7.0,-140000.0,False
870.0,24,available,,7.0,-140000.0,False
870.0,25,available,,7.0,-140000.0,False
870.0,26,available,,7.0,-140000.0,False
870.0,27,available,,7.0,-140000.0,False
870.0,28,available,,7.0,-140000.0,False
870.0,29,available,,7.0,-140000.0,False
870.0,30,available,,7.0,-140000.0,False
870.0,31,available,,7.0,-140000.0,False
870.0,32,available,,7.0,-140000.0,False
870.0,33,available,,7.0,-140000.0,False
870.0,34,available,,7.0,-140000.0,False
870.0,35,available,,7.0,-140000.0,False
870.0,36,available,,7.0,-140000.0,False
870.0,37,available,,7.0,-140000.0,False
870.0,38,available,,7.0,-140000.0,False
870.0,39,available,,7.0,-140000.0,False
870.0,40,available,,7.0,-140000.0,False
870.0,41,available,,7.0,-140000.0,False
900.0,1,en_route,1,-5.86367048196548,-68000.00420202142,False
900.0,2,en_route,0,12.001709436151716,-68000.00319106456,False
900.0,3,en_route,2,4.401901856371162,-68000.00008990504,False
900.0,4,available,,10.0,-140000.0,False
900.0,5,available,,5.0,-140000.0,False
900.0,6,available,,4.0,-140000.0,False
900.0,7,available,,4.0,-140000.0,False
900.0,8,available,,4.0,-140000.0,False
900.0,9,available,,4.0,-140000.0,False
900.0,10,available,,4.0,-140000.0,False
900.0,11,available,,4.0,-140000.0,False
900.0,12,en_route,1,-10.235853275909443,-68000.00339537907,False
900.0,13,en_route,0,17.76263851696841,-68000.00195143929,False
900.0,14,en_route,2,0.01201283156841005,-68000.00093597831,False
900.0,15,available,,6.80063395212372,-116000.00002996832,False
900.0,16,available,,2.0,-140000.0,False
900.0,17,available,,7.0,-140000.0,False
900.0,18,available,,7.0,-140000.0,False
900.0,19,available,,7.0,-140000.0,False
900.0,20,available,,7.0,-140000.0,False
900.0,21,available,,7.0,-140000.0,False
900.0,22,available,,7.0,-140000.0,False
900.0,23,available,,7.0,-140000.0,False
900.0,24,available,,7.0,-140000.0,False
900.0,25,available,,7.0,-140000.0,False
900.0,26,available,,7.0,-140000.0,False
900.0,27,available,,7.0,-140000.0,False
900.0,28,available,,7.0,-140000.0,False
900.0,29,available,,7.0,-140000.0,False
900.0,30,available,,7.0,-140000.0,False
900.0,31,available,,7.0,-140000.0,False
900.0,32,available,,7.0,-140000.0,False
900.0,33,available,,7.0,-140000.0,False
900.0,34,available,,7.0,-140000.0,False
900.0,35,available,,7.0,-140000.0,False
900.0,36,available,,7.0,-140000.0,False
900.0,37,available,,7.0,-140000.0,False
900.0,38,available,,7.0,-140000.0,False
900.0,39,available,,7.0,-140000.0,False
900.0,40,available,,7.0,-140000.0,False
900.0,41,available,,7.0,-140000.0,False
930.0,1,en_route,1,-6.8211040086003045,-65600.00439299621,False
930.0,2,en_route,0,12.760316375237583,-65600.00331095717,False
930.0,3,en_route,2,4.281965251583534,-65600.00009290187,False
930.0,4,available,,10.0,-140000.0,False
930.0,5,available,,5.0,-140000.0,False
930.0,6,available,,4.0,-140000.0,False
930.0,7,available,,4.0,-140000.0,False
930.0,8,available,,4.0,-140000.0,False
930.0,9,available,,4.0,-140000.0,False
930.0,10,available,,4.0,-140000.0,False
930.0,11,available,,4.0,-140000.0,False
930.0,12,en_route,1,-11.039025939208932,-65600.00352977206,False
930.0,13,en_route,0,18.31796044281501,-65600.00201568563,False
930.0,14,en_route,2,0.04684506078050092,-65600.00093623108,False
930.0,15,available,,6.80063395212372,-116000.00002996832,False
930.0,16,available,,2.0,-140000.0,False
930.0,17,available,,7.0,-140000.0,False
930.0,18,available,,7.0,-140000.0,False
930.0,19,available,,7.0,-140000.0,False
930.0,20,available,,7.0,-140000.0,False
930.0,21,available,,7.0,-140000.0,False
930.0,22,available,,7.0,-140000.0,False
930.0,23,available,,7.0,-140000.0,False
930.0,24,available,,7.0,-140000.0,False
930.0,25,available,,7.0,-140000.0,False
930.0,26,available,,7.0,-140000.0,False
930.0,27,available,,7.0,-140000.0,False
930.0,28,available,,7.0,-140000.0,False
930.0,29,available,,7.0,-140000.0,False
930.0,30,available,,7.0,-140000.0,False
930.0,31,available,,7.0,-140000.0,False
930.0,32,available,,7.0,-140000.0,False
930.0,33,available,,7.0,-140000.0,False
930.0,34,available,,7.0,-140000.0,False
930.0,35,available,,7.0,-140000.0,False
930.0,36,available,,7.0,-140000.0,False
930.0,37,available,,7.0,-140000.0,False
930.0,38,available,,7.0,-140000.0,False
930.0,39,available,,7.0,-140000.0,False
930.0,40,available,,7.0,-140000.0,False
930.0,41,available,,7.0,-140000.0,False
960.0,1,en_route,1,-7.778537535235129,-63200.004583971,False
960.0,2,en_route,0,13.518923314323448,-63200.00343084977,False
960.0,3,en_route,2,4.162028646795907,-63200.0000958987,False
960.0,4,available,,10.0,-140000.0,False
960.0,5,available,,5.0,-140000.0,False
960.0,6,available,,4.0,-140000.0,False
960.0,7,available,,4.0,-140000.0,False
960.0,8,available,,4.0,-140000.0,False
960.0,9,available,,4.0,-140000.0,False
960.0,10,available,,4.0,-140000.0,False
960.0,11,available,,4.0,-140000.0,False
960.0,12,en_route,1,-11.84219860250842,-63200.00366416505,False
960.0,13,en_route,0,18.873282368661613,-63200.002079931975,False
960.0,14,en_route,2,0.0816772899925918,-63200.00093648385,False
960.0,15,available,,6.80063395212372,-116000.00002996832,False
960.0,16,available,,2.0,-140000.0,False
960.0,17,available,,7.0,-140000.0,False
960.0,18,available,,7.0,-140000.0,False
960.0,19,available,,7.0,-140000.0,False
960.0,20,available,,7.0,-140000.0,False
960.0,21,available,,7.0,-140000.0,False
960.0,22,available,,7.0,-140000.0,False
960.0,23,available,,7.0,-140000.0,False
960.0,24,available,,7.0,-140000.0,False
960.0,25,available,,7.0,-140000.0,False
960.0,26,available,,7.0,-140000.0,False
960.0,27,available,,7.0,-140000.0,False
960.0,28,available,,7.0,-140000.0,False
960.0,29,available,,7.0,-140000.0,False
960.0,30,available,,7.0,-140000.0,False
960.0,31,available,,7.0,-140000.0,False
960.0,32,available,,7.0,-140000.0,False
960.0,33,available,,7.0,-140000.0,False
960.0,34,available,,7.0,-140000.0,False
960.0,35,available,,7.0,-140000.0,False
960.0,36,available,,7.0,-140000.0,False
960.0,37,available,,7.0,-140000.0,False
960.0,38,available,,7.0,-140000.0,False
960.0,39,available,,7.0,-140000.0,False
960.0,40,available,,7.0,-140000.0,False
960.0,41,available,,7.0,-140000.0,False
990.0,1,en_route,1,-8.735971061869954,-60800.00477494579,False
990.0,2,en_route,0,14.277530253409315,-60800.003550742375,False
990.0,3,en_route,2,4.04209204200828,-60800.00009889553,False
990.0,4,available,,10.0,-140000.0,False
990.0,5,available,,5.0,-140000.0,False
990.0,6,available,,4.0,-140000.0,False
990.0,7,available,,4.0,-140000.0,False
990.0,8,available,,4.0,-140000.0,False
990.0,9,available,,4.0,-140000.0,False
990.0,10,available,,4.0,-140000.0,False
990.0,11,available,,4.0,-140000.0,False
990.0,12,en_route,1,-12.645371265807908,-60800.00379855804,False
990.0,13,en_route,0,19.428604294508215,-60800.00214417832,False
990.0,14,en_route,2,0.11650951920468267,-60800.000936736615,False
990.0,15,available,,6.80063395212372,-116000.00002996832,False
990.0,16,available,,2.0,-140000.0,False
990.0,17,available,,7.0,-140000.0,False
990.0,18,available,,7.0,-140000.0,False
990.0,19,available,,7.0,-140000.0,False
990.0,20,available,,7.0,-140000.0,False
990.0,21,available,,7.0,-140000.0,False
990.0,22,available,,7.0,-140000.0,False
990.0,23,available,,7.0,-140000.0,False
990.0,24,available,,7.0,-140000.0,False
990.0,25,available,,7.0,-140000.0,False
990.0,26,available,,7.0,-140000.0,False
990.0,27,available,,7.0,-140000.0,False
990.0,28,available,,7.0,-140000.0,False
990.0,29,available,,7.0,-140000.0,False
990.0,30,available,,7.0,-140000.0,False
990.0,31,available,,7.0,-140000.0,False
990.0,32,available,,7.0,-140000.0,False
990.0,33,available,,7.0,-140000.0,False
990.0,34,available,,7.0,-140000.0,False
990.0,35,available,,7.0,-140000.0,False
990.0,36,available,,7.0,-140000.0,False
990.0,37,available,,7.0,-140000.0,False
990.0,38,available,,7.0,-140000.0,False
990.0,39,available,,7.0,-140000.0,False
990.0,40,available,,7.0,-140000.0,False
990.0,41,available,,7.0,-140000.0,False
1020.0,1,en_route,1,-9.693404588504778,-58400.004965920576,False
1020.0,2,en_route,0,15.03613719249518,-58400.00367063498,False
1020.0,3,en_route,2,3.922155437220652,-58400.00010189236,False
1020.0,4,available,,10.0,-140000.0,False
1020.0,5,available,,5.0,-140000.0,False
1020.0,6,available,,4.0,-140000.0,False
1020.0,7,available,,4.0,-140000.0,False
1020.0,8,available,,4.0,-140000.0,False
1020.0,9,available,,4.0,-140000.0,False
1020.0,10,available,,4.0,-140000.0,False
1020.0,11,available,,4.0,-140000.0,False
1020.0,12,en_route,1,-13.448543929107396,-58400.00393295103,False
1020.0,13,en_route,0,19.983926220354817,-58400.00220842466,False
1020.0,14,en_route,2,0.15134174841677353,-58400.00093698938,False
1020.0,15,available,,6.80063395212372,-116000.00002996832,False
1020.0,16,available,,2.0,-140000.0,False
1020.0,17,available,,7.0,-140000.0,False
1020.0,18,available,,7.0,-140000.0,False
1020.0,19,available,,7.0,-140000.0,False
1020.0,20,available,,7.0,-140000.0,False
1020.0,21,available,,7.0,-140000.0,False
1020.0,22,available,,7.0,-140000.0,False
1020.0,23,available,,7.0,-140000.0,False
1020.0,24,available,,7.0,-140000.0,False
1020.0,25,available,,7.0,-140000.0,False
1020.0,26,available,,7.0,-140000.0,False
1020.0,27,available,,7.0,-140000.0,False
1020.0,28,available,,7.0,-140000.0,False
1020.0,29,available,,7.0,-140000.0,False
1020.0,30,available,,7.0,-140000.0,False
1020.0,31,available,,7.0,-140000.0,False
1020.0,32,available,,7.0,-140000.0,False
1020.0,33,available,,7.0,-140000.0,False
1020.0,34,available,,7.0,-140000.0,False
1020.0,35,available,,7.0,-140000.0,False
1020.0,36,available,,7.0,-140000.0,False
1020.0,37,available,,7.0,-140000.0,False
1020.0,38,available,,7.0,-140000.0,False
1020.0,39,available,,7.0,-140000.0,False
1020.0,40,available,,7.0,-140000.0,False
1020.0,41,available,,7.0,-140000.0,False
1050.0,1,en_route,1,-10.650838115139603,-56000.005156895364,False
1050.0,2,en_route,0,15.794744131581048,-56000.00379052758,False
1050.0,3,en_route,2,3.8022188324330246,-56000.000104889186,False
1050.0,4,available,,10.0,-140000.0,False
1050.0,5,available,,5.0,-140000.0,False
1050.0,6,available,,4.0,-140000.0,False
1050.0,7,available,,4.0,-140000.0,False
1050.0,8,available,,4.0,-140000.0,False
1050.0,9,available,,4.0,-140000.0,False
1050.0,10,available,,4.0,-140000.0,False
1050.0,11,available,,4.0,-140000.0,False
1050.0,12,en_route,1,-14.251716592406884,-56000.00406734402,False
1050.0,13,en_route,0,20.53924814620142,-56000.002272671,False
1050.0,14,en_route,2,0.1861739776288644,-56000.00093724215,False
1050.0,15,available,,6.80063395212372,-116000.00002996832,False
1050.0,16,available,,2.0,-140000.0,False
1050.0,17,available,,7.0,-140000.0,False
1050.0,18,available,,7.0,-140000.0,False
1050.0,19,available,,7.0,-140000.0,False
1050.0,20,available,,7.0,-140000.0,False
1050.0,21,available,,7.0,-140000.0,False
1050.0,22,available,,7.0,-140000.0,False
1050.0,23,available,,7.0,-140000.0,False
1050.0,24,available,,7.0,-140000.0,False
1050.0,25,available,,7.0,-140000.0,False
1050.0,26,available,,7.0,-140000.0,False
1050.0,27,available,,7.0,-140000.0,False
1050.0,28,available,,7.0,-140000.0,False
1050.0,29,available,,7.0,-140000.0,False
1050.0,30,available,,7.0,-140000.0,False
1050.0,31,available,,7.0,-140000.0,False
1050.0,32,available,,7.0,-140000.0,False
1050.0,33,available,,7.0,-140000.0,False
1050.0,34,available,,7.0,-140000.0,False
1050.0,35,available,,7.0,-140000.0,False
1050.0,36,available,,7.0,-140000.0,False
1050.0,37,available,,7.0,-140000.0,False
1050.0,38,available,,7.0,-140000.0,False
1050.0,39,available,,7.0,-140000.0,False
1050.0,40,available,,7.0,-140000.0,False
1050.0,41,available,,7.0,-140000.0,False
1080.0,1,en_route,1,-11.608271641774428,-53600.00534787015,False
1080.0,2,en_route,0,16.553351070666913,-53600.003910420186,False
1080.0,3,en_route,2,3.682282227645397,-53600.000107886015,False
1080.0,4,available,,10.0,-140000.0,False
1080.0,5,available,,5.0,-140000.0,False
1080.0,6,available,,4.0,-140000.0,False
1080.0,7,available,,4.0,-140000.0,False
1080.0,8,available,,4.0,-140000.0,False
1080.0,9,available,,4.0,-140000.0,False
1080.0,10,available,,4.0,-140000.0,False
1080.0,11,available,,4.0,-140000.0,False
1080.0,12,en_route,1,-15.054889255706373,-53600.004201737014,False
1080.0,13,en_route,0,21.094570072048022,-53600.00233691734,False
1080.0,14,en_route,2,0.22100620684095526,-53600.000937494915,False
1080.0,15,available,,6.80063395212372,-116000.00002996832,False
1080.0,16,available,,2.0,-140000.0,False
1080.0,17,available,,7.0,-140000.0,False
1080.0,18,available,,7.0,-140000.0,False
1080.0,19,available,,7.0,-140000.0,False
1080.0,20,available,,7.0,-140000.0,False
1080.0,21,available,,7.0,-140000.0,False
1080.0,22,available,,7.0,-140000.0,False
1080.0,23,available,,7.0,-140000.0,False
1080.0,24,available,,7.0,-140000.0,False
1080.0,25,available,,7.0,-140000.0,False
1080.0,26,available,,7.0,-140000.0,False
1080.0,27,available,,7.0,-140000.0,False
1080.0,28,available,,7.0,-140000.0,False
1080.0,29,available,,7.0,-140000.0,False
1080.0,30,available,,7.0,-140000.0,False
1080.0,31,available,,7.0,-140000.0,False
1080.0,32,available,,7.0,-140000.0,False
1080.0,33,available,,7.0,-140000.0,False
1080.0,34,available,,7.0,-140000.0,False
1080.0,35,available,,7.0,-140000.0,False
1080.0,36,available,,7.0,-140000.0,False
1080.0,37,available,,7.0,-140000.0,False
1080.0,38,available,,7.0,-140000.0,False
1080.0,39,available,,7.0,-140000.0,False
1080.0,40,available,,7.0,-140000.0,False
1080.0,41,available,,7.0,-140000.0,False
1110.0,1,en_route,1,-12.565705168409252,-51200.00553884494,False
1110.0,2,en_route,0,17.31195800975278,-51200.00403031279,False
1110.0,3,en_route,2,3.5623456228577695,-51200.000110882844,False
1110.0,4,available,,10.0,-140000.0,False
1110.0,5,available,,5.0,-140000.0,False
1110.0,6,available,,4.0,-140000.0,False
1110.0,7,available,,4.0,-140000.0,False
1110.0,8,available,,4.0,-140000.0,False
1110.0,9,available,,4.0,-140000.0,False
1110.0,10,available,,4.0,-140000.0,False
1110.0,11,available,,4.0,-140000.0,False
1110.0,12,en_route,1,-15.858061919005861,-51200.004336130005,False
1110.0,13,en_route,0,21.649891997894624,-51200.002401163685,False
1110.0,14,en_route,2,0.2558384360530461,-51200.00093774768,False
1110.0,15,available,,6.80063395212372,-116000.00002996832,False
1110.0,16,available,,2.0,-140000.0,False
1110.0,17,available,,7.0,-140000.0,False
1110.0,18,available,,7.0,-140000.0,False
1110.0,19,available,,7.0,-140000.0,False
1110.0,20,available,,7.0,-140000.0,False
1110.0,21,available,,7.0,-140000.0,False
1110.0,22,available,,7.0,-140000.0,False
1110.0,23,available,,7.0,-140000.0,False
1110.0,24,available,,7.0,-140000.0,False
1110.0,25,available,,7.0,-140000.0,False
1110.0,26,available,,7.0,-140000.0,False
1110.0,27,available,,7.0,-140000.0,False
1110.0,28,available,,7.0,-140000.0,False
1110.0,29,available,,7.0,-140000.0,False
1110.0,30,available,,7.0,-140000.0,False
1110.0,31,available,,7.0,-140000.0,False
1110.0,32,available,,7.0,-140000.0,False
1110.0,33,available,,7.0,-140000.0,False
1110.0,34,available,,7.0,-140000.0,False
1110.0,35,available,,7.0,-140000.0,False
1110.0,36,available,,7.0,-140000.0,False
1110.0,37,available,,7.0,-140000.0,False
1110.0,38,available,,7.0,-140000.0,False
1110.0,39,available,,7.0,-140000.0,False
1110.0,40,available,,7.0,-140000.0,False
1110.0,41,available,,7.0,-140000.0,False
1140.0,1,en_route,1,-13.523138695044077,-48800.00572981973,False
1140.0,2,en_route,0,18.070564948838644,-48800.004150205394,False
1140.0,3,en_route,2,3.442409018070142,-48800.00011387967,False
1140.0,4,available,,10.0,-140000.0,False
1140.0,5,available,,5.0,-140000.0,False
1140.0,6,available,,4.0,-140000.0,False
1140.0,7,available,,4.0,-140000.0,False
1140.0,8,available,,4.0,-140000.0,False
1140.0,9,available,,4.0,-140000.0,False
1140.0,10,available,,4.0,-140000.0,False
1140.0,11,available,,4.0,-140000.0,False
1140.0,12,en_route,1,-16.661234582305347,-48800.004470522996,False
1140.0,13,en_route,0,22.205213923741226,-48800.00246541003,False
1140.0,14,en_route,2,0.290670665265137,-48800.00093800045,False
1140.0,15,available,,6.80063395212372,-116000.00002996832,False
1140.0,16,available,,2.0,-140000.0,False
1140.0,17,available,,7.0,-140000.0,False
1140.0,18,available,,7.0,-140000.0,False
1140.0,19,available,,7.0,-140000.0,False
1140.0,20,available,,7.0,-140000.0,False
1140.0,21,available,,7.0,-140000.0,False
1140.0,22,available,,7.0,-140000.0,False
1140.0,23,available,,7.0,-140000.0,False
1140.0,24,available,,7.0,-140000.0,False
1140.0,25,available,,7.0,-140000.0,False
1140.0,26,available,,7.0,-140000.0,False
1140.0,27,available,,7.0,-140000.0,False
1140.0,28,available,,7.0,-140000.0,False
1140.0,29,available,,7.0,-140000.0,False
1140.0,30,available,,7.0,-140000.0,False
1140.0,31,available,,7.0,-140000.0,False
1140.0,32,available,,7.0,-140000.0,False
1140.0,33,available,,7.0,-140000.0,False
1140.0,34,available,,7.0,-140000.0,False
1140.0,35,available,,7.0,-140000.0,False
1140.0,36,available,,7.0,-140000.0,False
1140.0,37,available,,7.0,-140000.0,False
1140.0,38,available,,7.0,-140000.0,False
1140.0,39,available,,7.0,-140000.0,False
1140.0,40,available,,7.0,-140000.0,False
1140.0,41,available,,7.0,-140000.0,False
1170.0,1,en_route,1,-14.480572221678901,-46400.005920794516,False
1170.0,2,en_route,0,18.82917188792451,-46400.004270098,False
1170.0,3,en_route,2,3.3224724132825143,-46400.0001168765,False
1170.0,4,available,,10.0,-140000.0,False
1170.0,5,available,,5.0,-140000.0,False
1170.0,6,available,,4.0,-140000.0,False
1170.0,7,available,,4.0,-140000.0,False
1170.0,8,available,,4.0,-140000.0,False
1170.0,9,available,,4.0,-140000.0,False
1170.0,10,available,,4.0,-140000.0,False
1170.0,11,available,,4.0,-140000.0,False
1170.0,12,en_route,1,-17.464407245604836,-46400.00460491599,False
1170.0,13,en_route,0,22.76053584958783,-46400.00252965637,False
1170.0,14,en_route,2,0.3255028944772279,-46400.000938253215,False
1170.0,15,available,,6.80063395212372,-116000.00002996832,False
1170.0,16,available,,2.0,-140000.0,False
1170.0,17,available,,7.0,-140000.0,False
1170.0,18,available,,7.0,-140000.0,False
1170.0,19,available,,7.0,-140000.0,False
1170.0,20,available,,7.0,-140000.0,False
1170.0,21,available,,7.0,-140000.0,False
1170.0,22,available,,7.0,-140000.0,False
1170.0,23,available,,7.0,-140000.0,False
1170.0,24,available,,7.0,-140000.0,False
1170.0,25,available,,7.0,-140000.0,False
1170.0,26,available,,7.0,-140000.0,False
1170.0,27,available,,7.0,-140000.0,False
1170.0,28,available,,7.0,-140000.0,False
1170.0,29,available,,7.0,-140000.0,False
1170.0,30,available,,7.0,-140000.0,False
1170.0,31,available,,7.0,-140000.0,False
1170.0,32,available,,7.0,-140000.0,False
1170.0,33,available,,7.0,-140000.0,False
1170.0,34,available,,7.0,-140000.0,False
1170.0,35,available,,7.0,-140000.0,False
1170.0,36,available,,7.0,-140000.0,False
1170.0,37,available,,7.0,-140000.0,False
1170.0,38,available,,7.0,-140000.0,False
1170.0,39,available,,7.0,-140000.0,False
1170.0,40,available,,7.0,-140000.0,False
1170.0,41,available,,7.0,-140000.0,False
1200.0,1,en_route,1,-15.438005748313728,-44000.006111769304,False
1200.0,2,en_route,0,19.587778827010375,-44000.0043899906,False
1200.0,3,en_route,2,3.2025358084948867,-44000.00011987333,False
1200.0,4,available,,10.0,-140000.0,False
1200.0,5,available,,5.0,-140000.0,False
1200.0,6,available,,4.0,-140000.0,False
1200.0,7,available,,4.0,-140000.0,False
1200.0,8,available,,4.0,-140000.0,False
1200.0,9,available,,4.0,-140000.0,False
1200.0,10,available,,4.0,-140000.0,False
1200.0,11,available,,4.0,-140000.0,False
1200.0,12,en_route,1,-18.267579908904324,-44000.00473930898,False
1200.0,13,en_route,0,23.31585777543443,-44000.00259390271,False
1200.0,14,en_route,2,0.36033512368931875,-44000.00093850598,False
1200.0,15,available,,6.80063395212372,-116000.00002996832,False
1200.0,16,available,,2.0,-140000.0,False
1200.0,17,available,,7.0,-140000.0,False
1200.0,18,available,,7.0,-140000.0,False
1200.0,19,available,,7.0,-140000.0,False
1200.0,20,available,,7.0,-140000.0,False
1200.0,21,available,,7.0,-140000.0,False
1200.0,22,available,,7.0,-140000.0,False
1200.0,23,available,,7.0,-140000.0,False
1200.0,24,available,,7.0,-140000.0,False
1200.0,25,available,,7.0,-140000.0,False
1200.0,26,available,,7.0,-140000.0,False
1200.0,27,available,,7.0,-140000.0,False
1200.0,28,available,,7.0,-140000.0,False
1200.0,29,available,,7.0,-140000.0,False
1200.0,30,available,,7.0,-140000.0,False
1200.0,31,available,,7.0,-140000.0,False
1200.0,32,available,,7.0,-140000.0,False
1200.0,33,available,,7.0,-140000.0,False
1200.0,34,available,,7.0,-140000.0,False
1200.0,35,available,,7.0,-140000.0,False
1200.0,36,available,,7.0,-140000.0,False
1200.0,37,available,,7.0,-140000.0,False
1200.0,38,available,,7.0,-140000.0,False
1200.0,39,available,,7.0,-140000.0,False
1200.0,40,available,,7.0,-140000.0,False
1200.0,41,available,,7.0,-140000.0,False
1230.0,1,en_route,1,-16.395439274948554,-41600.00630274409,False
1230.0,2,en_route,0,20.34638576609624,-41600.004509883205,False
1230.0,3,en_route,2,3.082599203707259,-41600.00012287016,False
1230.0,4,available,,10.0,-140000.0,False
1230.0,5,available,,5.0,-140000.0,False
1230.0,6,available,,4.0,-140000.0,False
1230.0,7,available,,4.0,-140000.0,False
1230.0,8,available,,4.0,-140000.0,False
1230.0,9,available,,4.0,-140000.0,False
1230.0,10,available,,4.0,-140000.0,False
1230.0,11,available,,4.0,-140000.0,False
1230.0,12,en_route,1,-19.070752572203812,-41600.00487370197,False
1230.0,13,en_route,0,23.871179701281033,-41600.00265814905,False
1230.0,14,en_route,2,0.39516735290140964,-41600.00093875875,False
1230.0,15,available,,6.80063395212372,-116000.00002996832,False
1230.0,16,available,,2.0,-140000.0,False
1230.0,17,available,,7.0,-140000.0,False
1230.0,18,available,,7.0,-140000.0,False
1230.0,19,available,,7.0,-140000.0,False
1230.0,20,available,,7.0,-140000.0,False
1230.0,21,available,,7.0,-140000.0,False
1230.0,22,available,,7.0,-140000.0,False
1230.0,23,available,,7.0,-140000.0,False
1230.0,24,available,,7.0,-140000.0,False
1230.0,25,available,,7.0,-140000.0,False
1230.0,26,available,,7.0,-140000.0,False
1230.0,27,available,,7.0,-140000.0,False
1230.0,28,available,,7.0,-140000.0,False
1230.0,29,available,,7.0,-140000.0,False
1230.0,30,available,,7.0,-140000.0,False
1230.0,31,available,,7.0,-140000.0,False
1230.0,32,available,,7.0,-140000.0,False
1230.0,33,available,,7.0,-140000.0,False
1230.0,34,available,,7.0,-140000.0,False
1230.0,35,available,,7.0,-140000.0,False
1230.0,36,available,,7.0,-140000.0,False
1230.0,37,available,,7.0,-140000.0,False
1230.0,38,available,,7.0,-140000.0,False
1230.0,39,available,,7.0,-140000.0,False
1230.0,40,available,,7.0,-140000.0,False
1230.0,41,available,,7.0,-140000.0,False
1260.0,1,en_route,1,-17.35287280158338,-39200.00649371888,False
1260.0,2,en_route,0,21.104992705182106,-39200.00462977581,False
1260.0,3,en_route,2,2.9626625989196316,-39200.00012586699,False
1260.0,4,available,,10.0,-140000.0,False
1260.0,5,available,,5.0,-140000.0,False
1260.0,6,available,,4.0,-140000.0,False
1260.0,7,available,,4.0,-140000.0,False
1260.0,8,available,,4.0,-140000.0,False
1260.0,9,available,,4.0,-140000.0,False
1260.0,10,available,,4.0,-140000.0,False
1260.0,11,available,,4.0,-140000.0,False
1260.0,12,en_route,1,-19.8739252355033,-39200.00500809496,False
1260.0,13,en_route,0,24.42650162712764,-39200.002722395395,False
1260.0,14,en_route,2,0.42999958211350053,-39200.000939011516,False
1260.0,15,available,,6.80063395212372,-116000.00002996832,False
1260.0,16,available,,2.0,-140000.0,False
1260.0,17,available,,7.0,-140000.0,False
1260.0,18,available,,7.0,-140000.0,False
1260.0,19,available,,7.0,-140000.0,False
1260.0,20,available,,7.0,-140000.0,False
1260.0,21,available,,7.0,-140000.0,False
1260.0,22,available,,7.0,-140000.0,False
1260.0,23,available,,7.0,-140000.0,False
1260.0,24,available,,7.0,-140000.0,False
1260.0,25,available,,7.0,-140000.0,False
1260.0,26,available,,7.0,-140000.0,False
1260.0,27,available,,7.0,-140000.0,False
1260.0,28,available,,7.0,-140000.0,False
1260.0,29,available,,7.0,-140000.0,False
1260.0,30,available,,7.0,-140000.0,False
1260.0,31,available,,7.0,-140000.0,False
1260.0,32,available,,7.0,-140000.0,False
1260.0,33,available,,7.0,-140000.0,False
1260.0,34,available,,7.0,-140000.0,False
1260.0,35,available,,7.0,-140000.0,False
1260.0,36,available,,7.0,-140000.0,False
1260.0,37,available,,7.0,-140000.0,False
1260.0,38,available,,7.0,-140000.0,False
1260.0,39,available,,7.0,-140000.0,False
1260.0,40,available,,7.0,-140000.0,False
1260.0,41,available,,7.0,-140000.0,False
1290.0,1,en_route,1,-18.310306328218207,-36800.00668469367,False
1290.0,2,en_route,0,21.86359964426797,-36800.00474966841,False
1290.0,3,en_route,2,2.842725994132004,-36800.000128863816,False
1290.0,4,available,,10.0,-140000.0,False
1290.0,5,available,,5.0,-140000.0,False
1290.0,6,available,,4.0,-140000.0,False
1290.0,7,available,,4.0,-140000.0,False
1290.0,8,available,,4.0,-140000.0,False
1290.0,9,available,,4.0,-140000.0,False
1290.0,10,available,,4.0,-140000.0,False
1290.0,11,available,,4.0,-140000.0,False
1290.0,12,en_route,1,-20.67709789880279,-36800.00514248795,False
1290.0,13,en_route,0,24.98182355297424,-36800.00278664174,False
1290.0,14,en_route,2,0.46483181132559137,-36800.00093926428,False
1290.0,15,available,,6.80063395212372,-116000.00002996832,False
1290.0,16,available,,2.0,-140000.0,False
1290.0,17,available,,7.0,-140000.0,False
1290.0,18,available,,7.0,-140000.0,False
1290.0,19,available,,7.0,-140000.0,False
1290.0,20,available,,7.0,-140000.0,False
1290.0,21,available,,7.0,-140000.0,False
1290.0,22,available,,7.0,-140000.0,False
1290.0,23,available,,7.0,-140000.0,False
1290.0,24,available,,7.0,-140000.0,False
1290.0,25,available,,7.0,-140000.0,False
1290.0,26,available,,7.0,-140000.0,False
1290.0,27,available,,7.0,-140000.0,False
1290.0,28,available,,7.0,-140000.0,False
1290.0,29,available,,7.0,-140000.0,False
1290.0,30,available,,7.0,-140000.0,False
1290.0,31,available,,7.0,-140000.0,False
1290.0,32,available,,7.0,-140000.0,False
1290.0,33,available,,7.0,-140000.0,False
1290.0,34,available,,7.0,-140000.0,False
1290.0,35,available,,7.0,-140000.0,False
1290.0,36,available,,7.0,-140000.0,False
1290.0,37,available,,7.0,-140000.0,False
1290.0,38,available,,7.0,-140000.0,False
1290.0,39,available,,7.0,-140000.0,False
1290.0,40,available,,7.0,-140000.0,False
1290.0,41,available,,7.0,-140000.0,False
1320.0,1,en_route,1,-19.267739854853033,-34400.006875668456,False
1320.0,2,en_route,0,22.622206583353837,-34400.00486956102,False
1320.0,3,en_route,2,2.7227893893443764,-34400.000131860645,False
1320.0,4,available,,10.0,-140000.0,False
1320.0,5,available,,5.0,-140000.0,False
1320.0,6,available,,4.0,-140000.0,False
1320.0,7,available,,4.0,-140000.0,False
1320.0,8,available,,4.0,-140000.0,False
1320.0,9,available,,4.0,-140000.0,False
1320.0,10,available,,4.0,-140000.0,False
1320.0,11,available,,4.0,-140000.0,False
1320.0,12,en_route,1,-21.480270562102277,-34400.00527688094,False
1320.0,13,en_route,0,25.537145478820847,-34400.00285088808,False
1320.0,14,en_route,2,0.49966404053768226,-34400.00093951705,False
1320.0,15,available,,6.80063395212372,-116000.00002996832,False
1320.0,16,available,,2.0,-140000.0,False
1320.0,17,available,,7.0,-140000.0,False
1320.0,18,available,,7.0,-140000.0,False
1320.0,19,available,,7.0,-140000.0,False
1320.0,20,available,,7.0,-140000.0,False
1320.0,21,available,,7.0,-140000.0,False
1320.0,22,available,,7.0,-140000.0,False
1320.0,23,available,,7.0,-140000.0,False
1320.0,24,available,,7.0,-140000.0,False
1320.0,25,available,,7.0,-140000.0,False
1320.0,26,available,,7.0,-140000.0,False
1320.0,27,available,,7.0,-140000.0,False
1320.0,28,available,,7.0,-140000.0,False
1320.0,29,available,,7.0,-140000.0,False
1320.0,30,available,,7.0,-140000.0,False
1320.0,31,available,,7.0,-140000.0,False
1320.0,32,available,,7.0,-140000.0,False
1320.0,33,available,,7.0,-140000.0,False
1320.0,34,available,,7.0,-140000.0,False
1320.0,35,available,,7.0,-140000.0,False
1320.0,36,available,,7.0,-140000.0,False
1320.0,37,available,,7.0,-140000.0,False
1320.0,38,available,,7.0,-140000.0,False
1320.0,39,available,,7.0,-140000.0,False
1320.0,40,available,,7.0,-140000.0,False
1320.0,41,available,,7.0,-140000.0,False
1350.0,1,en_route,1,-20.22517338148786,-32000.007066643248,False
1350.0,2,en_route,0,23.380813522439702,-32000.00498945362,False
1350.0,3,en_route,2,2.602852784556749,-32000.000134857477,False
1350.0,4,available,,10.0,-140000.0,False
1350.0,5,available,,5.0,-140000.0,False
1350.0,6,available,,4.0,-140000.0,False
1350.0,7,available,,4.0,-140000.0,False
1350.0,8,available,,4.0,-140000.0,False
1350.0,9,available,,4.0,-140000.0,False
1350.0,10,available,,4.0,-140000.0,False
1350.0,11,available,,4.0,-140000.0,False
1350.0,12,en_route,1,-22.283443225401765,-32000.005411273927,False
1350.0,13,en_route,0,26.092467404667453,-32000.00291513442,False
1350.0,14,en_route,2,0.5344962697497732,-32000.000939769816,False
1350.0,15,available,,6.80063395212372,-116000.00002996832,False
1350.0,16,available,,2.0,-140000.0,False
1350.0,17,available,,7.0,-140000.0,False
1350.0,18,available,,7.0,-140000.0,False
1350.0,19,available,,7.0,-140000.0,False
1350.0,20,available,,7.0,-140000.0,False
1350.0,21,available,,7.0,-140000.0,False
1350.0,22,available,,7.0,-140000.0,False
1350.0,23,available,,7.0,-140000.0,False
1350.0,24,available,,7.0,-140000.0,False
1350.0,25,available,,7.0,-140000.0,False
1350.0,26,available,,7.0,-140000.0,False
1350.0,27,available,,7.0,-140000.0,False
1350.0,28,available,,7.0,-140000.0,False
1350.0,29,available,,7.0,-140000.0,False
1350.0,30,available,,7.0,-140000.0,False
1350.0,31,available,,7.0,-140000.0,False
1350.0,32,available,,7.0,-140000.0,False
1350.0,33,available,,7.0,-140000.0,False
1350.0,34,available,,7.0,-140000.0,False
1350.0,35,available,,7.0,-140000.0,False
1350.0,36,available,,7.0,-140000.0,False
1350.0,37,available,,7.0,-140000.0,False
1350.0,38,available,,7.0,-140000.0,False
1350.0,39,available,,7.0,-140000.0,False
1350.0,40,available,,7.0,-140000.0,False
1350.0,41,available,,7.0,-140000.0,False
1380.0,1,en_route,1,-21.182606908122686,-29600.00725761804,False
1380.0,2,en_route,0,24.13942046152557,-29600.005109346224,False
1380.0,3,en_route,2,2.4829161797691213,-29600.00013785431,False
1380.0,4,available,,10.0,-140000.0,False
1380.0,5,available,,5.0,-140000.0,False
1380.0,6,available,,4.0,-140000.0,False
1380.0,7,available,,4.0,-140000.0,False
1380.0,8,available,,4.0,-140000.0,False
1380.0,9,available,,4.0,-140000.0,False
1380.0,10,available,,4.0,-140000.0,False
1380.0,11,available,,4.0,-140000.0,False
1380.0,12,en_route,1,-23.086615888701253,-29600.005545666914,False
1380.0,13,en_route,0,26.647789330514055,-29600.002979380763,False
1380.0,14,en_route,2,0.569328498961864,-29600.000940022583,False
1380.0,15,available,,6.80063395212372,-116000.00002996832,False
1380.0,16,available,,2.0,-140000.0,False
1380.0,17,available,,7.0,-140000.0,False
1380.0,18,available,,7.0,-140000.0,False
1380.0,19,available,,7.0,-140000.0,False
1380.0,20,available,,7.0,-140000.0,False
1380.0,21,available,,7.0,-140000.0,False
1380.0,22,available,,7.0,-140000.0,False
1380.0,23,available,,7.0,-140000.0,False
1380.0,24,available,,7.0,-140000.0,False
1380.0,25,available,,7.0,-140000.0,False
1380.0,26,available,,7.0,-140000.0,False
1380.0,27,available,,7.0,-140000.0,False
1380.0,28,available,,7.0,-140000.0,False
1380.0,29,available,,7.0,-140000.0,False
1380.0,30,available,,7.0,-140000.0,False
1380.0,31,available,,7.0,-140000.0,False
1380.0,32,available,,7.0,-140000.0,False
1380.0,33,available,,7.0,-140000.0,False
1380.0,34,available,,7.0,-140000.0,False
1380.0,35,available,,7.0,-140000.0,False
1380.0,36,available,,7.0,-140000.0,False
1380.0,37,available,,7.0,-140000.0,False
1380.0,38,available,,7.0,-140000.0,False
1380.0,39,available,,7.0,-140000.0,False
1380.0,40,available,,7.0,-140000.0,False
1380.0,41,available,,7.0,-140000.0,False
1410.0,1,en_route,1,-22.140040434757513,-27200.00744859283,False
1410.0,2,en_route,0,24.898027400611436,-27200.005229238828,False
1410.0,3,en_route,2,2.3629795749814937,-27200.00014085114,False
1410.0,4,available,,10.0,-140000.0,False
1410.0,5,available,,5.0,-140000.0,False
1410.0,6,available,,4.0,-140000.0,False
1410.0,7,available,,4.0,-140000.0,False
1410.0,8,available,,4.0,-140000.0,False
1410.0,9,available,,4.0,-140000.0,False
1410.0,10,available,,4.0,-140000.0,False
1410.0,11,available,,4.0,-140000.0,False
1410.0,12,en_route,1,-23.88978855200074,-27200.0056800599,False
1410.0,13,en_route,0,27.203111256360657,-27200.003043627104,False
1410.0,14,en_route,2,0.6041607281739548,-27200.00094027535,False
1410.0,15,available,,6.80063395212372,-116000.00002996832,False
1410.0,16,available,,2.0,-140000.0,False
1410.0,17,available,,7.0,-140000.0,False
1410.0,18,available,,7.0,-140000.0,False
1410.0,19,available,,7.0,-140000.0,False
1410.0,20,available,,7.0,-140000.0,False
1410.0,21,available,,7.0,-140000.0,False
1410.0,22,available,,7.0,-140000.0,False
1410.0,23,available,,7.0,-140000.0,False
1410.0,24,available,,7.0,-140000.0,False
1410.0,25,available,,7.0,-140000.0,False
1410.0,26,available,,7.0,-140000.0,False
1410.0,27,available,,7.0,-140000.0,False
1410.0,28,available,,7.0,-140000.0,False
1410.0,29,available,,7.0,-140000.0,False
1410.0,30,available,,7.0,-140000.0,False
1410.0,31,available,,7.0,-140000.0,False
1410.0,32,available,,7.0,-140000.0,False
1410.0,33,available,,7.0,-140000.0,False
1410.0,34,available,,7.0,-140000.0,False
1410.0,35,available,,7.0,-140000.0,False
1410.0,36,available,,7.0,-140000.0,False
1410.0,37,available,,7.0,-140000.0,False
1410.0,38,available,,7.0,-140000.0,False
1410.0,39,available,,7.0,-140000.0,False
1410.0,40,available,,7.0,-140000.0,False
1410.0,41,available,,7.0,-140000.0,False
1440.0,1,en_route,1,-23.09747396139234,-24800.007639567622,False
1440.0,2,en_route,0,25.656634339697305,-24800.005349131432,False
1440.0,3,en_route,2,2.243042970193866,-24800.000143847974,False
1440.0,4,available,,10.0,-140000.0,False
1440.0,5,available,,5.0,-140000.0,False
1440.0,6,available,,4.0,-140000.0,False
1440.0,7,available,,4.0,-140000.0,False
1440.0,8,available,,4.0,-140000.0,False
1440.0,9,available,,4.0,-140000.0,False
1440.0,10,available,,4.0,-140000.0,False
1440.0,11,available,,4.0,-140000.0,False
1440.0,12,en_route,1,-24.69296121530023,-24800.00581445289,False
1440.0,13,en_route,0,27.758433182207263,-24800.003107873446,False
1440.0,14,en_route,2,0.6389929573860457,-24800.000940528116,False
1440.0,15,available,,6.80063395212372,-116000.00002996832,False
1440.0,16,available,,2.0,-140000.0,False
1440.0,17,available,,7.0,-140000.0,False
1440.0,18,available,,7.0,-140000.0,False
1440.0,19,available,,7.0,-140000.0,False
1440.0,20,available,,7.0,-140000.0,False
1440.0,21,available,,7.0,-140000.0,False
1440.0,22,available,,7.0,-140000.0,False
1440.0,23,available,,7.0,-140000.0,False
1440.0,24,available,,7.0,-140000.0,False
1440.0,25,available,,7.0,-140000.0,False
1440.0,26,available,,7.0,-140000.0,False
1440.0,27,available,,7.0,-140000.0,False
1440.0,28,available,,7.0,-140000.0,False
1440.0,29,available,,7.0,-140000.0,False
1440.0,30,available,,7.0,-140000.0,False
1440.0,31,available,,7.0,-140000.0,False
1440.0,32,available,,7.0,-140000.0,False
1440.0,33,available,,7.0,-140000.0,False
1440.0,34,available,,7.0,-140000.0,False
1440.0,35,available,,7.0,-140000.0,False
1440.0,36,available,,7.0,-140000.0,False
1440.0,37,available,,7.0,-140000.0,False
1440.0,38,available,,7.0,-140000.0,False
1440.0,39,available,,7.0,-140000.0,False
1440.0,40,available,,7.0,-140000.0,False
1440.0,41,available,,7.0,-140000.0,False
1470.0,1,en_route,1,-24.054907488027165,-22400.007830542414,False
1470.0,2,en_route,0,26.41524127878317,-22400.005469024036,False
1470.0,3,en_route,2,2.1231063654062385,-22400.000146844806,False
1470.0,4,available,,10.0,-140000.0,False
1470.0,5,available,,5.0,-140000.0,False
1470.0,6,available,,4.0,-140000.0,False
1470.0,7,available,,4.0,-140000.0,False
1470.0,8,available,,4.0,-140000.0,False
1470.0,9,available,,4.0,-140000.0,False
1470.0,10,available,,4.0,-140000.0,False
1470.0,11,available,,4.0,-140000.0,False
1470.0,12,en_route,1,-25.496133878599718,-22400.00594884588,False
1470.0,13,en_route,0,28.31375510805387,-22400.00317211979,False
1470.0,14,en_route,2,0.6738251865981365,-22400.000940780883,False
1470.0,15,available,,6.80063395212372,-116000.00002996832,False
1470.0,16,available,,2.0,-140000.0,False
1470.0,17,available,,7.0,-140000.0,False
1470.0,18,available,,7.0,-140000.0,False
1470.0,19,available,,7.0,-140000.0,False
1470.0,20,available,,7.0,-140000.0,False
1470.0,21,available,,7.0,-140000.0,False
1470.0,22,available,,7.0,-140000.0,False
1470.0,23,available,,7.0,-140000.0,False
1470.0,24,available,,7.0,-140000.0,False
1470.0,25,available,,7.0,-140000.0,False
1470.0,26,available,,7.0,-140000.0,False
1470.0,27,available,,7.0,-140000.0,False
1470.0,28,available,,7.0,-140000.0,False
1470.0,29,available,,7.0,-140000.0,False
1470.0,30,available,,7.0,-140000.0,False
1470.0,31,available,,7.0,-140000.0,False
1470.0,32,available,,7.0,-140000.0,False
1470.0,33,available,,7.0,-140000.0,False
1470.0,34,available,,7.0,-140000.0,False
1470.0,35,available,,7.0,-140000.0,False
1470.0,36,available,,7.0,-140000.0,False
1470.0,37,available,,7.0,-140000.0,False
1470.0,38,available,,7.0,-140000.0,False
1470.0,39,available,,7.0,-140000.0,False
1470.0,40,available,,7.0,-140000.0,False
1470.0,41,available,,7.0,-140000.0,False
1500.0,1,en_route,1,-25.012341014661992,-20000.008021517206,False
1500.0,2,en_route,0,27.17384821786904,-20000.00558891664,False
1500.0,3,en_route,2,2.003169760618611,-20000.00014984164,False
1500.0,4,available,,10.0,-140000.0,False
1500.0,5,available,,5.0,-140000.0,False
1500.0,6,available,,4.0,-140000.0,False
1500.0,7,available,,4.0,-140000.0,False
1500.0,8,available,,4.0,-140000.0,False
1500.0,9,available,,4.0,-140000.0,False
1500.0,10,available,,4.0,-140000.0,False
1500.0,11,available,,4.0,-140000.0,False
1500.0,12,en_route,1,-26.299306541899206,-20000.006083238866,False
1500.0,13,en_route,0,28.86907703390047,-20000.00323636613,False
1500.0,14,en_route,2,0.7086574158102275,-20000.00094103365,False
1500.0,15,available,,6.80063395212372,-116000.00002996832,False
1500.0,16,available,,2.0,-140000.0,False
1500.0,17,available,,7.0,-140000.0,False
1500.0,18,available,,7.0,-140000.0,False
1500.0,19,available,,7.0,-140000.0,False
1500.0,20,available,,7.0,-140000.0,False
1500.0,21,available,,7.0,-140000.0,False
1500.0,22,available,,7.0,-140000.0,False
1500.0,23,available,,7.0,-140000.0,False
1500.0,24,available,,7.0,-140000.0,False
1500.0,25,available,,7.0,-140000.0,False
1500.0,26,available,,7.0,-140000.0,False
1500.0,27,available,,7.0,-140000.0,False
1500.0,28,available,,7.0,-140000.0,False
1500.0,29,available,,7.0,-140000.0,False
1500.0,30,available,,7.0,-140000.0,False
1500.0,31,available,,7.0,-140000.0,False
1500.0,32,available,,7.0,-140000.0,False
1500.0,33,available,,7.0,-140000.0,False
1500.0,34,available,,7.0,-140000.0,False
1500.0,35,available,,7.0,-140000.0,False
1500.0,36,available,,7.0,-140000.0,False
1500.0,37,available,,7.0,-140000.0,False
1500.0,38,available,,7.0,-140000.0,False
1500.0,39,available,,7.0,-140000.0,False
1500.0,40,available,,7.0,-140000.0,False
1500.0,41,available,,7.0,-140000.0,False
1530.0,1,en_route,1,-25.969774541296815,-17600.008212491997,False
1530.0,2,en_route,0,27.93245515695491,-17600.005708809244,False
1530.0,3,en_route,2,1.8832331558309832,-17600.00015283847,False
1530.0,4,available,,10.0,-140000.0,False
1530.0,5,available,,5.0,-140000.0,False
1530.0,6,available,,4.0,-140000.0,False
1530.0,7,available,,4.0,-140000.0,False
1530.0,8,available,,4.0,-140000.0,False
1530.0,9,available,,4.0,-140000.0,False
1530.0,10,available,,4.0,-140000.0,False
1530.0,11,available,,4.0,-140000.0,False
1530.0,12,en_route,1,-27.102479205198694,-17600.006217631853,False
1530.0,13,en_route,0,29.424398959747073,-17600.003300612472,False
1530.0,14,en_route,2,0.7434896450223183,-17600.000941286416,False
1530.0,15,available,,6.80063395212372,-116000.00002996832,False
1530.0,16,available,,2.0,-140000.0,False
1530.0,17,available,,7.0,-140000.0,False
1530.0,18,available,,7.0,-140000.0,False
1530.0,19,available,,7.0,-140000.0,False
1530.0,20,available,,7.0,-140000.0,False
1530.0,21,available,,7.0,-140000.0,False
1530.0,22,available,,7.0,-140000.0,False
1530.0,23,available,,7.0,-140000.0,False
1530.0,24,available,,7.0,-140000.0,False
1530.0,25,available,,7.0,-140000.0,False
1530.0,26,available,,7.0,-140000.0,False
1530.0,27,available,,7.0,-140000.0,False
1530.0,28,available,,7.0,-140000.0,False
1530.0,29,available,,7.0,-140000.0,False
1530.0,30,available,,7.0,-140000.0,False
1530.0,31,available,,7.0,-140000.0,False
1530.0,32,available,,7.0,-140000.0,False
1530.0,33,available,,7.0,-140000.0,False
1530.0,34,available,,7.0,-140000.0,False
1530.0,35,available,,7.0,-140000.0,False
1530.0,36,available,,7.0,-140000.0,False
1530.0,37,available,,7.0,-140000.0,False
1530.0,38,available,,7.0,-140000.0,False
1530.0,39,available,,7.0,-140000.0,False
1530.0,40,available,,7.0,-140000.0,False
1530.0,41,available,,7.0,-140000.0,False
1560.0,1,en_route,1,-26.927208067931637,-15200.008403466787,False
1560.0,2,en_route,0,28.691062096040774,-15200.005828701847,False
1560.0,3,en_route,2,1.7632965510433554,-15200.000155835301,False
1560.0,4,available,,10.0,-140000.0,False
1560.0,5,available,,5.0,-140000.0,False
1560.0,6,available,,4.0,-140000.0,False
1560.0,7,available,,4.0,-140000.0,False
1560.0,8,available,,4.0,-140000.0,False
1560.0,9,available,,4.0,-140000.0,False
1560.0,10,available,,4.0,-140000.0,False
1560.0,11,available,,4.0,-140000.0,False
1560.0,12,en_route,1,-27.905651868498182,-15200.006352024842,False
1560.0,13,en_route,0,29.97972088559368,-15200.003364858814,False
1560.0,14,en_route,2,0.7783218742344091,-15200.000941539183,False
1560.0,15,available,,6.80063395212372,-116000.00002996832,False
1560.0,16,available,,2.0,-140000.0,False
1560.0,17,available,,7.0,-140000.0,False
1560.0,18,available,,7.0,-140000.0,False
1560.0,19,available,,7.0,-140000.0,False
1560.0,20,available,,7.0,-140000.0,False
1560.0,21,available,,7.0,-140000.0,False
1560.0,22,available,,7.0,-140000.0,False
1560.0,23,available,,7.0,-140000.0,False
1560.0,24,available,,7.0,-140000.0,False
1560.0,25,available,,7.0,-140000.0,False
1560.0,26,available,,7.0,-140000.0,False
1560.0,27,available,,7.0,-140000.0,False
1560.0,28,available,,7.0,-140000.0,False
1560.0,29,available,,7.0,-140000.0,False
1560.0,30,available,,7.0,-140000.0,False
1560.0,31,available,,7.0,-140000.0,False
1560.0,32,available,,7.0,-140000.0,False
1560.0,33,available,,7.0,-140000.0,False
1560.0,34,available,,7.0,-140000.0,False
1560.0,35,available,,7.0,-140000.0,False
1560.0,36,available,,7.0,-140000.0,False
1560.0,37,available,,7.0,-140000.0,False
1560.0,38,available,,7.0,-140000.0,False
1560.0,39,available,,7.0,-140000.0,False
1560.0,40,available,,7.0,-140000.0,False
1560.0,41,available,,7.0,-140000.0,False
1590.0,1,en_route,1,-27.884641594566464,-12800.008594441577,False
1590.0,2,en_route,0,29.449669035126643,-12800.005948594451,False
1590.0,3,en_route,2,1.6433599462557278,-12800.000158832132,False
1590.0,4,available,,10.0,-140000.0,False
1590.0,5,available,,5.0,-140000.0,False
1590.0,6,available,,4.0,-140000.0,False
1590.0,7,available,,4.0,-140000.0,False
1590.0,8,available,,4.0,-140000.0,False
1590.0,9,available,,4.0,-140000.0,False
1590.0,10,available,,4.0,-140000.0,False
1590.0,11,available,,4.0,-140000.0,False
1590.0,12,en_route,1,-28.708824531797667,-12800.006486417831,False
1590.0,13,en_route,0,30.535042811440285,-12800.003429105156,False
1590.0,14,en_route,2,0.8131541034465001,-12800.00094179195,False
1590.0,15,available,,6.80063395212372,-116000.00002996832,False
1590.0,16,available,,2.0,-140000.0,False
1590.0,17,available,,7.0,-140000.0,False
1590.0,18,available,,7.0,-140000.0,False
1590.0,19,available,,7.0,-140000.0,False
1590.0,20,available,,7.0,-140000.0,False
1590.0,21,available,,7.0,-140000.0,False
1590.0,22,available,,7.0,-140000.0,False
1590.0,23,available,,7.0,-140000.0,False
1590.0,24,available,,7.0,-140000.0,False
1590.0,25,available,,7.0,-140000.0,False
1590.0,26,available,,7.0,-140000.0,False
1590.0,27,available,,7.0,-140000.0,False
1590.0,28,available,,7.0,-140000.0,False
1590.0,29,available,,7.0,-140000.0,False
1590.0,30,available,,7.0,-140000.0,False
1590.0,31,available,,7.0,-140000.0,False
1590.0,32,available,,7.0,-140000.0,False
1590.0,33,available,,7.0,-140000.0,False
1590.0,34,available,,7.0,-140000.0,False
1590.0,35,available,,7.0,-140000.0,False
1590.0,36,available,,7.0,-140000.0,False
1590.0,37,available,,7.0,-140000.0,False
1590.0,38,available,,7.0,-140000.0,False
1590.0,39,available,,7.0,-140000.0,False
1590.0,40,available,,7.0,-140000.0,False
1590.0,41,available,,7.0,-140000.0,False
1620.0,1,en_route,1,-28.84207512120129,-10400.008785416367,False
1620.0,2,en_route,0,30.20827597421251,-10400.006068487055,False
1620.0,3,en_route,2,1.5234233414681002,-10400.000161828963,False
1620.0,4,available,,10.0,-140000.0,False
1620.0,5,available,,5.0,-140000.0,False
1620.0,6,available,,4.0,-140000.0,False
1620.0,7,available,,4.0,-140000.0,False
1620.0,8,available,,4.0,-140000.0,False
1620.0,9,available,,4.0,-140000.0,False
1620.0,10,available,,4.0,-140000.0,False
1620.0,11,available,,4.0,-140000.0,False
1620.0,12,en_route,1,-29.511997195097155,-10400.00662081082,False
1620.0,13,en_route,0,31.090364737286887,-10400.003493351498,False
1620.0,14,en_route,2,0.847986332658591,-10400.000942044717,False
1620.0,15,available,,6.80063395212372,-116000.00002996832,False
1620.0,16,available,,2.0,-140000.0,False
1620.0,17,available,,7.0,-140000.0,False
1620.0,18,available,,7.0,-140000.0,False
1620.0,19,available,,7.0,-140000.0,False
1620.0,20,available,,7.0,-140000.0,False
1620.0,21,available,,7.0,-140000.0,False
1620.0,22,available,,7.0,-140000.0,False
1620.0,23,available,,7.0,-140000.0,False
1620.0,24,available,,7.0,-140000.0,False
1620.0,25,available,,7.0,-140000.0,False
1620.0,26,available,,7.0,-140000.0,False
1620.0,27,available,,7.0,-140000.0,False
1620.0,28,available,,7.0,-140000.0,False
1620.0,29,available,,7.0,-140000.0,False
1620.0,30,available,,7.0,-140000.0,False
1620.0,31,available,,7.0,-140000.0,False
1620.0,32,available,,7.0,-140000.0,False
1620.0,33,available,,7.0,-140000.0,False
1620.0,34,available,,7.0,-140000.0,False
1620.0,35,available,,7.0,-140000.0,False
1620.0,36,available,,7.0,-140000.0,False
1620.0,37,available,,7.0,-140000.0,False
1620.0,38,available,,7.0,-140000.0,False
1620.0,39,available,,7.0,-140000.0,False
1620.0,40,available,,7.0,-140000.0,False
1620.0,41,available,,7.0,-140000.0,False
1650.0,1,en_route,1,-29.799508647836113,-8000.0089763911565,False
1650.0,2,en_route,0,30.966882913298377,-8000.006188379659,False
1650.0,3,en_route,2,1.4034867366804724,-8000.000164825793,False
1650.0,4,available,,10.0,-140000.0,False
1650.0,5,available,,5.0,-140000.0,False
1650.0,6,available,,4.0,-140000.0,False
1650.0,7,available,,4.0,-140000.0,False
1650.0,8,available,,4.0,-140000.0,False
1650.0,9,available,,4.0,-140000.0,False
1650.0,10,available,,4.0,-140000.0,False
1650.0,11,available,,4.0,-140000.0,False
1650.0,12,en_route,1,-30.315169858396644,-8000.006755203809,False
1650.0,13,en_route,0,31.645686663133493,-8000.00355759784,False
1650.0,14,en_route,2,0.8828185618706819,-8000.000942297484,False
1650.0,15,available,,6.80063395212372,-116000.00002996832,False
1650.0,16,available,,2.0,-140000.0,False
1650.0,17,available,,7.0,-140000.0,False
1650.0,18,available,,7.0,-140000.0,False
1650.0,19,available,,7.0,-140000.0,False
1650.0,20,available,,7.0,-140000.0,False
1650.0,21,available,,7.0,-140000.0,False
1650.0,22,available,,7.0,-140000.0,False
1650.0,23,available,,7.0,-140000.0,False
1650.0,24,available,,7.0,-140000.0,False
1650.0,25,available,,7.0,-140000.0,False
1650.0,26,available,,7.0,-140000.0,False
1650.0,27,available,,7.0,-140000.0,False
1650.0,28,available,,7.0,-140000.0,False
1650.0,29,available,,7.0,-140000.0,False
1650.0,30,available,,7.0,-140000.0,False
1650.0,31,available,,7.0,-140000.0,False
1650.0,32,available,,7.0,-140000.0,False
1650.0,33,available,,7.0,-140000.0,False
1650.0,34,available,,7.0,-140000.0,False
1650.0,35,available,,7.0,-140000.0,False
1650.0,36,available,,7.0,-140000.0,False
1650.0,37,available,,7.0,-140000.0,False
1650.0,38,available,,7.0,-140000.0,False
1650.0,39,available,,7.0,-140000.0,False
1650.0,40,available,,7.0,-140000.0,False
1650.0,41,available,,7.0,-140000.0,False
1680.0,1,en_route,1,-30.75694217447094,-5600.009167365947,False
1680.0,2,en_route,0,31.725489852384243,-5600.006308272264,False
1680.0,3,en_route,2,1.2835501318928446,-5600.0001678226245,False
1680.0,4,available,,10.0,-140000.0,False
1680.0,5,available,,5.0,-140000.0,False
1680.0,6,available,,4.0,-140000.0,False
1680.0,7,available,,4.0,-140000.0,False
1680.0,8,available,,4.0,-140000.0,False
1680.0,9,available,,4.0,-140000.0,False
1680.0,10,available,,4.0,-140000.0,False
1680.0,11,available,,4.0,-140000.0,False
1680.0,12,en_route,1,-31.11834252169613,-5600.006889596798,False
1680.0,13,en_route,0,32.201008588980095,-5600.003621844183,False
1680.0,14,en_route,2,0.9176507910827728,-5600.000942550251,False
1680.0,15,available,,6.80063395212372,-116000.00002996832,False
1680.0,16,available,,2.0,-140000.0,False
1680.0,17,available,,7.0,-140000.0,False
1680.0,18,available,,7.0,-140000.0,False
1680.0,19,available,,7.0,-140000.0,False
1680.0,20,available,,7.0,-140000.0,False
1680.0,21,available,,7.0,-140000.0,False
1680.0,22,available,,7.0,-140000.0,False
1680.0,23,available,,7.0,-140000.0,False
1680.0,24,available,,7.0,-140000.0,False
1680.0,25,available,,7.0,-140000.0,False
1680.0,26,available,,7.0,-140000.0,False
1680.0,27,available,,7.0,-140000.0,False
1680.0,28,available,,7.0,-140000.0,False
1680.0,29,available,,7.0,-140000.0,False
1680.0,30,available,,7.0,-140000.0,False
1680.0,31,available,,7.0,-140000.0,False
1680.0,32,available,,7.0,-140000.0,False
1680.0,33,available,,7.0,-140000.0,False
1680.0,34,available,,7.0,-140000.0,False
1680.0,35,available,,7.0,-140000.0,False
1680.0,36,available,,7.0,-140000.0,False
1680.0,37,available,,7.0,-140000.0,False
1680.0,38,available,,7.0,-140000.0,False
1680.0,39,available,,7.0,-140000.0,False
1680.0,40,available,,7.0,-140000.0,False
1680.0,41,available,,7.0,-140000.0,False
1710.0,1,en_route,1,-31.714375701105762,-3200.009358340738,False
1710.0,2,en_route,0,32.48409679147011,-3200.0064281648683,False
1710.0,3,en_route,2,1.163613527105217,-3200.0001708194554,False
1710.0,4,available,,10.0,-140000.0,False
1710.0,5,available,,5.0,-140000.0,False
1710.0,6,available,,4.0,-140000.0,False
1710.0,7,available,,4.0,-140000.0,False
1710.0,8,available,,4.0,-140000.0,False
1710.0,9,available,,4.0,-140000.0,False
1710.0,10,available,,4.0,-140000.0,False
1710.0,11,available,,4.0,-140000.0,False
1710.0,12,en_route,1,-31.921515184995613,-3200.0070239897864,False
1710.0,13,en_route,0,32.7563305148267,-3200.0036860905257,False
1710.0,14,en_route,2,0.9524830202948636,-3200.000942803019,False
1710.0,15,available,,6.80063395212372,-116000.00002996832,False
1710.0,16,available,,2.0,-140000.0,False
1710.0,17,available,,7.0,-140000.0,False
1710.0,18,available,,7.0,-140000.0,False
1710.0,19,available,,7.0,-140000.0,False
1710.0,20,available,,7.0,-140000.0,False
1710.0,21,available,,7.0,-140000.0,False
1710.0,22,available,,7.0,-140000.0,False
1710.0,23,available,,7.0,-140000.0,False
1710.0,24,available,,7.0,-140000.0,False
1710.0,25,available,,7.0,-140000.0,False
1710.0,26,available,,7.0,-140000.0,False
1710.0,27,available,,7.0,-140000.0,False
1710.0,28,available,,7.0,-140000.0,False
1710.0,29,available,,7.0,-140000.0,False
1710.0,30,available,,7.0,-140000.0,False
1710.0,31,available,,7.0,-140000.0,False
1710.0,32,available,,7.0,-140000.0,False
1710.0,33,available,,7.0,-140000.0,False
1710.0,34,available,,7.0,-140000.0,False
1710.0,35,available,,7.0,-140000.0,False
1710.0,36,available,,7.0,-140000.0,False
1710.0,37,available,,7.0,-140000.0,False
1710.0,38,available,,7.0,-140000.0,False
1710.0,39,available,,7.0,-140000.0,False
1710.0,40,available,,7.0,-140000.0,False
1710.0,41,available,,7.0,-140000.0,False
1740.0,1,en_route,1,-32.67180922774059,-800.0095493155281,False
1740.0,2,en_route,0,33.24270373055598,-800.0065480574731,False
1740.0,3,en_route,2,1.0436769223175892,-800.0001738162869,False
1740.0,4,available,,10.0,-140000.0,False
1740.0,5,available,,5.0,-140000.0,False
1740.0,6,available,,4.0,-140000.0,False
1740.0,7,available,,4.0,-140000.0,False
1740.0,8,available,,4.0,-140000.0,False
1740.0,9,available,,4.0,-140000.0,False
1740.0,10,available,,4.0,-140000.0,False
1740.0,11,available,,4.0,-140000.0,False
1740.0,12,en_route,1,-32.7246878482951,-800.0071583827748,False
1740.0,13,en_route,0,33.311652440673306,-800.0037503368685,False
1740.0,14,en_route,2,0.9873152495069546,-800.0009430557866,False
1740.0,15,available,,6.80063395212372,-116000.00002996832,False
1740.0,16,available,,2.0,-140000.0,False
1740.0,17,available,,7.0,-140000.0,False
1740.0,18,available,,7.0,-140000.0,False
1740.0,19,available,,7.0,-140000.0,False
1740.0,20,available,,7.0,-140000.0,False
1740.0,21,available,,7.0,-140000.0,False
1740.0,22,available,,7.0,-140000.0,False
1740.0,23,available,,7.0,-140000.0,False
1740.0,24,available,,7.0,-140000.0,False
1740.0,25,available,,7.0,-140000.0,False
1740.0,26,available,,7.0,-140000.0,False
1740.0,27,available,,7.0,-140000.0,False
1740.0,28,available,,7.0,-140000.0,False
1740.0,29,available,,7.0,-140000.0,False
1740.0,30,available,,7.0,-140000.0,False
1740.0,31,available,,7.0,-140000.0,False
1740.0,32,available,,7.0,-140000.0,False
1740.0,33,available,,7.0,-140000.0,False
1740.0,34,available,,7.0,-140000.0,False
1740.0,35,available,,7.0,-140000.0,False
1740.0,36,available,,7.0,-140000.0,False
1740.0,37,available,,7.0,-140000.0,False
1740.0,38,available,,7.0,-140000.0,False
1740.0,39,available,,7.0,-140000.0,False
1740.0,40,available,,7.0,-140000.0,False
1740.0,41,available,,7.0,-140000.0,False
1770.0,1,en_route,1,-33.0,22.666666666666668,False
1770.0,2,en_route,0,33.5,14.0,False
1770.0,3,en_route,2,1.0,74.0,False
1770.0,4,available,,10.0,-140000.0,False
1770.0,5,available,,5.0,-140000.0,False
1770.0,6,available,,4.0,-140000.0,False
1770.0,7,available,,4.0,-140000.0,False
1770.0,8,available,,4.0,-140000.0,False
1770.0,9,available,,4.0,-140000.0,False
1770.0,10,available,,4.0,-140000.0,False
1770.0,11,available,,4.0,-140000.0,False
1770.0,12,striking,1,-33.0,22.666666666666668,False
1770.0,13,striking,0,33.5,14.0,False
1770.0,14,striking,2,1.0,74.0,False
1770.0,15,available,,6.80063395212372,-116000.00002996832,False
1770.0,16,available,,2.0,-140000.0,False
1770.0,17,available,,7.0,-140000.0,False
1770.0,18,available,,7.0,-140000.0,False
1770.0,19,available,,7.0,-140000.0,False
1770.0,20,available,,7.0,-140000.0,False
1770.0,21,available,,7.0,-140000.0,False
1770.0,22,available,,7.0,-140000.0,False
1770.0,23,available,,7.0,-140000.0,False
1770.0,24,available,,7.0,-140000.0,False
1770.0,25,available,,7.0,-140000.0,False
1770.0,26,available,,7.0,-140000.0,False
1770.0,27,available,,7.0,-140000.0,False
1770.0,28,available,,7.0,-140000.0,False
1770.0,29,available,,7.0,-140000.0,False
1770.0,30,available,,7.0,-140000.0,False
1770.0,31,available,,7.0,-140000.0,False
1770.0,32,available,,7.0,-140000.0,False
1770.0,33,available,,7.0,-140000.0,False
1770.0,34,available,,7.0,-140000.0,False
1770.0,35,available,,7.0,-140000.0,False
1770.0,36,available,,7.0,-140000.0,False
1770.0,37,available,,7.0,-140000.0,False
1770.0,38,available,,7.0,-140000.0,False
1770.0,39,available,,7.0,-140000.0,False
1770.0,40,available,,7.0,-140000.0,False
1770.0,41,available,,7.0,-140000.0,False
1800.0,1,en_route,1,-33.0,22.666666666666668,False
1800.0,2,en_route,0,33.5,14.0,False
1800.0,3,en_route,2,1.0,74.0,False
1800.0,4,available,,10.0,-140000.0,False
1800.0,5,available,,5.0,-140000.0,False
1800.0,6,available,,4.0,-140000.0,False
1800.0,7,available,,4.0,-140000.0,False
1800.0,8,available,,4.0,-140000.0,False
1800.0,9,available,,4.0,-140000.0,False
1800.0,10,available,,4.0,-140000.0,False
1800.0,11,available,,4.0,-140000.0,False
1800.0,12,striking,1,-33.0,22.666666666666668,False
1800.0,13,striking,0,33.5,14.0,False
1800.0,14,striking,2,1.0,74.0,False
1800.0,15,available,,6.80063395212372,-116000.00002996832,False
1800.0,16,available,,2.0,-140000.0,False
1800.0,17,available,,7.0,-140000.0,False
1800.0,18,available,,7.0,-140000.0,False
1800.0,19,available,,7.0,-140000.0,False
1800.0,20,available,,7.0,-140000.0,False
1800.0,21,available,,7.0,-140000.0,False
1800.0,22,available,,7.0,-140000.0,False
1800.0,23,available,,7.0,-140000.0,False
1800.0,24,available,,7.0,-140000.0,False
1800.0,25,available,,7.0,-140000.0,False
1800.0,26,available,,7.0,-140000.0,False
1800.0,27,available,,7.0,-140000.0,False
1800.0,28,available,,7.0,-140000.0,False
1800.0,29,available,,7.0,-140000.0,False
1800.0,30,available,,7.0,-140000.0,False
1800.0,31,available,,7.0,-140000.0,False
1800.0,32,available,,7.0,-140000.0,False
1800.0,33,available,,7.0,-140000.0,False
1800.0,34,available,,7.0,-140000.0,False
1800.0,35,available,,7.0,-140000.0,False
1800.0,36,available,,7.0,-140000.0,False
1800.0,37,available,,7.0,-140000.0,False
1800.0,38,available,,7.0,-140000.0,False
1800.0,39,available,,7.0,-140000.0,False
1800.0,40,available,,7.0,-140000.0,False
1800.0,41,available,,7.0,-140000.0,False
1830.0,1,en_route,1,-33.0,22.666666666666668,False
1830.0,2,en_route,0,33.5,14.0,False
1830.0,3,en_route,2,1.0,74.0,False
1830.0,4,available,,10.0,-140000.0,False
1830.0,5,available,,5.0,-140000.0,False
1830.0,6,available,,4.0,-140000.0,False
1830.0,7,available,,4.0,-140000.0,False
1830.0,8,available,,4.0,-140000.0,False
1830.0,9,available,,4.0,-140000.0,False
1830.0,10,available,,4.0,-140000.0,False
1830.0,11,available,,4.0,-140000.0,False
1830.0,12,striking,1,-33.0,22.666666666666668,False
1830.0,13,striking,0,33.5,14.0,False
1830.0,14,striking,2,1.0,74.0,False
1830.0,15,available,,6.80063395212372,-116000.00002996832,False
1830.0,16,available,,2.0,-140000.0,False
1830.0,17,available,,7.0,-140000.0,False
1830.0,18,available,,7.0,-140000.0,False
1830.0,19,available,,7.0,-140000.0,False
1830.0,20,available,,7.0,-140000.0,False
1830.0,21,available,,7.0,-140000.0,False
1830.0,22,available,,7.0,-140000.0,False
1830.0,23,available,,7.0,-140000.0,False
1830.0,24,available,,7.0,-140000.0,False
1830.0,25,available,,7.0,-140000.0,False
1830.0,26,available,,7.0,-140000.0,False
1830.0,27,available,,7.0,-140000.0,False
1830.0,28,available,,7.0,-140000.0,False
1830.0,29,available,,7.0,-140000.0,False
1830.0,30,available,,7.0,-140000.0,False
1830.0,31,available,,7.0,-140000.0,False
1830.0,32,available,,7.0,-140000.0,False
1830.0,33,available,,7.0,-140000.0,False
1830.0,34,available,,7.0,-140000.0,False
1830.0,35,available,,7.0,-140000.0,False
1830.0,36,available,,7.0,-140000.0,False
1830.0,37,available,,7.0,-140000.0,False
1830.0,38,available,,7.0,-140000.0,False
1830.0,39,available,,7.0,-140000.0,False
1830.0,40,available,,7.0,-140000.0,False
1830.0,41,available,,7.0,-140000.0,False
