clipped_reward,compactness,count_balance,count_std,empty_cluster_count,entropy,entropy_coef,episode,event_type,final_score,moving_avg_reward_20,moving_avg_reward_50,moving_avg_score_20,moving_avg_score_50,num_targets,policy_loss,raw_reward,scenario_id,total_reward,value_loss,workload_balance,workload_std
0.08767818755778928,0.8269194473760749,0.7642787314192173,2.981423969999719,0.0,5.635876178741455,0.01,1,target_removed,2.378371918241303,0.08767818755778928,0.08767818755778928,2.378371918241303,2.378371918241303,58,-0.1303277313709259,0.08767818755778928,1,0.08767818755778928,0.004264756105840206,0.7871737394460105,10.994948334980428
-0.015206540524957339,0.849242852995932,0.834131274006459,2.0548046676563256,0.0,5.696896553039551,0.009984,2,none,2.5030426441035276,0.036235823516415966,0.036235823516415966,2.4407072811724153,2.4407072811724153,62,-0.13064688444137573,-0.015206540524957339,2,-0.015206540524957339,0.0012061572633683681,0.8196685171011364,9.533566430716728
0.06972413468193205,0.8397741879730573,0.8087985095571408,2.285218200133681,0.0,5.627169132232666,0.009968,3,target_removed,2.4686845900002767,0.04739859390492133,0.04739859390492133,2.4500330507817023,2.4500330507817023,58,-0.10133907198905945,0.06972413468193205,3,0.06972413468193205,0.006497503723949194,0.8201118924700788,8.88350531415762
0.1604021225922186,0.8335959752728825,0.736238369410402,3.4034296427770228,0.0,5.597357273101807,0.009952,4,target_removed,2.318749387750646,0.07564947607674564,0.07564947607674564,2.4172121350239384,2.4172121350239384,57,-0.07798409461975098,0.1604021225922186,4,0.1604021225922186,0.006080477964133024,0.7489150430673617,13.634107557478375
0.009392634530690898,0.843350717925877,0.8473341440168218,1.7716909687891083,0.0,5.633110523223877,0.009936,5,target_removed,2.5544033336272287,0.0623981077675347,0.0623981077675347,2.4446503747445965,2.4446503747445965,59,-0.08632928133010864,0.009392634530690898,5,0.009392634530690898,0.016091840341687202,0.86371847168453,6.574360974438673
0.004577932378334967,0.825857673651346,0.8587490856455868,1.699673171197595,0.0,5.670636177062988,0.00992,6,none,2.47282711700682,0.052761411869334744,0.052761411869334744,2.449346498454967,2.449346498454967,62,-0.05937767028808594,0.004577932378334967,6,0.004577932378334967,0.013473586179316044,0.7882203577098869,11.642832797715322
-0.13697993281651244,0.8484763005039123,0.7862801764399246,2.808716591058786,0.0,5.662036418914795,0.009904,7,none,2.4312692518119725,0.02565550548564229,0.02565550548564229,2.446764034648825,2.446764034648825,62,-0.08951704949140549,-0.13697993281651244,7,-0.13697993281651244,0.0018626211676746607,0.7965127748681358,11.070481270277076
-0.07424033209891026,0.846121284627695,0.8014240374901033,2.560381915956203,0.0,5.656752586364746,0.009888000000000001,8,none,2.4640088525295747,0.013168525787573219,0.013168525787573219,2.4489196368839186,2.4489196368839186,62,-0.07909821718931198,-0.07424033209891026,8,-0.07424033209891026,0.006612327881157398,0.8164635304117762,9.741092797468305
0.21797735724715775,0.8247508351632635,0.7608473519710969,2.9860788111948193,0.0,5.5839314460754395,0.009872,9,target_removed,2.394142911660576,0.03592506261641595,0.03592506261641595,2.442833334081325,2.442833334081325,57,-0.06067495793104172,0.21797735724715775,9,0.21797735724715775,0.01770433411002159,0.8085447245262154,9.392668535736913
-0.01146133160549951,0.8500574131237267,0.8189001174918682,2.2852182001336816,0.0,5.645870685577393,0.009856,10,none,2.4967878530229854,0.0311864231942244,0.0311864231942244,2.448228785975491,2.448228785975491,62,-0.07256339490413666,-0.01146133160549951,10,-0.01146133160549951,0.004491808824241161,0.8278303224073906,9.012337223063849
0.01761036032844561,0.8388005646364433,0.8456808592742047,1.8856180831641267,0.0,5.637792110443115,0.00984,11,none,2.5358595449569306,0.02995223566097178,0.02995223566097178,2.4561952186101674,2.4561952186101674,62,-0.07603542506694794,0.01761036032844561,11,0.01761036032844561,0.0016000937903299928,0.8513781210462829,7.564537145273478
-0.21354714192939928,0.8495066885728931,0.7760812381271579,2.981423969999719,0.0,5.6341633796691895,0.009824,12,none,2.3947020426990857,0.009660620861774194,0.009660620861774194,2.451070787284244,2.451070787284244,62,-0.08065634965896606,-0.21354714192939928,12,-0.21354714192939928,0.014042266644537449,0.7691141159990347,13.008544200725238
-0.021243561205931447,0.8387462126103767,0.8142666276972232,2.357022603955158,0.0,5.626236915588379,0.009808,13,none,2.5070056234225535,0.007283376087335298,0.007283376087335298,2.455373466987191,2.455373466987191,62,-0.06863924860954285,-0.021243561205931447,13,-0.021243561205931447,0.013741928152740002,0.8539927831149535,7.408703590297622
0.28865086721988287,0.8264150737366694,0.8947042371559101,1.118033988749895,0.0,5.545412540435791,0.009792,14,target_removed,2.567947844714289,0.02738105402537441,0.02738105402537441,2.4634144939676976,2.4634144939676976,57,-0.05507390946149826,0.28865086721988287,14,0.28865086721988287,0.027024466544389725,0.8468285338217092,7.295356209413097
0.01468350784365443,0.8399576652820454,0.7752706439563429,2.753785273643051,0.0,5.533172130584717,0.009776,15,target_removed,2.4246778568021194,0.026534550946593075,0.026534550946593075,2.4608320514899926,2.4608320514899926,57,-0.07881239801645279,0.01468350784365443,15,0.01468350784365443,0.012105811387300491,0.8094495475637312,9.41629792788369
0.1169285615957015,0.8588134969365807,0.834131274006459,2.054804667656325,0.0,5.607505798339844,0.00976,16,none,2.5351777462241865,0.03218417661216235,0.03218417661216235,2.4654786574108796,2.4654786574108796,62,-0.0662468671798706,0.1169285615957015,16,0.1169285615957015,0.003043268108740449,0.8422329752811467,8.117197107923948
-0.024962994948017958,0.8441351523749383,0.8039684367331241,2.3570226039551585,0.0,5.547464370727539,0.009744000000000001,17,target_removed,2.4550175365358236,0.02882257828509292,0.02882257828509292,2.4648632973594053,2.4648632973594053,58,-0.0760522186756134,-0.024962994948017958,17,-0.024962994948017958,0.016222547739744186,0.806913947427761,9.770988804733236
0.11918202622627913,0.8417191470956638,0.7300053770028723,3.7601713908928263,0.0,5.587802886962891,0.009728,18,target_removed,2.3628730831110643,0.03384254761515882,0.03384254761515882,2.4591971743456087,2.4591971743456087,61,-0.06923829764127731,0.11918202622627913,18,0.11918202622627913,0.00977496150881052,0.7911485590125283,11.175369742826806
-0.2811343473220185,0.8421010070896837,0.7472024172353149,3.4960294939005054,0.0,5.595354080200195,0.009712,19,none,2.3371148373064665,0.017264816302675803,0.017264816302675803,2.452771788185654,2.452771788185654,62,-0.092853844165802,-0.2811343473220185,19,-0.2811343473220185,0.009230483323335648,0.747811412981468,14.613540144521982
0.5163554245319992,0.7814910306980213,0.8857218086862826,1.247219128924647,0.0,5.544060230255127,0.009696,20,target_removed,2.536252939073309,0.04221934671414197,0.04221934671414197,2.4569458457300364,2.4569458457300364,58,-0.06412447243928909,0.5163554245319992,20,0.5163554245319992,0.04556167125701904,0.8690400996890052,6.128258770283413
0.047112382182184956,0.8481646354106204,0.7676220993876383,3.0776975521032313,0.0,5.577181339263916,0.00968,21,target_removed,2.443202840819359,0.040191056445361764,0.042452348403096404,2.4601873918589394,2.456291416924766,61,-0.09349725395441055,0.047112382182184956,21,0.047112382182184956,0.005187735427170992,0.8274161060211004,8.864724097981467
0.006904774100327596,0.8433895352463057,0.834131274006459,2.0548046676563256,0.0,5.564253807067871,0.009664,22,none,2.5151539587288125,0.04129662217662601,0.04083654957115237,2.4607929575902032,2.458966987006768,62,-0.10042273998260498,0.006904774100327596,22,0.006904774100327596,0.006556116975843906,0.837633149476048,8.399735445569435
-0.20222064223873917,0.8439295450594695,0.7760812381271578,2.98142396999972,0.0,5.547284126281738,0.009648,23,none,2.356028542389746,0.027699383330592447,0.030268845579417954,2.4551601552096773,2.454491402458202,62,-0.11343146115541458,-0.20222064223873917,23,-0.20222064223873917,0.038914285600185394,0.7360177592031184,15.542057635833022
-0.01523110689318257,0.8604177088265409,0.828807770260415,2.1343747458109497,0.0,5.53607177734375,0.009632,24,none,2.4930180777353024,0.018917721856322393,0.028373014226392934,2.4638735897089097,2.4560966805947477,62,-0.08365700393915176,-0.01523110689318257,24,-0.01523110689318257,0.004347606562077999,0.8037925986483464,10.577754435081621
-0.19016424039832036,0.8539527429820041,0.7579555700637757,3.299831645537222,0.0,5.5216064453125,0.009616,25,none,2.3780849442301646,0.008939878109871832,0.0196315240414044,2.4550576702390563,2.4529762111401645,62,-0.07663967460393906,-0.19016424039832036,25,-0.19016424039832036,0.004763628356158733,0.7661766311843848,13.224556283251582
0.041574400948858066,0.8462956922741075,0.8739253829915122,1.4907119849998596,0.0,5.484811305999756,0.009600000000000001,26,none,2.589823585577343,0.010789701538397983,0.020475480845537238,2.460907493667583,2.4582395716954406,62,-0.10113507509231567,0.041574400948858066,26,0.041574400948858066,0.016307052224874496,0.8696025103117233,6.497862896539309
-0.05718738821328168,0.8446199819849256,0.7740675315215463,2.9674156357941426,0.0,5.522849082946777,0.009584,27,target_removed,2.3823962411777315,0.014779328768559525,0.017599078287803202,2.458463843135871,2.4554305594540438,61,-0.10005900263786316,-0.05718738821328168,27,-0.05718738821328168,0.0005704624927602708,0.7637087276712596,13.097921802925667
-0.1172335665480573,0.8566492790468346,0.7898851637309127,2.748737083745107,0.0,5.459311485290527,0.009568,28,none,2.4110156180804276,0.012629667046102171,0.01278362668652247,2.4558141814134133,2.453844311547843,62,-0.10492274910211563,-0.1172335665480573,28,-0.1172335665480573,0.004998513497412205,0.7644811753026801,13.349989596333856
0.10342355718605711,0.8191284061114159,0.8142666276972232,2.357022603955158,0.0,5.441553115844727,0.009552,29,none,2.471672741814542,0.006901977043047137,0.01590914153133401,2.459690672921112,2.4544590850053156,62,-0.04535654932260513,0.10342355718605711,29,0.10342355718605711,0.01766720600426197,0.8382777080059027,8.359957469322968
-0.020481029592869168,0.8176738991625662,0.779384733021317,2.9249881291307074,0.0,5.437569618225098,0.009536,30,none,2.387768155035616,0.0064509921436786575,0.014696135827193903,2.454239688021744,2.4522360540063257,62,-0.06268353015184402,-0.020481029592869168,30,-0.020481029592869168,0.02462177537381649,0.7907095228517329,11.469767022723502
-0.02270702375374195,0.8426686545286836,0.7528542023901964,3.3374973990834644,0.0,5.448944091796875,0.00952,31,target_removed,2.413383434883432,0.004435122939569277,0.013489582292325004,2.4481158825180684,2.4509827437120384,61,-0.10225607454776764,-0.02270702375374195,31,-0.02270702375374195,0.0036518597044050694,0.8178605779645519,9.464847243000456
0.02783833163719008,0.8340388337660706,0.7961503252300375,2.4324199198877374,0.0,5.396078109741211,0.009504,32,target_removed,2.410982542561463,0.016504396617898747,0.013937980709352038,2.4489299075111877,2.449732737426083,57,-0.07682542502880096,0.02783833163719008,32,0.02783833163719008,0.0071983193047344685,0.7807933835653553,11.32352516764202
0.037987237228199446,0.8515993884672856,0.8237396543053056,2.2110831935702664,0.0,5.421838760375977,0.009488,33,none,2.5162364218566844,0.01946593653960529,0.014666746058408021,2.4493914474328937,2.451748000590647,62,-0.04568004608154297,0.037987237228199446,33,0.037987237228199446,0.003102546324953437,0.8408973790840933,8.198915917499228
0.24289401035177027,0.8380570670269283,0.8305628862160188,1.9720265943665387,0.0,5.365955352783203,0.009472,34,target_removed,2.5542951430995418,0.017178093696199666,0.02137931265527162,2.448708812352157,2.4547640930173786,58,-0.07797170430421829,0.24289401035177027,34,0.24289401035177027,0.004891672171652317,0.8856751898565945,5.2493385826745405
0.011787206508116502,0.8475556927334269,0.7164956169851524,3.890872509976251,0.0,5.425399303436279,0.009456,35,target_removed,2.313272813529095,0.017033278629422766,0.021105252479638615,2.4431385601885056,2.450721485031999,59,-0.11005742102861404,0.011787206508116502,35,0.011787206508116502,0.007611971814185381,0.7492215038105161,13.667682889047272
-0.020379635902565092,0.807944960892558,0.7577020710339399,3.0912061651652345,0.0,5.390609264373779,0.00944,36,target_removed,2.3089222071713147,0.010167868754509429,0.019952894469021844,2.431825783235862,2.446782616202536,58,-0.06253030151128769,-0.020379635902565092,36,-0.020379635902565092,0.009513241238892078,0.743275175244817,13.873435847771173
0.3593739484303742,0.825590534128761,0.8797795061037428,1.3437096247164249,0.0,5.344632625579834,0.009424,37,target_removed,2.534828678122798,0.02938471592342904,0.029126436467977312,2.4358163403152107,2.449162239497678,59,-0.07445421069860458,0.3593739484303742,37,0.3593739484303742,0.013580776751041412,0.8294586378902944,8.498365855987974
0.24005676027467907,0.8226353789044387,0.7759907622602041,2.886751345948129,0.0,5.342765808105469,0.009408,38,target_removed,2.38377595848025,0.03542845262584903,0.03467723446289052,2.4368614840836695,2.4474415478919562,60,-0.09496031701564789,0.24005676027467907,38,0.24005676027467907,0.007191479671746492,0.7851498173156067,11.538582620447318
-0.03472787870654465,0.854815384627856,0.809820036819718,2.4267032964268394,0.0,5.345865726470947,0.009392000000000001,39,none,2.4235213059219403,0.04774877605662273,0.03289761617649475,2.4411818075144436,2.446828208354263,62,-0.10308629274368286,-0.03472787870654465,39,-0.03472787870654465,0.02032247930765152,0.7588858844743661,13.767917618708921
-0.06970968788509604,0.8472258924330457,0.8189001174918684,2.285218200133681,0.0,5.2707672119140625,0.009376,40,none,2.488539496743389,0.018445520435767963,0.030332433574954975,2.438796135397948,2.4478709905639913,62,-0.10342423617839813,-0.06970968788509604,40,-0.06970968788509604,0.01810486428439617,0.8224134868184749,9.357112565078799
0.6835601789588361,0.8220161728359384,0.8933787613832848,1.2133516482134197,0.0,5.285346984863281,0.00936,41,target_removed,2.592819578158347,0.05026791027460052,0.046264817608708174,2.4462769722648967,2.4514063219687316,61,-0.05609029158949852,0.6835601789588361,41,0.6835601789588361,0.049680400639772415,0.8774246439391238,5.983774357005414
-0.11777982470635112,0.8496249377948547,0.7551789020293632,3.34995854037363,0.0,5.267266273498535,0.009344,42,none,2.370469359922134,0.04403368033426659,0.04235899279168295,2.4390427423245633,2.4494792514438126,62,-0.106358602643013,-0.11777982470635112,42,-0.11777982470635112,0.05038585513830185,0.7656655200979161,13.262310842718508
0.2722597058561851,0.8488251559816363,0.8660226255621596,1.5986105077709065,0.0,5.2810750007629395,0.009328,43,none,2.58050889048467,0.0677576977390128,0.047705521002485325,2.4502667597293093,2.4525264523517394,62,-0.08724702894687653,0.2722597058561851,43,0.2722597058561851,0.018686851486563683,0.8656611089408742,6.724747000610671
0.04278922781033206,0.8629742017118502,0.8285753957598174,2.034425935955617,0.0,5.248553276062012,0.009312,44,target_removed,2.551625719206865,0.07065871447418855,0.04759378706630002,2.453197141802888,2.454778708416629,59,-0.10585031658411026,0.04278922781033206,44,0.04278922781033206,0.002513436134904623,0.8600761217351973,6.751543033509698
0.7842204430207395,0.7986979267108439,0.8138466275525555,2.2110831935702664,0.0,5.242074489593506,0.009296,45,target_removed,2.4665326310427673,0.11937794864514154,0.06396326830973201,2.457619526143518,2.4550399066972095,58,-0.05651822313666344,0.7842204430207395,45,0.7842204430207395,0.03467356786131859,0.853988076779368,6.896053621859068
0.08833708008034857,0.8409983097865018,0.8456808592742047,1.8856180831641267,0.0,5.233516216278076,0.00928,46,none,2.5265862647088335,0.12171608260171607,0.06449313378300628,2.4544576601000925,2.456595262306158,62,-0.071479432284832,0.08833708008034857,46,0.08833708008034857,0.01069500669836998,0.8399070956481269,8.259674462242579
0.11933285930149606,0.8550650694620953,0.8826098788197589,1.3743685418725535,0.0,5.218289375305176,0.009264,47,none,2.577582043929981,0.13054209497745495,0.06565993645361246,2.464216950237705,2.459169449149218,62,-0.10810999572277069,0.11933285930149606,47,0.11933285930149606,0.002773223677650094,0.8399070956481269,8.259674462242579
-0.12997301581920806,0.8423107738483645,0.8189001174918682,2.2852182001336816,0.0,5.192038059234619,0.009248,48,none,2.438276168809277,0.1299051225138974,0.061584249947928695,2.465579977774147,2.4587341724754697,62,-0.12208064645528793,-0.12997301581920806,48,-0.12997301581920806,0.019616011530160904,0.7770652774690442,12.432037465981011
0.14588781865761344,0.851131140830858,0.8519955911790026,1.795054935711501,0.0,5.2390594482421875,0.009232,49,none,2.5541370032860984,0.13202833558747523,0.0633047309420039,2.469703190847725,2.4606811690226253,62,-0.08820915222167969,0.14588781865761344,49,0.14588781865761344,0.021216673776507378,0.8510102712762379,7.586537784494028
0.09489731500020171,0.82732869694686,0.8142666276972232,2.357022603955158,0.0,5.23227071762085,0.009216,50,none,2.4331464996286867,0.1377972528171288,0.06393658262316786,2.471972108077378,2.4601304756347466,62,-0.08084973692893982,0.09489731500020171,50,0.09489731500020171,0.010660959407687187,0.7915511749846034,11.41149517908246
0.44264145078461364,0.8129087604219011,0.8189001174918682,2.2852182001336816,0.0,5.2357563972473145,0.0092,51,none,2.5508906354130985,0.16106467654404655,0.07103584788770434,2.4788474681038615,2.4635808499781824,62,-0.07019707560539246,0.44264145078461364,51,0.44264145078461364,0.03366132825613022,0.9190817574993294,3.815174380753199
0.15254536136176852,0.843403098373219,0.8826098788197589,1.3743685418725535,0.0,5.176298141479492,0.009184,52,none,2.5607945459902535,0.1673000280302755,0.07439088592543885,2.486338068275301,2.4647358880159174,62,-0.09325803071260452,0.15254536136176852,52,0.15254536136176852,0.01003547478467226,0.8347815687972757,8.576453553512405
-0.15327966703416565,0.843154887863099,0.7514576390492153,3.197221015541813,0.0,5.208590507507324,0.009168,53,target_removed,2.3320517499622793,0.15773668281715725,0.0699308098911169,2.477128834680581,2.4620032312151574,58,-0.11424361169338226,-0.15327966703416565,53,-0.15327966703416565,0.02839444763958454,0.7374392230499648,14.36043948569201
0.017246237735273014,0.8446175215475124,0.8123872102015666,2.309401076758503,0.0,5.255685806274414,0.009152,54,target_removed,2.4716398786624176,0.14645429418633235,0.06706769219397798,2.4729960714587245,2.4650610410333926,60,-0.10959509760141373,0.017246237735273014,54,0.017246237735273014,0.001932791550643742,0.8146351469133387,9.480975102218594
0.10013920815105665,0.8390848076246846,0.828807770260415,2.134374745810949,0.0,5.257086753845215,0.009136,55,none,2.4983883927795416,0.15087189426847938,0.06888262366638533,2.482251850421247,2.4639407422164386,62,-0.09349790960550308,0.10013920815105665,55,0.10013920815105665,0.024583803489804268,0.8304958148944421,8.844332774281066
0.6089804999853855,0.794674536723249,0.8742390703537544,1.4624940645653537,0.0,5.259687423706055,0.00912,56,target_removed,2.5760770712872336,0.18233990106287692,0.08097067501852631,2.495609593627043,2.4660057413020473,61,-0.057755813002586365,0.6089804999853855,56,0.6089804999853855,0.04197394475340843,0.9071634642102303,4.349329450233296
0.04360438858728372,0.8341808852379011,0.7898851637309127,2.7487370837451075,0.0,5.311184883117676,0.009104000000000001,57,none,2.4418535732157687,0.16655142307072238,0.08458236144660225,2.490960838381691,2.466217427730123,62,-0.08661392331123352,0.04360438858728372,57,0.04360438858728372,0.036196429282426834,0.8177875242469547,9.655165571973493
-0.06769666774071964,0.8528342916330495,0.7936049216548493,2.6874192494328497,0.0,5.297403812408447,0.009088,58,none,2.4405525168877653,0.1511637516699524,0.08471323473376606,2.493799666302067,2.465748301017287,62,-0.12343048304319382,-0.06769666774071964,58,-0.06769666774071964,0.013070604763925076,0.7941133035998664,11.234866364235144
0.13050306068654566,0.8270949892405147,0.8084092340595505,2.4094720491334933,0.0,5.229868412017822,0.009072,59,target_removed,2.446065030734969,0.15942529863960692,0.08296374880255382,2.4949268525427186,2.4667867433987745,61,-0.08631297945976257,0.13050306068654566,59,0.13050306068654566,0.009769055992364883,0.8105608074349041,9.893881386437219
0.09343084415953473,0.852244364300128,0.834131274006459,2.0548046676563256,0.0,5.232098579406738,0.009056,60,none,2.5316800287880197,0.16758232524183847,0.0850615923178545,2.49708387914495,2.467484586914076,62,-0.11467070877552032,0.09343084415953473,60,0.09343084415953473,0.005288954824209213,0.8453043904814324,7.930251502246879
-0.1012566840357064,0.8394649038018004,0.7862801764399246,2.808716591058786,0.0,5.2769598960876465,0.00904,61,none,2.4069925005927786,0.12834148209211133,0.08268425143057145,2.4877925252666713,2.4649072460267925,62,-0.11283613741397858,-0.1012566840357064,61,-0.1012566840357064,0.009887682273983955,0.7812474203510538,12.133516482134198
0.11337864638602278,0.8429637923147917,0.8587490856455868,1.6996731711975948,0.0,5.2458086013793945,0.009024,62,none,2.5516278310145077,0.13989940564673004,0.0892227671968799,2.4968504488212906,2.468045761793101,62,-0.06930423527956009,0.11337864638602278,62,0.11337864638602278,0.03376654163002968,0.8499149530541295,7.652160188832664
-0.08179298336858623,0.846310039789354,0.7255244456852277,3.593976442141304,0.0,5.102680683135986,0.009008,63,target_removed,2.342512043026909,0.12219677118549148,0.0880117787536268,2.484950606448402,2.4647558901851885,57,-0.11774447560310364,-0.08179298336858623,63,-0.08179298336858623,0.004419428296387196,0.7706775575523269,11.902380714238083
0.081409014679554,0.8349076767906074,0.8333333333333334,2.0,0.0,5.054378986358643,0.008992,64,target_removed,2.5128964102793208,0.12412776052895258,0.08386694170282022,2.483014141002025,2.4636548614964893,60,-0.11429932713508606,0.081409014679554,64,0.081409014679554,0.013209830038249493,0.8446554001553798,7.724420150837645
-0.06123123050327683,0.8352414575972048,0.779384733021317,2.9249881291307074,0.0,5.0963664054870605,0.008976,65,none,2.417017954125208,0.08185517685275177,0.08234864693588159,2.480538407156147,2.463501663442951,62,-0.05300397798418999,-0.06123123050327683,65,-0.06123123050327683,0.009937116876244545,0.8023917635066865,10.671873729054747
0.08946809106522932,0.8315366394452411,0.7824671717775026,2.6874192494328497,0.0,4.9662885665893555,0.00896,66,target_removed,2.424658666886395,0.0819117274019958,0.08179943752527213,2.475442027265025,2.4612912818561954,58,-0.08876712620258331,0.08946809106522932,66,0.08946809106522932,0.0075022331438958645,0.8106548556636511,9.498537899183338
0.04937061465153545,0.863786118899436,0.8055439138342714,2.494438257849294,0.0,4.99127721786499,0.008944,67,none,2.4676197992800204,0.07841361516949777,0.08328610971726322,2.4699439150325273,2.461543327111079,62,-0.11798283457756042,0.04937061465153545,67,0.04937061465153545,0.0024286939296871424,0.7982897665463132,10.949378470437894
-0.049352728318546216,0.8576852633255508,0.8189001174918682,2.2852182001336816,0.0,5.0541205406188965,0.008928,68,none,2.5088964563099387,0.08244462954453087,0.07991541462636671,2.4734749294075606,2.4644637945750567,62,-0.12780842185020447,-0.049352728318546216,68,-0.049352728318546216,0.010366346687078476,0.8323110754925197,8.73053390247253
0.1003544648550497,0.8274218171121409,0.8544548338325051,1.6749792701868151,0.0,4.873321533203125,0.008912,69,target_removed,2.5391955668997994,0.08016796185440268,0.08754519086990807,2.4727278575882456,2.4685054091669234,59,-0.0758303552865982,0.1003544648550497,69,0.1003544648550497,0.0038392602000385523,0.8573189159551534,6.962199524735141
0.1813282090118083,0.8604185670003784,0.8055439138342714,2.494438257849294,0.0,5.044192790985107,0.008896,70,none,2.519577393640293,0.084489506554983,0.08084464655950427,2.477049402288826,2.468171898258263,62,-0.09391085803508759,0.1813282090118083,70,0.1813282090118083,0.005293634720146656,0.8536149128056433,7.431165603202651
-0.12994996684604732,0.8527897761075984,0.6494600680663468,5.21749194749951,0.0,5.077432632446289,0.00888,71,target_removed,2.207676245733671,0.05585993567344995,0.07730339957893963,2.4598886828048547,2.463461366356549,58,-0.10978821665048599,-0.12994996684604732,71,-0.12994996684604732,0.007822955958545208,0.7054264015597255,16.703293088490067
0.10920084827075915,0.8392470806117452,0.8189001174918682,2.2852182001336816,0.0,4.930130958557129,0.008864,72,none,2.487450032899244,0.053692710018899484,0.07934932106234825,2.456221457150304,2.4629072878399576,62,-0.10817710310220718,0.10920084827075915,72,0.10920084827075915,0.008194072172045708,0.8293028347956308,8.919392106839767
0.17286042138252408,0.8587226759895037,0.8237396543053056,2.2110831935702664,0.0,5.059338092803955,0.008848,73,none,2.541109606011009,0.06999971443973395,0.08685094233477353,2.466674349952741,2.4666089091123826,62,-0.12203868478536606,0.17286042138252408,73,0.17286042138252408,0.014357313513755798,0.8586472757161994,7.133644853010899
-0.17569046519786014,0.8360988301602738,0.7862801764399246,2.808716591058786,0.0,5.030701637268066,0.008832,74,none,2.382558719430625,0.06035287929307731,0.08364175516867997,2.462220291991151,2.4643997219462888,62,-0.06301403045654297,-0.17569046519786014,74,-0.17569046519786014,0.03703812509775162,0.7601797128304266,13.67073110293992
0.30526860958438,0.8257908690786093,0.8084092340595505,2.4094720491334933,0.0,5.049472808837891,0.008816000000000001,75,target_removed,2.4610122087758244,0.07060934936474347,0.09355041216833396,2.460351482790965,2.4660582672372025,61,-0.07397551834583282,0.30526860958438,75,0.30526860958438,0.013727693818509579,0.8268121056376646,8.902246907382429
0.10122153501152634,0.8478711079937523,0.8008154619129935,2.362907813126304,0.0,4.881028175354004,0.0088,76,target_removed,2.4678863345545285,0.045221401116050525,0.09474335484958735,2.4549419459543302,2.4636195222167463,57,-0.10354213416576385,0.10122153501152634,76,0.10122153501152634,0.0033192334230989218,0.8191997646477825,8.975274678557506
0.5014130068993639,0.8167524350352331,0.7944593861373304,2.544056253745625,0.0,5.024207592010498,0.008784,77,target_removed,2.445901668467988,0.06811183203165452,0.10591536275184024,2.4551443507169406,2.4648896307625514,59,-0.07121345400810242,0.5014130068993639,77,0.5014130068993639,0.012668024748563766,0.8346898472954246,8.153049872423338
0.011649249986533647,0.8569843593962142,0.809820036819718,2.4267032964268394,0.0,4.84476375579834,0.008768,78,none,2.4798984346150186,0.0720791279180172,0.10849301908253206,2.457111646603303,2.4662672870932436,62,-0.10321108251810074,0.011649249986533647,78,0.011649249986533647,0.020106200128793716,0.8130940383990864,9.961035198322623
-0.04352250600583472,0.8561993543174261,0.7419534407243895,3.304037933599835,0.0,4.575997829437256,0.008752,79,target_removed,2.3441321556407875,0.06337784958339818,0.10555409781869424,2.4520150028485945,2.4637164753697682,57,-0.10784924030303955,-0.04352250600583472,79,-0.04352250600583472,0.0030236532911658287,0.745979360598972,13.450526631573451
-0.03418506704769536,0.8465068986226936,0.8504643363261463,1.699673171197595,0.0,4.684052467346191,0.008736,80,target_removed,2.547524812601826,0.056997054023036675,0.1052800170695977,2.4528072420392846,2.4669116085210923,58,-0.12457423657178879,-0.03418506704769536,80,-0.03418506704769536,0.006398791912943125,0.8505535776529858,7.086763875156433
0.1076113738298562,0.8542782079315889,0.7681842177398462,2.967415635794143,0.0,4.550137042999268,0.00872,81,target_removed,2.3858434589782487,0.06744045691631481,0.10788638502126967,2.4517497899585585,2.4663608090029885,59,-0.12992055714130402,0.1076113738298562,81,0.1076113738298562,0.020328352227807045,0.7633810333068138,12.605113600792691
0.014957198781916967,0.8590352502127016,0.7936049216548493,2.6874192494328497,0.0,4.381224632263184,0.008704,82,none,2.493206383410402,0.06251938453610953,0.10762876236416422,2.4488287175783534,2.468005285819967,62,-0.06500445306301117,0.014957198781916967,82,0.014957198781916967,0.001630149781703949,0.8405662115428513,8.219218670625303
0.006002207341619631,0.8639119829031231,0.8142666276972232,2.357022603955158,0.0,4.536027908325195,0.008688,83,none,2.4742513919701046,0.06690914407161982,0.10698906176643262,2.4554156850255127,2.4671655852222356,62,-0.10945954918861389,0.006002207341619631,83,0.006002207341619631,0.005759357940405607,0.7960727813697583,11.100550536897808
0.3454592415273413,0.8338670517224427,0.7791622550133868,2.692582403567252,0.0,4.200087070465088,0.008672,84,target_removed,2.4722748582876375,0.08011165541400919,0.10904036638994405,2.453384607425929,2.4655251795259976,57,-0.07448835670948029,0.3454592415273413,84,0.3454592415273413,0.011176299303770065,0.859245551551808,6.497862896539309
-0.18153426387080016,0.8574347184959624,0.7396547411752707,3.5784850922639815,0.0,4.400653839111328,0.008656,85,target_removed,2.359686593066137,0.07409650374563302,0.10517393698236573,2.4505180393729757,2.4664534551167385,61,-0.09218409657478333,-0.18153426387080016,85,-0.18153426387080016,0.0072415536269545555,0.7625971333949041,13.334374959313074
0.25013902728234694,0.8428408648928408,0.8552952809326367,1.6072751268321592,0.0,4.2945475578308105,0.00864,86,target_removed,2.5505020419523974,0.0821300505564889,0.11058431024606398,2.4568102081262753,2.47128505181236,57,-0.07954616099596024,0.25013902728234694,86,0.25013902728234694,0.014117445796728134,0.8523658961269199,6.928203230275509
-0.02413285697849448,0.8602731300416724,0.8142666276972232,2.3570226039551585,0.0,4.087335586547852,0.008624,87,none,2.4841163276499905,0.0784548769749874,0.10291417413788657,2.457635034544774,2.4702708048029036,62,-0.11835253983736038,-0.02413285697849448,87,-0.02413285697849448,0.002314154524356127,0.809576569911095,10.192589900947103
-0.22251657290900373,0.8431957683863677,0.8172560023684432,2.23606797749979,0.0,4.383344650268555,0.008608000000000001,88,target_removed,2.4991099367846354,0.06979668474546454,0.09366270747421293,2.457145708568509,2.4725774843689914,60,-0.09742453694343567,-0.22251657290900373,88,-0.22251657290900373,0.011372480541467667,0.8386581660298246,8.112062349091971
0.2817224473319371,0.8367622575808277,0.8473341440168218,1.7716909687891083,0.0,4.16323184967041,0.008592,89,target_removed,2.5943690123761303,0.07886508386930892,0.09999171399498255,2.4599043808423255,2.475994438498075,59,-0.028499357402324677,0.2817224473319371,89,0.2817224473319371,0.007632849738001823,0.9102726107784805,4.041451884327381
-0.0023311846091204486,0.8483404047977823,0.7697346590167237,3.091206165165235,0.0,3.7691280841827393,0.008576,90,none,2.4159180000193645,0.06968211418826244,0.10133928406050206,2.4547214111612785,2.4745420085635943,62,-0.06944908946752548,-0.0023311846091204486,90,-0.0023311846091204486,0.015646029263734818,0.7978429362048589,10.97977939466707
0.11990219959146299,0.8502464961337969,0.8660226255621596,1.5986105077709065,0.0,3.7067065238952637,0.00856,91,none,2.578151384219948,0.08217472251013798,0.09006612447315458,2.4732451680855925,2.474248644684826,62,-0.0971749871969223,0.11990219959146299,91,0.11990219959146299,0.01438620314002037,0.8618822625239916,6.944222218666553
0.24461787650594485,0.8404781079402892,0.9163890442107745,0.9428090415820634,0.0,3.7961602210998535,0.008544,92,none,2.60286706113443,0.08894557392189724,0.09731407849740054,2.479016019497352,2.4788965987090723,62,-0.047966498881578445,0.24461787650594485,92,0.24461787650594485,0.004990862682461739,0.845999908983366,7.888106377466155
-0.03151950806650589,0.8526465039809843,0.7421861778345223,3.531603350069515,0.0,3.6712684631347656,0.008528,93,target_removed,2.3749207481657204,0.07872657744944575,0.0912384942189467,2.4707065766050875,2.4747848358626934,61,-0.07541625201702118,-0.03151950806650589,93,-0.03151950806650589,0.01136823371052742,0.780088066350214,12.074997124453303
0.09978214842612215,0.8375388875303361,0.7642787314192173,2.981423969999719,0.0,3.398366928100586,0.008512,94,target_removed,2.4267895780946134,0.09250020813064486,0.0923783526312625,2.4729181195382868,2.4722881130404484,58,-0.06077296659350395,0.09978214842612215,94,0.09978214842612215,0.011229423806071281,0.82497195914506,8.698658900466592
0.3646123312385928,0.8420336022220428,0.8923005501689628,1.247219128924647,0.0,3.5521700382232666,0.008496,95,none,2.622861515867078,0.09546739421335548,0.08398619039561955,2.481010584892849,2.4754146907369345,62,-0.05944124609231949,0.3646123312385928,95,0.3646123312385928,0.014200951904058456,0.8885273634760723,5.436502143433363
0.11273637572295392,0.8351399083224587,0.765987081253247,3.0550504633038935,0.0,4.609663963317871,0.00848,96,target_removed,2.3680328026321185,0.09604313624892687,0.08447417630847166,2.476017908296729,2.4722436214954002,60,-0.09361660480499268,0.11273637572295392,96,0.11273637572295392,0.0028304869774729013,0.7669058130564129,12.866839377079188
-0.05324539940159316,0.8413598223331934,0.7948839128243458,2.494438257849294,0.0,3.305720329284668,0.008464,97,target_removed,2.47451179402227,0.06831021593387902,0.08102261113440987,2.4774484145744435,2.4701822164972462,58,-0.02446623705327511,-0.05324539940159316,97,-0.05324539940159316,0.017351089045405388,0.8382680588647305,7.781745019952501
0.16556018272687134,0.8390426840358826,0.8142666276972232,2.357022603955158,0.0,3.6616363525390625,0.008448,98,none,2.4438093673553563,0.07600576257089592,0.08693327510533147,2.47564396121146,2.4702928804681674,62,-0.022482195869088173,0.16556018272687134,98,0.16556018272687134,0.031555429100990295,0.7905000556222507,11.48428878463481
0.16962576457366768,0.8516918721351235,0.8456808592742049,1.8856180831641265,0.0,3.538513422012329,0.008432,99,none,2.5678749492021526,0.08666317609987104,0.08740803402365253,2.486831100889528,2.470567639386489,62,-0.05491829290986061,0.16962576457366768,99,0.16962576457366768,0.008227666839957237,0.8705022177928244,6.4463598686045716
0.1663540203754675,0.8306304692278422,0.7873493206688522,2.565800719723442,0.0,3.701317071914673,0.008416,100,target_removed,2.4333670785917936,0.09669013047102917,0.08883716813115786,2.481123214189026,2.470572050965751,57,-0.0862155333161354,0.1663540203754675,100,0.1663540203754675,0.0031665305141359568,0.8153872886950992,9.245118832239108
0.15803892198907435,0.8512028647622445,0.8728057986835439,1.3844373104863459,0.0,3.7095961570739746,0.0084,101,target_removed,2.629751731566646,0.09921150787899008,0.08314511755524709,2.4933186278184456,2.472149272888822,57,-0.04871196299791336,0.15803892198907435,101,0.15803892198907435,0.004748872015625238,0.9057430681208574,4.179978734661485
-0.04564352518425516,0.8608369479502894,0.7551789020293632,3.34995854037363,0.0,3.354264259338379,0.008384,102,none,2.4026056594442298,0.09618147168068147,0.07918133982432662,2.4887885916201373,2.4689854951579018,62,-0.05050571262836456,-0.04564352518425516,102,-0.04564352518425516,0.01390454825013876,0.786589809464577,11.756794725698931
0.04027275934271758,0.8611244833331188,0.828807770260415,2.1343747458109497,0.0,2.9252731800079346,0.008368,103,none,2.5085219439712025,0.09789499928073639,0.08305238835186426,2.4905021192201926,2.47251489903808,62,-0.09417983889579773,0.04027275934271758,103,0.04027275934271758,0.0005725736264139414,0.8185896903776687,9.603240193925288
0.17629740637634655,0.8509559341186922,0.7142783860799242,3.9334745737353156,0.0,4.05067253112793,0.008352,104,target_removed,2.38420381612503,0.08943690752318664,0.08623341172468574,2.4860985671120615,2.470766177787332,59,-0.05182282254099846,0.17629740637634655,104,0.17629740637634655,0.002946682507172227,0.8189694959264135,9.099755796479132
0.2592323893841315,0.8560192056133876,0.8456808592742047,1.8856180831641267,0.0,3.053492307662964,0.008336,105,none,2.5874815740126165,0.11147524018593322,0.08941527534934725,2.497488316159386,2.472548041411994,62,-0.03212352469563484,0.2592323893841315,105,0.2592323893841315,0.017122814431786537,0.885781509125024,5.587684871413403
0.189495813396852,0.8544386980112424,0.8014240374901033,2.5603819159562025,0.0,2.9756743907928467,0.008320000000000001,106,none,2.517744998025337,0.10844307949165848,0.08102558161757659,2.495850463963033,2.471381399946756,62,-0.046388424932956696,0.189495813396852,106,0.189495813396852,0.01279101986438036,0.8618822625239916,6.944222218666553
0.20107529032857505,0.8546540506769708,0.8014240374901033,2.5603819159562025,0.0,3.291239023208618,0.008304,107,none,2.49932447495706,0.11970348685701193,0.0841749996524024,2.4966108713283868,2.472530817981582,62,-0.05014900118112564,0.20107529032857505,107,0.20107529032857505,0.007500178646296263,0.843246386789986,8.055363982396383
-0.04363209016275274,0.8643349823603217,0.779384733021317,2.9249881291307074,0.0,3.0301671028137207,0.008288,108,none,2.484617094465732,0.12864771099432448,0.08465629120396174,2.4958862292124415,2.473412109533142,62,-0.0307474322617054,-0.04363209016275274,108,-0.04363209016275274,0.01566760055720806,0.8408973790840933,8.19891591749923
0.10645340735729547,0.8630775995360281,0.7974480043444203,2.6246692913372702,0.0,2.810896158218384,0.008272,109,none,2.5447025919857804,0.11988425899559241,0.08417529813737676,2.493402908192924,2.4753848607581577,62,-0.03231498971581459,0.10645340735729547,109,0.10645340735729547,0.016309745609760284,0.8841769881053321,5.676462121975467
0.02646271236121879,0.8540703365947088,0.6593688960865501,5.07991688470939,0.0,3.9635324478149414,0.008256,110,target_removed,2.2635191644764285,0.12132395384410936,0.08283593550141044,2.485782966415777,2.4700216434719264,59,-0.11343492567539215,0.02646271236121879,110,0.02646271236121879,0.0028207639697939157,0.7500799317951699,13.716373022373258
-0.12679028470818882,0.845286927653619,0.6755436475450703,4.642796092394707,0.0,3.8982019424438477,0.00824,111,target_removed,2.2468822145113734,0.1089893296291268,0.08232526348796078,2.4692195079303483,2.4668194377502983,58,-0.10663891583681107,-0.12679028470818882,111,-0.12679028470818882,0.013028637506067753,0.7260516393126841,15.595583420386113
0.1477616367428501,0.848841112699713,0.8189001174918684,2.285218200133681,0.0,3.0217082500457764,0.008224,112,none,2.536010821371335,0.10414651764097207,0.08301292329509731,2.4658766959421934,2.466507097557435,62,-0.046168938279151917,0.1477616367428501,112,0.1477616367428501,0.01339772343635559,0.8682695911797539,6.574360974438673
0.0714306594734401,0.8552963882662126,0.8237396543053056,2.2110831935702664,0.0,2.5846211910247803,0.008208,113,none,2.529679844101925,0.10929402601796936,0.08607739615193784,2.4736146507390044,2.4702504535789345,62,-0.07269592583179474,0.0714306594734401,113,0.0714306594734401,0.010044284164905548,0.8506438015304069,7.608474807008885
-0.05409269330699615,0.8318927409149591,0.8338475796726823,1.8929694486000912,0.0,3.521217107772827,0.008192,114,target_removed,2.4871935435279102,0.10160028393131346,0.08336736199220683,2.4766348490106687,2.4697363962439067,57,-0.041861433535814285,-0.05409269330699615,114,-0.05409269330699615,0.01127175334841013,0.8214532229402689,8.513061859414757
-0.09840226698230262,0.8446555517699709,0.7645231746106258,3.131382371342656,0.0,2.6387100219726562,0.008176,115,target_removed,2.4065913386071958,0.07844955402026868,0.08262394126262632,2.4658213401476745,2.4695278639335463,61,-0.11121232807636261,-0.09840226698230262,115,-0.09840226698230262,0.008538695983588696,0.7974126122265992,10.797376224497011
0.22894682147266093,0.8435632296614133,0.7484490134055496,3.2489314482696545,0.0,3.930532455444336,0.00816,116,target_removed,2.3881565958566293,0.08426007630775403,0.08541351587077493,2.4668275298089,2.4687978225129514,58,-0.060849379748106,0.22894682147266093,116,0.22894682147266093,0.008058064617216587,0.7961443527896661,10.626225419530053
0.13145678686979878,0.8453915743810214,0.803192816200105,2.4094720491334933,0.0,3.147263765335083,0.008144,117,target_removed,2.4741229368322206,0.09349518562132364,0.0870552393151402,2.466808086949398,2.468927885263995,59,-0.0211489200592041,0.13145678686979878,117,0.13145678686979878,0.0033524807076901197,0.8255385462510944,8.770214744615247
0.15398709959565254,0.8511955386825754,0.828807770260415,2.134374745810949,0.0,2.3831841945648193,0.008128,118,none,2.5222362842241375,0.09291653146476268,0.09112203587342417,2.4707294327928366,2.469194681822279,62,-0.09304879605770111,0.15398709959565254,118,0.15398709959565254,0.006338946055620909,0.8422329752811469,8.117197107923946
0.21438282489582017,0.8190103500759236,0.7947869038423274,2.581988897471611,0.0,4.097238540649414,0.008112000000000001,119,target_removed,2.4591883850557985,0.09515438448087032,0.09340260307423957,2.465295104585519,2.4675945381853994,60,-0.06124988943338394,0.21438282489582017,119,0.21438282489582017,0.005617077928036451,0.8453911311375475,7.681145747868608
0.3115028548367366,0.8425695901254694,0.8739253829915122,1.4907119849998598,0.0,2.304398536682129,0.008096,120,none,2.5897520394652216,0.10241182620393377,0.09600609599073814,2.4731143526291905,2.4689980311018975,62,-0.06337863951921463,0.3115028548367366,120,0.3115028548367366,0.003909370396286249,0.87325706634824,6.289320754704403
0.2615341203489632,0.8472388544043467,0.8519955911790026,1.7950549357115013,0.0,2.4662344455718994,0.00808,121,none,2.579783304977448,0.1075865861219282,0.10383577773463838,2.4706159312997302,2.4764401722867735,62,-0.03285897895693779,0.2615341203489632,121,0.2615341203489632,0.01413554884493351,0.880548859394099,5.878397362849466
-0.06136720243189232,0.861852238224836,0.765987081253247,3.0550504633038935,0.0,3.3109543323516846,0.008064,122,target_removed,2.409128742196574,0.10680040225954635,0.10042441672058533,2.470942085437348,2.4748737464727197,60,-0.06328131258487701,-0.06136720243189232,122,-0.06136720243189232,0.009420267306268215,0.7812894227184911,11.71063144706078
-0.02484164250256555,0.8513865467922108,0.7898851637309127,2.748737083745107,0.0,2.1880857944488525,0.008048,123,none,2.4634075421259194,0.10354468216728219,0.09647037544288356,2.4686863653450835,2.4733197051950184,62,-0.07364746928215027,-0.02484164250256555,123,-0.02484164250256555,0.011834794655442238,0.8221358316027959,9.374907406950154
0.30213424270716793,0.8480152563476604,0.8456808592742047,1.8856180831641267,0.0,2.386308431625366,0.008032000000000001,124,none,2.600383427335653,0.10983652398382324,0.10602686960098412,2.4794953459056144,2.4776761993531182,62,-0.05515711382031441,0.30213424270716793,124,0.30213424270716793,0.020896190777420998,0.9066873117137878,4.459696053419884
0.3065501803041624,0.83621105603497,0.8456808592742047,1.8856180831641267,0.0,2.5834076404571533,0.008016,125,none,2.5247993649326474,0.11220241352982481,0.10605250101537975,2.4763612354516162,2.4789519424762547,62,-0.048753850162029266,0.3065501803041624,125,0.3065501803041624,0.020671840757131577,0.8429074496234729,8.076027626390479
0.39053913453694833,0.8467433114316221,0.8739253829915122,1.4907119849998596,0.0,2.909015655517578,0.008,126,none,2.6287883191654333,0.12225457958682961,0.1118388530058882,2.481913401508621,2.482169982168473,62,-0.03569541871547699,0.39053913453694833,126,0.39053913453694833,0.010361297987401485,0.9081196247422989,4.384315479321969
0.10677743641247991,0.8459369069443645,0.834131274006459,2.054804667656325,0.0,3.1340267658233643,0.007984,127,none,2.525026621040965,0.11753968689102486,0.10394614159615052,2.4831985088128166,2.4837524812199323,62,-0.04079165682196617,0.10677743641247991,127,0.10677743641247991,0.014370459131896496,0.8449584400901411,7.951240294584375
0.33403853785567617,0.8373843255320395,0.8923005501689628,1.247219128924647,0.0,2.656851291656494,0.007968,128,none,2.612287722484161,0.1364232182919463,0.11039392735353337,2.4895820402137376,2.486400266977315,62,-0.02979108691215515,0.33403853785567617,128,0.33403853785567617,0.008317026309669018,0.8826028467831591,5.763872155263528
0.3556491072734188,0.843214803916535,0.8739253829915122,1.4907119849998596,0.0,2.7115638256073,0.007952,129,none,2.613898291901904,0.14888300328775245,0.11837735961911845,2.493041825209544,2.4917955897025372,62,-0.03168082609772682,0.3556491072734188,129,0.3556491072734188,0.009248921647667885,0.8967581049938564,4.988876515698588
0.02504041025365402,0.8406011413161192,0.7989382763248843,2.516611478423583,0.0,4.591953754425049,0.007936,130,target_removed,2.4322418425061993,0.1488118881823742,0.11956186916514543,2.5014779591110328,2.489489930300625,60,-0.09970016032457352,0.02504041025365402,130,0.02504041025365402,0.01438477449119091,0.7927024248651958,11.070481270277076
0.11442969443929885,0.8341125021938832,0.767845456450541,2.8722813232690143,0.0,3.880034923553467,0.00792,131,target_removed,2.357569322449823,0.1608728871397486,0.11969823557733428,2.507012314507955,2.488924447570056,57,-0.0544203445315361,0.11442969443929885,131,0.11442969443929885,0.018776074051856995,0.7556113638053986,13.098982148752373
-0.055197250941958306,0.8371544918738462,0.8126557160147478,2.266911751455907,0.0,4.212577819824219,0.007904,132,target_removed,2.4307087050921097,0.15072494275550816,0.11829514658285678,2.5017472086939936,2.4876744940036906,59,-0.08012568950653076,-0.055197250941958306,132,-0.055197250941958306,0.0023671872913837433,0.7808984972035157,11.503622617824933
-0.09070509756432044,0.8478137546098513,0.7421861778345223,3.531603350069515,0.0,4.5259013175964355,0.007888,133,target_removed,2.398178114455459,0.14261815490362012,0.11636100048473796,2.4951721222116707,2.4861530284533977,61,-0.11853904277086258,-0.09070509756432044,133,-0.09070509756432044,0.0043677412904798985,0.8081781820110854,10.126971687308874
0.4093758025840629,0.8314824855124527,0.8473341440168218,1.771690968789108,0.0,4.035055160522461,0.007872,134,target_removed,2.5839552759961935,0.1657915796981731,0.11763933170587239,2.500010208835085,2.4883866368075687,59,-0.08074723929166794,0.4093758025840629,134,0.4093758025840629,0.02213675156235695,0.9051386464669187,4.349329450233296
0.419905810772251,0.8555642290274119,0.9033522436831395,1.1055415967851334,0.0,2.89692759513855,0.007856,135,none,2.688154995400736,0.1917069835859008,0.1296681331987334,2.514088391674762,2.4949560048542607,62,-0.018935587257146835,0.419905810772251,135,0.419905810772251,0.008540169335901737,0.9292385226901847,3.2998316455372216
0.45799049802705283,0.8211521563914397,0.9020975784858901,1.0671873729054748,0.0,4.197709560394287,0.00784,136,target_removed,2.588933874066701,0.2031591674136204,0.13382516261362754,2.524127255585266,2.4957246414965466,59,-0.06799454987049103,0.45799049802705283,136,0.45799049802705283,0.019747452810406685,0.8656841391893714,6.335525936249405
-0.050133844174906024,0.8496792390334724,0.8832610167816708,1.3437096247164249,0.0,3.8822782039642334,0.007824,137,target_removed,2.6061253862399325,0.19407963586138516,0.1333051428696993,2.5307273780556514,2.498164822668346,61,-0.07437162101268768,-0.050133844174906024,137,-0.050133844174906024,0.05931505188345909,0.8731851304247894,6.244997998398398
0.4099435177399411,0.8184112160814064,0.7903287779025299,2.608745973749755,0.0,3.7704524993896484,0.007808,138,target_removed,2.4318105771091334,0.2068774567685996,0.1459543446826782,2.5262060926999013,2.4968188354748357,59,-0.09215239435434341,0.4099435177399411,138,0.4099435177399411,0.02158939279615879,0.8230705831251971,8.920949127381757
0.182341714168202,0.8453567936390093,0.8519955911790026,1.7950549357115013,0.0,2.650757312774658,0.007792,139,none,2.550590898796687,0.20527540123221866,0.1439667300194035,2.5307762183869453,2.4959432732032467,62,-0.04271071031689644,0.182341714168202,139,0.182341714168202,0.009262884967029095,0.8532385139786752,7.453559924999299
0.5193190649770155,0.8311123982018777,0.8390104088856314,1.950783318453271,0.0,2.325870990753174,0.007776,140,target_removed,2.5164156362788637,0.2156662117392326,0.15439973501112622,2.527109398227627,2.4979532259284367,61,-0.012403576634824276,0.5193190649770155,140,0.5193190649770155,0.02789171226322651,0.8462928291913548,7.7190241179396075
0.24778985904299394,0.8410262963405877,0.8129467083698325,2.3392781412697,0.0,4.295422554016113,0.0077599999999999995,141,target_removed,2.4674475270744995,0.21497899867393416,0.15695748820015684,2.52149260933248,2.495739148785528,61,-0.0616476945579052,0.24778985904299394,141,0.24778985904299394,0.023195728659629822,0.8134745223640795,9.706813185707357
0.25917522966984213,0.8555356502626175,0.770801949887901,3.0230595245361753,0.0,2.434720039367676,0.007744000000000001,142,target_removed,2.4747371997182657,0.23100612027902087,0.15724863526343477,2.5247730322085635,2.4931765515572044,61,-0.06540088355541229,0.25917522966984213,142,0.25917522966984213,0.01845187321305275,0.8483995995677471,7.564537145273478
0.4526255396247571,0.857171212904976,0.9033522436831395,1.1055415967851332,0.0,2.746241569519043,0.0077280000000000005,143,none,2.700874724253242,0.254879479385387,0.16693153621726003,2.53664639131493,2.4996956310789553,62,-0.013987275771796703,0.4526255396247571,143,0.4526255396247571,0.006988916080445051,0.9403512676651264,2.748737083745107
0.2768089235802634,0.8606066697146783,0.7317661695476582,3.5433819375782165,0.0,3.6029069423675537,0.007712,144,target_removed,2.4298365959376125,0.2536132134290418,0.1704720717203429,2.5281190497450283,2.4997565714358148,58,-0.03533386066555977,0.2768089235802634,144,0.2768089235802634,0.00990369264036417,0.837463756675276,7.924995618645827
0.0006605746030676068,0.8484405176714945,0.8476220758079843,1.707825127659933,0.0,3.7019948959350586,0.007696,145,target_removed,2.5994702994699805,0.23831873314398702,0.16319303658763235,2.5318525964718948,2.4992887471078733,57,-0.06450054049491882,0.0006605746030676068,145,0.0006605746030676068,0.011062055826187134,0.9034077059905017,4.258977446393545
0.287445193386201,0.8441630592116757,0.8856615814844944,1.2909944487358056,0.0,3.8207077980041504,0.00768,146,target_removed,2.6197276909243348,0.2331640360864497,0.16668721294089728,2.5313995650598398,2.5043226448737173,60,-0.09124477207660675,0.287445193386201,146,0.287445193386201,0.012254825793206692,0.8899030502281644,5.196152422706632
0.1470577747884328,0.8459767169846814,0.7831850570768694,2.6299556396765835,0.0,3.712733507156372,0.007664000000000001,147,target_removed,2.4365613617068727,0.23517805300524736,0.1706932764246978,2.526976302093135,2.503563636227409,57,-0.02885890007019043,0.1470577747884328,147,0.1470577747884328,0.002705423627048731,0.8073995876453222,9.581521567869874
0.3235749717664761,0.847803219755375,0.8826098788197589,1.3743685418725535,0.0,3.390939474105835,0.007648,148,none,2.601824156394961,0.23465487470078733,0.1738535722054899,2.5264531237886754,2.5067239320082013,62,-0.08203742653131485,0.3235749717664761,148,0.3235749717664761,0.005142269190400839,0.8714110578198274,6.394442031083626
0.9233462251622301,0.8157001925973848,0.8230041943112887,2.1147629234082532,0.0,4.402296543121338,0.007632,149,target_removed,2.532959587157451,0.2630397305952279,0.1889279814172612,2.522406188551453,2.5060256247673074,59,-0.059297896921634674,0.9233462251622301,149,0.9233462251622301,0.0421675443649292,0.8942552002487777,4.8876260995383936
0.5279523075891035,0.8347746794068164,0.8630667802894831,1.7716909687891083,0.0,4.529480934143066,0.007616,150,target_added,2.61378462549629,0.2881853254620003,0.19615994716153393,2.5314833277009576,2.509633975705397,67,-0.09011796116828918,0.5279523075891035,150,0.5279523075891035,0.015239452943205833,0.9159431657999907,4.29793231940921
0.06968295243405442,0.861187177373393,0.8055439138342714,2.494438257849294,0.0,3.3456172943115234,0.007600000000000001,151,target_value_changed,2.494760876442011,0.2859479883617381,0.19439282777043349,2.538342905400567,2.5069341586029044,62,-0.051526427268981934,0.06968295243405442,151,0.06968295243405442,0.05311223119497299,0.8280297852343462,9.0515877518836
0.5128575240618295,0.8493679137443997,0.8826098788197589,1.3743685418725535,0.0,3.5081706047058105,0.0075840000000000005,152,none,2.6711067086903144,0.3143507271119276,0.2055628487553552,2.5503628055804772,2.5123041795878267,62,-0.051963288336992264,0.5128575240618295,152,0.5128575240618295,0.02490261383354664,0.9391289161261556,2.8087165910587863
0.2946508608443198,0.8307019888044592,0.8739253829915122,1.4907119849998598,0.0,3.5945353507995605,0.007568,153,target_value_changed,2.5350579267319704,0.33361852503235956,0.21065041078538718,2.557206796194303,2.5128348992430416,62,-0.057739537209272385,0.2946508608443198,153,0.2946508608443198,0.013513426296412945,0.8304305549359992,8.831619262009339
-0.026322483151396896,0.8463761317027717,0.828807770260415,2.1343747458109497,0.0,4.1350789070129395,0.007552,154,target_value_changed,2.4835200075889974,0.3118336107455866,0.20659801299483235,2.5521850327739433,2.514821223072321,62,-0.1174391433596611,-0.026322483151396896,154,-0.026322483151396896,0.002040095394477248,0.8083361056258108,10.286021151519718
0.40228046510208154,0.8346428745613048,0.9188799964151667,0.8975274678557508,0.0,4.546855926513672,0.007536,155,target_removed,2.628419458435593,0.3109523434620781,0.20945897450919135,2.549198255925686,2.5156399807607803,61,-0.04892012104392052,0.40228046510208154,155,0.40228046510208154,0.03814270347356796,0.8748965874591215,6.101001739241042
0.24161198259006594,0.8561994861842713,0.847405701028186,1.950783318453271,0.0,3.682034730911255,0.007520000000000001,156,target_added,2.581609969975907,0.3001334176902288,0.2105012978930556,2.5488320607211468,2.5169172801997917,65,-0.07880200445652008,0.24161198259006594,156,0.24161198259006594,0.010548912920057774,0.8780047827634498,6.2294105303435865
0.20742053046735662,0.8388509043782508,0.8660226255621596,1.5986105077709065,0.0,3.165055751800537,0.007504,157,none,2.5356697150958416,0.31301113642234185,0.21062820269583124,2.545309277163942,2.5176441850025673,62,-0.07229112833738327,0.20742053046735662,157,0.20742053046735662,0.014253517612814903,0.8307961851554313,8.825468196582484
0.369382544043125,0.8657544035964293,0.8397424694642678,1.9720265943665387,0.0,2.6790802478790283,0.007488,158,target_value_changed,2.61277697013086,0.3109830877375011,0.21888849537994878,2.554357596815028,2.5202073825158697,62,-0.027561943978071213,0.369382544043125,158,0.369382544043125,0.006879344582557678,0.9072800970701626,4.4368253843951235
0.5633084686216988,0.8383391197564641,0.8739253829915122,1.4907119849998598,0.0,3.5226011276245117,0.007472,159,target_value_changed,2.623504344974278,0.33003142546017594,0.22802559660523683,2.558003269123908,2.52178341757564,62,-0.07312817871570587,0.5633084686216988,159,0.5633084686216988,0.013093373738229275,0.9112398422263018,4.2565379248624255
-0.03360893845290791,0.8502265566327271,0.7481822162372156,3.5901098714230026,0.0,3.5917086601257324,0.007456,160,target_added,2.4293751628265072,0.3023850252886797,0.22682416358895435,2.55365124545129,2.525100537542641,64,-0.12747825682163239,-0.03360893845290791,160,-0.03360893845290791,0.017362797632813454,0.8309663899565645,9.086008780292673
0.4522602043803437,0.8576456134217484,0.8826098788197589,1.3743685418725535,0.0,3.2012197971343994,0.00744,161,none,2.6705093890088287,0.3126085425555472,0.23840517337072498,2.563804338548006,2.5335730810325905,62,-0.06995399296283722,0.4522602043803437,161,0.4522602043803437,0.011243515647947788,0.9302538967673213,3.248931448269655
0.11519881263540296,0.8403397199185446,0.7198131221905311,4.281744192888376,0.0,3.3331668376922607,0.007424,162,target_added,2.3501341397886764,0.3054097217038252,0.23775391688857606,2.557574185551527,2.5298555474009374,66,-0.09105459600687027,0.11519881263540296,162,0.11519881263540296,0.006950433366000652,0.7899812976796007,12.184917817622827
-0.04032603553369675,0.8594623152378976,0.780877535330792,2.852873794770615,0.0,3.3122313022613525,0.007408,163,target_removed,2.483956847437889,0.2807621429459025,0.23551878298843332,2.5467282917107594,2.528941087467657,61,-0.14199219644069672,-0.04032603553369675,163,-0.04032603553369675,0.001342427683994174,0.8436169968691993,7.909207011803114
0.08199222235500683,0.8320364273463029,0.8857218086862826,1.247219128924647,0.0,2.878453254699707,0.007392,164,target_removed,2.5809306886921806,0.27102130788463974,0.23824048130167338,2.5542829963484874,2.5308158303709423,58,-0.10643176734447479,0.08199222235500683,164,0.08199222235500683,0.02437407709658146,0.8631724526595952,6.4463598686045716
0.4592766880080913,0.8484665669548755,0.925586488657843,0.7637626158259734,0.0,3.5974411964416504,0.007376000000000001,165,target_removed,2.6717803283399912,0.29395211355489087,0.24939406040148124,2.557898497791988,2.536119610165598,57,-0.04577523469924927,0.4592766880080913,165,0.4592766880080913,0.00701671140268445,0.8977272727272728,4.5
0.253851324284319,0.8482885350198869,0.7918867228479315,2.6718699236468995,0.0,2.3211426734924316,0.00736,166,target_removed,2.5094132943327425,0.2922724200997967,0.2498921504577144,2.552382777962408,2.5385447441351205,61,-0.049208883196115494,0.253851324284319,166,0.253851324284319,0.0013805149355903268,0.8692380364649243,6.368324391514267
0.5601333873353084,0.8297616594146602,0.8180542581767772,2.4094720491334933,0.0,2.8662898540496826,0.007344,167,target_added,2.4905622154290876,0.3129262007271405,0.2584656824670246,2.555082820648519,2.538873529707058,65,-0.045289672911167145,0.5601333873353084,167,0.5601333873353084,0.0444052629172802,0.8427462978376501,8.459051693633013
-0.034620202654400085,0.827578748465369,0.7989382763248843,2.516611478423583,0.0,4.710233688354492,0.0073279999999999994,168,target_removed,2.4517657452937436,0.29501644200609667,0.2546935364220236,2.5475799000934582,2.53746411892845,60,-0.13700149953365326,-0.034620202654400085,168,-0.034620202654400085,0.04998839274048805,0.8252487205034901,8.858454843945543
-0.09954362110879658,0.8520736829618691,0.8230041943112887,2.1147629234082532,0.0,3.376222848892212,0.007312,169,target_removed,2.4887788208207597,0.2438719496925454,0.2484150075019312,2.545370861776623,2.538055927643749,59,-0.10920669138431549,-0.09954362110879658,169,-0.09954362110879658,0.008036717772483826,0.8137009435476019,9.463379711052259
0.3469350400294132,0.8509614531453027,0.8519955911790026,1.7950549357115013,0.0,2.4159035682678223,0.007296,170,target_value_changed,2.594098553726523,0.23482108631456092,0.24912365120578478,2.544386558188135,2.538142857928975,62,-0.026900572702288628,0.3469350400294132,170,0.3469350400294132,0.04874998703598976,0.8911415094022181,5.276136989614987
0.2553398654012655,0.8418064500144864,0.8585518196440955,1.6749792701868151,0.0,3.1285314559936523,0.00728,171,target_removed,2.516841838195588,0.24410393196292146,0.24899976610683083,2.545490606275814,2.5368840285933376,61,-0.030047159641981125,0.2553398654012655,171,0.2553398654012655,0.009257815778255463,0.8164835685370061,9.5524865872714
0.2486950130550264,0.8364753199831114,0.8519955911790026,1.795054935711501,0.0,2.9710075855255127,0.007264,172,none,2.5369441976835114,0.2308958064125813,0.25520101041656923,2.538782480725474,2.539440337703076,62,-0.04916093498468399,0.2486950130550264,172,0.2486950130550264,0.008557320572435856,0.8484732865213976,7.738791177495933
0.35207676768599655,0.8523379397286184,0.8397424694642678,1.9720265943665385,0.0,2.9004480838775635,0.007248000000000001,173,target_value_changed,2.5398495608414557,0.2337671017546652,0.26273937862034047,2.5390220624309476,2.540969178077387,62,-0.02572948858141899,0.35207676768599655,173,0.35207676768599655,0.010674064978957176,0.8477691516485696,7.842899306698309
0.27968286838786643,0.8544041597131161,0.8739253829915122,1.4907119849998596,0.0,2.814594268798828,0.007232000000000001,174,none,2.5979320530163514,0.24906736933162837,0.2622903511339545,2.5447426647023157,2.540920150591001,62,-0.05735081806778908,0.27968286838786643,174,0.27968286838786643,0.012889365665614605,0.8696025103117233,6.497862896539309
0.5443920059337125,0.8504528921129629,0.834131274006459,2.0548046676563256,0.0,2.680067300796509,0.007216,175,target_value_changed,2.576347821109411,0.2561729463732099,0.26704718764654545,2.542139082836006,2.541951119714536,62,-0.049309104681015015,0.5443920059337125,175,0.5443920059337125,0.022276494652032852,0.8917636549899892,5.270403660438333
0.05991656829393698,0.851628214036688,0.8896522226828351,1.343709624716425,0.0,3.368975877761841,0.0072,176,target_added,2.6188264041909344,0.24708817565840344,0.26043473632168523,2.543999904546758,2.541751881415046,65,-0.08127669990062714,0.05991656829393698,176,0.05991656829393698,0.027115650475025177,0.8775459674714113,6.256108126374487
0.6917710489804147,0.8303185888920995,0.8973709410598716,1.1055415967851334,0.0,2.7677481174468994,0.007184,177,target_removed,2.572646675518404,0.2713057015840563,0.272134608573044,2.5458487525678857,2.542704282504595,58,-0.03313528001308441,0.6917710489804147,177,0.6917710489804147,0.021888399496674538,0.8449571455664331,7.492588930996341
0.21929809758652846,0.8601744713564513,0.8519955911790026,1.7950549357115013,0.0,2.883559226989746,0.007168000000000001,178,target_value_changed,2.570820383553558,0.2638014792612265,0.269839799767661,2.543750923239021,2.541874935725983,62,-0.027930311858654022,0.21929809758652846,178,0.21929809758652846,0.010121018625795841,0.8586503210181045,7.142571629299264
-0.007936327298991748,0.8446553709984408,0.8129467083698325,2.3392781412696997,0.0,3.4945080280303955,0.007152,179,target_removed,2.43542272910883,0.235239239465192,0.26256809107621276,2.5343468424457485,2.538305424470122,61,-0.08791869133710861,-0.007936327298991748,179,-0.007936327298991748,0.02105875127017498,0.7778206497405569,12.092238098144703
0.4501029968296526,0.8426590625841922,0.9033522436831395,1.1055415967851332,0.0,2.7288644313812256,0.007136,180,none,2.6783521814581377,0.25942483622932,0.27106934280773276,2.54679569337733,2.543227631249161,62,-0.021439677104353905,0.4501029968296526,180,0.4501029968296526,0.03251136466860771,0.9323408751908061,3.1446603773522015
-0.07444501412108026,0.8404175421004814,0.7371729207429729,3.6247605284885913,0.0,4.558663368225098,0.0071200000000000005,181,target_removed,2.330742726066158,0.23308957530424884,0.2672918486365252,2.5298073602301967,2.542691099321488,61,-0.11431199312210083,-0.07444501412108026,181,-0.07444501412108026,0.004723655991256237,0.753152263222704,13.984117975602022
0.20488960575657078,0.8534382525264211,0.8358505797063425,2.160246899469287,0.0,2.193889856338501,0.007104,182,target_added,2.4844105093068305,0.23757411496030723,0.27249358577049576,2.5365211787061046,2.543765135405782,66,-0.015562630258500576,0.20488960575657078,182,0.20488960575657078,0.0064009097404778,0.7951216770740671,11.80983582537125
0.32687272700617187,0.8628301916847727,0.834131274006459,2.054804667656325,0.0,2.7392513751983643,0.0070880000000000006,183,target_value_changed,2.53391299502917,0.25593405308730066,0.28084514226190554,2.5390189860856687,2.5464798330172562,62,-0.04402220621705055,0.32687272700617187,183,0.32687272700617187,0.01854787766933441,0.8369515293379383,8.522367612895206
0.41909409081566246,0.8610314104511628,0.9163890442107745,0.9428090415820634,0.0,2.7737619876861572,0.007072,184,none,2.6773432754441475,0.2727891465103335,0.28103950802653754,2.5438396154232668,2.5483475930062154,62,-0.0917133092880249,0.41909409081566246,184,0.41909409081566246,0.009009560570120811,0.8999228207822104,4.818944098266987
0.23130478980035601,0.8477526163495934,0.8826098788197589,1.3743685418725535,0.0,3.21201229095459,0.007056,185,none,2.579553974428841,0.2613905515999467,0.2772674876070997,2.5392282977277087,2.546175572586778,62,-0.1006605252623558,0.23130478980035601,185,0.23130478980035601,0.02056257054209709,0.8491914792594886,7.695597587076796
0.25339352931554193,0.8700091194268923,0.8587490856455868,1.699673171197595,0.0,2.5828893184661865,0.00704,186,target_value_changed,2.6191017548257207,0.26136766185150784,0.27317554823286944,2.544712720752358,2.5467789302019583,62,-0.05470714718103409,0.25339352931554193,186,0.25339352931554193,0.012638580985367298,0.8903435497532418,5.369801610808645
0.18543428143484603,0.8660074505259681,0.8587490856455868,1.699673171197595,0.0,2.4430577754974365,0.007024000000000001,187,target_value_changed,2.573380690407206,0.2426327065564847,0.27788691074506444,2.5488536445012637,2.5461240362853035,62,-0.020646989345550537,0.18543428143484603,187,0.18543428143484603,0.0040615275502204895,0.848624154235651,7.767706444446332
0.08153086682990116,0.8356274834483602,0.8418974202593987,2.034425935955617,0.0,3.090409278869629,0.007008,188,target_added,2.559291543551316,0.24844026003069977,0.2713186577268637,2.554229934414143,2.548673655614147,65,-0.058986563235521317,0.08153086682990116,188,0.08153086682990116,0.002307194285094738,0.8817666398435571,6.011562932290477
0.4800075347505325,0.8564472409283151,0.9327216450810738,0.7453559924999299,0.0,2.4906585216522217,0.006992,189,none,2.6782567193790174,0.2774178178236662,0.2772719741385103,2.5637038293420553,2.5512269720257934,62,-0.04751008749008179,0.4800075347505325,189,0.4800075347505325,0.018004413694143295,0.8890878333696285,5.405758246742285
0.3863019065171062,0.8453921954234036,0.8739253829915122,1.4907119849998598,0.0,2.523131847381592,0.0069759999999999996,190,none,2.5845510911455913,0.27938616114805087,0.27461163096931207,2.5632264562130085,2.552589681123128,62,-0.06371857225894928,0.3863019065171062,190,0.3863019065171062,0.010185371153056622,0.8652335127306757,6.7494855771055295
0.38166771678406897,0.8527143052518115,0.8621447857336852,1.5723301886761007,0.0,3.6699700355529785,0.00696,191,target_removed,2.6068538351585913,0.285702553717191,0.27728918812413356,2.567727056061159,2.5553778072848097,59,-0.08299639821052551,0.38166771678406897,191,0.38166771678406897,0.014193008653819561,0.8919947441730945,5.024937810560445
0.07670686555927786,0.8654526456172443,0.8191367463930592,2.1343747458109497,0.0,1.6227389574050903,0.0069440000000000005,192,target_removed,2.540389304771733,0.2771031463424036,0.27363982084192223,2.5678993114155704,2.556690849385879,58,-0.08838379383087158,0.07670686555927786,192,0.07670686555927786,0.008096503093838692,0.8557999127614292,6.7679801680823175
0.14705016781710434,0.8566801662582562,0.834131274006459,2.0548046676563256,0.0,2.1144776344299316,0.006928,193,target_value_changed,2.481558671905141,0.266851816348959,0.26752831340576916,2.5649847669687547,2.552304528338917,62,-0.09647766500711441,0.14705016781710434,193,0.14705016781710434,0.00918612815439701,0.7907472316404256,11.542777651255165
-0.036344233782494885,0.8526145341220157,0.8544548338325051,1.674979270186815,0.0,2.590080499649048,0.006912,194,target_removed,2.5457361208696696,0.2510504612404409,0.26126525025851405,2.5623749703614207,2.554622518837558,59,-0.04974614083766937,-0.036344233782494885,194,-0.036344233782494885,0.0022459605243057013,0.838666752915149,7.951240294584375
0.18396100482183192,0.8545862601353105,0.8519955911790026,1.7950549357115013,0.0,2.1854751110076904,0.006896,195,target_value_changed,2.565870496977712,0.23302891118484687,0.2649312588628893,2.5618511041548353,2.553950522787713,62,-0.06863386929035187,0.18396100482183192,195,0.18396100482183192,0.012696698307991028,0.859288645663399,7.0856131486146
0.2506942130461495,0.8648901552905445,0.8587490856455868,1.6996731711975948,0.0,1.6675522327423096,0.00688,196,target_value_changed,2.6101226597117937,0.24256779342245754,0.26419623925608826,2.561415916930878,2.5537584221634617,62,-0.06890234351158142,0.2506942130461495,196,0.2506942130461495,0.00885777734220028,0.8864834187756624,5.564944515670333
0.3144337663257625,0.8582120622988236,0.8826098788197589,1.3743685418725535,0.0,1.651711106300354,0.006864,197,target_value_changed,2.60057316570359,0.22370092928972488,0.26754375908683486,2.5628122414401373,2.557038658243396,62,-0.02987879514694214,0.3144337663257625,197,0.3144337663257625,0.004572874866425991,0.8597512245850079,7.076057383290813
0.43752777982193636,0.8762053088249175,0.8473341440168218,1.7716909687891083,0.0,1.406972050666809,0.006848,198,target_removed,2.5974648358332515,0.23461241340149525,0.26982281524794405,2.5641444640541224,2.5569514718321624,59,-0.018227968364953995,0.43752777982193636,198,0.43752777982193636,0.005572985392063856,0.8739253829915122,5.96284793999944
0.393765199691291,0.8543336310427418,0.8390104088856314,1.950783318453271,0.0,1.3788373470306396,0.0068319999999999995,199,target_removed,2.5687588052807895,0.2546974897510094,0.2592311947385253,2.57081126786272,2.5576674561946287,61,-0.03799547627568245,0.393765199691291,199,0.393765199691291,0.012787851504981518,0.8754147653524161,6.048415770541352
0.44817155721110286,0.8625839893503526,0.8826098788197589,1.3743685418725535,0.0,1.5412379503250122,0.006816,200,none,2.646420741839588,0.2546009177700819,0.2576355797309653,2.5692146958817923,2.5583201785214946,62,-0.02675517089664936,0.44817155721110286,200,0.44817155721110286,0.015404834412038326,0.9012268736694765,4.749268949591669
0.08420331430660002,0.8439202149186195,0.8367753112048467,1.8856180831641267,0.0,2.4457080364227295,0.0068000000000000005,201,target_removed,2.5418939520873183,0.2625333341914659,0.2579259869684162,2.5797722571828507,2.559262840034401,58,-0.03199607506394386,0.08420331430660002,201,0.08420331430660002,0.015909351408481598,0.8611984259638519,6.60807586719967
0.43535446576441783,0.8713869311326491,0.8032457720443428,2.449489742783178,0.0,1.569675326347351,0.006784,202,target_removed,2.5238871930846782,0.2740565771918583,0.256375925802468,2.5817460913717425,2.5563184497222884,60,-0.03387263044714928,0.43535446576441783,202,0.43535446576441783,0.014116578735411167,0.8492544899076861,7.425556469981821
0.7119488748207422,0.8709285703360287,0.8923005501689628,1.247219128924647,0.0,1.3696749210357666,0.006768,203,none,2.710198059449227,0.2933103845825868,0.2647218860819964,2.5905603445927454,2.5598212523766333,62,-0.011101334355771542,0.7119488748207422,203,0.7119488748207422,0.023906810209155083,0.9469689389442353,2.4267032964268394
0.22872709054205828,0.8774998730752673,0.8739253829915122,1.4907119849998596,0.0,1.3665039539337158,0.006751999999999999,204,target_value_changed,2.646017807522698,0.2837920345689066,0.26982287755586554,2.588994071196673,2.5630712083753076,62,-0.054903943091630936,0.22872709054205828,204,0.22872709054205828,0.01131659746170044,0.8945925514559186,5.109989707771963
0.2211166289776026,0.8788882773138244,0.8660226255621596,1.5986105077709065,0.0,1.339916706085205,0.006736000000000001,205,target_value_changed,2.599434733105163,0.283282626527769,0.26619960083337596,2.5899881091304895,2.5624915138686983,62,-0.026112759485840797,0.2211166289776026,205,0.2211166289776026,0.00854741781949997,0.854523830229179,7.396260507115848
0.23417278589208812,0.8638451301581003,0.8660226255621596,1.5986105077709063,0.0,1.9055627584457397,0.00672,206,none,2.632421970520573,0.28232158935659635,0.2660508168994164,2.590654119915232,2.5635077538795916,62,-0.0787176862359047,0.23417278589208812,206,0.23417278589208812,0.004203356336802244,0.9025542148003134,4.678556282539399
0.2654380706401522,0.86501534884084,0.8587490856455868,1.699673171197595,0.0,1.7005125284194946,0.006704,207,none,2.623687255268637,0.2863217788168616,0.26721116770287234,2.593169448158304,2.5652681046830477,62,-0.0529518686234951,0.2654380706401522,207,0.2654380706401522,0.0068742153234779835,0.8999228207822104,4.818944098266987
0.24779586137812276,0.8718688164521061,0.8739253829915122,1.4907119849998596,0.0,1.7575682401657104,0.006688,208,none,2.606045046006608,0.2946350285442727,0.26477943404957227,2.595507123281068,2.5651334662005625,62,-0.06436017155647278,0.24779586137812276,208,0.24779586137812276,0.0053473468869924545,0.8602508465629893,7.039570693980959
0.3045806900205691,0.8477093821729884,0.8519955911790026,1.795054935711501,0.0,1.7403537034988403,0.006672000000000001,209,none,2.592829874649054,0.28586368630777453,0.2596048784775497,2.59123578104457,2.564519976794058,62,-0.04517880082130432,0.3045806900205691,209,0.3045806900205691,0.004398063290864229,0.8931249012970629,5.185449728701348
0.0667362036843139,0.8364483512671166,0.7541511370426084,3.531603350069515,0.0,2.048588752746582,0.0066560000000000005,210,target_added,2.3703273282440436,0.26988540116613485,0.2616117813202941,2.5805245928994927,2.5633390201024087,65,-0.026264024898409843,0.0667362036843139,210,0.0667362036843139,0.005289420019835234,0.7797278399343185,12.759528030282137
0.2616766790899123,0.8538402578279086,0.8519955911790026,1.795054935711501,0.0,1.339474081993103,0.00664,211,target_value_changed,2.6297941483401175,0.263885849281427,0.2578001108144855,2.5816716085585694,2.562524715289035,62,-0.030450565740466118,0.2616766790899123,211,0.2616766790899123,0.0037105276715010405,0.9239582993332064,3.5918224984104787
0.38632631933227995,0.8646154093107477,0.8826098788197589,1.3743685418725535,0.0,1.6072152853012085,0.006624,212,target_value_changed,2.664549060429371,0.2793668219700772,0.26322266094842306,2.5878795963414514,2.5688130137018486,62,-0.014196702279150486,0.38632631933227995,212,0.38632631933227995,0.015861069783568382,0.9173237722988644,3.905379902062505
0.3846816953130359,0.8639278975286131,0.8587490856455868,1.699673171197595,0.0,1.4227033853530884,0.006608,213,none,2.652930879941521,0.29124839834487376,0.2717228155653577,2.5964482067432706,2.5721924943519205,62,-0.025723783299326897,0.3846816953130359,213,0.3846816953130359,0.009591378271579742,0.9302538967673213,3.2489314482696545
0.44964660500329534,0.8648143948222333,0.8739253829915122,1.4907119849998596,0.0,1.4897093772888184,0.006592000000000001,214,none,2.6078957896317805,0.31554794028416316,0.2790759032183235,2.599556190181376,2.5727317963707126,62,-0.042737144976854324,0.44964660500329534,214,0.44964660500329534,0.01329093985259533,0.8691560118180347,6.523461930260308
-0.017859445805725398,0.8458349133882543,0.7725634720318305,2.943920288775949,0.0,1.5276738405227661,0.006576,215,target_removed,2.4031884113542956,0.30545691775278533,0.2695331805420471,2.5914220859002053,2.567359958030999,60,-0.03514840453863144,-0.017859445805725398,215,-0.017859445805725398,0.004304226953536272,0.7847900259342109,11.426091000668407
0.33761510484314483,0.8663404989879785,0.8923005501689628,1.247219128924647,0.0,1.407034993171692,0.00656,216,target_value_changed,2.6234416504190907,0.3098029623426351,0.27120845615322364,2.59208803543557,2.5696405251527263,62,-0.01972339302301407,0.33761510484314483,216,0.33761510484314483,0.004394334740936756,0.8648006012621495,6.821719344166672
-0.03717093937169778,0.8726222550454522,0.7974480043444203,2.6246692913372702,0.0,1.258486032485962,0.006544,217,none,2.471078245256787,0.2922227270577621,0.2592623696190835,2.5856132894132293,2.56925084574928,62,-0.04150385037064552,-0.03717093937169778,217,-0.03717093937169778,0.03031654842197895,0.8010079858669145,10.765170174636763
0.36854047732779216,0.8399777899804972,0.820871215252208,2.29128784747792,0.0,1.565669298171997,0.006528,218,target_added,2.5147122123287695,0.2887733619330549,0.26732558321872735,2.5814756582380056,2.5705097750899806,63,-0.010457366704940796,0.36854047732779216,218,0.36854047732779216,0.03414907306432724,0.8538632070960643,7.559026980299044
0.11697110198950728,0.8579237625393649,0.8695666210995672,1.674979270186815,0.0,0.9421938061714172,0.006512,219,target_added,2.5852089711409345,0.27493365704796574,0.27165587768069344,2.5822981665310127,2.572438378096385,67,-0.038663461804389954,0.11697110198950728,219,0.11697110198950728,0.0026598009280860424,0.8577185875020021,7.602996485304696
0.14775481189498973,0.8580765024353854,0.8367753112048467,1.8856180831641267,0.0,1.0809578895568848,0.006496,220,target_removed,2.550477833288163,0.2599128197821601,0.267672273118005,2.5775010211034415,2.571565963687617,58,-0.07247846573591232,0.14775481189498973,220,0.14775481189498973,0.008171215653419495,0.8556260196479311,6.890008869531463
0.2489447793074091,0.8675187032120926,0.8397424694642678,1.9720265943665385,0.0,1.4818741083145142,0.00648,221,target_value_changed,2.600312691553008,0.2681498930322005,0.26754437139612786,2.580421958076726,2.5732353807547654,62,-0.03342367336153984,0.2489447793074091,221,0.2489447793074091,0.017869507893919945,0.8930515188766476,5.227086264705582
0.33803052854086135,0.8632602872666342,0.8923005501689628,1.247219128924647,0.0,1.2439191341400146,0.006464,222,target_value_changed,2.685222286661709,0.26328369617102265,0.2693310817058445,2.588488712755577,2.5762009425343297,62,-0.05325276032090187,0.33803052854086135,222,0.33803052854086135,0.007813666015863419,0.9296614492261122,3.299837943134918
0.21763330668436773,0.8687526043975411,0.8587490856455868,1.6996731711975948,0.0,1.1203519105911255,0.006448000000000001,223,target_value_changed,2.634792632787981,0.23856791776420402,0.26664221248581194,2.5847184414225146,2.57809980397326,62,-0.012732088565826416,0.21763330668436773,223,0.21763330668436773,0.004582881927490234,0.9072909427448534,4.428552711532707
0.2965953050900446,0.8672397384473163,0.834131274006459,2.054804667656325,0.0,1.1147074699401855,0.006432,224,target_value_changed,2.5862554592447706,0.24196132849160334,0.2669804612198555,2.5817303240086185,2.5778662720978285,62,-0.003523926017805934,0.2965953050900446,224,0.2965953050900446,0.009896624833345413,0.8848844467909954,5.631438247017589
0.1376317809869303,0.8675943092617058,0.834131274006459,2.0548046676563256,0.0,1.2534058094024658,0.006416,225,target_value_changed,2.5757064129390415,0.23778708609206972,0.2588452567209199,2.5805439080003127,2.577853443934421,62,0.006348378956317902,0.1376317809869303,225,0.1376317809869303,0.015882892534136772,0.8739808296708764,6.267621129127317
0.2412538944727876,0.8700496586444576,0.8739253829915122,1.4907119849998596,0.0,1.3418312072753906,0.0063999999999999994,226,none,2.6395030791012726,0.2381411415211047,0.2624720032444969,2.580897963429348,2.5782669774326274,62,-0.00900450348854065,0.2412538944727876,226,0.2412538944727876,0.007791090756654739,0.8955280374653027,5.055250296034367
0.2388552388335486,0.864874556194666,0.9033522436831395,1.1055415967851334,0.0,1.22763991355896,0.006384,227,target_value_changed,2.628049868928586,0.2368119999307745,0.2534136870415596,2.581116094112345,2.5793750413008314,62,-0.060241781175136566,0.2388552388335486,227,0.2388552388335486,0.008551121689379215,0.8598230690507804,7.095537878683758
-0.017455022708594635,0.8578795956090717,0.795799474570653,2.6087459737497545,0.0,1.2958060503005981,0.006368,228,target_removed,2.479430664021575,0.22354945572643858,0.24867862463565715,2.574785375013094,2.5775472469101914,61,0.0023360371123999357,-0.017455022708594635,228,-0.017455022708594635,0.0034597180783748627,0.8257515938418504,9.073771725877465
0.13134093543184563,0.8665174945859281,0.8456808592742047,1.8856180831641267,0.0,1.335140347480774,0.006352,229,none,2.5795901200603306,0.21488746799700245,0.2514641698902739,2.5741233872836573,2.5804305947292216,62,-0.030111221596598625,0.13134093543184563,229,0.13134093543184563,0.00758030079305172,0.867391766200198,6.6248689714505975
-0.09213253921676956,0.8391227913222001,0.7998496018145359,2.544056253745625,0.0,1.522923469543457,0.006336,230,target_removed,2.4327683877638333,0.20694403085194826,0.2406194591693454,2.577245440259647,2.5755189188553356,61,-0.014363348484039307,-0.09213253921676956,230,-0.09213253921676956,0.006732328794896603,0.7937959946270975,11.126794486983012
0.10571155524167933,0.8480749650039134,0.7831850570768694,2.6299556396765835,0.0,0.9277331829071045,0.00632,231,target_removed,2.4260526848646626,0.1991457746595366,0.2442225905566006,2.5670583670858744,2.5774251180313064,57,-0.03152237832546234,0.10571155524167933,231,0.10571155524167933,0.016983086243271828,0.7947926627838799,10.241527663824812
0.5106498985058883,0.8470286366705436,0.8964830535426433,1.1547005383792515,0.0,1.6547839641571045,0.006304000000000001,232,target_removed,2.65875411401741,0.20536195361821702,0.25033779641158693,2.5667686197652766,2.580911990125517,60,-0.004053732845932245,0.5106498985058883,232,0.5106498985058883,0.015708940103650093,0.9152424238042232,3.8586123009300755
0.13003560155536215,0.8600903423744786,0.8397424694642678,1.9720265943665387,0.0,1.4000409841537476,0.006288,233,target_value_changed,2.52821664024215,0.19262964893033335,0.24640105390257072,2.560532907780308,2.580798063029777,62,-0.007092188578099012,0.13003560155536215,233,0.13003560155536215,0.022400010377168655,0.8283838284034037,8.992001201858281
0.03563338130191727,0.8378351155075239,0.7915511749846033,2.8528737947706153,0.0,1.6759196519851685,0.006272,234,target_added,2.4291100812553994,0.1719289877452644,0.23873183971229583,2.551593622361489,2.575833399146002,65,-0.03735398128628731,0.03563338130191727,234,0.03563338130191727,0.004468225874006748,0.7997237907632725,11.269427669584644
0.33123823359105525,0.8591341453021275,0.8587490856455868,1.699673171197595,0.0,1.448614239692688,0.006255999999999999,235,none,2.6594874182195403,0.18938387171510346,0.24073050858810985,2.5644085727047514,2.5774320680218157,62,-0.025892985984683037,0.33123823359105525,235,0.33123823359105525,0.011006785556674004,0.9416041872718258,2.6874192494328497
0.0692222994062957,0.8693544312464164,0.8237396543053056,2.2110831935702664,0.0,1.3706941604614258,0.006240000000000001,236,none,2.5174714840347807,0.175964231443261,0.2370470839899249,2.5591100643855356,2.575399462605998,62,-0.018450679257512093,0.0692222994062957,236,0.0692222994062957,0.011777405627071857,0.8243773984830585,9.231588282750819
0.6071644580884854,0.8593746025681837,0.8923005501689628,1.247219128924647,0.0,1.4214614629745483,0.006224,237,target_value_changed,2.665691455609887,0.20818100131627015,0.24548168752299773,2.5688407249031906,2.5772456779100508,62,-0.029957106336951256,0.6071644580884854,237,0.6071644580884854,0.03816507011651993,0.9140163028727405,4.077730118310939
0.16349791355200483,0.820812402822558,0.892592389435804,1.343709624716425,0.0,0.9529882073402405,0.006208,238,target_added,2.548552403325039,0.1979288731274808,0.2471210284574398,2.5705327344530042,2.5770308951055263,67,-0.06186236813664436,0.16349791355200483,238,0.16349791355200483,0.006023350637406111,0.8351476110666769,9.17877987534291
0.09836264917120388,0.8564499215218192,0.8107631257643052,2.217355782608345,0.0,1.2453831434249878,0.0061920000000000005,239,target_removed,2.5108684555578256,0.19699845048656564,0.2394881307458532,2.566815708673848,2.573683129829102,57,-0.007643179502338171,0.09836264917120388,239,0.09836264917120388,0.014414966106414795,0.843655408271701,7.32006375199925
0.41201097892448535,0.8701204052833887,0.8923005501689628,1.247219128924647,0.0,1.447749137878418,0.006176000000000001,240,target_value_changed,2.6564687806778475,0.2102112588380404,0.24000231219400076,2.572115256043333,2.575121483619747,62,-0.027287006378173828,0.41201097892448535,240,0.41201097892448535,0.01828603632748127,0.8940478252254959,5.138165508826857
0.20978833054337828,0.8609065612710138,0.8519955911790026,1.7950549357115013,0.0,1.1557724475860596,0.0061600000000000005,241,none,2.5680375151718633,0.20825343639983887,0.23656472446918694,2.5705014972242752,2.5743451572200122,62,-0.02288195863366127,0.20978833054337828,241,0.20978833054337828,0.012244955636560917,0.855135362721847,7.340905181848414
0.006535987408985769,0.842956889101813,0.8933787613832848,1.2133516482134197,0.0,1.10585618019104,0.006144,242,target_removed,2.6227952178238243,0.19167870934324505,0.23516130690618112,2.5673801437823807,2.575993275481054,61,-0.001158426166512072,0.006535987408985769,242,0.006535987408985769,0.0041918377391994,0.8864595673387267,5.507570547286102
0.11116587085868629,0.8551788731304165,0.7606469969516952,3.304037933599835,0.0,1.2277945280075073,0.006128,243,target_added,2.4389999990837925,0.186355337551961,0.2344436209670128,2.5575905120971716,2.575142102024627,63,-0.04197535291314125,0.11116587085868629,243,0.11116587085868629,0.004606976173818111,0.8231741290016807,9.451631252505216
0.06272573030100834,0.8707123438962738,0.834131274006459,2.0548046676563256,0.0,1.245641827583313,0.006112,244,target_value_changed,2.571471445566284,0.17466185881250917,0.23642502024868275,2.556851311413247,2.575656808518559,62,-0.008575939573347569,0.06272573030100834,244,0.06272573030100834,0.0025779358111321926,0.8666278276635515,6.695640238274694
0.5959102183027609,0.8518853568592444,0.786339344611972,2.6718699236468995,0.0,1.6349903345108032,0.006096000000000001,245,target_removed,2.511983526932156,0.19757578067830073,0.2446640045183014,2.5536651671129027,2.5745790691176484,59,-0.0034185817930847406,0.5959102183027609,245,0.5959102183027609,0.030797254294157028,0.8737588254609397,5.899623340142619
0.08999180965669612,0.8579362324555352,0.809820036819718,2.4267032964268394,0.0,1.4437896013259888,0.00608,246,none,2.488240994285181,0.19001267643749614,0.24144995645051234,2.546102062872098,2.5721414358091157,62,-0.05625040456652641,0.08999180965669612,246,0.08999180965669612,0.014444999396800995,0.8204847250099279,9.480975102218594
0.5771726338037142,0.8585970687182365,0.8964830535426433,1.1547005383792515,0.0,1.265579104423523,0.006064,247,target_removed,2.662150747747057,0.20692854618600443,0.2467047338000713,2.5478071068130217,2.5733729874499853,60,-0.02481093443930149,0.5771726338037142,247,0.5771726338037142,0.023968135938048363,0.9070706254861773,4.268749491621899
0.4422863244243053,0.8431111610823078,0.8739253829915122,1.4907119849998596,0.0,1.4790745973587036,0.006048,248,target_value_changed,2.5784920129259907,0.2299156135426494,0.24679990469211874,2.5527601742582426,2.5729935309918397,62,-0.023928256705403328,0.4422863244243053,248,0.4422863244243053,0.0190135408192873,0.861455468852171,7.011372961192805
-0.07339208106894463,0.8649006942895211,0.7644811753026801,3.337497399083464,0.0,0.6906991600990295,0.006032,249,target_added,2.399484443287548,0.2196789627176099,0.237456759076914,2.5437548904196037,2.5696080437519755,65,-0.0006045969785191119,-0.07339208106894463,249,-0.07339208106894463,0.0597507618367672,0.770102573695347,13.483529046787252
0.10712075998934564,0.8733395881591153,0.8456808592742047,1.8856180831641267,0.0,1.2661126852035522,0.0060160000000000005,250,none,2.5653699446178306,0.22964162767791568,0.23063574313247892,2.550384968262303,2.5679870278075403,62,-0.0065826913341879845,0.10712075998934564,250,0.10712075998934564,0.0059055243618786335,0.8463494971845105,7.866949147470631
0.36672111161580356,0.8668501882620248,0.8739253829915122,1.4907119849998596,0.0,1.363616943359375,0.006,251,none,2.6149702962442887,0.24269210549662187,0.23628609907866294,2.559830848831284,2.569448554690679,62,-0.009126207791268826,0.36672111161580356,251,0.36672111161580356,0.03279167041182518,0.8741947249907515,6.236095644623235
0.1934444912436251,0.8504014624397279,0.785206334369366,2.8722813232690143,0.0,1.5915279388427734,0.005984,252,target_added,2.4717650913907905,0.2268318351335087,0.2314478995882471,2.550481397699954,2.568406112656801,63,-0.030181048437952995,0.1934444912436251,252,0.1934444912436251,0.008503771387040615,0.8361572945816964,8.621678104251709
0.21195593914222566,0.8555102975420545,0.9346867759764542,0.7453559924999299,0.0,0.7767693400382996,0.005968,253,target_added,2.6560508657050095,0.23092785201285193,0.2214480408746768,2.556873108973097,2.5673231687819174,64,-0.037773363292217255,0.21195593914222566,253,0.21195593914222566,0.00888474564999342,0.8658537921865006,6.920179830675565
0.37337802438136547,0.8426043459779888,0.8237396543053056,2.2110831935702664,0.0,1.3269990682601929,0.005952,254,none,2.5716272090098506,0.2478150841668243,0.22434105955146294,2.5639989653608195,2.5658353568116605,62,-0.005047974642366171,0.37337802438136547,254,0.37337802438136547,0.011803306639194489,0.9052832087265565,4.533823502911814
0.5055395050500935,0.8374983410196265,0.8519955911790026,1.7950549357115013,0.0,1.4937115907669067,0.005936,255,target_value_changed,2.572281357877507,0.2565301477397762,0.23002951707291275,2.559638662343718,2.5652922893071075,62,-0.019548704847693443,0.5055395050500935,255,0.5055395050500935,0.009579772129654884,0.8827874256788778,5.832784125005927
0.12706040350787473,0.8615603674917914,0.8585518196440955,1.674979270186815,0.0,1.3213754892349243,0.00592,256,target_removed,2.569145937971277,0.25942205294485515,0.22788726942522847,2.562222385040543,2.564026768656122,61,-0.012024935334920883,0.12706040350787473,256,0.12706040350787473,0.03716440498828888,0.8490337508353898,7.586537784494028
0.016208063440059137,0.8463463180495507,0.834131274006459,2.054804667656325,0.0,1.6791484355926514,0.005904,257,target_value_changed,2.5023855823291346,0.22987423321243386,0.22290266928122662,2.554057091376505,2.5616007351973313,62,-0.004566306248307228,0.016208063440059137,257,0.016208063440059137,0.014594236388802528,0.8219079902731248,9.416620195298622
0.68571791283818,0.8461356844448268,0.9033522436831395,1.1055415967851334,0.0,1.1564507484436035,0.005888,258,target_value_changed,2.6886556720103063,0.2559852331767426,0.23166111031042774,2.5610622548107687,2.5632529477174057,62,-0.006051154341548681,0.68571791283818,258,0.68571791283818,0.05003379285335541,0.93916774388234,2.8166059446037246
0.7620567178140142,0.8595350612322613,0.8098961119050636,2.581988897471611,0.0,1.2412906885147095,0.005872,259,target_added,2.5708832364377443,0.2891699366088831,0.24081063086629662,2.5640629938547645,2.5628140149531795,66,-0.013700095936655998,0.7620567178140142,259,0.7620567178140142,0.03957691043615341,0.9014520633004195,5.047001309908906
0.297018434907377,0.8392899921775918,0.8901614692335033,1.2133516482134197,0.0,1.2976795434951782,0.005856,260,target_removed,2.575883190387663,0.28342030940802776,0.24541627549075787,2.5600337143402547,2.566925132196052,59,-0.015203746035695076,0.297018434907377,260,0.297018434907377,0.019389456138014793,0.8464317289765682,7.438637868140466
0.4338071505094205,0.8642210754144836,0.8519955911790026,1.795054935711501,0.0,1.2610642910003662,0.00584,261,target_value_changed,2.6242641855339204,0.29462125040632986,0.248858884919148,2.5628450478583575,2.5668145329399277,62,0.0029832690488547087,0.4338071505094205,261,0.4338071505094205,0.015093080699443817,0.9080475189404341,4.401991943552716
0.471647056730395,0.8471718448230583,0.8705279380563645,1.4624940645653537,0.0,1.210673213005066,0.005824,262,target_removed,2.5606719273899943,0.31787680387240036,0.25056529966711033,2.5597388833366663,2.56473699027914,59,-0.014588918536901474,0.471647056730395,262,0.471647056730395,0.044928524643182755,0.8429721445105718,7.668478046884894
-0.13430037474990056,0.831927183317528,0.8621447857336852,1.5723301886761005,0.0,1.7674930095672607,0.005808,263,target_removed,2.542073733895272,0.305603491591971,0.24018565826585164,2.56489257007724,2.562519847358215,59,-0.042565882205963135,-0.13430037474990056,263,-0.13430037474990056,0.03239428624510765,0.8480017648440589,7.408703590297622
0.36899182211387516,0.8513532998064324,0.9033522436831395,1.1055415967851334,0.0,1.7131423950195312,0.005792,264,none,2.64724100674236,0.32091679618261426,0.23857256260806323,2.5686810481360443,2.563306751700427,62,-0.013445810414850712,0.36899182211387516,264,0.36899182211387516,0.020486773923039436,0.8925354632527883,5.21749194749951
0.32855307383091203,0.8626229787005637,0.8739253829915122,1.4907119849998596,0.0,1.2095028162002563,0.005776,265,none,2.666802258459397,0.30754893895902186,0.24550081300079601,2.5764219847124066,2.568579028642529,62,-0.0020764805376529694,0.32855307383091203,265,0.32855307383091203,0.018763035535812378,0.9302538967673213,3.248931448269655
0.4280771572926217,0.8695382145518066,0.8923005501689628,1.247219128924647,0.0,1.311703085899353,0.0057599999999999995,266,target_value_changed,2.686189386732058,0.3244532063408182,0.24731005404978557,2.5863194043347506,2.5698339833687887,62,-0.015261398628354073,0.4280771572926217,266,0.4280771572926217,0.011419828981161118,0.9243506220112888,3.545886285323169
0.22176015754781947,0.8480397600114101,0.7523927891437151,3.2360813064912666,0.0,0.8071674704551697,0.005744,267,target_removed,2.4285747959777497,0.30668258252802344,0.2524886759881759,2.574640606746285,2.5689839143832076,59,-0.027126699686050415,0.22176015754781947,267,0.22176015754781947,0.008180630393326283,0.8281422468226247,8.47381587925744
0.2759881481492161,0.853165489472057,0.8601040635984848,1.707825127659933,0.0,0.7940548658370972,0.005728,268,target_added,2.577847518151639,0.298367673714269,0.2506376294046044,2.5746083820075674,2.570246620499665,63,-0.034044113010168076,0.2759881481492161,268,0.2759881481492161,0.013168327510356903,0.8645779650810975,6.86577664134866
0.39045914098045,0.8660428287198861,0.8923005501689628,1.247219128924647,0.0,1.313679814338684,0.005712,269,target_value_changed,2.6882177568917127,0.3215602348167387,0.25610739018442324,2.5890450476877755,2.57230679621468,62,-0.03830244019627571,0.39045914098045,269,0.39045914098045,0.006034291815012693,0.9298743780028639,3.2661728122190166
0.37362539190294475,0.8615380691805417,0.828807770260415,2.1343747458109497,0.0,1.1850342750549316,0.005696,270,target_value_changed,2.573370576495925,0.3348854664124187,0.26062480178458236,2.5894450792816803,2.572764651078836,62,-0.008649148978292942,0.37362539190294475,270,0.37362539190294475,0.014474350959062576,0.8830247370549685,5.7604446504607605
0.14920929714504794,0.8608957948405846,0.8456129112051152,1.8257418583505538,0.0,1.1909979581832886,0.00568,271,target_removed,2.544152650726081,0.3240098756888809,0.2586300921413351,2.58590419700577,2.571641450262297,60,0.004438141826540232,0.14920929714504794,271,0.14920929714504794,0.0015633880393579602,0.8376439446803811,8.076027626390479
0.34917585038145493,0.8680519445728577,0.8660226255621596,1.5986105077709063,0.0,1.345679759979248,0.005664,272,target_value_changed,2.6211633761464244,0.33179644364577243,0.2588529985781469,2.5933741112435515,2.570360272051991,62,-0.007926121354103088,0.34917585038145493,272,0.34917585038145493,0.007889808155596256,0.8870888060114073,5.508497627302027
0.20515891327429978,0.8498875326139211,0.9187896968583876,0.9428090415820634,0.0,0.8651320338249207,0.005647999999999999,273,target_added,2.650613812631201,0.33145659235237607,0.2586035107099456,2.593102258589861,2.570676695648856,64,-0.012517320923507214,0.20515891327429978,273,0.20515891327429978,0.004448884166777134,0.8819365831588922,5.934831271588285
0.3902039493204504,0.8575115396577053,0.8923005501689628,1.247219128924647,0.0,1.2282726764678955,0.005632,274,none,2.6484531339489354,0.3322978885993303,0.2604756835945537,2.596943554836815,2.5719206491429394,62,-0.014340592548251152,0.3902039493204504,274,0.3902039493204504,0.010000881738960743,0.8986410441222671,4.887626099538393
0.4691959793195872,0.8354882854163681,0.8275941123033587,1.9790570145063195,0.0,1.2482208013534546,0.0056159999999999995,275,target_removed,2.481905301599652,0.33048071231280496,0.2671069675612069,2.5924247520229224,2.5700446269161508,57,-0.01660214364528656,0.4691959793195872,275,0.4691959793195872,0.007835681550204754,0.8188229038799255,8.850612031567836
0.7919544044662606,0.8615001210216973,0.9327216450810738,0.74535599249993,0.0,1.1638134717941284,0.0056,276,none,2.7002035890947456,0.36372541236072425,0.2781209777610763,2.5989776345790956,2.5712586371160207,62,-0.012331293895840645,0.7919544044662606,276,0.7919544044662606,0.026484161615371704,0.9059818229919747,4.4969125210773475
0.29766628854574945,0.8687467873140249,0.8660226255621596,1.5986105077709065,0.0,1.397952914237976,0.0055839999999999996,277,target_value_changed,2.6462505651251367,0.3777983236160088,0.2792971987553203,2.606170883718896,2.5716226510399514,62,-0.014325727708637714,0.29766628854574945,277,0.29766628854574945,0.02394348382949829,0.9114811522489524,4.210276756040136
0.34875996182309155,0.8770720819598419,0.8519955911790026,1.795054935711501,0.0,1.301640272140503,0.005568,278,target_value_changed,2.6204920051300276,0.36095042606525435,0.28662149844595397,2.602762700374882,2.574443877862121,62,-0.004556745290756226,0.34875996182309155,278,0.34875996182309155,0.00840639229863882,0.8914243319911833,5.318376220512076
0.5945780096243032,0.8502363801052212,0.9327216450810738,0.74535599249993,0.0,1.2850927114486694,0.005552,279,target_value_changed,2.681875632246957,0.3525764906557688,0.2958862399298031,2.6083123201653424,2.5764895881058534,62,-0.0022133635357022285,0.5945780096243032,279,0.5945780096243032,0.015322914347052574,0.8989176070606615,4.892985425545526
0.12392463256386638,0.8367842923868696,0.8408714914789075,2.0816659994661326,0.0,0.8430249094963074,0.005536,280,target_added,2.5061469529021236,0.34392180053859334,0.30020738336541586,2.604825508291065,2.577957159408619,66,-0.00091472954954952,0.12392463256386638,280,0.12392463256386638,0.0132747208699584,0.8284911690363468,9.28110386155057
0.37373332455364616,0.838046731232122,0.8472545699034286,1.8929694486000912,0.0,1.4598944187164307,0.00552,281,target_added,2.5740320760492237,0.34091810924080457,0.3055678187516552,2.6023139028168307,2.5809167472323105,63,-0.011062920093536377,0.37373332455364616,281,0.37373332455364616,0.008091929368674755,0.8887307749136732,5.467073155618908
0.037585100146643576,0.8537456241188692,0.8278080814698257,2.1147629234082532,0.0,1.45843505859375,0.005503999999999999,282,target_removed,2.468088831499701,0.319215011411617,0.29610652278447036,2.5976847480223157,2.5771034415819565,61,-0.01025266945362091,0.037585100146643576,282,0.037585100146643576,0.002253030426800251,0.7865351259110058,11.62492532831454
0.3001458953665898,0.8471946424525968,0.7494625186042544,3.287180487219337,0.0,1.2512315511703491,0.005488000000000001,283,target_removed,2.4167203095906533,0.34093732491744155,0.29950872866069495,2.5914170768070846,2.5748735149689264,59,-0.008550141006708145,0.3001458953665898,283,0.3001458953665898,0.006976916454732418,0.8200631485338019,9.105858919765158
0.41915039745758254,0.8568582932270469,0.8923005501689628,1.247219128924647,0.0,1.2741460800170898,0.005472,284,none,2.6773995820860677,0.3434452536846269,0.3071790689838082,2.59292500557427,2.5798393049855393,62,-0.0006605304079130292,0.41915039745758254,284,0.41915039745758254,0.004290558397769928,0.928240738690058,3.3499585403736303
0.012135083729911594,0.8577291687223043,0.798742927579205,2.4776781245530843,0.0,1.5495911836624146,0.005456000000000001,285,target_removed,2.4295368019245935,0.32762435417957686,0.3007970059865853,2.58106173274753,2.575240292659641,59,-0.007872599177062511,0.012135083729911594,285,0.012135083729911594,0.017189664766192436,0.7730647056230842,12.280291346525763
0.7915137839211476,0.8534555716666713,0.8826098788197589,1.3743685418725535,0.0,1.2233102321624756,0.00544,286,target_value_changed,2.6515609575888655,0.3457961855110031,0.3152428356768823,2.57933031129037,2.5779220821307227,62,-0.016810866072773933,0.7915137839211476,286,0.7915137839211476,0.03779950365424156,0.915495507102435,4.017516466629893
0.42395989906688175,0.8314381512415894,0.9327216450810738,0.7453559924999299,0.0,1.269415020942688,0.005424000000000001,287,none,2.642209083695367,0.3559061725869562,0.3115787444964503,2.590012025676251,2.5774524346924323,62,-0.03550317883491516,0.42395989906688175,287,0.42395989906688175,0.011785068549215794,0.8780492873727036,6.018490028422596
0.32704069913707856,0.8331890319380097,0.8797795061037428,1.3437096247164249,0.0,1.225974678993225,0.0054080000000000005,288,target_removed,2.5452643978710467,0.35845880013634934,0.3148496002081517,2.5883828696622215,2.577386674583353,59,-0.01529296487569809,0.32704069913707856,288,0.32704069913707856,0.01726284809410572,0.8322958598292942,8.294911425419535
0.10542923268447668,0.8652018743899873,0.8636363636363636,1.5,0.0,1.1544090509414673,0.005392,289,target_removed,2.5582540540104346,0.3442073047215507,0.3149909318784172,2.581884684518158,2.578334386552405,57,-0.00353726907633245,0.10542923268447668,289,0.10542923268447668,0.00682624988257885,0.8294158159840835,8.158158833680279
0.3563094263008526,0.8574533627034032,0.8739253829915122,1.4907119849998598,0.0,1.4775842428207397,0.005376000000000001,290,target_value_changed,2.6302833916140425,0.3433415064414461,0.31387690082594455,2.5847303252740637,2.577810678771128,62,-0.0197011586278677,0.3563094263008526,290,0.3563094263008526,0.006671481300145388,0.8989046459191269,4.871581326939403
0.2317189557920672,0.8740438374424996,0.8107631257643052,2.217355782608345,0.0,0.8293350338935852,0.00536,291,target_removed,2.506184818431823,0.3474669893737971,0.31431551333091834,2.582831933659351,2.5765736248363282,57,-0.0028858103323727846,0.2317189557920672,291,0.2317189557920672,0.006941521540284157,0.8213778552250183,8.698658900466592
0.522598137781188,0.8550191209856515,0.899279208340548,1.2133516482134197,0.0,1.3197393417358398,0.005344000000000001,292,target_added,2.6127342787002457,0.35613810374378374,0.32463675633836236,2.582410478787042,2.576372406053856,65,-0.01860467530786991,0.522598137781188,292,0.522598137781188,0.016156544908881187,0.858435949374046,7.475887164001935
0.2292802309050615,0.8730823919204178,0.828807770260415,2.134374745810949,0.0,1.0256537199020386,0.005328,293,target_value_changed,2.5854488255927905,0.3573441696253218,0.32699904353928994,2.5791522294351217,2.579301382584036,62,-0.07878262549638748,0.2292802309050615,293,0.2292802309050615,0.0031791089568287134,0.8835586634119575,5.768245286317642
0.7345887785566368,0.8518755794139901,0.9327216450810738,0.74535599249993,0.0,1.3957184553146362,0.005312000000000001,294,none,2.712837963185122,0.3745634110871311,0.3404363045044025,2.5823714708969314,2.582128712936413,62,-0.010407964698970318,0.7345887785566368,294,0.7345887785566368,0.019032998010516167,0.928240738690058,3.34995854037363
0.380485496849294,0.8658223954289558,0.8587490856455868,1.699673171197595,0.0,1.567809820175171,0.005296,295,none,2.638734681477779,0.3701278869636165,0.3361278100753331,2.5902129398908373,2.5846637360273257,62,-0.07322442531585693,0.380485496849294,295,0.380485496849294,0.009705430828034878,0.9141632004032366,4.068851871911234
0.7948847776093108,0.8512713273086645,0.9327216450810738,0.74535599249993,0.0,1.35293447971344,0.00528,296,target_value_changed,2.727099851194585,0.370274405620769,0.35022566943438543,2.59155775299583,2.589440913165514,62,-0.012870604172348976,0.7948847776093108,296,0.7948847776093108,0.018041128292679787,0.9431068788048468,2.6137205342641816
0.17449548168905968,0.8582469871993809,0.8008154619129935,2.362907813126304,0.0,1.930729627609253,0.0052640000000000004,297,target_removed,2.5402832993338484,0.3641158652779345,0.34217212639209227,2.586259389706265,2.587003564197249,57,-0.07573197782039642,0.17449548168905968,297,0.17449548168905968,0.027806315571069717,0.881220850221474,5.436502143433364
0.06362425429410068,0.8271660038542666,0.9127676879703236,1.0671873729054748,0.0,1.2157642841339111,0.005248,298,target_added,2.605348177309051,0.34985907990148496,0.3345988849894882,2.585502198315216,2.587540687484911,67,-0.029946278780698776,0.06362425429410068,298,0.06362425429410068,0.00885356217622757,0.8654144854844611,7.127801593447699
0.009261115623203803,0.8606909195855739,0.8226240888624803,2.1921577396609844,0.0,0.7258237600326538,0.0052320000000000005,299,target_removed,2.5071573987365237,0.32059323520142996,0.3362519489233312,2.576766286639695,2.5896941465938905,61,-0.007420433685183525,0.009261115623203803,299,0.009261115623203803,0.0035144942812621593,0.8238423902884694,9.087537253477057
0.4824040944989476,0.8670879182430338,0.8826098788197589,1.3743685418725535,0.0,1.289636492729187,0.005216,300,none,2.6206532791274326,0.3385172082981841,0.3437576156135232,2.5824916029509604,2.5907998132840824,62,-0.030810384079813957,0.4824040944989476,300,0.4824040944989476,0.03156759589910507,0.8709554820646398,6.420453428086074
0.3445596882328479,0.8541834005160142,0.8660226255621596,1.5986105077709065,0.0,1.2739579677581787,0.005200000000000001,301,none,2.602808872861333,0.33705852648214407,0.3433143871458641,2.5839304427915653,2.5905565848164236,62,-0.018116725608706474,0.3445596882328479,301,0.3445596882328479,0.008501923643052578,0.8826028467831591,5.7638721552635275
0.39843254188092625,0.8671115009742886,0.8587490856455868,1.699673171197595,0.0,1.3772097826004028,0.005184,302,target_value_changed,2.638711663347933,0.3551008985688583,0.34741414815861016,2.592461584383977,2.5938955162555657,62,-0.051700886338949203,0.39843254188092625,302,0.39843254188092625,0.013593402691185474,0.9128510767280578,4.147539292076507
0.22966362777019356,0.8611178658339719,0.8923005501689628,1.247219128924647,0.0,1.6511540412902832,0.005168,303,target_value_changed,2.6217642342017538,0.35157678518903845,0.3477683019311695,2.602713780614532,2.593209783625501,62,-0.002236073138192296,0.22966362777019356,303,0.22966362777019356,0.005987620446830988,0.8683458181988191,6.642494243029211
-0.11240893162636635,0.8438027830151672,0.7300053770028723,3.7601713908928263,0.0,2.438631296157837,0.005152,304,target_removed,2.3737300617071453,0.32499881873484104,0.33805256281101487,2.5875303045955858,2.5892518406794465,61,-0.0770847275853157,-0.11240893162636635,304,-0.11240893162636635,0.014234830625355244,0.7999219016891058,10.671873729054747
0.4270122528698964,0.854382863800765,0.8660226255621596,1.5986105077709065,0.0,1.6435827016830444,0.005136,305,target_value_changed,2.632956140538392,0.3457426771918402,0.336482017767411,2.5977012715262755,2.590465336332664,62,-0.0124508710578084,0.4270122528698964,305,0.4270122528698964,0.01767420955002308,0.9125506511754676,4.164189566601606
0.31309112420704777,0.8597787286851871,0.8098241635869755,2.544056253745625,0.0,1.5630327463150024,0.00512,306,target_added,2.465858498958015,0.3218215442061353,0.3402026321813944,2.5884161485947326,2.5883995875523995,65,-0.01734927110373974,0.31309112420704777,306,0.31309112420704777,0.011551916599273682,0.7962556066858522,11.599808427536876
0.34790411803545407,0.8637928127153102,0.8973709410598716,1.1055415967851334,0.0,1.459357738494873,0.005104,307,target_removed,2.6703704758997113,0.3180187551545639,0.3468365532733024,2.58982421820495,2.5917592854238105,58,-0.03878532722592354,0.34790411803545407,307,0.34790411803545407,0.007493042852729559,0.9092067221245297,4.027681991198191
0.5802585936879288,0.8463693271825905,0.8705279380563645,1.4624940645653537,0.0,1.382940411567688,0.0050880000000000005,308,target_removed,2.5562909178107214,0.3306796498821064,0.3447273668902973,2.5903755442019336,2.5891119903398185,59,-0.009489178657531738,0.5802585936879288,308,0.5802585936879288,0.02067004144191742,0.8393936525717663,7.717224601860151
0.5113222519817507,0.8639031840589131,0.9163890442107745,0.9428090415820634,0.0,1.4733881950378418,0.005072,309,none,2.6795714366102357,0.35097430084697007,0.33971267757365203,2.596441413331924,2.591285754343269,62,-0.011646546423435211,0.5113222519817507,309,0.5113222519817507,0.026973573490977287,0.899279208340548,4.853406592853679
0.3256582234706823,0.8690327808194059,0.8660226255621596,1.5986105077709063,0.0,1.3174221515655518,0.005056,310,target_value_changed,2.631584869080277,0.34944174070546163,0.3402854733449182,2.5965064872052355,2.592399787917121,62,0.00018947571516036987,0.3256582234706823,310,0.3256582234706823,0.014855124056339264,0.8965294626987113,5.02601394440767
0.3470441797035862,0.8663785367052498,0.7457692953940962,3.636237371545238,0.0,1.1810014247894287,0.00504,311,target_added,2.432081381318617,0.3552080019010375,0.3385502139288015,2.5928013153495755,2.5885561318328145,64,-0.0038075612392276525,0.3470441797035862,311,0.3470441797035862,0.008188088424503803,0.819933549219271,9.809292646374773
0.2072790622071681,0.8781318854738668,0.8587490856455868,1.699673171197595,0.0,1.558037281036377,0.005024,312,none,2.595528246835653,0.3394420481223365,0.333262854038337,2.5919410137563466,2.5892532582217274,62,-0.03449452668428421,0.2072790622071681,312,0.2072790622071681,0.013715074397623539,0.8586472757161994,7.1336448530109
0.03554766541465016,0.8467052127364397,0.7987567800359191,2.6874192494328497,0.0,2.2646048069000244,0.005008,313,target_added,2.4372939277038164,0.329755419847816,0.336659814841628,2.5845332688618976,2.587157662097898,64,-0.09527751803398132,0.03554766541465016,313,0.03554766541465016,0.0035604152362793684,0.7918319349314574,11.742609969205692
0.46752256290220995,0.873610577670683,0.8739253829915122,1.4907119849998596,0.0,1.3823341131210327,0.004992,314,none,2.665771747530695,0.31640210906509464,0.33863042965739476,2.582179958079176,2.587528276913665,62,-0.0057132733054459095,0.46752256290220995,314,0.46752256290220995,0.017531979829072952,0.9182357868684999,3.8586123009300755
0.4702849374076057,0.8497122795981872,0.9163890442107745,0.9428090415820634,0.0,1.6160413026809692,0.004976,315,target_value_changed,2.6877450273470878,0.32089208109301026,0.3414650669289286,2.5846304753726423,2.587947132291419,62,-0.027179040014743805,0.4702849374076057,315,0.4702849374076057,0.014755010604858398,0.9216437035381261,3.6797877778473547
0.25348936001134326,0.8509148507282365,0.8519955911790026,1.7950549357115013,0.0,1.9018601179122925,0.00496,316,target_value_changed,2.5557406909037885,0.29382231021311184,0.33797331098330297,2.576062517358102,2.5853381583748534,62,-0.11421138793230057,0.25348936001134326,316,0.25348936001134326,0.0035068124998360872,0.8528302489965498,7.521560526407286
0.4376553265460184,0.8695382145518066,0.8923005501689628,1.247219128924647,0.0,1.4375468492507935,0.0049440000000000005,317,target_value_changed,2.6844038164992168,0.30698030245595975,0.342291214363267,2.5832685432163704,2.5904547387852834,62,0.0033528506755828857,0.4376553265460184,317,0.4376553265460184,0.0066099464893341064,0.9225650517784474,3.6554741457254076
-0.04166804810500339,0.8447205081051707,0.8267964089491101,2.3392781412696997,0.0,1.4016385078430176,0.004928,318,target_added,2.5412108223321295,0.3017156873360046,0.3359380904381826,2.580061675467525,2.589722004868893,67,-0.03708401694893837,-0.04166804810500339,318,-0.04166804810500339,0.028024712577462196,0.8696939052778484,6.99205898780101
0.3902778671526413,0.8746172854148568,0.8519955911790026,1.795054935711501,0.0,1.1653413772583008,0.004912,319,target_value_changed,2.5970284072486507,0.3207665249124765,0.3359344649616265,2.5845552258931312,2.5878982178760324,62,-0.05487174913287163,0.3902778671526413,319,0.3902778671526413,0.007861506193876266,0.8704155306547912,6.496436232836497
0.30146750683598367,0.8507697829052696,0.9309019745966344,0.816496580927726,0.0,1.4351788759231567,0.004896,320,target_added,2.719795320300928,0.31171969552932827,0.33449130726028725,2.5895123279518057,2.5908267127521323,66,-0.043761324137449265,0.30146750683598367,320,0.30146750683598367,0.017738552764058113,0.938123562799024,3.0230595245361758
0.32018076890170655,0.8668528101688486,0.834131274006459,2.0548046676563256,0.0,1.2442854642868042,0.00488,321,target_value_changed,2.55414464092401,0.31050074956277113,0.33791073669542043,2.5870791163549387,2.591026552556091,62,-0.02959570847451687,0.32018076890170655,321,0.32018076890170655,0.009566525928676128,0.8531605567487023,7.478911479396952
0.20925022146107983,0.8729353042579145,0.809820036819718,2.4267032964268394,0.0,1.1078535318374634,0.004864,322,target_value_changed,2.4876564308062843,0.3010416335417788,0.3351122241170129,2.5795263547278564,2.588356413649288,62,-0.031049953773617744,0.20925022146107983,322,0.20925022146107983,0.011746560223400593,0.8049010897286517,10.591136037737938
0.33440854411828036,0.8658846361538931,0.8237396543053056,2.2110831935702664,0.0,1.06196129322052,0.004848,323,target_value_changed,2.5687848902215666,0.3062788793591832,0.33769721673389247,2.576877387528847,2.586719835201096,62,-0.02043466456234455,0.33440854411828036,323,0.33440854411828036,0.01018069963902235,0.8791605997623679,5.989442392722701
0.16086143563825164,0.8725323819084384,0.8456808592742047,1.8856180831641267,0.0,0.7831922173500061,0.004832,324,none,2.5591106202667366,0.31994239772241406,0.33311036646024855,2.5861464154568266,2.584932984927451,62,-0.0018646344542503357,0.16086143563825164,324,0.16086143563825164,0.005884857382625341,0.8408973790840933,8.19891591749923
-0.0010162044076286042,0.8728940445950953,0.8142666276972232,2.3570226039551585,0.0,0.9892155528068542,0.004816,325,none,2.4972329802208564,0.2985409748585378,0.3237061227857042,2.5793602574409493,2.585239538499875,62,0.001995893893763423,-0.0010162044076286042,325,-0.0010162044076286042,0.0084082568064332,0.8100723079285377,10.15983376941878
0.9605294436025318,0.8587980840885734,0.8674888841312,1.5275252316519468,0.0,0.9039416909217834,0.0048,326,target_removed,2.611420618003419,0.330912890828312,0.3270776235684296,2.5866383633932197,2.5834638790780486,60,-0.0007069985149428248,0.9605294436025318,326,0.9605294436025318,0.10076335817575455,0.885133649783646,5.42883249163411
0.20330002279646212,0.8600588426830772,0.8519955911790026,1.795054935711501,0.0,1.333928108215332,0.004784,327,target_value_changed,2.5712189334914175,0.3236826860663624,0.3251902982534438,2.581680786272805,2.5819632464453743,62,-0.049985647201538086,0.20330002279646212,327,0.20330002279646212,0.010946030728518963,0.8591644996293379,7.1007191719494855
0.16264318087288127,0.863790000011324,0.8964830535426433,1.1547005383792515,0.0,0.9477263689041138,0.004768,328,target_removed,2.6584583544732627,0.30280191542561,0.3214679626344396,2.5867891581059324,2.5827225734322394,60,-0.002713104011490941,0.16264318087288127,328,0.16264318087288127,0.002789342077448964,0.8981853009192957,4.760952285695233
0.21889675464954353,0.8714339141931758,0.8587490856455868,1.699673171197595,0.0,1.0151028633117676,0.004752,329,target_value_changed,2.601536335940055,0.28818064055899967,0.31395433753494445,2.5828874030724234,2.5811157875061013,62,-0.014880122616887093,0.21889675464954353,329,0.21889675464954353,0.010178866796195507,0.8713533361012925,6.435667506847809
0.287912113308666,0.871136998988193,0.8397424694642678,1.9720265943665385,0.0,0.9905588626861572,0.004736,330,target_value_changed,2.589974396400492,0.2862933350508989,0.3172340871498404,2.580806879438434,2.582792336376068,62,-0.0045264046639204025,0.287912113308666,330,0.287912113308666,0.010677864775061607,0.8790949279480317,5.957924194707406
-0.09333795901248124,0.8714324043881506,0.7936049216548493,2.6874192494328497,0.0,1.2020317316055298,0.00472,331,none,2.4549112256160037,0.2642742281150955,0.30789266147851785,2.5819483716533034,2.580409919367404,62,-0.028075015172362328,-0.09333795901248124,331,-0.09333795901248124,0.02690637856721878,0.7898738995730037,11.527744310527055
0.6862373769568965,0.8514157165475323,0.8246973772277706,2.054804667656325,0.0,0.7832971811294556,0.004704,332,target_removed,2.507271087183124,0.28822214385258194,0.3208657070147229,2.5775355136706763,2.5811935644810724,58,-0.006885433103889227,0.6862373769568965,332,0.6862373769568965,0.0802241861820221,0.831157993407821,8.294911425419535
0.16061447509398702,0.8687527797010836,0.8142666276972232,2.357022603955158,0.0,1.0877985954284668,0.0046879999999999995,333,target_value_changed,2.4959415875253397,0.2944754843365488,0.3180750786092708,2.580467896661753,2.5827779900397663,62,-0.016965225338935852,0.16061447509398702,333,0.16061447509398702,0.007522336672991514,0.8129221801270328,10.056370992749464
0.26920880532334834,0.8648853312441217,0.8739253829915122,1.4907119849998596,0.0,1.0705702304840088,0.004672,334,none,2.5974579899518333,0.2845597964576057,0.31507624676658613,2.57705220878281,2.5811791581970804,62,-0.050174035131931305,0.26920880532334834,334,0.26920880532334834,0.0038627609610557556,0.8586472757161994,7.1336448530109
-0.0010162044076286042,0.8728940445950953,0.8142666276972232,2.3570226039551585,0.0,0.9567621350288391,0.0046559999999999995,335,none,2.4972329802208564,0.26099473936684403,0.31481322100383535,2.5675266064264983,2.5825330817630068,62,0.0009714483167044818,-0.0010162044076286042,335,-0.0010162044076286042,0.0261627659201622,0.8100723079285377,10.15983376941878
0.21784861900758343,0.8280135160583831,0.8224134868184749,2.3392781412696997,0.0,0.9726543426513672,0.00464,336,target_added,2.427546159758517,0.259212702316656,0.30333991770556407,2.5611168798692345,2.5780527858064,65,-0.013970082625746727,0.21784861900758343,336,0.21784861900758343,0.008576396852731705,0.777119156881659,12.953978367882028
-0.12497875046939712,0.8597973824067773,0.7235331537351504,4.203173404306164,0.0,0.5330439209938049,0.004624,337,target_added,2.3307255062033385,0.2310809984658852,0.29236114471483854,2.543432964354441,2.5718231142565595,66,-0.0037318170070648193,-0.12497875046939712,337,-0.12497875046939712,0.007258218247443438,0.7473949700614109,15.434449203720302
0.1890801278612295,0.8707713951258942,0.8014240374901033,2.560381915956203,0.0,0.844289243221283,0.004608,338,target_value_changed,2.4705018133685184,0.24261840726419687,0.28960193328932154,2.5398975139062605,2.5703278625665087,62,-0.003234769683331251,0.1890801278612295,338,0.1890801278612295,0.011107735335826874,0.7983063807525207,10.991571723172651
0.10494961577996263,0.8372836480269831,0.8405015108223685,1.8027756377319946,0.0,2.3356854915618896,0.004592,339,target_removed,2.4570803712078306,0.22835199469556292,0.2895923409512312,2.53290011210422,2.568304388910456,57,-0.03642258048057556,0.10494961577996263,339,0.10494961577996263,0.006042501423507929,0.7792952123584792,11.32843031197762
0.20902516187550038,0.8590015538907191,0.7947869038423274,2.581988897471611,0.0,1.1664029359817505,0.004575999999999999,340,target_removed,2.4537186389016483,0.22372987744753875,0.2866466556627242,2.5195962780342556,2.5647730938562088,60,-0.045709654688835144,0.20902516187550038,340,0.20902516187550038,0.007855482399463654,0.7999301811686016,10.462897410479671
0.5248508137733053,0.8313017071942088,0.8338475796726823,1.8929694486000912,0.0,0.9536818265914917,0.00456,341,target_removed,2.5103259649411007,0.2339633796911187,0.29250929282234894,2.5174053442351103,2.564855916786394,57,-0.0115805733948946,0.5248508137733053,341,0.5248508137733053,0.03498927876353264,0.8451766780742097,7.357913351548039
0.23741046662468934,0.8611176406745892,0.8055439138342714,2.494438257849294,0.0,1.375469446182251,0.004543999999999999,342,target_value_changed,2.4963396708941437,0.23537139194929918,0.286805539399219,2.517839506239503,2.562528024630272,62,-0.029438484460115433,0.23741046662468934,342,0.23741046662468934,0.021387454122304916,0.8296781163852833,8.956255814379738
0.21740919227648317,0.8684082111997827,0.8523658961269199,1.7320508075688772,0.0,1.0224679708480835,0.004528,343,target_removed,2.564754054257536,0.22952142435720932,0.28656811862664744,2.5176379644413016,2.562114129203567,60,-0.030239252373576164,0.21740919227648317,343,0.21740919227648317,0.02339162491261959,0.8439799469308332,7.733405172080121
0.06440516933922988,0.8689289049499255,0.8142666276972232,2.3570226039551585,0.0,1.1256637573242188,0.0045119999999999995,344,target_value_changed,2.4982992050039305,0.22469861104225824,0.2731644464422993,2.5145973936781614,2.5578233540399435,62,0.015986397862434387,0.06440516933922988,344,0.06440516933922988,0.012502927333116531,0.8151036723567819,9.829084598979287
0.6991623111421288,0.8695522828227077,0.8832610167816708,1.3437096247164249,0.0,1.1685973405838013,0.004496000000000001,345,target_removed,2.6931204003243785,0.2597075368197461,0.279537982728156,2.5243917646833376,2.5589110684168754,61,-0.024433381855487823,0.6991623111421288,345,0.6991623111421288,0.06640873849391937,0.9403071007200001,2.68741924943285
-0.12308380670049826,0.8658390027457247,0.8025278046066757,2.6246692913372702,0.0,0.5734254717826843,0.0044800000000000005,346,target_added,2.511465153622037,0.2055268743045946,0.2611786110419598,2.519393991464269,2.5545983744654244,64,-0.0018057040870189667,-0.12308380670049826,346,-0.12308380670049826,0.011421090923249722,0.8430983462696371,8.281505499203229
0.497070662380531,0.8660919565861196,0.8826098788197589,1.3743685418725535,0.0,1.2630594968795776,0.004464,347,target_value_changed,2.6541514934806854,0.22021540628379807,0.2676301146557892,2.523540619463732,2.5568757383483613,62,-0.0403502956032753,0.497070662380531,347,0.497070662380531,0.02371349185705185,0.9054496580748068,4.536975342616553
0.2912064417122089,0.8664239832238257,0.8587490856455868,1.6996731711975948,0.0,1.0876438617706299,0.0044480000000000006,348,target_value_changed,2.6234075466548297,0.22664356932576446,0.2721817584041514,2.5217880790728104,2.557236925735277,62,-0.0039829411543905735,0.2912064417122089,348,0.2912064417122089,0.003524285973981023,0.8982344777854169,4.932756791702444
-0.058365960943015924,0.8675347184065251,0.7827823187392091,2.8674417556808756,0.0,1.105828881263733,0.004432,349,target_value_changed,2.43029273586534,0.21278043354613643,0.270829216872827,2.5132258990690737,2.5556996324778534,62,-0.010369740426540375,-0.058365960943015924,349,-0.058365960943015924,0.03126399964094162,0.7799756987196056,12.229529321710991
0.3547452522707173,0.8516728438715293,0.8826098788197589,1.3743685418725535,0.0,1.4470967054367065,0.004416000000000001,350,none,2.6029944368992024,0.216122090494239,0.2682760400282624,2.51387690109401,2.5553464556332885,62,-0.027302728965878487,0.3547452522707173,350,0.3547452522707173,0.020171193405985832,0.8687117142079142,6.548960901462833
0.12674424518665842,0.8663939489207663,0.8456129112051152,1.8257418583505538,0.0,1.0076552629470825,0.0044,351,target_removed,2.554439697100974,0.227126200704196,0.2639197311673386,2.5188533246682585,2.554379072118081,60,-0.018082132562994957,0.12674424518665842,351,0.12674424518665842,0.001972836907953024,0.842432836975093,7.762087348130012
0.33757301171338183,0.848315700725931,0.8069253995023503,2.6718699236468995,0.0,0.8126482963562012,0.004384000000000001,352,target_added,2.46743174553379,0.20969298244202025,0.2627025405639877,2.5168613575857917,2.550953473761798,67,-0.0005945180309936404,0.33757301171338183,352,0.33757301171338183,0.012956368736922741,0.8121906453055089,10.482790129010926
0.6377117685354171,0.8702710899963241,0.8660226255621596,1.5986105077709063,0.0,1.2108821868896484,0.004368,353,target_value_changed,2.635024553882374,0.23354784711409177,0.27086350337929216,2.5238155059036433,2.5512186801554106,62,-0.01083475723862648,0.6377117685354171,353,0.6377117685354171,0.03209075331687927,0.8987308383238908,4.941116072056616
0.12072053443599298,0.8392522955604894,0.8256433317969529,2.217355782608345,0.0,1.0387403964996338,0.004352000000000001,354,target_added,2.502579904438416,0.22612343356972398,0.27552609270053935,2.519071601627972,2.553795677010036,63,-0.005653598811477423,0.12072053443599298,354,0.12072053443599298,0.021682867780327797,0.8376842770809735,8.493461537493937
-0.07830805517756169,0.8715626366065572,0.8014240374901033,2.5603819159562025,0.0,1.116064190864563,0.0043360000000000004,355,none,2.4699411294509233,0.22225884103122734,0.2654196865395902,2.5177070090894755,2.550535376788286,62,0.0013988092541694641,-0.07830805517756169,355,-0.07830805517756169,0.026066703721880913,0.7969544553542625,11.04033010778613
0.3334465383891369,0.8520689119222535,0.8517324172956866,1.9148542155126762,0.0,1.3064687252044678,0.00432,356,target_added,2.561574707182208,0.22803873700030503,0.26582679482323196,2.52440843646066,2.5524497009527702,66,-0.023349277675151825,0.3334465383891369,356,0.3334465383891369,0.02136884815990925,0.857773377964268,7.544313531837517
0.3526377187933148,0.841260532286813,0.8742390703537544,1.4624940645653537,0.0,1.850345253944397,0.0043040000000000005,357,mixed,2.6080853338874,0.25191956046344066,0.2659214668383892,2.5382764278448633,2.551203998112524,61,-0.03891656547784805,0.3526377187933148,357,0.3526377187933148,0.022217312827706337,0.8925857312468327,5.2278387440866325
0.3199074348024038,0.8757253808430817,0.8923005501689628,1.247219128924647,0.0,1.270676612854004,0.004288,358,target_value_changed,2.6590746214939225,0.25846092581049934,0.2607144436606787,2.5477050682511333,2.553259672186188,62,-0.015074506402015686,0.3199074348024038,358,0.3199074348024038,0.00795590691268444,0.8910486904818782,5.316398381446651
0.2679463811668085,0.8752538666155575,0.8587490856455868,1.699673171197595,0.0,1.2020511627197266,0.004272000000000001,359,target_value_changed,2.621210345443169,0.26661076407984163,0.2558469262443798,2.5559115669629007,2.5520924503628466,62,-0.00942810345441103,0.2679463811668085,359,0.2679463811668085,0.00897780992090702,0.8872073931820248,5.547529811998333
0.49765709414515313,0.8413047762473659,0.816300649320132,2.362907813126304,0.0,1.3824630975723267,0.004256,360,target_added,2.51483751582614,0.2810423606933242,0.2592869036578692,2.5589675108091248,2.5497575032977644,63,-0.010136344470083714,0.49765709414515313,360,0.49765709414515313,0.024022864177823067,0.857232090258642,7.272474743090476
0.3739912732200367,0.8692126093286072,0.8660226255621596,1.5986105077709065,0.0,1.3043774366378784,0.004240000000000001,361,target_value_changed,2.6726147859195466,0.27349938366566084,0.2598258455281983,2.5670819518580474,2.554568171389783,62,-0.040570762008428574,0.3739912732200367,361,0.3739912732200367,0.012982343323528767,0.9373795510287797,2.9161541770867294
0.36018740992654846,0.8271007519291222,0.8552952809326367,1.6072751268321592,0.0,1.4812965393066406,0.004224,362,target_removed,2.534119381037396,0.2796382308307538,0.2628840124825859,2.56897093736521,2.5533399940738177,57,-0.02740025520324707,0.36018740992654846,362,0.36018740992654846,0.018099159002304077,0.8517233481756371,6.847546194724712
0.9270200258869045,0.8514956914553857,0.8397424694642678,1.9720265943665387,0.0,1.5069838762283325,0.004208,363,mixed,2.603002869249335,0.31511877251127485,0.280713459692031,2.5708833781148,2.5566541729047283,62,-0.010234569199383259,0.9270200258869045,363,0.9270200258869045,0.04854244366288185,0.9117647083296817,4.176685230506612
0.22779046535858322,0.8564478833904557,0.8084092340595505,2.4094720491334933,0.0,0.7037754654884338,0.004192,364,target_removed,2.4870498645580943,0.32328803731224254,0.2759188177411584,2.5703209110925083,2.553079735245276,61,-0.008829680271446705,0.22779046535858322,364,0.22779046535858322,0.030114108696579933,0.8221927471080881,9.26312882106017
0.7337713037815313,0.8544154582887434,0.9163601611758586,0.8975274678557508,0.0,1.0711169242858887,0.004176,365,target_removed,2.671510818629667,0.32501848694421265,0.2811885450686369,2.5692404320077733,2.552755051070928,59,-0.014385906048119068,0.7337713037815313,365,0.7337713037815313,0.03716021776199341,0.9007351991650651,4.573474244670748
0.19466363292234798,0.8587751509912896,0.8580939924497937,1.5986105077709065,0.0,1.2130885124206543,0.0041600000000000005,366,target_removed,2.5614095252514297,0.34090585892535497,0.28001203052685697,2.5717376505892426,2.5528684277578804,58,-0.012531707994639874,0.19466363292234798,366,0.19466363292234798,0.01879696361720562,0.8445403818103463,7.608474807008885
0.463865510359206,0.8745309360921717,0.8923005501689628,1.247219128924647,0.0,0.8927029371261597,0.004144,367,none,2.672114694987691,0.3392456013242887,0.28053623420312074,2.572635810664593,2.5526226453276504,62,2.013312405324541e-05,0.463865510359206,367,0.463865510359206,0.015153597109019756,0.9052832087265565,4.533823502911814
0.05523138741310422,0.8689370353132989,0.8519955911790026,1.7950549357115013,0.0,0.9530873894691467,0.004128000000000001,368,target_value_changed,2.567924059070176,0.3274468486093335,0.28247422291348284,2.56986163628536,2.553156910062411,62,-0.014517764560878277,0.05523138741310422,368,0.05523138741310422,0.005727511364966631,0.8469914325778742,7.8607780037008705
0.16997149046930282,0.8619720763119914,0.8523658961269199,1.7320508075688772,0.0,0.9907901883125305,0.004112,369,target_removed,2.557899811690178,0.3388637211799494,0.2780680953798161,2.576241990076602,2.552374338151242,60,-0.015570934861898422,0.16997149046930282,369,0.16997149046930282,0.007524586748331785,0.8435618392512669,7.788880963698615
0.22599368650413185,0.8736487939579509,0.8660226255621596,1.5986105077709065,0.0,0.8083736300468445,0.004096,370,target_value_changed,2.6056767146330655,0.3324261428916201,0.27655861897317907,2.5763761039632946,2.5500919660378845,62,-0.006618030834943056,0.22599368650413185,370,0.22599368650413185,0.010180799290537834,0.866005295112955,6.707000389840211
0.275099426877104,0.8493468598044952,0.785206334369366,2.8722813232690143,0.0,0.9738405346870422,0.00408,371,target_added,2.470061672000964,0.33984390197614245,0.275656992132687,2.5721572027082944,2.5484103066594237,63,-0.009290037676692009,0.275099426877104,371,0.275099426877104,0.007310918997973204,0.8355084778271028,8.629728977333079
0.4046817253496449,0.8665839716609834,0.8660226255621596,1.5986105077709065,0.0,0.884419858455658,0.004064,372,none,2.64293090997813,0.34319933765795557,0.27956562221045833,2.5809321609305114,2.5515157962428607,62,-0.014207192696630955,0.4046817253496449,372,0.4046817253496449,0.013143082149326801,0.9103243127549868,4.268749491621899
0.13698653950578973,0.8473363394194359,0.8964830535426433,1.1547005383792515,0.0,0.8236463665962219,0.004048,373,target_removed,2.5929710831118657,0.3181630762064742,0.2756171821182085,2.578829487391986,2.5519995201006664,60,-0.012190806679427624,0.13698653950578973,373,0.13698653950578973,0.008036297746002674,0.8491516901497865,7.520342781785652
0.19365269275898575,0.8346600860953957,0.8830386707987365,1.2583057392117916,0.0,1.3610073328018188,0.004032,374,target_removed,2.5654333872735515,0.3218096841226238,0.2762730072606232,2.5819721615337423,2.5521259754408034,57,-0.06749583035707474,0.19365269275898575,374,0.19365269275898575,0.003113464219495654,0.8477346303794192,7.274384280931732
0.4514215763457167,0.8554739033540635,0.8660226255621596,1.5986105077709065,0.0,0.9650589823722839,0.0040160000000000005,375,target_value_changed,2.5757198650461723,0.34829616569878774,0.2853217628756901,2.5872610983135056,2.553695713137309,62,-0.01076493039727211,0.4514215763457167,375,0.4514215763457167,0.02161390148103237,0.8542233361299493,7.415393455787029
0.2716690807906718,0.8681745570172058,0.8826098788197589,1.3743685418725535,0.0,0.9736945033073425,0.004,376,target_value_changed,2.6280016023753987,0.3452072928188645,0.2715445556194529,2.5905824430731643,2.554027332824749,62,0.0011042687110602856,0.2716690807906718,376,0.2716690807906718,0.013656026683747768,0.877217166538434,6.129502185487276
0.2632773769422125,0.859037878775675,0.8923005501689628,1.247219128924647,0.0,0.9986109733581543,0.003984,377,target_value_changed,2.6134111313472213,0.3407392757263094,0.27274410270236793,2.5908487329461556,2.5548711767818646,62,-0.009802176617085934,0.2632773769422125,377,0.2632773769422125,0.018959682434797287,0.8620727024025838,6.943548427804007
0.6005075008711949,0.8700488402932262,0.8587490856455868,1.6996731711975948,0.0,0.9425582885742188,0.003968,378,target_value_changed,2.633200960365036,0.354769279029749,0.2815013891023342,2.5895550498897117,2.5543660288997,62,-0.004245237447321415,0.6005075008711949,378,0.6005075008711949,0.03156110271811485,0.9044030344262229,4.622248723195803
0.40424048646423283,0.8597572994756818,0.8519955911790026,1.795054935711501,0.0,0.9007663130760193,0.003952,379,target_value_changed,2.559072965598812,0.3615839842946202,0.28520826373862795,2.5864481808974937,2.553516761492875,62,-0.025118883699178696,0.40424048646423283,379,0.40424048646423283,0.016150521114468575,0.8473200749441275,7.802219058873059
0.5872128177711308,0.849889915857491,0.8024503740440013,2.70801280154532,0.0,1.21535325050354,0.003936,380,target_added,2.5318708812626243,0.3660617704759191,0.29119427782787727,2.5872998491693178,2.5523546911901174,66,-0.038728028535842896,0.5872128177711308,380,0.5872128177711308,0.04024490341544151,0.8795305913611321,6.209312003399052
0.32465500261039154,0.8722902617786957,0.8660226255621596,1.5986105077709065,0.0,0.8663957715034485,0.00392,381,none,2.6429041872388765,0.36359495694543675,0.29955413706033474,2.585814319235285,2.556114550422575,62,-0.02610507234930992,0.32465500261039154,381,0.32465500261039154,0.026565587148070335,0.904591299898021,4.570436400267363
0.7219695786101361,0.8611104277984589,0.9020975784858901,1.0671873729054748,0.0,1.2045408487319946,0.0039040000000000004,382,target_removed,2.7064382658653905,0.3816840653796162,0.3002687810933995,2.594430263476684,2.5600978939962205,59,-0.005190832074731588,0.7219695786101361,382,0.7219695786101361,0.040110841393470764,0.9432302595810411,2.4776781245530843
0.23706630101152526,0.8595950822324383,0.8552952809326367,1.6072751268321592,0.0,0.8728169798851013,0.003888,383,target_removed,2.554710353946475,0.34718637913584727,0.3017978176117503,2.5920156377115413,2.5612732693246425,57,-0.0032378036994487047,0.23706630101152526,383,0.23706630101152526,0.021366408094763756,0.8398199907813997,7.470311610338323
0.31904145665587086,0.8480639333965667,0.8728057986835439,1.3844373104863459,0.0,1.5178552865982056,0.0038719999999999996,384,target_removed,2.6295562045848144,0.35174892870071167,0.30279447063840076,2.599140954712877,2.5619152336173023,57,-0.037177495658397675,0.31904145665587086,384,0.31904145665587086,0.012224152684211731,0.9086864725047036,3.986086914367133
0.3921216112924866,0.8722590077297409,0.8237396543053056,2.2110831935702664,0.0,0.9566017389297485,0.003856,385,target_value_changed,2.582664565594433,0.3346664440762594,0.31065722695240305,2.5946986420611156,2.563623865324774,62,-0.01118494663387537,0.3921216112924866,385,0.3921216112924866,0.0121007664129138,0.8866659035593866,5.569272871934148
0.5862023216574443,0.8679727469542541,0.8660226255621596,1.5986105077709065,0.0,0.9208108186721802,0.0038399999999999997,386,target_value_changed,2.6459885807831514,0.35424337851301424,0.3180243010054003,2.5989275948377015,2.567992713745266,62,-0.005328984931111336,0.5862023216574443,386,0.5862023216574443,0.021541286259889603,0.9119932082667375,4.243245669281875
0.07077538521930349,0.8408521631467225,0.8517324172956866,1.9148542155126762,0.0,0.9975114464759827,0.003824,387,target_added,2.52049679848803,0.33458887225601913,0.32193938371917424,2.5913467000127186,2.57178813959096,66,-0.01956932619214058,0.07077538521930349,387,0.07077538521930349,0.031074805185198784,0.827912218045621,9.388231403671773
0.3584682396728559,0.8417260541026067,0.8408714914789075,2.0816659994661326,0.0,0.9178485870361328,0.0038079999999999998,388,target_added,2.539856209391787,0.34975071486900666,0.3253271459554068,2.5899433075287996,2.5731752275114252,66,-0.038940589874982834,0.3584682396728559,388,0.3584682396728559,0.009164540097117424,0.8572586638102727,7.659416862050705
0.4714145479328777,0.8396783839536766,0.8660226255621596,1.5986105077709065,0.0,1.132237434387207,0.0037920000000000002,389,target_value_changed,2.6170583149141255,0.3648228677421854,0.33265644459846505,2.592901232689997,2.5763747863855513,62,-0.014553613029420376,0.4714145479328777,389,0.4714145479328777,0.014668917283415794,0.9113573053982894,4.223178811564857
0.08621340676216019,0.8536124562608605,0.84077294472964,2.1147629234082537,0.0,1.1209626197814941,0.003776,390,target_added,2.579748959806624,0.3578338537550868,0.33020020949619827,2.5916048449486744,2.578895392803651,67,-0.03195641562342644,0.08621340676216019,390,0.08621340676216019,0.0005641129682771862,0.8853635588161237,6.020797289396148
0.5770820395055716,0.8456637734693531,0.8728057986835439,1.3844373104863459,0.0,1.4976589679718018,0.0037599999999999995,391,target_removed,2.553091507391241,0.37293298438651024,0.3312448340108437,2.595756336718188,2.5797507036526537,57,-0.009336864575743675,0.5770820395055716,391,0.5770820395055716,0.02669127844274044,0.834621935238344,8.12403840463596
0.044272096452435857,0.8414243151205061,0.7637036197406346,3.197221015541813,0.0,2.604688882827759,0.003744,392,mixed,2.422598877877996,0.3549125029416497,0.32738206660739855,2.584739735113182,2.5782758877923313,62,-0.09168649464845657,0.044272096452435857,392,0.044272096452435857,0.016001908108592033,0.8174709430168553,9.750066465302952
0.5053509965315813,0.8500635889469591,0.834131274006459,2.054804667656325,0.0,0.7658488154411316,0.0037279999999999995,393,target_value_changed,2.5565179246002177,0.37333072579293936,0.3331409026925006,2.582917077187599,2.578111165199185,62,-0.01246967539191246,0.5053509965315813,393,0.5053509965315813,0.019336223602294922,0.8723230616467993,6.3590004577927255
0.4833203713020553,0.8747490570301996,0.8826098788197589,1.3743685418725535,0.0,0.7903040051460266,0.003712,394,none,2.7015695559305404,0.3878141097200928,0.3415192067317571,2.5897238856204483,2.582176572217717,62,-0.0008113258518278599,0.4833203713020553,394,0.4833203713020553,0.01198242325335741,0.9442106200805819,2.560381915956203
-0.13109299125598906,0.851560757513981,0.7628273412144349,3.1091263510296048,0.0,2.2848448753356934,0.0036959999999999996,395,mixed,2.3904460456082024,0.3586883813400075,0.32491410068379467,2.5804601946485493,2.5761230851233936,60,-0.12049475312232971,-0.13109299125598906,395,-0.13109299125598906,0.042266614735126495,0.7760579468797864,11.854974267848368
1.1004204612975481,0.8497854923576892,0.8461538461538461,2.0,0.0,0.9570015072822571,0.00368,396,target_added,2.6176902756258027,0.40012595036535137,0.34938418604375565,2.5799446283110696,2.5782475875634687,66,-0.008955840021371841,1.1004204612975481,396,1.1004204612975481,0.09681788831949234,0.9217509371142674,3.8908725099762504
0.318855001664899,0.8487491402537467,0.8519955911790026,1.7950549357115013,0.0,1.0782067775726318,0.0036639999999999997,397,target_value_changed,2.5621284615285314,0.40290483160148566,0.34581987282944304,2.5773804948201353,2.576407126924426,62,0.004213428590446711,0.318855001664899,397,0.318855001664899,0.01694650761783123,0.8613837300957821,6.966975433583938
0.38612901312324016,0.8455998937044441,0.8625564885421151,1.6996731711975948,0.0,0.6971691846847534,0.0036479999999999993,398,target_added,2.5489293269761992,0.39218590721408786,0.34771832425766364,2.5731669131506933,2.5749175625308527,64,-0.009104669094085693,0.38612901312324016,398,0.38612901312324016,0.0215041134506464,0.84077294472964,8.459051693633013
0.32662003195610534,0.8441444455720284,0.8860810992764366,1.4142135623730951,0.0,1.1916346549987793,0.003632,399,target_added,2.600634141804173,0.38830488448868145,0.35541804411564604,2.5752449719609616,2.5783243906496294,66,-0.006361635867506266,0.32662003195610534,399,0.32662003195610534,0.00802600011229515,0.8704085969557085,6.7494855771055295
0.2445340968350381,0.8690543782073427,0.9346867759764542,0.7453559924999299,0.0,0.8376257419586182,0.0036159999999999994,400,mixed,2.715623831077412,0.37117094844187687,0.3532138210069325,2.584432619451701,2.580576978533194,64,-0.0021598772145807743,0.2445340968350381,400,0.2445340968350381,0.0029747067019343376,0.9118826768936154,4.2581286267318035
0.32670940489154193,0.8728992501763609,0.8519955911790026,1.795054935711501,0.0,0.7592992782592773,0.0036,401,target_value_changed,2.6107840428600855,0.37127366855593436,0.3572131242010302,2.5828266122327608,2.5817038654483757,62,-0.014869294129312038,0.32670940489154193,401,0.32670940489154193,0.01276975404471159,0.8858892015047221,5.599110120535001
0.3984446621107179,0.8466247938077515,0.8949641988595486,1.2909944487358056,0.0,0.9011325240135193,0.0035839999999999995,402,target_added,2.6089341309817606,0.35509742273096345,0.3584305572089769,2.5779514054885793,2.584533913157336,66,0.002606455236673355,0.3984446621107179,402,0.3984446621107179,0.008674755692481995,0.8673451383144606,7.009913614937696
0.26563701002514817,0.8517188556918526,0.8858596027609085,1.3743685418725535,0.0,0.9179450869560242,0.003568,403,target_added,2.5614176721354163,0.35652595818164456,0.3509890620387715,2.5782867713980266,2.583061775522397,64,-0.00436555128544569,0.26563701002514817,403,0.26563701002514817,0.005454517900943756,0.8238392136826553,9.551032521262936
0.49222998071802704,0.8484042212333555,0.8663922744275422,1.4907119849998596,0.0,1.0455806255340576,0.0035519999999999996,404,target_removed,2.590241599377982,0.3651853843847524,0.3584192509644121,2.576321041137686,2.584815009421188,58,-0.01902901567518711,0.49222998071802704,404,0.49222998071802704,0.028196539729833603,0.8754451037170845,5.619905100029122
0.7267582557241644,0.875837497735123,0.8923005501689628,1.247219128924647,0.0,0.7490949034690857,0.003536,405,target_value_changed,2.696141096707997,0.3819172166063363,0.3745205771824466,2.5819948676933633,2.5893390087663293,62,-0.002900749444961548,0.7267582557241644,405,0.7267582557241644,0.024639137089252472,0.9280030488039112,3.3915837321312003
0.12822749388852228,0.8606155538350033,0.8857218086862826,1.247219128924647,0.0,1.1390596628189087,0.0035199999999999997,406,target_removed,2.608161683585357,0.3590184752178902,0.37041619629243433,2.5801035228334737,2.5902707482943925,58,-0.013653820380568504,0.12822749388852228,406,0.12822749388852228,0.02304145134985447,0.8618243210640715,6.439893028787219
0.34322111465951416,0.8729587238954456,0.8519955911790026,1.795054935711501,0.0,0.7449268102645874,0.0035039999999999993,407,target_value_changed,2.6281930564379055,0.3726407616899008,0.3702278642097584,2.5854883357309677,2.590672902745402,62,-0.001550436019897461,0.34322111465951416,407,0.34322111465951416,0.0118629215285182,0.9032387413634572,4.664943211942403
0.2830615238585299,0.8443779438688339,0.9677037122006052,0.3726779962499649,0.0,0.9843136072158813,0.0034880000000000006,408,target_added,2.7073616884933602,0.3688704258991845,0.36949094599088084,2.5938636096860463,2.591638644085391,67,2.007037437579129e-05,0.2830615238585299,408,0.2830615238585299,0.006520391441881657,0.8952800324239211,5.439056290693573
0.11415132726108199,0.866953594576082,0.8172560023684432,2.23606797749979,0.0,0.6650019288063049,0.0034720000000000003,409,target_removed,2.4954024116781217,0.35100726486559475,0.36641504491276633,2.587780814524246,2.5891224854100905,60,-0.00441858172416687,0.11415132726108199,409,0.11415132726108199,0.004502377472817898,0.8111928147335966,9.736814445985686
1.1568953608867227,0.8570213594792708,0.8596239902203303,1.632993161855452,0.0,0.971461296081543,0.0034560000000000007,410,target_removed,2.613790043305353,0.4045413625718228,0.3795998102475977,2.589482868699183,2.5911015359596745,60,-0.007105239666998386,1.1568953608867227,410,1.1568953608867227,0.082942433655262,0.8971446936057517,4.853406592853679
0.2348772779312343,0.871167184209421,0.8674888841312,1.5275252316519468,0.0,0.7988345623016357,0.0034400000000000003,411,target_removed,2.6120016499112957,0.387431124493106,0.37681753034182164,2.592428375825185,2.5898892732395105,60,-0.012921554036438465,0.2348772779312343,411,0.2348772779312343,0.018321871757507324,0.8733455815706749,6.066758241067098
0.4147785178645108,0.8455077085449744,0.8512833423671381,1.950783318453271,0.0,0.7682069540023804,0.003424000000000001,412,target_added,2.559198431744349,0.4059564455637097,0.377909352500581,2.599258353518503,2.5903908542536493,67,-0.006347975227981806,0.4147785178645108,412,0.4147785178645108,0.03926858678460121,0.8624073808322366,7.312470322826769
0.6346659022609772,0.869505619116117,0.8456808592742049,1.8856180831641265,0.0,0.7507956027984619,0.0034080000000000004,413,target_value_changed,2.629236200740928,0.4124221908501795,0.37206227002806247,2.602894267325538,2.590915520883481,62,-0.020021867007017136,0.6346659022609772,413,0.6346659022609772,0.03376876562833786,0.914049722350606,4.109332112161483
0.6270072238003686,0.8660290707823527,0.8660592375948643,1.5723301886761005,0.0,0.747103750705719,0.003392,414,mixed,2.6170471672521463,0.41960653347509513,0.3800466051968981,2.598668147891619,2.5935154669373617,61,-0.007479488849639893,0.6270072238003686,414,0.6270072238003686,0.03184516355395317,0.8849588588749293,5.524160223459137
0.38360177953223895,0.8750716837529793,0.8923005501689628,1.247219128924647,0.0,0.808620810508728,0.0033760000000000005,415,target_value_changed,2.661886847052682,0.4453412720145066,0.3730432147119122,2.612240187963843,2.5933229875058226,62,-0.011060369201004505,0.38360177953223895,415,0.38360177953223895,0.027934815734624863,0.8945146131307398,5.121706424303255
0.08035401684592082,0.8654550660056115,0.8594456522792432,1.7716909687891083,0.0,1.0730289220809937,0.00336,416,target_added,2.593269274235272,0.39433794979192516,0.3707570223903837,2.611019137894316,2.593960182485499,65,0.0015378686366602778,0.08035401684592082,416,0.08035401684592082,0.005467838607728481,0.8683685559504173,6.871842709362768
0.6650403526397982,0.8484304402920291,0.8780664813356343,1.5275252316519468,0.0,1.0121958255767822,0.0033440000000000006,417,target_added,2.690209966044053,0.4116472173406701,0.3747805192359956,2.6174232131200923,2.5943220879066264,66,-0.03375669941306114,0.6650403526397982,417,0.6650403526397982,0.046744368970394135,0.9637130444163897,1.7320508075688772
1.0451302544834804,0.8502299682275453,0.9164361161758395,0.9574271077563381,0.0,1.1868129968643188,0.0033280000000000002,418,mixed,2.7152131003337976,0.44459727940868216,0.3945784965774031,2.6257374017879727,2.5972678687318984,63,-0.018793413415551186,1.0451302544834804,418,1.0451302544834804,0.05433964729309082,0.9485470159304129,2.383720176330891
0.4785502439313176,0.8744534742447322,0.8923005501689628,1.247219128924647,0.0,0.7529307007789612,0.0033120000000000007,419,target_value_changed,2.6961412875879045,0.45219379000744275,0.40075007164664334,2.630512759077159,2.6000326982498536,62,0.0024649756960570812,0.4785502439313176,419,0.4785502439313176,0.024640141054987907,0.9293872631742094,3.303620657943279
0.33056978563826345,0.8757253808430817,0.8923005501689628,1.247219128924647,0.0,0.7665197253227234,0.0032960000000000003,420,none,2.6588189702667484,0.45649557444760414,0.402841593629326,2.6276725160366263,2.6010955433625265,62,-0.01964884251356125,0.33056978563826345,420,0.33056978563826345,0.03421669453382492,0.8907930392547039,5.312459150169743
0.8408390721485601,0.8550064840807385,0.8235609547463322,2.2852182001336816,0.0,0.8509407043457031,0.00328,421,target_added,2.571910430125394,0.482202057810455,0.41415638653475517,2.625728835399891,2.6031325185250154,64,-0.018492253497242928,0.8408390721485601,421,0.8408390721485601,0.03874365985393524,0.8933429912983232,5.273097339852125
0.40527386744163924,0.8719839792109768,0.8923005501689628,1.247219128924647,0.0,0.8521068096160889,0.0032640000000000004,422,none,2.693523052070124,0.482543518077001,0.4141682293765951,2.6299582814543094,2.6041443613668553,62,-0.014760345220565796,0.40527386744163924,422,0.40527386744163924,0.012139827013015747,0.9292385226901847,3.299831645537222
0.37270023198985186,0.873743318722157,0.8923005501689628,1.247219128924647,0.0,0.8969545960426331,0.003248,423,mixed,2.652922476305742,0.4878966791752363,0.41888250322627635,2.6345335216628256,2.605343389230733,62,-0.014155526645481586,0.37270023198985186,423,0.37270023198985186,0.018050890415906906,0.8868786074146223,5.4808494543715245
0.250307122652699,0.84600225591189,0.8923005501689628,1.247219128924647,0.0,1.0696650743484497,0.0032320000000000005,424,mixed,2.5746962066814745,0.47580053627196994,0.42001559182415066,2.6337562520280002,2.6055286456188913,62,-0.001647150027565658,0.250307122652699,424,0.250307122652699,0.00409012520685792,0.8363934006006217,8.40484940939273
0.2807639876416125,0.8735041183440418,0.8660226255621596,1.5986105077709065,0.0,0.77962726354599,0.003216,425,target_value_changed,2.619666275386377,0.4535008228678423,0.4166024400500686,2.629932510961919,2.6064075738256953,62,-0.004625052213668823,0.2807639876416125,425,0.2807639876416125,0.01589101552963257,0.8801395314801755,5.9206185065839465
0.4611560741733747,0.8417647326222544,0.899279208340548,1.2133516482134197,0.0,1.2001044750213623,0.0032000000000000006,426,target_added,2.5811684615298627,0.47014725188208484,0.4203921799177226,2.6285828498591446,2.6054709110087844,65,-0.0008232966065406799,0.4611560741733747,426,0.4611560741733747,0.02304174192249775,0.8401245205670603,8.563488385776752
0.4267158676857069,0.8566561468824301,0.8392884897391686,1.9148542155126762,0.0,0.9258226156234741,0.003184,427,target_removed,2.5313610731298883,0.47432198953339444,0.4236609497325925,2.623741250693744,2.6038299098444377,60,-0.0044706352055072784,0.4267158676857069,427,0.4267158676857069,0.0181207787245512,0.8354164365082895,8.339997335464536
0.06470446849849976,0.8457575578711652,0.8191367463930593,2.134374745810949,0.0,1.5456944704055786,0.003168,428,target_removed,2.4630357783007932,0.46340413676539294,0.41294488908513854,2.6115249551841155,2.600426606203153,58,-0.06780319660902023,0.06470446849849976,428,0.06470446849849976,0.01227248553186655,0.7981414740365684,10.242883708539635
-0.0060965668736115,0.8571988501938979,0.9033522436831395,1.1055415967851334,0.0,1.1075127124786377,0.0031520000000000003,429,mixed,2.6512701592056294,0.4573917420586581,0.40473814801838165,2.619318342560491,2.602270550075289,62,-0.08723780512809753,-0.0060965668736115,429,-0.0060965668736115,0.001162816770374775,0.8907190653285922,5.378661985142749
0.5079154240344874,0.8633175961412455,0.8660226255621596,1.5986105077709065,0.0,0.813973605632782,0.003136,430,target_value_changed,2.617382086944822,0.4249427452160465,0.40315220014364883,2.6194979447424642,2.603980774188933,62,0.0015112378168851137,0.5079154240344874,430,0.5079154240344874,0.027203170582652092,0.8880418652414168,5.4892612904931175
0.06300663072168551,0.8525741996859977,0.822351723831893,2.160246899469287,0.0,1.2189329862594604,0.0031200000000000004,431,target_removed,2.4707870034888173,0.41634921285556914,0.3979192327058746,2.61243721242134,2.600538430513932,60,-0.048409122973680496,0.06300663072168551,431,0.06300663072168551,0.004152925219386816,0.7958610799709266,10.730279068546581
0.5241050364317207,0.8699161894198605,0.8826098788197589,1.3743685418725535,0.0,0.762224018573761,0.003104,432,target_value_changed,2.6654915110284954,0.4218155387839295,0.3939619418623063,2.6177518663855475,2.5997194954171943,62,-0.01014809962362051,0.5241050364317207,432,0.5241050364317207,0.013700168579816818,0.9129654427888758,4.1449463676815315
0.2498651163550627,0.8634282208760796,0.855954498665021,1.7950549357115013,0.0,0.8119435906410217,0.0030880000000000005,433,target_added,2.5873981564061266,0.40257549948863386,0.3942179181691771,2.615659964168807,2.6003732514663875,64,-0.0064818463288247585,0.2498651163550627,433,0.2498651163550627,0.009796137921512127,0.8680154368650259,6.817053778739187
0.39511933918438624,0.8574797544448847,0.8923005501689628,1.247219128924647,0.0,0.7839577794075012,0.003072,434,mixed,2.6654292108361926,0.39098110525783475,0.39573947581974733,2.6180790663480096,2.601090711591415,62,0.0008619576692581177,0.39511933918438624,434,0.39511933918438624,0.007017308380454779,0.915648906222345,3.9198957270892936
0.33336219986045185,0.8735041183440418,0.8660226255621596,1.5986105077709065,0.0,0.6630501747131348,0.0030559999999999997,435,none,2.621611384488937,0.38846912627424535,0.3945642875911066,2.616065293219822,2.6018696479693046,62,-0.007845863699913025,0.33336219986045185,435,0.33336219986045185,0.01907886192202568,0.8820846405827353,5.792715732327589
0.40506229542836525,0.8784278046213744,0.8923005501689628,1.247219128924647,0.0,0.7396605014801025,0.00304,436,none,2.6933114800568503,0.40470454020336755,0.3909414870665251,2.621067403510901,2.6028161059547785,62,0.0014910325407981873,0.40506229542836525,436,0.40506229542836525,0.013335572555661201,0.9225831252665132,3.636237371545238
0.6339158301106153,0.8627403745634665,0.7921219100109815,2.886751345948129,0.0,0.6676822900772095,0.0030239999999999998,437,target_added,2.515169992231432,0.40314831407690843,0.40220429596435137,2.6123154048202704,2.6027095698296465,66,-0.04521935433149338,0.6339158301106153,437,0.6339158301106153,0.03110582008957863,0.8603077076569839,7.388053419767167
0.07707224350537156,0.862017560939041,0.7676220993876383,3.0776975521032313,0.0,1.046201229095459,0.0030080000000000003,438,target_removed,2.402634213553795,0.35474541352800304,0.39657637604100165,2.59668646048127,2.5999651299128868,61,-0.02975093200802803,0.07707224350537156,438,0.07707224350537156,0.008490790612995625,0.772994553227116,12.432037465981011
0.9419760898479289,0.8430040255461074,0.8312503429169901,2.266911751455907,0.0,1.02530038356781,0.002992,439,target_added,2.5842199822242207,0.3779167058238336,0.40598760687930274,2.5910903952130857,2.5993083632590883,67,-0.030899111181497574,0.9419760898479289,439,0.9419760898479289,0.051562368869781494,0.9099656137611231,4.633812924819281
0.48522356370907715,0.8755277431571562,0.8923005501689628,1.247219128924647,0.0,0.8626822233200073,0.0029760000000000003,440,target_value_changed,2.659022566637196,0.3856493947273743,0.4139678100182411,2.5911005750316085,2.6008938353957007,62,-0.01783495768904686,0.48522356370907715,440,0.48522356370907715,0.022519472986459732,0.891194273311077,5.283195213637737
0.4792517344060172,0.8737723097246954,0.8397424694642678,1.9720265943665385,0.0,0.8316639065742493,0.00296,441,target_value_changed,2.588151609422365,0.3675700278402471,0.4120112039162499,2.591912633996457,2.601595037436322,62,0.005768339615315199,0.4792517344060172,441,0.4792517344060172,0.0315566211938858,0.8746368302334016,6.286596656831352
0.6854122188784071,0.8400361382569085,0.8672471625535201,1.6072751268321592,0.0,0.7704734802246094,0.0029440000000000004,442,target_added,2.5653157834825775,0.38157694541208553,0.4248340063647694,2.58550227056708,2.6044493755484144,63,-0.0016417659353464842,0.6854122188784071,442,0.6854122188784071,0.06343517452478409,0.8580324826721493,7.280109889280518
0.6460508534190387,0.8530135569750296,0.8953138253695384,1.247219128924647,0.0,1.2046663761138916,0.002928,443,target_added,2.569017216685495,0.3952444764835449,0.4276480035025185,2.581307007586067,2.6046993613901197,64,-0.005439281463623047,0.6460508534190387,443,0.6460508534190387,0.02814619243144989,0.8206898343409271,9.83192080250175
1.0987679676253752,0.8413626523322523,0.8973709410598716,1.1055415967851334,0.0,0.7798727750778198,0.0029119999999999997,444,target_removed,2.619071664299318,0.43766751873217863,0.43995695542898483,2.58352578046696,2.603049403557496,58,-0.00473896274343133,1.0987679676253752,444,1.0987679676253752,0.05084787309169769,0.8803380709071945,5.527707983925667
0.5083080682001582,0.8672085788843218,0.9163890442107745,0.9428090415820634,0.0,0.8827894926071167,0.002896,445,target_value_changed,2.7062290143426804,0.44904472276010593,0.45274497661810775,2.5878539174147743,2.6093650629321847,62,-0.0035070048179477453,0.5083080682001582,445,0.5083080682001582,0.02609555795788765,0.9226313912475839,3.644579955678885
0.422592077131901,0.876343877587189,0.8739253829915122,1.4907119849998596,0.0,0.8135109543800354,0.0028799999999999997,446,none,2.650841261760386,0.4471165229080323,0.4391884089347949,2.591337557426301,2.6100280826548765,62,-0.013783244416117668,0.422592077131901,446,0.422592077131901,0.03526494652032852,0.900572001181685,4.784233364802441
-0.06363102183930126,0.8658377168838826,0.8036246859444103,2.565800719723442,0.0,0.7760740518569946,0.0028640000000000002,447,target_added,2.4882283481631218,0.42259917843178185,0.43153868846471083,2.589180921177962,2.6085500803875687,63,-0.01348496787250042,-0.06363102183930126,447,-0.06363102183930126,0.030561693012714386,0.8187659453348293,9.702519718551924
0.1754684050701019,0.8648111616321833,0.8856615814844944,1.2909944487358056,0.0,1.462673306465149,0.002848,448,target_removed,2.6228621704939017,0.428137375260362,0.42732547630364814,2.597172240787618,2.6100287372579225,60,-0.0396210141479969,0.1754684050701019,448,0.1754684050701019,0.02585257589817047,0.8723894273772238,6.046119049072351
0.7371854484518353,0.8634280221960622,0.8138134337558771,2.516611478423583,0.0,0.7681172490119934,0.0028320000000000003,449,target_added,2.5947919549533918,0.4653014760266344,0.4355367846335627,2.594348330575006,2.6099118935209065,66,0.003907964564859867,0.7371854484518353,449,0.7371854484518353,0.05956205353140831,0.9175504990014527,4.058598553961974
0.5150229629258994,0.8651093567968554,0.8826098788197589,1.3743685418725535,0.0,0.7886731624603271,0.002816,450,target_value_changed,2.678000180642867,0.46565685297120496,0.44094656195538,2.5973792352599085,2.6091594205122157,62,-0.0026199084240943193,0.5150229629258994,450,0.5150229629258994,0.012873569503426552,0.9302809450262525,3.254262026489052
0.29024705562944686,0.8613328770698372,0.875,1.5,0.0,0.8328401446342468,0.0027999999999999995,451,mixed,2.5965766341057983,0.47701887421659295,0.4402173149701381,2.6036687167907577,2.60887527233713,63,-0.008702943101525307,0.29024705562944686,451,0.29024705562944686,0.010086984373629093,0.8602437570359611,7.23622686270852
0.3251996489942671,0.8508075306455621,0.8366738336296213,2.1147629234082532,0.0,0.8427271246910095,0.002784,452,target_added,2.5515671080847535,0.4670736048447203,0.43875241470780907,2.5979724966435707,2.60772793187919,65,0.002204260090366006,0.3251996489942671,452,0.3251996489942671,0.01336913276463747,0.8640857438095703,7.104380495315706
0.5391400679834479,0.851103930535924,0.8835083837528619,1.3844373104863459,0.0,0.7556474804878235,0.0027679999999999996,453,target_added,2.635131876346199,0.48153735242613954,0.4442224758669751,2.6003591826405743,2.6092022159634056,63,-0.013301579281687737,0.5391400679834479,453,0.5391400679834479,0.023269040510058403,0.9005195620574132,4.8790937227681495
0.4507315470602591,0.8366751110929251,0.8949641988595486,1.2909944487358056,0.0,1.2012908458709717,0.002752,454,target_added,2.601245159081386,0.48431796281993317,0.4433925071938197,2.5971499800528344,2.6094222871574737,66,-0.004703677725046873,0.4507315470602591,454,0.4507315470602591,0.02725803479552269,0.8696058491289118,6.847546194724712
0.09952080997012161,0.8556009322088768,0.8439691071191225,1.9720265943665387,0.0,1.0945701599121094,0.0027359999999999997,455,target_added,2.5139203902469527,0.4726258933254167,0.43084775827873883,2.591765430340735,2.605777873028253,64,-0.004019439220428467,0.09952080997012161,455,0.09952080997012161,0.006120594218373299,0.8143503509189532,10.1447851956888
0.3009775539988596,0.8730436615603154,0.8456808592742049,1.8856180831641265,0.0,0.7703289985656738,0.00272,456,none,2.5892267386273446,0.4674216562539414,0.43430275948094554,2.58656119326926,2.6053991741290923,62,-0.0017398481722921133,0.3009775539988596,456,0.3009775539988596,0.021734407171607018,0.8705022177928244,6.446359868604572
0.3243663188793916,0.855908709904131,0.8069253995023503,2.6718699236468995,0.0,1.0533617734909058,0.002704,457,target_added,2.511137588818344,0.4519441806923801,0.4339256635653431,2.5863595730986053,2.6030580647767017,67,-0.026531033217906952,0.3243663188793916,457,0.3243663188793916,0.01734587736427784,0.8483034794118629,8.374896350934074
0.26024075452344697,0.8711278285017825,0.8456808592742049,1.8856180831641265,0.0,0.7349398732185364,0.0026879999999999994,458,target_value_changed,2.5780476634649636,0.4611026062432839,0.4334692481786415,2.595130245594164,2.6004717842761336,62,-0.02002783678472042,0.26024075452344697,458,0.26024075452344697,0.014386539347469807,0.8612389756889761,7.035307394258452
0.2517842261380005,0.8727569616448265,0.8587490856455868,1.699673171197595,0.0,0.6968633532524109,0.002672,459,none,2.6200334107664855,0.42659301305778746,0.43622190615617984,2.5969209170212766,2.602964404257901,62,-0.026195069774985313,0.2517842261380005,459,0.2517842261380005,0.00949233677238226,0.8885273634760723,5.436502143433364
0.45164960849908775,0.8743692228642349,0.8739253829915122,1.4907119849998596,0.0,0.6579625010490417,0.0026559999999999995,460,none,2.689898793127573,0.42491431529728796,0.42211699110842715,2.5984647283457956,2.6044865792543455,62,0.0005061402916908264,0.45164960849908775,460,0.45164960849908775,0.017490506172180176,0.9416041872718258,2.6874192494328497
0.08938010311090881,0.8613940915036585,0.8226240888624803,2.1921577396609844,0.0,0.8633275628089905,0.00264,461,target_removed,2.5072763862242287,0.40542073373253257,0.41920704761202066,2.5944209671858887,2.6023920739806035,61,-0.019481750205159187,0.08938010311090881,461,0.08938010311090881,0.0034204749390482903,0.8232582058580896,9.12414379544733
0.4791582294993902,0.8622265949061585,0.9037673680562027,1.118033988749895,0.0,0.7391114234924316,0.0026239999999999996,462,mixed,2.7114547841261682,0.39510803426358176,0.42049464184471824,2.601727917218068,2.6054372010282396,63,-0.013655200600624084,0.4791582294993902,462,0.4791582294993902,0.010763479396700859,0.9454608211638068,2.5049976857104896
0.36533891721036904,0.871426931978842,0.8739253829915122,1.4907119849998596,0.0,0.6632351279258728,0.002608,463,none,2.663588101838854,0.38107243745314834,0.4151081021437061,2.606456461475736,2.6061242390501977,62,-0.03337385505437851,0.36533891721036904,463,0.36533891721036904,0.01383095420897007,0.9182357868684999,3.8586123009300755
0.32285054208547914,0.8743692228642349,0.8739253829915122,1.4907119849998596,0.0,0.7207070589065552,0.0025919999999999997,464,target_value_changed,2.6877136320195842,0.34227656617615354,0.4090249685094083,2.60988855986175,2.607537568345547,62,-0.015560360625386238,0.32285054208547914,464,0.32285054208547914,0.012151983566582203,0.9394190261638371,2.7884746162226492
0.488443085189209,0.8671844102496223,0.8826098788197589,1.3743685418725535,0.0,0.723408579826355,0.0025759999999999993,465,target_value_changed,2.6968143475588975,0.3412833170256061,0.41112179462254766,2.6094178265225603,2.6082361183556713,62,-0.030286867171525955,0.488443085189209,465,0.488443085189209,0.0278015173971653,0.9470200584895162,2.4436607008836084
0.40538667072411677,0.87394833693131,0.8739253829915122,1.4907119849998598,0.0,0.6758959293365479,0.0025599999999999998,466,none,2.663635855352602,0.3404230467052169,0.41762244770011164,2.6100575562021713,2.6096434499780177,62,0.011379401199519634,0.40538667072411677,466,0.40538667072411677,0.010726196691393852,0.9157621354297797,3.986086914367133
0.9022712353390823,0.8460601269543401,0.8596239902203303,1.632993161855452,0.0,1.3310948610305786,0.0025439999999999994,467,mixed,2.6295306011978563,0.3887181595641361,0.4223670653540973,2.617122668853908,2.608429862681094,60,-0.0432959720492363,0.9022712353390823,467,0.9022712353390823,0.037584785372018814,0.923846484023186,3.461900558031689
0.15398894785840453,0.8727728066610624,0.9163601611758586,0.8975274678557508,0.0,0.7940158843994141,0.002528,468,target_removed,2.704811912244938,0.38764418670355116,0.4045442392215958,2.6212201559414594,2.6082218389193166,59,-0.001760207931511104,0.15398894785840453,468,0.15398894785840453,0.014954941347241402,0.9156789444080171,3.760171390892826
0.26739695204738956,0.850198079623732,0.7573110707323435,3.5784850922639815,0.0,2.3444461822509766,0.0025119999999999995,469,target_added,2.4803590532880726,0.36415476188332896,0.40032117338391726,2.615498510858193,2.60390619423332,67,-0.02649168111383915,0.26739695204738956,469,0.26739695204738956,0.010009563528001308,0.8728499029319969,6.7494855771055295
0.7143626542622047,0.8729237199816792,0.8923005501689628,1.247219128924647,0.0,0.7407528758049011,0.002496000000000001,470,target_value_changed,2.6729656181684187,0.3741217464501442,0.40799703075639604,2.615246782734471,2.6041891271913533,62,-0.006033869460225105,0.7143626542622047,470,0.7143626542622047,0.03033074177801609,0.9077413480177766,4.441552644812444
0.4292374317343951,0.854387198761574,0.8835083837528619,1.3844373104863459,0.0,0.7389914393424988,0.0024800000000000004,471,target_added,2.6417902684158254,0.3810712652553916,0.39976499794811277,2.6175074644499725,2.605586723957162,63,-0.002802876755595207,0.4292374317343951,471,0.4292374317343951,0.016810797154903412,0.9038946859013898,4.642796092394706
0.4089311788752846,0.8714537317937906,0.8739253829915122,1.4907119849998596,0.0,0.7404490113258362,0.002464,472,target_value_changed,2.62954731680383,0.38525784174944244,0.39983814417678565,2.6214064748859256,2.6043072092518362,62,-0.009831140749156475,0.4089311788752846,472,0.4089311788752846,0.012091761454939842,0.8841682020185269,5.687234800661463
0.6131062969784629,0.8478672229495766,0.9164361161758395,0.9574271077563381,0.0,0.817754328250885,0.0024480000000000005,473,mixed,2.624175918701979,0.3889561531991932,0.40464626547655785,2.620858677003715,2.603732278099761,63,-0.017796698957681656,0.6131062969784629,473,0.6131062969784629,0.030040554702281952,0.8598725795765628,7.226629807073297
0.4017492371084189,0.8701719012096871,0.9163890442107745,0.9428090415820634,0.0,0.7445715069770813,0.002432,474,target_value_changed,2.67962184383455,0.38650703770160116,0.40767510776567223,2.6247775112413736,2.6058307908428224,62,-0.0010046244133263826,0.4017492371084189,474,0.4017492371084189,0.00953781045973301,0.893060898414088,5.186766365375317
0.6914466580236968,0.8630262265374878,0.8055439138342714,2.494438257849294,0.0,0.7433377504348755,0.0024160000000000006,475,mixed,2.5573747058336047,0.4161033301042799,0.41588876117331386,2.626950227020706,2.604584959451767,62,-0.007515802048146725,0.6914466580236968,475,0.6914466580236968,0.03372233733534813,0.8888045654618454,5.511715338129706
1.0534258113201918,0.8556635096381876,0.8433869711737677,1.7950549357115013,0.0,0.9075824022293091,0.0024000000000000002,476,target_removed,2.5701339160089143,0.4537257429703465,0.42773415591625025,2.6259955858897843,2.604364268541348,58,-0.009778691455721855,1.0534258113201918,476,1.0534258113201918,0.06711370497941971,0.8710834351969591,6.018490028422596
0.4651779673108596,0.8622491346025566,0.8587490856455868,1.699673171197595,0.0,0.7910739183425903,0.0023840000000000007,477,target_value_changed,2.6064947396433706,0.4607663253919199,0.42850339790875325,2.630763443431036,2.6058669418716174,62,-0.015283000655472279,0.4651779673108596,477,0.4651779673108596,0.02661026082932949,0.8854965193952271,5.712050503588221
0.4532689045304614,0.8744962392369786,0.8660226255621596,1.5986105077709065,0.0,0.6761944890022278,0.0023680000000000003,478,target_value_changed,2.6547654023151313,0.4704177328922706,0.4362746866293925,2.634599330373544,2.6097015343519043,62,0.0001675732055446133,0.4532689045304614,478,0.4532689045304614,0.03159000352025032,0.914246537515993,4.0587074012041295
0.3078485691756134,0.8660125650709265,0.8739253829915122,1.4907119849998596,0.0,0.7785564661026001,0.002352000000000001,479,target_value_changed,2.627932252052934,0.4732209500441512,0.442553589350377,2.6349942724378663,2.609234776208851,62,-0.01305470336228609,0.3078485691756134,479,0.3078485691756134,0.018539009615778923,0.8879943039904953,5.483245485947374
0.4441106866862543,0.8754458279361804,0.8519955911790026,1.795054935711501,0.0,0.7691116333007812,0.0023360000000000004,480,target_value_changed,2.626023764579533,0.4728440039535096,0.44127749460341237,2.6318005210104647,2.6094076097615453,62,-0.013204208575189114,0.4441106866862543,480,0.4441106866862543,0.020280225202441216,0.8985823454643498,4.915378146924555
0.6904073495053409,0.8364001160641354,0.9050025601947272,1.0671873729054748,0.0,1.035806655883789,0.00232,481,target_removed,2.616847605737567,0.5028953662732312,0.4538255089790856,2.6372790819861316,2.61232882180652,61,-0.01071824412792921,0.6904073495053409,481,0.6904073495053409,0.032114263623952866,0.8754449294787047,6.094168432927407
0.5046892779960434,0.842285144920803,0.8663922744275422,1.4907119849998598,0.0,1.2283638715744019,0.0023040000000000005,482,target_removed,2.5449653150663814,0.5041719186980639,0.45343719381037206,2.6289546085331423,2.6099182978872775,58,-0.010070860385894775,0.5046892779960434,482,0.5046892779960434,0.01785653457045555,0.8362878957180361,7.797791710193057
0.05898243165442354,0.851927571740042,0.7205469285048346,4.0722639076235385,0.0,1.5935089588165283,0.002288,483,target_added,2.356970894771096,0.4888540944202666,0.4496195401163592,2.613623748179754,2.605309752654577,63,-0.08910129964351654,0.05898243165442354,483,0.05898243165442354,0.03864641487598419,0.7844963945262192,11.995369476964388
0.40301077522406825,0.8664218481085293,0.8414097305424795,1.9790570145063195,0.0,0.8357269763946533,0.0022720000000000006,484,target_added,2.615569583859787,0.49286210607719594,0.44977736883715286,2.6100165457717646,2.604312560115049,63,-0.0003426650364417583,0.40301077522406825,484,0.40301077522406825,0.02374083548784256,0.907738005208778,4.47213595499958
0.4538261982894629,0.8614931225935926,0.8534659420917201,1.8027756377319946,0.0,0.8042475581169128,0.002256,485,mixed,2.5473602707073533,0.49113126173220867,0.45218664880573306,2.6025438419291875,2.6028275378394174,63,-0.013761216774582863,0.4538261982894629,485,0.4538261982894629,0.01557100284844637,0.8324012060220408,8.838871911249893
0.3253063338244855,0.8503907770074419,0.9188799964151667,0.8975274678557508,0.0,0.6269798278808594,0.0022400000000000007,486,mixed,2.6947019169383912,0.48712724488722714,0.4505915295736555,2.6040971450084767,2.6028553465770483,61,-0.009533829987049103,0.3253063338244855,486,0.3253063338244855,0.004107979591935873,0.9254311435157827,3.4260927871019042
0.6075162273204067,0.8605687046374625,0.8596239902203303,1.632993161855452,0.0,0.9709653258323669,0.0022240000000000003,487,mixed,2.596548152907472,0.4723894944862934,0.4500635375178513,2.6024480225939572,2.6044829097905686,60,-0.011685560457408428,0.6075162273204067,487,0.6075162273204067,0.022829454392194748,0.8763554580496788,5.878545184056855
0.3394202151786799,0.8698247259687416,0.7551789020293632,3.34995854037363,0.0,0.8220273852348328,0.002208,488,target_value_changed,2.415677484494545,0.4816610578523072,0.4553104969513175,2.5879913012064377,2.604743775209384,62,-0.013237569481134415,0.3394202151786799,488,0.3394202151786799,0.005533828400075436,0.7906738564964402,11.597488993456292
0.540459090653756,0.8373890657157483,0.9366875153448496,0.6871842709362769,0.0,1.1330169439315796,0.0021920000000000004,489,mixed,2.636759700085576,0.4953141647826255,0.44728015696743406,2.595811333546313,2.6057945695666107,61,-0.039376307278871536,0.540459090653756,489,0.540459090653756,0.007695268839597702,0.8626831190249782,6.739284245345012
0.44723700263761756,0.8462899022257264,0.8973709410598716,1.1055415967851334,0.0,0.9804801940917969,0.002176000000000001,490,target_removed,2.6463871937756096,0.48195788220139624,0.44652042574600487,2.5944824123266725,2.605541862109379,58,-0.03014995902776718,0.44723700263761756,490,0.44723700263761756,0.023863451555371284,0.9027263504900117,4.346134936801766
0.39540556403061305,0.852631517198102,0.9103243127549868,1.0671873729054748,0.0,1.3111145496368408,0.0021600000000000005,491,target_added,2.66925623537648,0.4802662888162071,0.44484350233849673,2.595855710674705,2.6071639546284615,65,-0.017775969579815865,0.39540556403061305,491,0.39540556403061305,0.011805672198534012,0.9063004054233914,4.6696419087073
1.0492884295602374,0.8629509302415418,0.8660226255621596,1.5986105077709063,0.0,0.8301578760147095,0.002144,492,mixed,2.638167738825455,0.5122841513504547,0.45212102655213343,2.5962867317757867,2.608620993735319,62,-0.007116786669939756,1.0492884295602374,492,1.0492884295602374,0.04787587374448776,0.909194183021754,4.286373146494655
0.34476419844011236,0.8491776186974664,0.9020975784858901,1.0671873729054748,0.0,0.9498835206031799,0.0021279999999999997,493,target_removed,2.5822273141369796,0.4988670464235371,0.4460952934525549,2.594189301547537,2.608885195684349,59,-0.06346288323402405,0.34476419844011236,493,0.34476419844011236,0.020226528868079185,0.8309521169536233,8.374896350934076
0.33895872240360486,0.8732764468676795,0.8456808592742047,1.8856180831641267,0.0,1.0320134162902832,0.0021119999999999993,494,none,2.57720790703209,0.4957275206882964,0.43089910854811947,2.5890686047074136,2.6080479205390055,62,0.0012697689235210419,0.33895872240360486,494,0.33895872240360486,0.005482811015099287,0.8582506008902059,7.156970184527963
0.08318573542522556,0.8633406407833613,0.7996980559683472,2.6299556396765835,0.0,0.7360213994979858,0.0020960000000000006,495,mixed,2.528874127027616,0.4653144745583728,0.42239666189262076,2.587643575767114,2.604500822792703,63,-0.008653489872813225,0.08318573542522556,495,0.08318573542522556,0.005251897033303976,0.8658354302759075,6.852443318018146
0.7220423812319209,0.8582625481423722,0.8456808592742049,1.8856180831641265,0.0,0.9876171946525574,0.0020800000000000003,496,mixed,2.5591264978179615,0.4487453030539593,0.4283856679746212,2.5870932048575663,2.602666527513855,62,-0.004476621747016907,0.7220423812319209,496,0.7220423812319209,0.046873610466718674,0.8551830904013843,7.320850717756987
0.09247344707619733,0.8740838911873907,0.8797795061037428,1.3437096247164249,0.0,1.191075086593628,0.002064,497,target_removed,2.683376253059653,0.4301100770422262,0.4315077573529312,2.590937280528381,2.6065694856117854,59,-0.01725698448717594,0.09247344707619733,497,0.09247344707619733,0.0049545178189873695,0.9295128557685198,3.1091263510296048
0.05271317221159647,0.8513189876528865,0.7087023666099777,4.384315479321969,0.0,0.9187670946121216,0.0020479999999999995,498,target_added,2.335199378069358,0.41008229042628297,0.42905265269576104,2.574958979316092,2.600816229763294,64,-0.020656056702136993,0.05271317221159647,498,0.05271317221159647,0.004405076615512371,0.7751780238064935,13.051181300301263
0.322008409143457,0.8541271035429607,0.8230041943112887,2.1147629234082532,0.0,0.9883160591125488,0.002032000000000001,499,target_removed,2.505615131655814,0.4107902824246752,0.4207491119095936,2.568843123296236,2.5990326932973424,59,-0.009008865803480148,0.322008409143457,499,0.322008409143457,0.01287833321839571,0.8284838338015648,8.556998435328957
0.5217679885169307,0.8542810655029741,0.8472545699034286,1.8929694486000912,0.0,0.9453123807907104,0.0020160000000000004,500,target_added,2.579602116742037,0.414673147516209,0.4208840124214141,2.566522040904361,2.597064732019326,63,-0.06241472437977791,0.5217679885169307,500,0.5217679885169307,0.016217699274420738,0.8780664813356343,6.110100926607787
