episode,cluster_id,ordered_target_ids,total_path_distance,total_reward,num_steps,num_updates,mean_loss,random_action_count,greedy_action_count,random_action_ratio,invalid_or_no_action_count,done,is_best_episode,epsilon_after_episode,best_reward_so_far,global_env_steps,replay_buffer_size,latest_checkpoint_path,best_checkpoint_path,extra
1,0,"[3, 2, 1, 4]",214.78378878737476,18.239858089155398,4,0,,4,0,1.0,0,True,True,0.9987333333333334,18.239858089155398,4,4,F:\项目\专利\uav_dynamic_task_allocation\checkpoints\strike_order_dqn\latest.pt,F:\项目\专利\uav_dynamic_task_allocation\checkpoints\strike_order_dqn\best.pt,
2,3,"[13, 15, 14, 16]",121.91912521010097,26.288679406490516,4,0,,4,0,1.0,0,True,True,0.9974666666666666,26.288679406490516,8,8,F:\项目\专利\uav_dynamic_task_allocation\checkpoints\strike_order_dqn\latest.pt,F:\项目\专利\uav_dynamic_task_allocation\checkpoints\strike_order_dqn\best.pt,
3,3,"[16, 14, 13, 15]",138.62182604125803,23.14538201421629,4,0,,4,0,1.0,0,True,False,0.9962,26.288679406490516,12,12,F:\项目\专利\uav_dynamic_task_allocation\checkpoints\strike_order_dqn\latest.pt,,
4,2,"[9, 10, 12, 11]",260.3761478678348,16.803658039314836,4,0,,4,0,1.0,0,True,False,0.9949333333333333,26.288679406490516,16,16,F:\项目\专利\uav_dynamic_task_allocation\checkpoints\strike_order_dqn\latest.pt,,
5,2,"[10, 12, 9, 11]",205.11603076518864,17.944549681546867,4,0,,4,0,1.0,0,True,False,0.9936666666666667,26.288679406490516,20,20,F:\项目\专利\uav_dynamic_task_allocation\checkpoints\strike_order_dqn\latest.pt,,
6,4,"[18, 20, 19, 17]",229.4537289962148,17.283417073766742,4,0,,4,0,1.0,0,True,False,0.9924,26.288679406490516,24,24,F:\项目\专利\uav_dynamic_task_allocation\checkpoints\strike_order_dqn\latest.pt,,
7,0,"[1, 3, 4, 2]",181.66116066125574,24.446168855463334,4,0,,4,0,1.0,0,True,False,0.9911333333333333,26.288679406490516,28,28,F:\项目\专利\uav_dynamic_task_allocation\checkpoints\strike_order_dqn\latest.pt,,
8,3,"[14, 13, 16, 15]",138.67556048203386,22.433400549904924,4,0,,4,0,1.0,0,True,False,0.9898666666666667,26.288679406490516,32,32,F:\项目\专利\uav_dynamic_task_allocation\checkpoints\strike_order_dqn\latest.pt,,
9,1,"[6, 8, 5, 7]",203.45052054558457,19.70780649378092,4,0,,4,0,1.0,0,True,False,0.9886,26.288679406490516,36,36,F:\项目\专利\uav_dynamic_task_allocation\checkpoints\strike_order_dqn\latest.pt,,
10,0,"[3, 4, 2, 1]",144.72417449833796,25.999062732197913,4,0,,4,0,1.0,0,True,False,0.9873333333333333,26.288679406490516,40,40,F:\项目\专利\uav_dynamic_task_allocation\checkpoints\strike_order_dqn\latest.pt,,
11,2,"[11, 10, 9, 12]",277.7473121039117,16.332982282912475,4,0,,4,0,1.0,0,True,False,0.9860666666666666,26.288679406490516,44,44,F:\项目\专利\uav_dynamic_task_allocation\checkpoints\strike_order_dqn\latest.pt,,
12,4,"[17, 18, 20, 19]",250.544713080887,16.95963895868179,4,0,,4,0,1.0,0,True,False,0.9848,26.288679406490516,48,48,F:\项目\专利\uav_dynamic_task_allocation\checkpoints\strike_order_dqn\latest.pt,,
13,3,"[16, 13, 15, 14]",105.95058292191784,25.942538832616897,4,0,,4,0,1.0,0,True,False,0.9835333333333334,26.288679406490516,52,52,F:\项目\专利\uav_dynamic_task_allocation\checkpoints\strike_order_dqn\latest.pt,,
14,3,"[13, 16, 14, 15]",123.25600894347023,26.004300419945153,4,0,,4,0,1.0,0,True,False,0.9822666666666666,26.288679406490516,56,56,F:\项目\专利\uav_dynamic_task_allocation\checkpoints\strike_order_dqn\latest.pt,,
15,3,"[13, 15, 14, 16]",121.91912521010097,26.288679406490516,4,0,,4,0,1.0,0,True,False,0.981,26.288679406490516,60,60,F:\项目\专利\uav_dynamic_task_allocation\checkpoints\strike_order_dqn\latest.pt,,
16,3,"[14, 13, 15, 16]",137.33867674866462,22.717779536450283,4,0,,4,0,1.0,0,True,False,0.9797333333333333,26.288679406490516,64,64,F:\项目\专利\uav_dynamic_task_allocation\checkpoints\strike_order_dqn\latest.pt,,
17,2,"[12, 10, 9, 11]",219.7060500282308,18.350952970962638,4,0,,4,0,1.0,0,True,False,0.9784666666666667,26.288679406490516,68,68,F:\项目\专利\uav_dynamic_task_allocation\checkpoints\strike_order_dqn\latest.pt,,
18,0,"[2, 3, 1, 4]",225.8577246625569,18.535825410496376,4,0,,4,0,1.0,0,True,False,0.9772,26.288679406490516,72,72,F:\项目\专利\uav_dynamic_task_allocation\checkpoints\strike_order_dqn\latest.pt,,
19,4,"[18, 20, 19, 17]",229.4537289962148,17.283417073766742,4,0,,4,0,1.0,0,True,False,0.9759333333333333,26.288679406490516,76,76,F:\项目\专利\uav_dynamic_task_allocation\checkpoints\strike_order_dqn\latest.pt,,
20,2,"[12, 11, 9, 10]",244.64549331870504,17.702840575655934,4,0,,4,0,1.0,0,True,False,0.9746666666666667,26.288679406490516,80,80,F:\项目\专利\uav_dynamic_task_allocation\checkpoints\strike_order_dqn\latest.pt,,
21,2,"[11, 9, 12, 10]",195.22686250124153,18.40278416071593,4,0,,4,0,1.0,0,True,False,0.9734,26.288679406490516,84,84,F:\项目\专利\uav_dynamic_task_allocation\checkpoints\strike_order_dqn\latest.pt,,
22,1,"[5, 7, 6, 8]",196.83620395644095,28.96805205102506,4,0,,4,0,1.0,0,True,True,0.9721333333333333,28.96805205102506,88,88,F:\项目\专利\uav_dynamic_task_allocation\checkpoints\strike_order_dqn\latest.pt,F:\项目\专利\uav_dynamic_task_allocation\checkpoints\strike_order_dqn\best.pt,
23,0,"[3, 1, 2, 4]",214.23523660460614,18.686774238974937,4,0,,4,0,1.0,0,True,False,0.9708666666666667,28.96805205102506,92,92,F:\项目\专利\uav_dynamic_task_allocation\checkpoints\strike_order_dqn\latest.pt,,
24,4,"[18, 17, 20, 19]",226.09088850786196,17.504009638393,4,0,,4,0,1.0,0,True,False,0.9696,28.96805205102506,96,96,F:\项目\专利\uav_dynamic_task_allocation\checkpoints\strike_order_dqn\latest.pt,,
25,3,"[14, 15, 13, 16]",111.82161863567384,25.152774105723537,4,1,48.37614440917969,4,0,1.0,0,True,False,0.9683333333333334,28.96805205102506,100,100,F:\项目\专利\uav_dynamic_task_allocation\checkpoints\strike_order_dqn\latest.pt,,
26,3,"[16, 13, 14, 15]",129.87119698877768,23.410994688521882,4,4,44.930861473083496,4,0,1.0,0,True,False,0.9670666666666666,28.96805205102506,104,104,F:\项目\专利\uav_dynamic_task_allocation\checkpoints\strike_order_dqn\latest.pt,,
27,2,"[11, 10, 12, 9]",235.83084665930656,17.222833069185704,4,4,30.511581420898438,4,0,1.0,0,True,False,0.9658,28.96805205102506,108,108,F:\项目\专利\uav_dynamic_task_allocation\checkpoints\strike_order_dqn\latest.pt,,
28,4,"[19, 17, 20, 18]",193.25430480962262,20.112843240011067,4,4,46.55090522766113,4,0,1.0,0,True,False,0.9645333333333334,28.96805205102506,112,112,F:\项目\专利\uav_dynamic_task_allocation\checkpoints\strike_order_dqn\latest.pt,,
29,2,"[11, 12, 10, 9]",261.0397354340567,16.765016255007843,4,4,37.67318534851074,4,0,1.0,0,True,False,0.9632666666666667,28.96805205102506,116,116,F:\项目\专利\uav_dynamic_task_allocation\checkpoints\strike_order_dqn\latest.pt,,
30,2,"[11, 12, 9, 10]",271.1131172714322,16.43930813433778,4,4,33.366455078125,4,0,1.0,0,True,False,0.962,28.96805205102506,120,120,F:\项目\专利\uav_dynamic_task_allocation\checkpoints\strike_order_dqn\latest.pt,,
31,2,"[10, 12, 9, 11]",205.11603076518864,17.944549681546867,4,4,27.013951301574707,4,0,1.0,0,True,False,0.9607333333333333,28.96805205102506,124,124,F:\项目\专利\uav_dynamic_task_allocation\checkpoints\strike_order_dqn\latest.pt,,
32,1,"[8, 7, 6, 5]",205.96063837527936,18.35880911510536,4,4,25.135926246643066,4,0,1.0,0,True,False,0.9594666666666667,28.96805205102506,128,128,F:\项目\专利\uav_dynamic_task_allocation\checkpoints\strike_order_dqn\latest.pt,,
33,0,"[4, 3, 2, 1]",143.75447345561832,27.15430895066569,4,4,20.039056301116943,4,0,1.0,0,True,False,0.9582,28.96805205102506,132,132,F:\项目\专利\uav_dynamic_task_allocation\checkpoints\strike_order_dqn\latest.pt,,
34,2,"[12, 9, 11, 10]",219.43660454395496,18.160657389833798,4,4,16.03202795982361,4,0,1.0,0,True,False,0.9569333333333333,28.96805205102506,136,136,F:\项目\专利\uav_dynamic_task_allocation\checkpoints\strike_order_dqn\latest.pt,,
35,4,"[19, 20, 18, 17]",234.92330897191087,18.895260756703138,4,4,16.144944190979004,4,0,1.0,0,True,False,0.9556666666666667,28.96805205102506,140,140,F:\项目\专利\uav_dynamic_task_allocation\checkpoints\strike_order_dqn\latest.pt,,
36,0,"[1, 4, 2, 3]",206.7403547972916,18.215412751780594,4,4,14.448941707611084,4,0,1.0,0,True,False,0.9544,28.96805205102506,144,144,F:\项目\专利\uav_dynamic_task_allocation\checkpoints\strike_order_dqn\latest.pt,,
37,4,"[18, 17, 19, 20]",232.39161122049092,17.233086606012673,4,4,13.965821743011475,3,1,0.75,0,True,False,0.9531333333333334,28.96805205102506,148,148,F:\项目\专利\uav_dynamic_task_allocation\checkpoints\strike_order_dqn\latest.pt,,
38,4,"[20, 17, 18, 19]",189.9340880498527,19.658905061061823,4,4,11.782221794128418,4,0,1.0,0,True,False,0.9518666666666666,28.96805205102506,152,152,F:\项目\专利\uav_dynamic_task_allocation\checkpoints\strike_order_dqn\latest.pt,,
39,1,"[7, 8, 6, 5]",211.72388882051166,19.50106546878895,4,4,11.410866260528564,4,0,1.0,0,True,False,0.9506,28.96805205102506,156,156,F:\项目\专利\uav_dynamic_task_allocation\checkpoints\strike_order_dqn\latest.pt,,
40,3,"[13, 16, 15, 14]",116.10182393712081,26.366462669072508,4,4,12.72771430015564,4,0,1.0,0,True,False,0.9493333333333334,28.96805205102506,160,160,F:\项目\专利\uav_dynamic_task_allocation\checkpoints\strike_order_dqn\latest.pt,,
41,0,"[4, 2, 3, 1]",184.447053556711,21.064568425993755,4,4,11.858782291412354,3,1,0.75,0,True,False,0.9480666666666666,28.96805205102506,164,164,F:\项目\专利\uav_dynamic_task_allocation\checkpoints\strike_order_dqn\latest.pt,,
42,3,"[15, 14, 16, 13]",127.77947310830064,24.393920000598463,4,4,10.189729690551758,4,0,1.0,0,True,False,0.9468,28.96805205102506,168,168,F:\项目\专利\uav_dynamic_task_allocation\checkpoints\strike_order_dqn\latest.pt,,
43,3,"[15, 16, 13, 14]",127.49083268112011,24.354924389981292,4,4,10.973187923431396,3,1,0.75,0,True,False,0.9455333333333333,28.96805205102506,172,172,F:\项目\专利\uav_dynamic_task_allocation\checkpoints\strike_order_dqn\latest.pt,,
44,1,"[6, 7, 8, 5]",195.34010858606229,19.009731234393062,4,4,8.89895248413086,4,0,1.0,0,True,False,0.9442666666666667,28.96805205102506,176,176,F:\项目\专利\uav_dynamic_task_allocation\checkpoints\strike_order_dqn\latest.pt,,
45,0,"[1, 3, 4, 2]",181.66116066125574,24.446168855463334,4,4,10.93304705619812,4,0,1.0,0,True,False,0.9430000000000001,28.96805205102506,180,180,F:\项目\专利\uav_dynamic_task_allocation\checkpoints\strike_order_dqn\latest.pt,,
46,4,"[18, 19, 17, 20]",167.02934433216726,20.107176118349543,4,4,10.314888834953308,4,0,1.0,0,True,False,0.9417333333333333,28.96805205102506,184,184,F:\项目\专利\uav_dynamic_task_allocation\checkpoints\strike_order_dqn\latest.pt,,
47,2,"[11, 9, 10, 12]",227.06994610847113,17.83864149511276,4,4,9.84941291809082,4,0,1.0,0,True,False,0.9404666666666667,28.96805205102506,188,188,F:\项目\专利\uav_dynamic_task_allocation\checkpoints\strike_order_dqn\latest.pt,,
48,4,"[20, 17, 18, 19]",189.9340880498527,19.658905061061823,4,4,9.314114332199097,4,0,1.0,0,True,False,0.9392,28.96805205102506,192,192,F:\项目\专利\uav_dynamic_task_allocation\checkpoints\strike_order_dqn\latest.pt,,
49,3,"[16, 14, 13, 15]",138.62182604125803,23.14538201421629,4,4,9.481526136398315,4,0,1.0,0,True,False,0.9379333333333333,28.96805205102506,196,196,F:\项目\专利\uav_dynamic_task_allocation\checkpoints\strike_order_dqn\latest.pt,,
50,3,"[15, 13, 16, 14]",110.72440362060973,26.524306284948956,4,4,12.983135104179382,4,0,1.0,0,True,False,0.9366666666666666,28.96805205102506,200,200,F:\项目\专利\uav_dynamic_task_allocation\checkpoints\strike_order_dqn\latest.pt,,
51,3,"[13, 16, 14, 15]",123.25600894347023,26.004300419945153,4,4,28.376222610473633,4,0,1.0,0,True,False,0.9354,28.96805205102506,204,204,F:\项目\专利\uav_dynamic_task_allocation\checkpoints\strike_order_dqn\latest.pt,,
52,0,"[3, 1, 2, 4]",214.23523660460614,18.686774238974937,4,4,21.646230220794678,4,0,1.0,0,True,False,0.9341333333333334,28.96805205102506,208,208,F:\项目\专利\uav_dynamic_task_allocation\checkpoints\strike_order_dqn\latest.pt,,
53,1,"[5, 6, 7, 8]",176.18593953275735,28.57149701761014,4,4,14.42313551902771,4,0,1.0,0,True,False,0.9328666666666666,28.96805205102506,212,212,F:\项目\专利\uav_dynamic_task_allocation\checkpoints\strike_order_dqn\latest.pt,,
54,2,"[9, 10, 12, 11]",260.3761478678348,16.803658039314836,4,4,9.973237991333008,4,0,1.0,0,True,False,0.9316,28.96805205102506,216,216,F:\项目\专利\uav_dynamic_task_allocation\checkpoints\strike_order_dqn\latest.pt,,
55,2,"[12, 11, 10, 9]",285.2494774767701,16.522889484125713,4,4,4.984442710876465,3,1,0.75,0,True,False,0.9303333333333333,28.96805205102506,220,220,F:\项目\专利\uav_dynamic_task_allocation\checkpoints\strike_order_dqn\latest.pt,,
56,0,"[3, 1, 4, 2]",220.49059867947204,18.551929457260478,4,4,8.58526611328125,4,0,1.0,0,True,False,0.9290666666666667,28.96805205102506,224,224,F:\项目\专利\uav_dynamic_task_allocation\checkpoints\strike_order_dqn\latest.pt,,
57,2,"[11, 10, 9, 12]",277.7473121039117,16.332982282912475,4,4,6.134357690811157,4,0,1.0,0,True,False,0.9278,28.96805205102506,228,228,F:\项目\专利\uav_dynamic_task_allocation\checkpoints\strike_order_dqn\latest.pt,,
58,0,"[2, 3, 1, 4]",225.8577246625569,18.535825410496376,4,4,5.204580128192902,4,0,1.0,0,True,False,0.9265333333333333,28.96805205102506,232,232,F:\项目\专利\uav_dynamic_task_allocation\checkpoints\strike_order_dqn\latest.pt,,
59,3,"[13, 16, 14, 15]",123.25600894347023,26.004300419945153,4,4,4.166626214981079,3,1,0.75,0,True,False,0.9252666666666667,28.96805205102506,236,236,F:\项目\专利\uav_dynamic_task_allocation\checkpoints\strike_order_dqn\latest.pt,,
60,3,"[14, 15, 13, 16]",111.82161863567384,25.152774105723537,4,4,4.1893898248672485,4,0,1.0,0,True,False,0.924,28.96805205102506,240,240,F:\项目\专利\uav_dynamic_task_allocation\checkpoints\strike_order_dqn\latest.pt,,
61,4,"[20, 17, 19, 18]",163.52770884030468,20.317524759490777,4,4,3.47488135099411,4,0,1.0,0,True,False,0.9227333333333334,28.96805205102506,244,244,F:\项目\专利\uav_dynamic_task_allocation\checkpoints\strike_order_dqn\latest.pt,,
62,3,"[16, 13, 15, 14]",105.95058292191784,25.942538832616897,4,4,2.3597714006900787,4,0,1.0,0,True,False,0.9214666666666667,28.96805205102506,248,248,F:\项目\专利\uav_dynamic_task_allocation\checkpoints\strike_order_dqn\latest.pt,,
63,1,"[5, 8, 7, 6]",149.2377467868531,30.0298134782743,4,4,4.179760277271271,2,2,0.5,0,True,True,0.9202,30.0298134782743,252,252,F:\项目\专利\uav_dynamic_task_allocation\checkpoints\strike_order_dqn\latest.pt,F:\项目\专利\uav_dynamic_task_allocation\checkpoints\strike_order_dqn\best.pt,
64,4,"[18, 20, 17, 19]",214.19110404347458,17.842379858645714,4,4,2.1320507526397705,3,1,0.75,0,True,False,0.9189333333333334,30.0298134782743,256,256,F:\项目\专利\uav_dynamic_task_allocation\checkpoints\strike_order_dqn\latest.pt,,
65,2,"[9, 10, 11, 12]",291.9497859907885,16.04921979258283,4,4,1.9084346890449524,4,0,1.0,0,True,False,0.9176666666666666,30.0298134782743,260,260,F:\项目\专利\uav_dynamic_task_allocation\checkpoints\strike_order_dqn\latest.pt,,
66,1,"[7, 8, 6, 5]",211.72388882051166,19.50106546878895,4,4,1.2634156346321106,4,0,1.0,0,True,False,0.9164,30.0298134782743,264,264,F:\项目\专利\uav_dynamic_task_allocation\checkpoints\strike_order_dqn\latest.pt,,
67,4,"[17, 20, 19, 18]",170.67585144740272,20.153977949194896,4,4,2.0963092148303986,4,0,1.0,0,True,False,0.9151333333333334,30.0298134782743,268,268,F:\项目\专利\uav_dynamic_task_allocation\checkpoints\strike_order_dqn\latest.pt,,
68,1,"[5, 6, 8, 7]",195.111475717931,28.275550238879774,4,4,1.8061966300010681,4,0,1.0,0,True,False,0.9138666666666666,30.0298134782743,272,272,F:\项目\专利\uav_dynamic_task_allocation\checkpoints\strike_order_dqn\latest.pt,,
69,0,"[3, 1, 2, 4]",214.23523660460614,18.686774238974937,4,4,1.051766887307167,4,0,1.0,0,True,False,0.9126,30.0298134782743,276,276,F:\项目\专利\uav_dynamic_task_allocation\checkpoints\strike_order_dqn\latest.pt,,
70,2,"[9, 10, 11, 12]",291.9497859907885,16.04921979258283,4,4,1.7207747250795364,3,1,0.75,0,True,False,0.9113333333333333,30.0298134782743,280,280,F:\项目\专利\uav_dynamic_task_allocation\checkpoints\strike_order_dqn\latest.pt,,
71,3,"[13, 16, 14, 15]",123.25600894347023,26.004300419945153,4,4,1.1141793429851532,2,2,0.5,0,True,False,0.9100666666666667,30.0298134782743,284,284,F:\项目\专利\uav_dynamic_task_allocation\checkpoints\strike_order_dqn\latest.pt,,
72,0,"[2, 4, 1, 3]",215.4025964068288,19.153797349410187,4,4,1.0650161504745483,3,1,0.75,0,True,False,0.9088,30.0298134782743,288,288,F:\项目\专利\uav_dynamic_task_allocation\checkpoints\strike_order_dqn\latest.pt,,
73,2,"[12, 9, 11, 10]",219.43660454395496,18.160657389833798,4,4,2.156352773308754,4,0,1.0,0,True,False,0.9075333333333333,30.0298134782743,292,292,F:\项目\专利\uav_dynamic_task_allocation\checkpoints\strike_order_dqn\latest.pt,,
74,0,"[2, 1, 3, 4]",184.61659237869566,25.07248208498785,4,4,1.4149205535650253,3,1,0.75,0,True,False,0.9062666666666667,30.0298134782743,296,296,F:\项目\专利\uav_dynamic_task_allocation\checkpoints\strike_order_dqn\latest.pt,,
75,3,"[14, 15, 16, 13]",131.81001590286493,22.83455840964945,4,4,3.9557894319295883,4,0,1.0,0,True,False,0.905,30.0298134782743,300,300,F:\项目\专利\uav_dynamic_task_allocation\checkpoints\strike_order_dqn\latest.pt,,
76,2,"[9, 12, 10, 11]",235.16725909308468,17.2614748534927,4,4,17.993462324142456,3,1,0.75,0,True,False,0.9037333333333334,30.0298134782743,304,304,F:\项目\专利\uav_dynamic_task_allocation\checkpoints\strike_order_dqn\latest.pt,,
77,1,"[7, 8, 5, 6]",153.3103074252724,21.556848934156413,4,4,14.275800466537476,4,0,1.0,0,True,False,0.9024666666666666,30.0298134782743,308,308,F:\项目\专利\uav_dynamic_task_allocation\checkpoints\strike_order_dqn\latest.pt,,
78,1,"[5, 7, 8, 6]",164.60582761657668,30.135987974687502,4,4,12.016619205474854,3,1,0.75,0,True,True,0.9012,30.135987974687502,312,312,F:\项目\专利\uav_dynamic_task_allocation\checkpoints\strike_order_dqn\latest.pt,F:\项目\专利\uav_dynamic_task_allocation\checkpoints\strike_order_dqn\best.pt,
79,2,"[9, 12, 11, 10]",260.1067023835589,16.613362458185996,4,4,7.29113245010376,4,0,1.0,0,True,False,0.8999333333333334,30.135987974687502,316,316,F:\项目\专利\uav_dynamic_task_allocation\checkpoints\strike_order_dqn\latest.pt,,
80,3,"[15, 13, 16, 14]",110.72440362060973,26.524306284948956,4,4,7.745802164077759,3,1,0.75,0,True,False,0.8986666666666667,30.135987974687502,320,320,F:\项目\专利\uav_dynamic_task_allocation\checkpoints\strike_order_dqn\latest.pt,,
81,4,"[18, 17, 20, 19]",226.09088850786196,17.504009638393,4,4,5.279518008232117,4,0,1.0,0,True,False,0.8974,30.135987974687502,324,324,F:\项目\专利\uav_dynamic_task_allocation\checkpoints\strike_order_dqn\latest.pt,,
82,2,"[11, 10, 9, 12]",277.7473121039117,16.332982282912475,4,4,4.554577171802521,4,0,1.0,0,True,False,0.8961333333333333,30.135987974687502,328,328,F:\项目\专利\uav_dynamic_task_allocation\checkpoints\strike_order_dqn\latest.pt,,
83,0,"[1, 3, 4, 2]",181.66116066125574,24.446168855463334,4,4,4.421084403991699,3,1,0.75,0,True,False,0.8948666666666667,30.135987974687502,332,332,F:\项目\专利\uav_dynamic_task_allocation\checkpoints\strike_order_dqn\latest.pt,,
84,4,"[17, 18, 19, 20]",203.3829533695797,19.224435218385615,4,4,3.7737919688224792,4,0,1.0,0,True,False,0.8936,30.135987974687502,336,336,F:\项目\专利\uav_dynamic_task_allocation\checkpoints\strike_order_dqn\latest.pt,,
85,3,"[13, 16, 15, 14]",116.10182393712081,26.366462669072508,4,4,2.326060950756073,3,1,0.75,0,True,False,0.8923333333333333,30.135987974687502,340,340,F:\项目\专利\uav_dynamic_task_allocation\checkpoints\strike_order_dqn\latest.pt,,
86,3,"[16, 13, 15, 14]",105.95058292191784,25.942538832616897,4,4,2.7947793006896973,4,0,1.0,0,True,False,0.8910666666666667,30.135987974687502,344,344,F:\项目\专利\uav_dynamic_task_allocation\checkpoints\strike_order_dqn\latest.pt,,
87,0,"[2, 4, 3, 1]",155.79811037352016,26.295030053538895,4,4,1.9871506094932556,3,1,0.75,0,True,False,0.8898,30.135987974687502,348,348,F:\项目\专利\uav_dynamic_task_allocation\checkpoints\strike_order_dqn\latest.pt,,
88,1,"[8, 6, 7, 5]",226.61090279896297,18.755364148520282,4,4,2.643760621547699,4,0,1.0,0,True,False,0.8885333333333334,30.135987974687502,352,352,F:\项目\专利\uav_dynamic_task_allocation\checkpoints\strike_order_dqn\latest.pt,,
89,3,"[14, 15, 16, 13]",131.81001590286493,22.83455840964945,4,4,2.358592212200165,4,0,1.0,0,True,False,0.8872666666666666,30.135987974687502,356,356,F:\项目\专利\uav_dynamic_task_allocation\checkpoints\strike_order_dqn\latest.pt,,
90,4,"[20, 18, 17, 19]",243.39657047378893,17.12318576897767,4,4,1.96117502450943,4,0,1.0,0,True,False,0.886,30.135987974687502,360,360,F:\项目\专利\uav_dynamic_task_allocation\checkpoints\strike_order_dqn\latest.pt,,
91,2,"[10, 11, 12, 9]",270.65945821372793,16.116486194709942,4,4,1.974546194076538,4,0,1.0,0,True,False,0.8847333333333334,30.135987974687502,364,364,F:\项目\专利\uav_dynamic_task_allocation\checkpoints\strike_order_dqn\latest.pt,,
92,4,"[19, 17, 18, 20]",225.96140673179957,19.183300509201782,4,4,1.4233127534389496,4,0,1.0,0,True,False,0.8834666666666666,30.135987974687502,368,368,F:\项目\专利\uav_dynamic_task_allocation\checkpoints\strike_order_dqn\latest.pt,,
93,4,"[18, 20, 19, 17]",229.4537289962148,17.283417073766742,4,4,1.9421434998512268,2,2,0.5,0,True,False,0.8822,30.135987974687502,372,372,F:\项目\专利\uav_dynamic_task_allocation\checkpoints\strike_order_dqn\latest.pt,,
94,1,"[7, 5, 8, 6]",173.96057184895602,21.953403967571337,4,4,1.527891367673874,4,0,1.0,0,True,False,0.8809333333333333,30.135987974687502,376,376,F:\项目\专利\uav_dynamic_task_allocation\checkpoints\strike_order_dqn\latest.pt,,
95,4,"[17, 18, 20, 19]",250.544713080887,16.95963895868179,4,4,1.3277414441108704,4,0,1.0,0,True,False,0.8796666666666667,30.135987974687502,380,380,F:\项目\专利\uav_dynamic_task_allocation\checkpoints\strike_order_dqn\latest.pt,,
96,1,"[5, 8, 6, 7]",200.39365931189104,28.565930775881494,4,4,1.747395634651184,4,0,1.0,0,True,False,0.8784,30.135987974687502,384,384,F:\项目\专利\uav_dynamic_task_allocation\checkpoints\strike_order_dqn\latest.pt,,
97,1,"[7, 8, 5, 6]",153.3103074252724,21.556848934156413,4,4,1.29767906665802,4,0,1.0,0,True,False,0.8771333333333333,30.135987974687502,388,388,F:\项目\专利\uav_dynamic_task_allocation\checkpoints\strike_order_dqn\latest.pt,,
98,3,"[15, 13, 16, 14]",110.72440362060973,26.524306284948956,4,4,2.3030924201011658,2,2,0.5,0,True,False,0.8758666666666667,30.135987974687502,392,392,F:\项目\专利\uav_dynamic_task_allocation\checkpoints\strike_order_dqn\latest.pt,,
99,3,"[16, 15, 14, 13]",148.5227105225995,21.377157978993154,4,4,1.6288594603538513,4,0,1.0,0,True,False,0.8746,30.135987974687502,396,396,F:\项目\专利\uav_dynamic_task_allocation\checkpoints\strike_order_dqn\latest.pt,,
100,0,"[3, 2, 1, 4]",214.78378878737476,18.239858089155398,4,4,3.8442667424678802,4,0,1.0,0,True,False,0.8733333333333333,30.135987974687502,400,400,F:\项目\专利\uav_dynamic_task_allocation\checkpoints\strike_order_dqn\latest.pt,,
101,4,"[19, 17, 18, 20]",225.96140673179957,19.183300509201782,4,4,7.446776032447815,2,2,0.5,0,True,False,0.8720666666666667,30.135987974687502,404,404,F:\项目\专利\uav_dynamic_task_allocation\checkpoints\strike_order_dqn\latest.pt,,
102,0,"[4, 1, 2, 3]",203.35895948892696,20.013076246536983,4,4,5.847753524780273,4,0,1.0,0,True,False,0.8708,30.135987974687502,408,408,F:\项目\专利\uav_dynamic_task_allocation\checkpoints\strike_order_dqn\latest.pt,,
103,4,"[20, 17, 19, 18]",163.52770884030468,20.317524759490777,4,4,4.51178777217865,3,1,0.75,0,True,False,0.8695333333333333,30.135987974687502,412,412,F:\项目\专利\uav_dynamic_task_allocation\checkpoints\strike_order_dqn\latest.pt,,
104,0,"[1, 2, 4, 3]",165.4992225134303,24.752069426272065,4,4,3.4488099813461304,4,0,1.0,0,True,False,0.8682666666666667,30.135987974687502,416,416,F:\项目\专利\uav_dynamic_task_allocation\checkpoints\strike_order_dqn\latest.pt,,
105,3,"[14, 16, 15, 13]",140.5606449553453,22.56894573534386,4,4,3.1007905304431915,4,0,1.0,0,True,False,0.867,30.135987974687502,420,420,F:\项目\专利\uav_dynamic_task_allocation\checkpoints\strike_order_dqn\latest.pt,,
106,3,"[15, 13, 16, 14]",110.72440362060973,26.524306284948956,4,4,2.1828337907791138,4,0,1.0,0,True,False,0.8657333333333334,30.135987974687502,424,424,F:\项目\专利\uav_dynamic_task_allocation\checkpoints\strike_order_dqn\latest.pt,,
107,3,"[14, 16, 15, 13]",140.5606449553453,22.56894573534386,4,4,2.1046470403671265,3,1,0.75,0,True,False,0.8644666666666667,30.135987974687502,428,428,F:\项目\专利\uav_dynamic_task_allocation\checkpoints\strike_order_dqn\latest.pt,,
108,3,"[13, 16, 15, 14]",116.10182393712081,26.366462669072508,4,4,1.7746750712394714,4,0,1.0,0,True,False,0.8632,30.135987974687502,432,432,F:\项目\专利\uav_dynamic_task_allocation\checkpoints\strike_order_dqn\latest.pt,,
109,2,"[11, 9, 10, 12]",227.06994610847113,17.83864149511276,4,4,1.8131837844848633,3,1,0.75,0,True,False,0.8619333333333333,30.135987974687502,436,436,F:\项目\专利\uav_dynamic_task_allocation\checkpoints\strike_order_dqn\latest.pt,,
110,3,"[13, 15, 16, 14]",124.85245298960119,26.100849994766918,4,4,1.301487997174263,4,0,1.0,0,True,False,0.8606666666666667,30.135987974687502,440,440,F:\项目\专利\uav_dynamic_task_allocation\checkpoints\strike_order_dqn\latest.pt,,
111,1,"[7, 5, 8, 6]",173.96057184895602,21.953403967571337,4,4,1.656537115573883,3,1,0.75,0,True,False,0.8594,30.135987974687502,444,444,F:\项目\专利\uav_dynamic_task_allocation\checkpoints\strike_order_dqn\latest.pt,,
112,3,"[15, 16, 13, 14]",127.49083268112011,24.354924389981292,4,4,1.7472601532936096,3,1,0.75,0,True,False,0.8581333333333333,30.135987974687502,448,448,F:\项目\专利\uav_dynamic_task_allocation\checkpoints\strike_order_dqn\latest.pt,,
113,2,"[9, 12, 11, 10]",260.1067023835589,16.613362458185996,4,4,1.7512964010238647,2,2,0.5,0,True,False,0.8568666666666667,30.135987974687502,452,452,F:\项目\专利\uav_dynamic_task_allocation\checkpoints\strike_order_dqn\latest.pt,,
114,2,"[12, 10, 9, 11]",219.7060500282308,18.350952970962638,4,4,0.923106461763382,3,1,0.75,0,True,False,0.8556,30.135987974687502,456,456,F:\项目\专利\uav_dynamic_task_allocation\checkpoints\strike_order_dqn\latest.pt,,
115,2,"[12, 11, 10, 9]",285.2494774767701,16.522889484125713,4,4,1.0079456567764282,4,0,1.0,0,True,False,0.8543333333333334,30.135987974687502,460,460,F:\项目\专利\uav_dynamic_task_allocation\checkpoints\strike_order_dqn\latest.pt,,
116,2,"[11, 12, 9, 10]",271.1131172714322,16.43930813433778,4,4,1.2549862265586853,3,1,0.75,0,True,False,0.8530666666666666,30.135987974687502,464,464,F:\项目\专利\uav_dynamic_task_allocation\checkpoints\strike_order_dqn\latest.pt,,
117,0,"[3, 1, 4, 2]",220.49059867947204,18.551929457260478,4,4,1.5346805155277252,3,1,0.75,0,True,False,0.8518,30.135987974687502,468,468,F:\项目\专利\uav_dynamic_task_allocation\checkpoints\strike_order_dqn\latest.pt,,
118,0,"[2, 4, 1, 3]",215.4025964068288,19.153797349410187,4,4,1.2142900228500366,4,0,1.0,0,True,False,0.8505333333333334,30.135987974687502,472,472,F:\项目\专利\uav_dynamic_task_allocation\checkpoints\strike_order_dqn\latest.pt,,
119,1,"[6, 8, 7, 5]",210.70818941578588,19.115905730806265,4,4,1.5974265933036804,3,1,0.75,0,True,False,0.8492666666666666,30.135987974687502,476,476,F:\项目\专利\uav_dynamic_task_allocation\checkpoints\strike_order_dqn\latest.pt,,
120,0,"[2, 4, 1, 3]",215.4025964068288,19.153797349410187,4,4,1.0931578874588013,3,1,0.75,0,True,False,0.848,30.135987974687502,480,480,F:\项目\专利\uav_dynamic_task_allocation\checkpoints\strike_order_dqn\latest.pt,,
121,2,"[11, 9, 12, 10]",195.22686250124153,18.40278416071593,4,4,1.0998415052890778,4,0,1.0,0,True,False,0.8467333333333333,30.135987974687502,484,484,F:\项目\专利\uav_dynamic_task_allocation\checkpoints\strike_order_dqn\latest.pt,,
122,3,"[13, 14, 15, 16]",138.68555427061136,24.119297511522852,4,4,1.480170950293541,2,2,0.5,0,True,False,0.8454666666666667,30.135987974687502,488,488,F:\项目\专利\uav_dynamic_task_allocation\checkpoints\strike_order_dqn\latest.pt,,
123,3,"[13, 14, 15, 16]",138.68555427061136,24.119297511522852,4,4,1.170484483242035,3,1,0.75,0,True,False,0.8442000000000001,30.135987974687502,492,492,F:\项目\专利\uav_dynamic_task_allocation\checkpoints\strike_order_dqn\latest.pt,,
124,2,"[9, 11, 12, 10]",209.42933638811832,18.11902167038629,4,4,1.2474976629018784,3,1,0.75,0,True,False,0.8429333333333333,30.135987974687502,496,496,F:\项目\专利\uav_dynamic_task_allocation\checkpoints\strike_order_dqn\latest.pt,,
125,4,"[18, 19, 20, 17]",175.99124657227856,19.8191363658509,4,4,2.0161074101924896,3,1,0.75,0,True,False,0.8416666666666667,30.135987974687502,500,500,F:\项目\专利\uav_dynamic_task_allocation\checkpoints\strike_order_dqn\latest.pt,,
126,2,"[10, 9, 12, 11]",281.0022855353793,15.981073655168718,4,4,4.3348822593688965,3,1,0.75,0,True,False,0.8404,30.135987974687502,504,504,F:\项目\专利\uav_dynamic_task_allocation\checkpoints\strike_order_dqn\latest.pt,,
127,0,"[3, 2, 1, 4]",214.78378878737476,18.239858089155398,4,4,3.2605425119400024,3,1,0.75,0,True,False,0.8391333333333333,30.135987974687502,508,508,F:\项目\专利\uav_dynamic_task_allocation\checkpoints\strike_order_dqn\latest.pt,,
128,3,"[14, 13, 15, 16]",137.33867674866462,22.717779536450283,4,4,2.564921736717224,4,0,1.0,0,True,False,0.8378666666666666,30.135987974687502,512,512,F:\项目\专利\uav_dynamic_task_allocation\checkpoints\strike_order_dqn\latest.pt,,
129,2,"[12, 11, 10, 9]",285.2494774767701,16.522889484125713,4,4,2.2879629135131836,3,1,0.75,0,True,False,0.8366,30.135987974687502,516,516,F:\项目\专利\uav_dynamic_task_allocation\checkpoints\strike_order_dqn\latest.pt,,
130,3,"[14, 16, 15, 13]",140.5606449553453,22.56894573534386,4,4,1.3842526972293854,4,0,1.0,0,True,False,0.8353333333333334,30.135987974687502,520,520,F:\项目\专利\uav_dynamic_task_allocation\checkpoints\strike_order_dqn\latest.pt,,
131,2,"[11, 10, 9, 12]",277.7473121039117,16.332982282912475,4,4,1.2756703794002533,4,0,1.0,0,True,False,0.8340666666666667,30.135987974687502,524,524,F:\项目\专利\uav_dynamic_task_allocation\checkpoints\strike_order_dqn\latest.pt,,
132,2,"[9, 10, 11, 12]",291.9497859907885,16.04921979258283,4,4,1.2366861701011658,3,1,0.75,0,True,False,0.8328,30.135987974687502,528,528,F:\项目\专利\uav_dynamic_task_allocation\checkpoints\strike_order_dqn\latest.pt,,
133,0,"[4, 3, 2, 1]",143.75447345561832,27.15430895066569,4,4,1.813757836818695,4,0,1.0,0,True,False,0.8315333333333333,30.135987974687502,532,532,F:\项目\专利\uav_dynamic_task_allocation\checkpoints\strike_order_dqn\latest.pt,,
134,2,"[9, 11, 10, 12]",216.06353122059784,18.012695818960978,4,4,1.5141956210136414,3,1,0.75,0,True,False,0.8302666666666667,30.135987974687502,536,536,F:\项目\专利\uav_dynamic_task_allocation\checkpoints\strike_order_dqn\latest.pt,,
135,3,"[14, 16, 13, 15]",121.90913142152347,24.602782444872584,4,4,1.223256602883339,3,1,0.75,0,True,False,0.829,30.135987974687502,540,540,F:\项目\专利\uav_dynamic_task_allocation\checkpoints\strike_order_dqn\latest.pt,,
136,1,"[5, 6, 7, 8]",176.18593953275735,28.57149701761014,4,4,0.9733222424983978,4,0,1.0,0,True,False,0.8277333333333333,30.135987974687502,544,544,F:\项目\专利\uav_dynamic_task_allocation\checkpoints\strike_order_dqn\latest.pt,,
137,3,"[16, 13, 15, 14]",105.95058292191784,25.942538832616897,4,4,1.4305948317050934,4,0,1.0,0,True,False,0.8264666666666667,30.135987974687502,548,548,F:\项目\专利\uav_dynamic_task_allocation\checkpoints\strike_order_dqn\latest.pt,,
138,0,"[2, 4, 1, 3]",215.4025964068288,19.153797349410187,4,4,0.988758772611618,4,0,1.0,0,True,False,0.8252,30.135987974687502,552,552,F:\项目\专利\uav_dynamic_task_allocation\checkpoints\strike_order_dqn\latest.pt,,
139,1,"[6, 5, 7, 8]",179.24280076645087,19.713372735509566,4,4,1.3986404538154602,3,1,0.75,0,True,False,0.8239333333333334,30.135987974687502,556,556,F:\项目\专利\uav_dynamic_task_allocation\checkpoints\strike_order_dqn\latest.pt,,
140,2,"[9, 10, 11, 12]",291.9497859907885,16.04921979258283,4,4,1.1350260376930237,4,0,1.0,0,True,False,0.8226666666666667,30.135987974687502,560,560,F:\项目\专利\uav_dynamic_task_allocation\checkpoints\strike_order_dqn\latest.pt,,
141,4,"[20, 19, 17, 18]",228.88997572862834,17.443435247153907,4,4,0.8795987069606781,4,0,1.0,0,True,False,0.8214,30.135987974687502,564,564,F:\项目\专利\uav_dynamic_task_allocation\checkpoints\strike_order_dqn\latest.pt,,
142,1,"[5, 8, 7, 6]",149.2377467868531,30.0298134782743,4,4,0.954573854804039,4,0,1.0,0,True,False,0.8201333333333334,30.135987974687502,568,568,F:\项目\专利\uav_dynamic_task_allocation\checkpoints\strike_order_dqn\latest.pt,,
143,1,"[7, 5, 8, 6]",173.96057184895602,21.953403967571337,4,4,0.9723871350288391,4,0,1.0,0,True,False,0.8188666666666666,30.135987974687502,572,572,F:\项目\专利\uav_dynamic_task_allocation\checkpoints\strike_order_dqn\latest.pt,,
144,2,"[9, 10, 11, 12]",291.9497859907885,16.04921979258283,4,4,0.9130030572414398,4,0,1.0,0,True,False,0.8176,30.135987974687502,576,576,F:\项目\专利\uav_dynamic_task_allocation\checkpoints\strike_order_dqn\latest.pt,,
145,4,"[19, 18, 20, 17]",169.56104208358724,21.76935026904001,4,4,0.8373939692974091,2,2,0.5,0,True,False,0.8163333333333334,30.135987974687502,580,580,F:\项目\专利\uav_dynamic_task_allocation\checkpoints\strike_order_dqn\latest.pt,,
146,4,"[20, 18, 19, 17]",193.29692853820552,19.438312496435564,4,4,0.7301355302333832,2,2,0.5,0,True,False,0.8150666666666667,30.135987974687502,584,584,F:\项目\专利\uav_dynamic_task_allocation\checkpoints\strike_order_dqn\latest.pt,,
147,0,"[4, 3, 2, 1]",143.75447345561832,27.15430895066569,4,4,1.1606986820697784,3,1,0.75,0,True,False,0.8138,30.135987974687502,588,588,F:\项目\专利\uav_dynamic_task_allocation\checkpoints\strike_order_dqn\latest.pt,,
148,1,"[7, 8, 6, 5]",211.72388882051166,19.50106546878895,4,4,1.1623339504003525,4,0,1.0,0,True,False,0.8125333333333333,30.135987974687502,592,592,F:\项目\专利\uav_dynamic_task_allocation\checkpoints\strike_order_dqn\latest.pt,,
149,4,"[18, 20, 17, 19]",214.19110404347458,17.842379858645714,4,4,0.6775171533226967,4,0,1.0,0,True,False,0.8112666666666667,30.135987974687502,596,596,F:\项目\专利\uav_dynamic_task_allocation\checkpoints\strike_order_dqn\latest.pt,,
150,0,"[4, 3, 1, 2]",178.27976535289113,26.243832350219726,4,4,1.2585360407829285,4,0,1.0,0,True,False,0.81,30.135987974687502,600,600,F:\项目\专利\uav_dynamic_task_allocation\checkpoints\strike_order_dqn\latest.pt,,
151,4,"[20, 19, 18, 17]",205.19671300259293,19.09994227618285,4,4,2.3322576880455017,4,0,1.0,0,True,False,0.8087333333333333,30.135987974687502,604,604,F:\项目\专利\uav_dynamic_task_allocation\checkpoints\strike_order_dqn\latest.pt,,
152,1,"[5, 8, 7, 6]",149.2377467868531,30.0298134782743,4,4,1.2053521871566772,2,2,0.5,0,True,False,0.8074666666666667,30.135987974687502,608,608,F:\项目\专利\uav_dynamic_task_allocation\checkpoints\strike_order_dqn\latest.pt,,
153,4,"[17, 19, 18, 20]",191.4831689051923,19.56280543863833,4,4,1.3411556482315063,2,2,0.5,0,True,False,0.8062,30.135987974687502,612,612,F:\项目\专利\uav_dynamic_task_allocation\checkpoints\strike_order_dqn\latest.pt,,
154,1,"[5, 6, 7, 8]",176.18593953275735,28.57149701761014,4,4,1.389674961566925,4,0,1.0,0,True,False,0.8049333333333333,30.135987974687502,616,616,F:\项目\专利\uav_dynamic_task_allocation\checkpoints\strike_order_dqn\latest.pt,,
155,2,"[9, 10, 11, 12]",291.9497859907885,16.04921979258283,4,4,1.2523846924304962,2,2,0.5,0,True,False,0.8036666666666666,30.135987974687502,620,620,F:\项目\专利\uav_dynamic_task_allocation\checkpoints\strike_order_dqn\latest.pt,,
156,3,"[13, 14, 16, 15]",148.773067056461,23.569305850671903,4,4,1.3136056810617447,4,0,1.0,0,True,False,0.8024,30.135987974687502,624,624,F:\项目\专利\uav_dynamic_task_allocation\checkpoints\strike_order_dqn\latest.pt,,
157,0,"[4, 2, 3, 1]",184.447053556711,21.064568425993755,4,4,1.0632733255624771,3,1,0.75,0,True,False,0.8011333333333334,30.135987974687502,628,628,F:\项目\专利\uav_dynamic_task_allocation\checkpoints\strike_order_dqn\latest.pt,,
158,2,"[12, 9, 10, 11]",270.3834160236714,16.84529375876235,4,4,0.9348444640636444,4,0,1.0,0,True,False,0.7998666666666667,30.135987974687502,632,632,F:\项目\专利\uav_dynamic_task_allocation\checkpoints\strike_order_dqn\latest.pt,,
159,2,"[9, 11, 10, 12]",216.06353122059784,18.012695818960978,4,4,0.8275353461503983,2,2,0.5,0,True,False,0.7986,30.135987974687502,636,636,F:\项目\专利\uav_dynamic_task_allocation\checkpoints\strike_order_dqn\latest.pt,,
160,3,"[13, 16, 15, 14]",116.10182393712081,26.366462669072508,4,4,1.0378808677196503,3,1,0.75,0,True,False,0.7973333333333333,30.135987974687502,640,640,F:\项目\专利\uav_dynamic_task_allocation\checkpoints\strike_order_dqn\latest.pt,,
161,4,"[20, 18, 19, 17]",193.29692853820552,19.438312496435564,4,4,0.8475474715232849,4,0,1.0,0,True,False,0.7960666666666667,30.135987974687502,644,644,F:\项目\专利\uav_dynamic_task_allocation\checkpoints\strike_order_dqn\latest.pt,,
162,3,"[15, 16, 13, 14]",127.49083268112011,24.354924389981292,4,4,0.6394343823194504,3,1,0.75,0,True,False,0.7948,30.135987974687502,648,648,F:\项目\专利\uav_dynamic_task_allocation\checkpoints\strike_order_dqn\latest.pt,,
163,2,"[9, 11, 10, 12]",216.06353122059784,18.012695818960978,4,4,0.6129134893417358,2,2,0.5,0,True,False,0.7935333333333333,30.135987974687502,652,652,F:\项目\专利\uav_dynamic_task_allocation\checkpoints\strike_order_dqn\latest.pt,,
164,2,"[10, 9, 11, 12]",261.8985576628925,16.732294620637,4,4,0.5294713154435158,3,1,0.75,0,True,False,0.7922666666666667,30.135987974687502,656,656,F:\项目\专利\uav_dynamic_task_allocation\checkpoints\strike_order_dqn\latest.pt,,
165,2,"[9, 11, 10, 12]",216.06353122059784,18.012695818960978,4,4,0.7085713893175125,3,1,0.75,0,True,False,0.791,30.135987974687502,660,660,F:\项目\专利\uav_dynamic_task_allocation\checkpoints\strike_order_dqn\latest.pt,,
166,4,"[17, 19, 20, 18]",224.138333871339,17.61825865711074,4,4,0.6595330685377121,3,1,0.75,0,True,False,0.7897333333333334,30.135987974687502,664,664,F:\项目\专利\uav_dynamic_task_allocation\checkpoints\strike_order_dqn\latest.pt,,
167,1,"[6, 7, 5, 8]",184.52498436041088,20.003753272511286,4,4,0.4974972605705261,4,0,1.0,0,True,False,0.7884666666666666,30.135987974687502,668,668,F:\项目\专利\uav_dynamic_task_allocation\checkpoints\strike_order_dqn\latest.pt,,
168,0,"[4, 3, 1, 2]",178.27976535289113,26.243832350219726,4,4,0.7645072788000107,2,2,0.5,0,True,False,0.7872,30.135987974687502,672,672,F:\项目\专利\uav_dynamic_task_allocation\checkpoints\strike_order_dqn\latest.pt,,
169,1,"[8, 7, 5, 6]",162.9151378097637,20.520767076886024,4,4,0.767343670129776,4,0,1.0,0,True,False,0.7859333333333334,30.135987974687502,676,676,F:\项目\专利\uav_dynamic_task_allocation\checkpoints\strike_order_dqn\latest.pt,,
170,0,"[1, 2, 4, 3]",165.4992225134303,24.752069426272065,4,4,0.3850269019603729,3,1,0.75,0,True,False,0.7846666666666666,30.135987974687502,680,680,F:\项目\专利\uav_dynamic_task_allocation\checkpoints\strike_order_dqn\latest.pt,,
171,0,"[4, 1, 2, 3]",203.35895948892696,20.013076246536983,4,4,0.553388275206089,3,1,0.75,0,True,False,0.7834,30.135987974687502,684,684,F:\项目\专利\uav_dynamic_task_allocation\checkpoints\strike_order_dqn\latest.pt,,
172,0,"[3, 4, 2, 1]",144.72417449833796,25.999062732197913,4,4,0.3665640205144882,0,4,0.0,0,True,False,0.7821333333333333,30.135987974687502,688,688,F:\项目\专利\uav_dynamic_task_allocation\checkpoints\strike_order_dqn\latest.pt,,
173,3,"[16, 15, 13, 14]",131.4676410349086,23.507544263343647,4,4,0.6040989980101585,4,0,1.0,0,True,False,0.7808666666666667,30.135987974687502,692,692,F:\项目\专利\uav_dynamic_task_allocation\checkpoints\strike_order_dqn\latest.pt,,
174,3,"[13, 15, 16, 14]",124.85245298960119,26.100849994766918,4,4,0.5443411618471146,3,1,0.75,0,True,False,0.7796,30.135987974687502,696,696,F:\项目\专利\uav_dynamic_task_allocation\checkpoints\strike_order_dqn\latest.pt,,
175,3,"[13, 16, 15, 14]",116.10182393712081,26.366462669072508,4,4,0.6832716017961502,4,0,1.0,0,True,False,0.7783333333333333,30.135987974687502,700,700,F:\项目\专利\uav_dynamic_task_allocation\checkpoints\strike_order_dqn\latest.pt,,
176,2,"[10, 9, 12, 11]",281.0022855353793,15.981073655168718,4,4,0.9596701711416245,3,1,0.75,0,True,False,0.7770666666666667,30.135987974687502,704,704,F:\项目\专利\uav_dynamic_task_allocation\checkpoints\strike_order_dqn\latest.pt,,
177,3,"[13, 16, 14, 15]",123.25600894347023,26.004300419945153,4,4,1.079787239432335,4,0,1.0,0,True,False,0.7758,30.135987974687502,708,708,F:\项目\专利\uav_dynamic_task_allocation\checkpoints\strike_order_dqn\latest.pt,,
178,0,"[4, 1, 2, 3]",203.35895948892696,20.013076246536983,4,4,0.8730822950601578,3,1,0.75,0,True,False,0.7745333333333333,30.135987974687502,712,712,F:\项目\专利\uav_dynamic_task_allocation\checkpoints\strike_order_dqn\latest.pt,,
179,4,"[19, 18, 20, 17]",169.56104208358724,21.76935026904001,4,4,0.7850997298955917,3,1,0.75,0,True,False,0.7732666666666667,30.135987974687502,716,716,F:\项目\专利\uav_dynamic_task_allocation\checkpoints\strike_order_dqn\latest.pt,,
180,2,"[9, 11, 12, 10]",209.42933638811832,18.11902167038629,4,4,0.8418290913105011,2,2,0.5,0,True,False,0.772,30.135987974687502,720,720,F:\项目\专利\uav_dynamic_task_allocation\checkpoints\strike_order_dqn\latest.pt,,
181,4,"[20, 18, 19, 17]",193.29692853820552,19.438312496435564,4,4,0.6394598335027695,4,0,1.0,0,True,False,0.7707333333333333,30.135987974687502,724,724,F:\项目\专利\uav_dynamic_task_allocation\checkpoints\strike_order_dqn\latest.pt,,
182,0,"[1, 4, 3, 2]",182.20971284402432,23.999252705643798,4,4,0.8191200979053974,3,1,0.75,0,True,False,0.7694666666666667,30.135987974687502,728,728,F:\项目\专利\uav_dynamic_task_allocation\checkpoints\strike_order_dqn\latest.pt,,
183,2,"[12, 9, 10, 11]",270.3834160236714,16.84529375876235,4,4,0.7017321810126305,3,1,0.75,0,True,False,0.7682,30.135987974687502,732,732,F:\项目\专利\uav_dynamic_task_allocation\checkpoints\strike_order_dqn\latest.pt,,
184,3,"[13, 14, 15, 16]",138.68555427061136,24.119297511522852,4,4,0.786206491291523,4,0,1.0,0,True,False,0.7669333333333334,30.135987974687502,736,736,F:\项目\专利\uav_dynamic_task_allocation\checkpoints\strike_order_dqn\latest.pt,,
185,2,"[12, 10, 11, 9]",209.3632227065794,18.486365510503862,4,4,0.6295022070407867,3,1,0.75,0,True,False,0.7656666666666667,30.135987974687502,740,740,F:\项目\专利\uav_dynamic_task_allocation\checkpoints\strike_order_dqn\latest.pt,,
186,2,"[12, 11, 10, 9]",285.2494774767701,16.522889484125713,4,4,0.5749380141496658,3,1,0.75,0,True,False,0.7644,30.135987974687502,744,744,F:\项目\专利\uav_dynamic_task_allocation\checkpoints\strike_order_dqn\latest.pt,,
187,0,"[2, 3, 4, 1]",156.34666255628872,25.848113903719355,4,4,0.6483812630176544,3,1,0.75,0,True,False,0.7631333333333333,30.135987974687502,748,748,F:\项目\专利\uav_dynamic_task_allocation\checkpoints\strike_order_dqn\latest.pt,,
188,1,"[6, 7, 5, 8]",184.52498436041088,20.003753272511286,4,4,0.4798467755317688,3,1,0.75,0,True,False,0.7618666666666667,30.135987974687502,752,752,F:\项目\专利\uav_dynamic_task_allocation\checkpoints\strike_order_dqn\latest.pt,,
189,1,"[6, 7, 8, 5]",195.34010858606229,19.009731234393062,4,4,0.5356197208166122,4,0,1.0,0,True,False,0.7605999999999999,30.135987974687502,756,756,F:\项目\专利\uav_dynamic_task_allocation\checkpoints\strike_order_dqn\latest.pt,,
190,1,"[5, 7, 8, 6]",164.60582761657668,30.135987974687502,4,4,0.6234667748212814,3,1,0.75,0,True,False,0.7593333333333333,30.135987974687502,760,760,F:\项目\专利\uav_dynamic_task_allocation\checkpoints\strike_order_dqn\latest.pt,,
191,3,"[14, 15, 16, 13]",131.81001590286493,22.83455840964945,4,4,0.4514244794845581,4,0,1.0,0,True,False,0.7580666666666667,30.135987974687502,764,764,F:\项目\专利\uav_dynamic_task_allocation\checkpoints\strike_order_dqn\latest.pt,,
192,3,"[16, 15, 13, 14]",131.4676410349086,23.507544263343647,4,4,0.49695713073015213,4,0,1.0,0,True,False,0.7568,30.135987974687502,768,768,F:\项目\专利\uav_dynamic_task_allocation\checkpoints\strike_order_dqn\latest.pt,,
193,3,"[13, 16, 14, 15]",123.25600894347023,26.004300419945153,4,4,0.6224088072776794,2,2,0.5,0,True,False,0.7555333333333334,30.135987974687502,772,772,F:\项目\专利\uav_dynamic_task_allocation\checkpoints\strike_order_dqn\latest.pt,,
194,1,"[6, 7, 5, 8]",184.52498436041088,20.003753272511286,4,4,0.46502217650413513,4,0,1.0,0,True,False,0.7542666666666666,30.135987974687502,776,776,F:\项目\专利\uav_dynamic_task_allocation\checkpoints\strike_order_dqn\latest.pt,,
195,4,"[19, 20, 17, 18]",205.15408927401,19.774473019758354,4,4,0.41748402267694473,4,0,1.0,0,True,False,0.753,30.135987974687502,780,780,F:\项目\专利\uav_dynamic_task_allocation\checkpoints\strike_order_dqn\latest.pt,,
196,0,"[2, 4, 1, 3]",215.4025964068288,19.153797349410187,4,4,0.47766969352960587,4,0,1.0,0,True,False,0.7517333333333334,30.135987974687502,784,784,F:\项目\专利\uav_dynamic_task_allocation\checkpoints\strike_order_dqn\latest.pt,,
197,1,"[6, 5, 7, 8]",179.24280076645087,19.713372735509566,4,4,0.44177301973104477,3,1,0.75,0,True,False,0.7504666666666667,30.135987974687502,788,788,F:\项目\专利\uav_dynamic_task_allocation\checkpoints\strike_order_dqn\latest.pt,,
198,0,"[4, 1, 2, 3]",203.35895948892696,20.013076246536983,4,4,0.384417362511158,4,0,1.0,0,True,False,0.7492,30.135987974687502,792,792,F:\项目\专利\uav_dynamic_task_allocation\checkpoints\strike_order_dqn\latest.pt,,
199,1,"[6, 5, 8, 7]",182.80025612190096,19.311251460366,4,4,0.45942846685647964,3,1,0.75,0,True,False,0.7479333333333333,30.135987974687502,796,796,F:\项目\专利\uav_dynamic_task_allocation\checkpoints\strike_order_dqn\latest.pt,,
200,4,"[20, 19, 17, 18]",228.88997572862834,17.443435247153907,4,4,0.4777616187930107,4,0,1.0,0,True,False,0.7466666666666667,30.135987974687502,800,800,F:\项目\专利\uav_dynamic_task_allocation\checkpoints\strike_order_dqn\latest.pt,,
201,1,"[5, 7, 8, 6]",164.60582761657668,30.135987974687502,4,4,0.775566890835762,3,1,0.75,0,True,False,0.7454000000000001,30.135987974687502,804,804,F:\项目\专利\uav_dynamic_task_allocation\checkpoints\strike_order_dqn\latest.pt,,
202,4,"[19, 17, 18, 20]",225.96140673179957,19.183300509201782,4,4,0.6446081101894379,2,2,0.5,0,True,False,0.7441333333333333,30.135987974687502,808,808,F:\项目\专利\uav_dynamic_task_allocation\checkpoints\strike_order_dqn\latest.pt,,
203,2,"[12, 11, 9, 10]",244.64549331870504,17.702840575655934,4,4,0.4650033488869667,4,0,1.0,0,True,False,0.7428666666666667,30.135987974687502,812,812,F:\项目\专利\uav_dynamic_task_allocation\checkpoints\strike_order_dqn\latest.pt,,
204,3,"[14, 15, 13, 16]",111.82161863567384,25.152774105723537,4,4,0.8232318311929703,1,3,0.25,0,True,False,0.7416,30.135987974687502,816,816,F:\项目\专利\uav_dynamic_task_allocation\checkpoints\strike_order_dqn\latest.pt,,
205,2,"[9, 11, 10, 12]",216.06353122059784,18.012695818960978,4,4,0.4930589497089386,1,3,0.25,0,True,False,0.7403333333333333,30.135987974687502,820,820,F:\项目\专利\uav_dynamic_task_allocation\checkpoints\strike_order_dqn\latest.pt,,
206,1,"[8, 6, 7, 5]",226.61090279896297,18.755364148520282,4,4,0.48440001904964447,4,0,1.0,0,True,False,0.7390666666666666,30.135987974687502,824,824,F:\项目\专利\uav_dynamic_task_allocation\checkpoints\strike_order_dqn\latest.pt,,
207,3,"[14, 15, 13, 16]",111.82161863567384,25.152774105723537,4,4,0.4122811108827591,2,2,0.5,0,True,False,0.7378,30.135987974687502,828,828,F:\项目\专利\uav_dynamic_task_allocation\checkpoints\strike_order_dqn\latest.pt,,
208,4,"[18, 17, 19, 20]",232.39161122049092,17.233086606012673,4,4,0.556037038564682,2,2,0.5,0,True,False,0.7365333333333334,30.135987974687502,832,832,F:\项目\专利\uav_dynamic_task_allocation\checkpoints\strike_order_dqn\latest.pt,,
209,1,"[7, 8, 5, 6]",153.3103074252724,21.556848934156413,4,4,0.45624154806137085,4,0,1.0,0,True,False,0.7352666666666667,30.135987974687502,836,836,F:\项目\专利\uav_dynamic_task_allocation\checkpoints\strike_order_dqn\latest.pt,,
210,3,"[16, 14, 13, 15]",138.62182604125803,23.14538201421629,4,4,0.47363660484552383,2,2,0.5,0,True,False,0.734,30.135987974687502,840,840,F:\项目\专利\uav_dynamic_task_allocation\checkpoints\strike_order_dqn\latest.pt,,
211,1,"[7, 6, 8, 5]",217.0060724144717,19.79144600579067,4,4,0.30399928241968155,3,1,0.75,0,True,False,0.7327333333333333,30.135987974687502,844,844,F:\项目\专利\uav_dynamic_task_allocation\checkpoints\strike_order_dqn\latest.pt,,
212,3,"[14, 16, 13, 15]",121.90913142152347,24.602782444872584,4,4,0.45021311938762665,3,1,0.75,0,True,False,0.7314666666666667,30.135987974687502,848,848,F:\项目\专利\uav_dynamic_task_allocation\checkpoints\strike_order_dqn\latest.pt,,
213,3,"[13, 15, 14, 16]",121.91912521010097,26.288679406490516,4,4,0.4216577783226967,3,1,0.75,0,True,False,0.7302,30.135987974687502,852,852,F:\项目\专利\uav_dynamic_task_allocation\checkpoints\strike_order_dqn\latest.pt,,
214,2,"[12, 11, 9, 10]",244.64549331870504,17.702840575655934,4,4,0.3895901218056679,3,1,0.75,0,True,False,0.7289333333333334,30.135987974687502,856,856,F:\项目\专利\uav_dynamic_task_allocation\checkpoints\strike_order_dqn\latest.pt,,
215,3,"[15, 13, 14, 16]",133.3081339541003,24.277141127399297,4,4,0.3187719136476517,4,0,1.0,0,True,False,0.7276666666666667,30.135987974687502,860,860,F:\项目\专利\uav_dynamic_task_allocation\checkpoints\strike_order_dqn\latest.pt,,
216,1,"[5, 8, 7, 6]",149.2377467868531,30.0298134782743,4,4,0.3871428072452545,1,3,0.25,0,True,False,0.7264,30.135987974687502,864,864,F:\项目\专利\uav_dynamic_task_allocation\checkpoints\strike_order_dqn\latest.pt,,
217,0,"[1, 3, 4, 2]",181.66116066125574,24.446168855463334,4,4,0.37650126591324806,2,2,0.5,0,True,False,0.7251333333333334,30.135987974687502,868,868,F:\项目\专利\uav_dynamic_task_allocation\checkpoints\strike_order_dqn\latest.pt,,
218,0,"[3, 4, 1, 2]",179.79801857837936,24.64166998193241,4,4,0.2913081720471382,4,0,1.0,0,True,False,0.7238666666666667,30.135987974687502,872,872,F:\项目\专利\uav_dynamic_task_allocation\checkpoints\strike_order_dqn\latest.pt,,
219,2,"[11, 9, 10, 12]",227.06994610847113,17.83864149511276,4,4,0.3784553110599518,3,1,0.75,0,True,False,0.7226,30.135987974687502,876,876,F:\项目\专利\uav_dynamic_task_allocation\checkpoints\strike_order_dqn\latest.pt,,
220,4,"[18, 19, 17, 20]",167.02934433216726,20.107176118349543,4,4,0.294819712638855,2,2,0.5,0,True,False,0.7213333333333334,30.135987974687502,880,880,F:\项目\专利\uav_dynamic_task_allocation\checkpoints\strike_order_dqn\latest.pt,,
221,0,"[4, 1, 3, 2]",219.5208976367524,19.70717567572825,4,4,0.5034780129790306,2,2,0.5,0,True,False,0.7200666666666666,30.135987974687502,884,884,F:\项目\专利\uav_dynamic_task_allocation\checkpoints\strike_order_dqn\latest.pt,,
222,2,"[11, 12, 9, 10]",271.1131172714322,16.43930813433778,4,4,0.4701068699359894,3,1,0.75,0,True,False,0.7188000000000001,30.135987974687502,888,888,F:\项目\专利\uav_dynamic_task_allocation\checkpoints\strike_order_dqn\latest.pt,,
223,3,"[13, 14, 15, 16]",138.68555427061136,24.119297511522852,4,4,0.3750440999865532,3,1,0.75,0,True,False,0.7175333333333334,30.135987974687502,892,892,F:\项目\专利\uav_dynamic_task_allocation\checkpoints\strike_order_dqn\latest.pt,,
224,1,"[5, 8, 6, 7]",200.39365931189104,28.565930775881494,4,4,0.26725437492132187,3,1,0.75,0,True,False,0.7162666666666666,30.135987974687502,896,896,F:\项目\专利\uav_dynamic_task_allocation\checkpoints\strike_order_dqn\latest.pt,,
225,3,"[13, 16, 15, 14]",116.10182393712081,26.366462669072508,4,4,0.3558669611811638,3,1,0.75,0,True,False,0.7150000000000001,30.135987974687502,900,900,F:\项目\专利\uav_dynamic_task_allocation\checkpoints\strike_order_dqn\latest.pt,,
226,1,"[8, 5, 7, 6]",168.19732140372372,20.811147613887744,4,4,0.41228237748146057,1,3,0.25,0,True,False,0.7137333333333333,30.135987974687502,904,904,F:\项目\专利\uav_dynamic_task_allocation\checkpoints\strike_order_dqn\latest.pt,,
227,4,"[18, 19, 20, 17]",175.99124657227856,19.8191363658509,4,4,0.3971782848238945,3,1,0.75,0,True,False,0.7124666666666667,30.135987974687502,908,908,F:\项目\专利\uav_dynamic_task_allocation\checkpoints\strike_order_dqn\latest.pt,,
228,2,"[11, 9, 12, 10]",195.22686250124153,18.40278416071593,4,4,0.4361599385738373,3,1,0.75,0,True,False,0.7112,30.135987974687502,912,912,F:\项目\专利\uav_dynamic_task_allocation\checkpoints\strike_order_dqn\latest.pt,,
229,2,"[12, 10, 9, 11]",219.7060500282308,18.350952970962638,4,4,0.40064724534749985,3,1,0.75,0,True,False,0.7099333333333333,30.135987974687502,916,916,F:\项目\专利\uav_dynamic_task_allocation\checkpoints\strike_order_dqn\latest.pt,,
230,0,"[4, 2, 3, 1]",184.447053556711,21.064568425993755,4,4,0.3567348048090935,3,1,0.75,0,True,False,0.7086666666666668,30.135987974687502,920,920,F:\项目\专利\uav_dynamic_task_allocation\checkpoints\strike_order_dqn\latest.pt,,
231,2,"[10, 11, 12, 9]",270.65945821372793,16.116486194709942,4,4,0.27608514577150345,4,0,1.0,0,True,False,0.7074,30.135987974687502,924,924,F:\项目\专利\uav_dynamic_task_allocation\checkpoints\strike_order_dqn\latest.pt,,
232,4,"[19, 20, 18, 17]",234.92330897191087,18.895260756703138,4,4,0.2991429977118969,4,0,1.0,0,True,False,0.7061333333333333,30.135987974687502,928,928,F:\项目\专利\uav_dynamic_task_allocation\checkpoints\strike_order_dqn\latest.pt,,
233,0,"[4, 3, 1, 2]",178.27976535289113,26.243832350219726,4,4,0.37319043278694153,3,1,0.75,0,True,False,0.7048666666666668,30.135987974687502,932,932,F:\项目\专利\uav_dynamic_task_allocation\checkpoints\strike_order_dqn\latest.pt,,
234,3,"[13, 14, 15, 16]",138.68555427061136,24.119297511522852,4,4,0.5123924687504768,4,0,1.0,0,True,False,0.7036,30.135987974687502,936,936,F:\项目\专利\uav_dynamic_task_allocation\checkpoints\strike_order_dqn\latest.pt,,
235,2,"[11, 9, 10, 12]",227.06994610847113,17.83864149511276,4,4,0.33076339215040207,3,1,0.75,0,True,False,0.7023333333333333,30.135987974687502,940,940,F:\项目\专利\uav_dynamic_task_allocation\checkpoints\strike_order_dqn\latest.pt,,
236,3,"[13, 14, 16, 15]",148.773067056461,23.569305850671903,4,4,0.40627530962228775,4,0,1.0,0,True,False,0.7010666666666667,30.135987974687502,944,944,F:\项目\专利\uav_dynamic_task_allocation\checkpoints\strike_order_dqn\latest.pt,,
237,3,"[13, 15, 16, 14]",124.85245298960119,26.100849994766918,4,4,0.3446026183664799,2,2,0.5,0,True,False,0.6998,30.135987974687502,948,948,F:\项目\专利\uav_dynamic_task_allocation\checkpoints\strike_order_dqn\latest.pt,,
238,2,"[10, 11, 9, 12]",236.68966888814236,17.19011143481486,4,4,0.5099881812930107,2,2,0.5,0,True,False,0.6985333333333333,30.135987974687502,952,952,F:\项目\专利\uav_dynamic_task_allocation\checkpoints\strike_order_dqn\latest.pt,,
239,1,"[5, 6, 8, 7]",195.111475717931,28.275550238879774,4,4,0.3003329783678055,3,1,0.75,0,True,False,0.6972666666666667,30.135987974687502,956,956,F:\项目\专利\uav_dynamic_task_allocation\checkpoints\strike_order_dqn\latest.pt,,
240,3,"[14, 16, 13, 15]",121.90913142152347,24.602782444872584,4,4,0.2508002258837223,3,1,0.75,0,True,False,0.696,30.135987974687502,960,960,F:\项目\专利\uav_dynamic_task_allocation\checkpoints\strike_order_dqn\latest.pt,,
241,0,"[4, 2, 3, 1]",184.447053556711,21.064568425993755,4,4,0.2782077044248581,2,2,0.5,0,True,False,0.6947333333333333,30.135987974687502,964,964,F:\项目\专利\uav_dynamic_task_allocation\checkpoints\strike_order_dqn\latest.pt,,
242,2,"[10, 11, 9, 12]",236.68966888814236,17.19011143481486,4,4,0.22703081369400024,4,0,1.0,0,True,False,0.6934666666666667,30.135987974687502,968,968,F:\项目\专利\uav_dynamic_task_allocation\checkpoints\strike_order_dqn\latest.pt,,
243,0,"[4, 3, 2, 1]",143.75447345561832,27.15430895066569,4,4,0.38095802068710327,4,0,1.0,0,True,False,0.6921999999999999,30.135987974687502,972,972,F:\项目\专利\uav_dynamic_task_allocation\checkpoints\strike_order_dqn\latest.pt,,
244,3,"[14, 13, 15, 16]",137.33867674866462,22.717779536450283,4,4,0.2713277265429497,2,2,0.5,0,True,False,0.6909333333333334,30.135987974687502,976,976,F:\项目\专利\uav_dynamic_task_allocation\checkpoints\strike_order_dqn\latest.pt,,
245,3,"[14, 15, 13, 16]",111.82161863567384,25.152774105723537,4,4,0.3254076987504959,4,0,1.0,0,True,False,0.6896666666666667,30.135987974687502,980,980,F:\项目\专利\uav_dynamic_task_allocation\checkpoints\strike_order_dqn\latest.pt,,
246,0,"[3, 1, 2, 4]",214.23523660460614,18.686774238974937,4,4,0.2780429646372795,4,0,1.0,0,True,False,0.6884,30.135987974687502,984,984,F:\项目\专利\uav_dynamic_task_allocation\checkpoints\strike_order_dqn\latest.pt,,
247,3,"[13, 16, 14, 15]",123.25600894347023,26.004300419945153,4,4,0.2816581130027771,2,2,0.5,0,True,False,0.6871333333333334,30.135987974687502,988,988,F:\项目\专利\uav_dynamic_task_allocation\checkpoints\strike_order_dqn\latest.pt,,
248,2,"[11, 9, 12, 10]",195.22686250124153,18.40278416071593,4,4,0.2868771515786648,3,1,0.75,0,True,False,0.6858666666666666,30.135987974687502,992,992,F:\项目\专利\uav_dynamic_task_allocation\checkpoints\strike_order_dqn\latest.pt,,
249,3,"[15, 16, 13, 14]",127.49083268112011,24.354924389981292,4,4,0.21171315386891365,3,1,0.75,0,True,False,0.6846,30.135987974687502,996,996,F:\项目\专利\uav_dynamic_task_allocation\checkpoints\strike_order_dqn\latest.pt,,
250,0,"[3, 1, 2, 4]",214.23523660460614,18.686774238974937,4,4,0.2934640273451805,3,1,0.75,0,True,False,0.6833333333333333,30.135987974687502,1000,1000,F:\项目\专利\uav_dynamic_task_allocation\checkpoints\strike_order_dqn\latest.pt,,
251,0,"[4, 1, 2, 3]",203.35895948892696,20.013076246536983,4,4,0.28615276888012886,2,2,0.5,0,True,False,0.6820666666666666,30.135987974687502,1004,1004,F:\项目\专利\uav_dynamic_task_allocation\checkpoints\strike_order_dqn\latest.pt,,
252,2,"[9, 11, 12, 10]",209.42933638811832,18.11902167038629,4,4,0.2626965641975403,3,1,0.75,0,True,False,0.6808000000000001,30.135987974687502,1008,1008,F:\项目\专利\uav_dynamic_task_allocation\checkpoints\strike_order_dqn\latest.pt,,
253,0,"[3, 4, 1, 2]",179.79801857837936,24.64166998193241,4,4,0.24212949350476265,2,2,0.5,0,True,False,0.6795333333333333,30.135987974687502,1012,1012,F:\项目\专利\uav_dynamic_task_allocation\checkpoints\strike_order_dqn\latest.pt,,
254,1,"[5, 8, 7, 6]",149.2377467868531,30.0298134782743,4,4,0.20594250597059727,2,2,0.5,0,True,False,0.6782666666666667,30.135987974687502,1016,1016,F:\项目\专利\uav_dynamic_task_allocation\checkpoints\strike_order_dqn\latest.pt,,
255,3,"[13, 14, 16, 15]",148.773067056461,23.569305850671903,4,4,0.27011914923787117,2,2,0.5,0,True,False,0.677,30.135987974687502,1020,1020,F:\项目\专利\uav_dynamic_task_allocation\checkpoints\strike_order_dqn\latest.pt,,
256,0,"[1, 3, 4, 2]",181.66116066125574,24.446168855463334,4,4,0.24844305217266083,3,1,0.75,0,True,False,0.6757333333333333,30.135987974687502,1024,1024,F:\项目\专利\uav_dynamic_task_allocation\checkpoints\strike_order_dqn\latest.pt,,
257,3,"[14, 16, 13, 15]",121.90913142152347,24.602782444872584,4,4,0.22991891205310822,3,1,0.75,0,True,False,0.6744666666666667,30.135987974687502,1028,1028,F:\项目\专利\uav_dynamic_task_allocation\checkpoints\strike_order_dqn\latest.pt,,
258,0,"[4, 3, 2, 1]",143.75447345561832,27.15430895066569,4,4,0.20920265465974808,3,1,0.75,0,True,False,0.6732,30.135987974687502,1032,1032,F:\项目\专利\uav_dynamic_task_allocation\checkpoints\strike_order_dqn\latest.pt,,
259,0,"[4, 2, 1, 3]",202.81040730615837,20.459992396356522,4,4,0.2458819318562746,3,1,0.75,0,True,False,0.6719333333333334,30.135987974687502,1036,1036,F:\项目\专利\uav_dynamic_task_allocation\checkpoints\strike_order_dqn\latest.pt,,
260,2,"[10, 12, 11, 9]",219.98209221828736,17.62214540691023,4,4,0.26597248762845993,4,0,1.0,0,True,False,0.6706666666666667,30.135987974687502,1040,1040,F:\项目\专利\uav_dynamic_task_allocation\checkpoints\strike_order_dqn\latest.pt,,
261,3,"[14, 15, 13, 16]",111.82161863567384,25.152774105723537,4,4,0.23737189546227455,3,1,0.75,0,True,False,0.6694,30.135987974687502,1044,1044,F:\项目\专利\uav_dynamic_task_allocation\checkpoints\strike_order_dqn\latest.pt,,
262,0,"[4, 3, 2, 1]",143.75447345561832,27.15430895066569,4,4,0.1938139759004116,1,3,0.25,0,True,False,0.6681333333333334,30.135987974687502,1048,1048,F:\项目\专利\uav_dynamic_task_allocation\checkpoints\strike_order_dqn\latest.pt,,
263,1,"[7, 5, 6, 8]",200.90876459486026,20.495087506907176,4,4,0.17643123678863049,4,0,1.0,0,True,False,0.6668666666666667,30.135987974687502,1052,1052,F:\项目\专利\uav_dynamic_task_allocation\checkpoints\strike_order_dqn\latest.pt,,
264,4,"[19, 18, 17, 20]",172.49892430786332,21.71901980128594,4,4,0.2626364678144455,2,2,0.5,0,True,False,0.6656,30.135987974687502,1056,1056,F:\项目\专利\uav_dynamic_task_allocation\checkpoints\strike_order_dqn\latest.pt,,
265,4,"[19, 20, 17, 18]",205.15408927401,19.774473019758354,4,4,0.18243193626403809,1,3,0.25,0,True,False,0.6643333333333333,30.135987974687502,1060,1060,F:\项目\专利\uav_dynamic_task_allocation\checkpoints\strike_order_dqn\latest.pt,,
266,2,"[10, 12, 9, 11]",205.11603076518864,17.944549681546867,4,4,0.17810917273163795,3,1,0.75,0,True,False,0.6630666666666667,30.135987974687502,1064,1064,F:\项目\专利\uav_dynamic_task_allocation\checkpoints\strike_order_dqn\latest.pt,,
267,2,"[10, 12, 9, 11]",205.11603076518864,17.944549681546867,4,4,0.18849093653261662,3,1,0.75,0,True,False,0.6618,30.135987974687502,1068,1068,F:\项目\专利\uav_dynamic_task_allocation\checkpoints\strike_order_dqn\latest.pt,,
268,1,"[5, 8, 6, 7]",200.39365931189104,28.565930775881494,4,4,0.2011468969285488,2,2,0.5,0,True,False,0.6605333333333334,30.135987974687502,1072,1072,F:\项目\专利\uav_dynamic_task_allocation\checkpoints\strike_order_dqn\latest.pt,,
269,3,"[15, 13, 16, 14]",110.72440362060973,26.524306284948956,4,4,0.23156655952334404,1,3,0.25,0,True,False,0.6592666666666667,30.135987974687502,1076,1076,F:\项目\专利\uav_dynamic_task_allocation\checkpoints\strike_order_dqn\latest.pt,,
270,2,"[10, 12, 11, 9]",219.98209221828736,17.62214540691023,4,4,0.2203258015215397,1,3,0.25,0,True,False,0.658,30.135987974687502,1080,1080,F:\项目\专利\uav_dynamic_task_allocation\checkpoints\strike_order_dqn\latest.pt,,
271,1,"[6, 5, 8, 7]",182.80025612190096,19.311251460366,4,4,0.2919181324541569,1,3,0.25,0,True,False,0.6567333333333334,30.135987974687502,1084,1084,F:\项目\专利\uav_dynamic_task_allocation\checkpoints\strike_order_dqn\latest.pt,,
272,0,"[3, 4, 1, 2]",179.79801857837936,24.64166998193241,4,4,0.23176074214279652,4,0,1.0,0,True,False,0.6554666666666666,30.135987974687502,1088,1088,F:\项目\专利\uav_dynamic_task_allocation\checkpoints\strike_order_dqn\latest.pt,,
273,0,"[3, 4, 1, 2]",179.79801857837936,24.64166998193241,4,4,0.21931450068950653,2,2,0.5,0,True,False,0.6542,30.135987974687502,1092,1092,F:\项目\专利\uav_dynamic_task_allocation\checkpoints\strike_order_dqn\latest.pt,,
274,4,"[17, 18, 19, 20]",203.3829533695797,19.224435218385615,4,4,0.23058990389108658,4,0,1.0,0,True,False,0.6529333333333334,30.135987974687502,1096,1096,F:\项目\专利\uav_dynamic_task_allocation\checkpoints\strike_order_dqn\latest.pt,,
275,2,"[12, 9, 11, 10]",219.43660454395496,18.160657389833798,4,4,0.19028199091553688,2,2,0.5,0,True,False,0.6516666666666667,30.135987974687502,1100,1100,F:\项目\专利\uav_dynamic_task_allocation\checkpoints\strike_order_dqn\latest.pt,,
276,2,"[10, 9, 11, 12]",261.8985576628925,16.732294620637,4,4,0.20513385720551014,3,1,0.75,0,True,False,0.6504000000000001,30.135987974687502,1104,1104,F:\项目\专利\uav_dynamic_task_allocation\checkpoints\strike_order_dqn\latest.pt,,
277,2,"[11, 12, 9, 10]",271.1131172714322,16.43930813433778,4,4,0.2183862142264843,3,1,0.75,0,True,False,0.6491333333333333,30.135987974687502,1108,1108,F:\项目\专利\uav_dynamic_task_allocation\checkpoints\strike_order_dqn\latest.pt,,
278,3,"[13, 16, 14, 15]",123.25600894347023,26.004300419945153,4,4,0.2276187352836132,2,2,0.5,0,True,False,0.6478666666666667,30.135987974687502,1112,1112,F:\项目\专利\uav_dynamic_task_allocation\checkpoints\strike_order_dqn\latest.pt,,
279,0,"[2, 4, 1, 3]",215.4025964068288,19.153797349410187,4,4,0.16744042560458183,2,2,0.5,0,True,False,0.6466000000000001,30.135987974687502,1116,1116,F:\项目\专利\uav_dynamic_task_allocation\checkpoints\strike_order_dqn\latest.pt,,
280,0,"[2, 1, 3, 4]",184.61659237869566,25.07248208498785,4,4,0.25218591280281544,2,2,0.5,0,True,False,0.6453333333333333,30.135987974687502,1120,1120,F:\项目\专利\uav_dynamic_task_allocation\checkpoints\strike_order_dqn\latest.pt,,
281,1,"[8, 5, 6, 7]",198.70296950507804,18.95070987808002,4,4,0.19081375934183598,2,2,0.5,0,True,False,0.6440666666666667,30.135987974687502,1124,1124,F:\项目\专利\uav_dynamic_task_allocation\checkpoints\strike_order_dqn\latest.pt,,
282,2,"[12, 9, 10, 11]",270.3834160236714,16.84529375876235,4,4,0.19060129299759865,4,0,1.0,0,True,False,0.6428,30.135987974687502,1128,1128,F:\项目\专利\uav_dynamic_task_allocation\checkpoints\strike_order_dqn\latest.pt,,
283,3,"[13, 15, 16, 14]",124.85245298960119,26.100849994766918,4,4,0.23640035465359688,3,1,0.75,0,True,False,0.6415333333333333,30.135987974687502,1132,1132,F:\项目\专利\uav_dynamic_task_allocation\checkpoints\strike_order_dqn\latest.pt,,
284,2,"[10, 12, 11, 9]",219.98209221828736,17.62214540691023,4,4,0.2861473988741636,3,1,0.75,0,True,False,0.6402666666666668,30.135987974687502,1136,1136,F:\项目\专利\uav_dynamic_task_allocation\checkpoints\strike_order_dqn\latest.pt,,
285,2,"[10, 12, 11, 9]",219.98209221828736,17.62214540691023,4,4,0.2662641443312168,3,1,0.75,0,True,False,0.639,30.135987974687502,1140,1140,F:\项目\专利\uav_dynamic_task_allocation\checkpoints\strike_order_dqn\latest.pt,,
286,4,"[19, 20, 17, 18]",205.15408927401,19.774473019758354,4,4,0.26510101556777954,3,1,0.75,0,True,False,0.6377333333333333,30.135987974687502,1144,1144,F:\项目\专利\uav_dynamic_task_allocation\checkpoints\strike_order_dqn\latest.pt,,
287,0,"[4, 3, 2, 1]",143.75447345561832,27.15430895066569,4,4,0.2023431472480297,1,3,0.25,0,True,False,0.6364666666666667,30.135987974687502,1148,1148,F:\项目\专利\uav_dynamic_task_allocation\checkpoints\strike_order_dqn\latest.pt,,
288,2,"[11, 9, 10, 12]",227.06994610847113,17.83864149511276,4,4,0.20538899675011635,2,2,0.5,0,True,False,0.6352,30.135987974687502,1152,1152,F:\项目\专利\uav_dynamic_task_allocation\checkpoints\strike_order_dqn\latest.pt,,
289,2,"[11, 9, 10, 12]",227.06994610847113,17.83864149511276,4,4,0.15362207777798176,3,1,0.75,0,True,False,0.6339333333333333,30.135987974687502,1156,1156,F:\项目\专利\uav_dynamic_task_allocation\checkpoints\strike_order_dqn\latest.pt,,
290,2,"[9, 11, 12, 10]",209.42933638811832,18.11902167038629,4,4,0.1391978096216917,3,1,0.75,0,True,False,0.6326666666666667,30.135987974687502,1160,1160,F:\项目\专利\uav_dynamic_task_allocation\checkpoints\strike_order_dqn\latest.pt,,
291,4,"[19, 17, 18, 20]",225.96140673179957,19.183300509201782,4,4,0.2946101576089859,3,1,0.75,0,True,False,0.6314,30.135987974687502,1164,1164,F:\项目\专利\uav_dynamic_task_allocation\checkpoints\strike_order_dqn\latest.pt,,
292,1,"[5, 7, 8, 6]",164.60582761657668,30.135987974687502,4,4,0.19543306156992912,1,3,0.25,0,True,False,0.6301333333333334,30.135987974687502,1168,1168,F:\项目\专利\uav_dynamic_task_allocation\checkpoints\strike_order_dqn\latest.pt,,
293,4,"[20, 18, 17, 19]",243.39657047378893,17.12318576897767,4,4,0.1115016471594572,4,0,1.0,0,True,False,0.6288666666666667,30.135987974687502,1172,1172,F:\项目\专利\uav_dynamic_task_allocation\checkpoints\strike_order_dqn\latest.pt,,
294,1,"[6, 5, 7, 8]",179.24280076645087,19.713372735509566,4,4,0.28249772265553474,2,2,0.5,0,True,False,0.6275999999999999,30.135987974687502,1176,1176,F:\项目\专利\uav_dynamic_task_allocation\checkpoints\strike_order_dqn\latest.pt,,
295,2,"[10, 12, 9, 11]",205.11603076518864,17.944549681546867,4,4,0.1959077399224043,1,3,0.25,0,True,False,0.6263333333333334,30.135987974687502,1180,1180,F:\项目\专利\uav_dynamic_task_allocation\checkpoints\strike_order_dqn\latest.pt,,
296,2,"[10, 11, 9, 12]",236.68966888814236,17.19011143481486,4,4,0.1905849240720272,4,0,1.0,0,True,False,0.6250666666666667,30.135987974687502,1184,1184,F:\项目\专利\uav_dynamic_task_allocation\checkpoints\strike_order_dqn\latest.pt,,
297,4,"[19, 18, 17, 20]",172.49892430786332,21.71901980128594,4,4,0.2227793186903,3,1,0.75,0,True,False,0.6238,30.135987974687502,1188,1188,F:\项目\专利\uav_dynamic_task_allocation\checkpoints\strike_order_dqn\latest.pt,,
298,2,"[9, 12, 10, 11]",235.16725909308468,17.2614748534927,4,4,0.14536097273230553,2,2,0.5,0,True,False,0.6225333333333334,30.135987974687502,1192,1192,F:\项目\专利\uav_dynamic_task_allocation\checkpoints\strike_order_dqn\latest.pt,,
299,1,"[5, 8, 7, 6]",149.2377467868531,30.0298134782743,4,4,0.18863433972001076,1,3,0.25,0,True,False,0.6212666666666666,30.135987974687502,1196,1196,F:\项目\专利\uav_dynamic_task_allocation\checkpoints\strike_order_dqn\latest.pt,,
300,0,"[2, 4, 3, 1]",155.79811037352016,26.295030053538895,4,4,0.20368721336126328,2,2,0.5,0,True,False,0.62,30.135987974687502,1200,1200,F:\项目\专利\uav_dynamic_task_allocation\checkpoints\strike_order_dqn\latest.pt,,
301,1,"[8, 6, 5, 7]",214.07105033480164,19.05688437449322,4,4,0.19184371829032898,4,0,1.0,0,True,False,0.6187333333333334,30.135987974687502,1204,1204,F:\项目\专利\uav_dynamic_task_allocation\checkpoints\strike_order_dqn\latest.pt,,
302,4,"[20, 17, 19, 18]",163.52770884030468,20.317524759490777,4,4,0.17859206348657608,3,1,0.75,0,True,False,0.6174666666666666,30.135987974687502,1208,1208,F:\项目\专利\uav_dynamic_task_allocation\checkpoints\strike_order_dqn\latest.pt,,
303,0,"[4, 3, 2, 1]",143.75447345561832,27.15430895066569,4,4,0.24641021713614464,0,4,0.0,0,True,False,0.6162,30.135987974687502,1212,1212,F:\项目\专利\uav_dynamic_task_allocation\checkpoints\strike_order_dqn\latest.pt,,
304,4,"[19, 17, 18, 20]",225.96140673179957,19.183300509201782,4,4,0.160980474203825,3,1,0.75,0,True,False,0.6149333333333333,30.135987974687502,1216,1216,F:\项目\专利\uav_dynamic_task_allocation\checkpoints\strike_order_dqn\latest.pt,,
305,2,"[10, 12, 11, 9]",219.98209221828736,17.62214540691023,4,4,0.15632314234972,3,1,0.75,0,True,False,0.6136666666666667,30.135987974687502,1220,1220,F:\项目\专利\uav_dynamic_task_allocation\checkpoints\strike_order_dqn\latest.pt,,
306,0,"[3, 4, 1, 2]",179.79801857837936,24.64166998193241,4,4,0.2280714400112629,2,2,0.5,0,True,False,0.6124,30.135987974687502,1224,1224,F:\项目\专利\uav_dynamic_task_allocation\checkpoints\strike_order_dqn\latest.pt,,
307,1,"[5, 8, 7, 6]",149.2377467868531,30.0298134782743,4,4,0.17044838517904282,2,2,0.5,0,True,False,0.6111333333333333,30.135987974687502,1228,1228,F:\项目\专利\uav_dynamic_task_allocation\checkpoints\strike_order_dqn\latest.pt,,
308,2,"[10, 9, 11, 12]",261.8985576628925,16.732294620637,4,4,0.18809042870998383,1,3,0.25,0,True,False,0.6098666666666667,30.135987974687502,1232,1232,F:\项目\专利\uav_dynamic_task_allocation\checkpoints\strike_order_dqn\latest.pt,,
309,1,"[8, 5, 6, 7]",198.70296950507804,18.95070987808002,4,4,0.1664172112941742,3,1,0.75,0,True,False,0.6086,30.135987974687502,1236,1236,F:\项目\专利\uav_dynamic_task_allocation\checkpoints\strike_order_dqn\latest.pt,,
310,0,"[3, 4, 2, 1]",144.72417449833796,25.999062732197913,4,4,0.21235579997301102,2,2,0.5,0,True,False,0.6073333333333333,30.135987974687502,1240,1240,F:\项目\专利\uav_dynamic_task_allocation\checkpoints\strike_order_dqn\latest.pt,,
311,3,"[13, 14, 16, 15]",148.773067056461,23.569305850671903,4,4,0.15243308246135712,2,2,0.5,0,True,False,0.6060666666666666,30.135987974687502,1244,1244,F:\项目\专利\uav_dynamic_task_allocation\checkpoints\strike_order_dqn\latest.pt,,
312,3,"[15, 16, 13, 14]",127.49083268112011,24.354924389981292,4,4,0.16426318511366844,3,1,0.75,0,True,False,0.6048,30.135987974687502,1248,1248,F:\项目\专利\uav_dynamic_task_allocation\checkpoints\strike_order_dqn\latest.pt,,
313,0,"[3, 4, 1, 2]",179.79801857837936,24.64166998193241,4,4,0.13261133804917336,3,1,0.75,0,True,False,0.6035333333333334,30.135987974687502,1252,1252,F:\项目\专利\uav_dynamic_task_allocation\checkpoints\strike_order_dqn\latest.pt,,
314,1,"[5, 8, 7, 6]",149.2377467868531,30.0298134782743,4,4,0.17541171610355377,2,2,0.5,0,True,False,0.6022666666666667,30.135987974687502,1256,1256,F:\项目\专利\uav_dynamic_task_allocation\checkpoints\strike_order_dqn\latest.pt,,
315,1,"[5, 8, 6, 7]",200.39365931189104,28.565930775881494,4,4,0.20572169870138168,3,1,0.75,0,True,False,0.601,30.135987974687502,1260,1260,F:\项目\专利\uav_dynamic_task_allocation\checkpoints\strike_order_dqn\latest.pt,,
316,3,"[13, 15, 16, 14]",124.85245298960119,26.100849994766918,4,4,0.18153110891580582,2,2,0.5,0,True,False,0.5997333333333333,30.135987974687502,1264,1264,F:\项目\专利\uav_dynamic_task_allocation\checkpoints\strike_order_dqn\latest.pt,,
317,3,"[13, 14, 15, 16]",138.68555427061136,24.119297511522852,4,4,0.18015660904347897,3,1,0.75,0,True,False,0.5984666666666667,30.135987974687502,1268,1268,F:\项目\专利\uav_dynamic_task_allocation\checkpoints\strike_order_dqn\latest.pt,,
318,3,"[13, 16, 14, 15]",123.25600894347023,26.004300419945153,4,4,0.15060021728277206,3,1,0.75,0,True,False,0.5972,30.135987974687502,1272,1272,F:\项目\专利\uav_dynamic_task_allocation\checkpoints\strike_order_dqn\latest.pt,,
319,4,"[19, 17, 18, 20]",225.96140673179957,19.183300509201782,4,4,0.10496455989778042,3,1,0.75,0,True,False,0.5959333333333334,30.135987974687502,1276,1276,F:\项目\专利\uav_dynamic_task_allocation\checkpoints\strike_order_dqn\latest.pt,,
320,3,"[16, 15, 13, 14]",131.4676410349086,23.507544263343647,4,4,0.12770416215062141,3,1,0.75,0,True,False,0.5946666666666667,30.135987974687502,1280,1280,F:\项目\专利\uav_dynamic_task_allocation\checkpoints\strike_order_dqn\latest.pt,,
321,1,"[5, 8, 7, 6]",149.2377467868531,30.0298134782743,4,4,0.09868751280009747,1,3,0.25,0,True,False,0.5934,30.135987974687502,1284,1284,F:\项目\专利\uav_dynamic_task_allocation\checkpoints\strike_order_dqn\latest.pt,,
322,0,"[3, 4, 1, 2]",179.79801857837936,24.64166998193241,4,4,0.16486820206046104,2,2,0.5,0,True,False,0.5921333333333334,30.135987974687502,1288,1288,F:\项目\专利\uav_dynamic_task_allocation\checkpoints\strike_order_dqn\latest.pt,,
323,3,"[15, 13, 16, 14]",110.72440362060973,26.524306284948956,4,4,0.16380157694220543,1,3,0.25,0,True,False,0.5908666666666667,30.135987974687502,1292,1292,F:\项目\专利\uav_dynamic_task_allocation\checkpoints\strike_order_dqn\latest.pt,,
324,4,"[17, 20, 19, 18]",170.67585144740272,20.153977949194896,4,4,0.15255967155098915,2,2,0.5,0,True,False,0.5896,30.135987974687502,1296,1296,F:\项目\专利\uav_dynamic_task_allocation\checkpoints\strike_order_dqn\latest.pt,,
325,4,"[19, 18, 17, 20]",172.49892430786332,21.71901980128594,4,4,0.12813779339194298,3,1,0.75,0,True,False,0.5883333333333334,30.135987974687502,1300,1300,F:\项目\专利\uav_dynamic_task_allocation\checkpoints\strike_order_dqn\latest.pt,,
326,1,"[7, 6, 5, 8]",185.5406837651367,20.388913010493972,4,4,0.2381686046719551,2,2,0.5,0,True,False,0.5870666666666666,30.135987974687502,1304,1304,F:\项目\专利\uav_dynamic_task_allocation\checkpoints\strike_order_dqn\latest.pt,,
327,1,"[8, 5, 7, 6]",168.19732140372372,20.811147613887744,4,4,0.26559722796082497,3,1,0.75,0,True,False,0.5858000000000001,30.135987974687502,1308,1308,F:\项目\专利\uav_dynamic_task_allocation\checkpoints\strike_order_dqn\latest.pt,,
328,0,"[4, 3, 2, 1]",143.75447345561832,27.15430895066569,4,4,0.16209696047008038,0,4,0.0,0,True,False,0.5845333333333333,30.135987974687502,1312,1312,F:\项目\专利\uav_dynamic_task_allocation\checkpoints\strike_order_dqn\latest.pt,,
329,0,"[4, 2, 3, 1]",184.447053556711,21.064568425993755,4,4,0.1555805243551731,2,2,0.5,0,True,False,0.5832666666666667,30.135987974687502,1316,1316,F:\项目\专利\uav_dynamic_task_allocation\checkpoints\strike_order_dqn\latest.pt,,
330,2,"[11, 9, 10, 12]",227.06994610847113,17.83864149511276,4,4,0.17338146269321442,2,2,0.5,0,True,False,0.5820000000000001,30.135987974687502,1320,1320,F:\项目\专利\uav_dynamic_task_allocation\checkpoints\strike_order_dqn\latest.pt,,
331,2,"[11, 9, 12, 10]",195.22686250124153,18.40278416071593,4,4,0.11810588464140892,2,2,0.5,0,True,False,0.5807333333333333,30.135987974687502,1324,1324,F:\项目\专利\uav_dynamic_task_allocation\checkpoints\strike_order_dqn\latest.pt,,
332,1,"[5, 7, 8, 6]",164.60582761657668,30.135987974687502,4,4,0.11140180937945843,2,2,0.5,0,True,False,0.5794666666666667,30.135987974687502,1328,1328,F:\项目\专利\uav_dynamic_task_allocation\checkpoints\strike_order_dqn\latest.pt,,
333,1,"[7, 5, 8, 6]",173.96057184895602,21.953403967571337,4,4,0.14946937002241611,3,1,0.75,0,True,False,0.5782,30.135987974687502,1332,1332,F:\项目\专利\uav_dynamic_task_allocation\checkpoints\strike_order_dqn\latest.pt,,
334,4,"[18, 19, 20, 17]",175.99124657227856,19.8191363658509,4,4,0.16198871657252312,2,2,0.5,0,True,False,0.5769333333333333,30.135987974687502,1336,1336,F:\项目\专利\uav_dynamic_task_allocation\checkpoints\strike_order_dqn\latest.pt,,
335,2,"[10, 12, 11, 9]",219.98209221828736,17.62214540691023,4,4,0.16629129461944103,2,2,0.5,0,True,False,0.5756666666666668,30.135987974687502,1340,1340,F:\项目\专利\uav_dynamic_task_allocation\checkpoints\strike_order_dqn\latest.pt,,
336,4,"[19, 20, 17, 18]",205.15408927401,19.774473019758354,4,4,0.10167283192276955,3,1,0.75,0,True,False,0.5744,30.135987974687502,1344,1344,F:\项目\专利\uav_dynamic_task_allocation\checkpoints\strike_order_dqn\latest.pt,,
337,4,"[20, 18, 19, 17]",193.29692853820552,19.438312496435564,4,4,0.14730794820934534,2,2,0.5,0,True,False,0.5731333333333334,30.135987974687502,1348,1348,F:\项目\专利\uav_dynamic_task_allocation\checkpoints\strike_order_dqn\latest.pt,,
338,1,"[5, 8, 6, 7]",200.39365931189104,28.565930775881494,4,4,0.12699531391263008,2,2,0.5,0,True,False,0.5718666666666667,30.135987974687502,1352,1352,F:\项目\专利\uav_dynamic_task_allocation\checkpoints\strike_order_dqn\latest.pt,,
339,1,"[6, 5, 7, 8]",179.24280076645087,19.713372735509566,4,4,0.1139555275440216,2,2,0.5,0,True,False,0.5706,30.135987974687502,1356,1356,F:\项目\专利\uav_dynamic_task_allocation\checkpoints\strike_order_dqn\latest.pt,,
340,4,"[19, 17, 18, 20]",225.96140673179957,19.183300509201782,4,4,0.11133717373013496,1,3,0.25,0,True,False,0.5693333333333334,30.135987974687502,1360,1360,F:\项目\专利\uav_dynamic_task_allocation\checkpoints\strike_order_dqn\latest.pt,,
341,3,"[16, 13, 14, 15]",129.87119698877768,23.410994688521882,4,4,0.1450229100883007,4,0,1.0,0,True,False,0.5680666666666667,30.135987974687502,1364,1364,F:\项目\专利\uav_dynamic_task_allocation\checkpoints\strike_order_dqn\latest.pt,,
342,1,"[5, 8, 7, 6]",149.2377467868531,30.0298134782743,4,4,0.11463465355336666,3,1,0.75,0,True,False,0.5668,30.135987974687502,1368,1368,F:\项目\专利\uav_dynamic_task_allocation\checkpoints\strike_order_dqn\latest.pt,,
343,3,"[13, 15, 14, 16]",121.91912521010097,26.288679406490516,4,4,0.10523002967238426,0,4,0.0,0,True,False,0.5655333333333334,30.135987974687502,1372,1372,F:\项目\专利\uav_dynamic_task_allocation\checkpoints\strike_order_dqn\latest.pt,,
344,2,"[12, 9, 11, 10]",219.43660454395496,18.160657389833798,4,4,0.10215788520872593,3,1,0.75,0,True,False,0.5642666666666667,30.135987974687502,1376,1376,F:\项目\专利\uav_dynamic_task_allocation\checkpoints\strike_order_dqn\latest.pt,,
345,4,"[18, 19, 17, 20]",167.02934433216726,20.107176118349543,4,4,0.1658064629882574,3,1,0.75,0,True,False,0.563,30.135987974687502,1380,1380,F:\项目\专利\uav_dynamic_task_allocation\checkpoints\strike_order_dqn\latest.pt,,
346,1,"[5, 6, 7, 8]",176.18593953275735,28.57149701761014,4,4,0.1598379909992218,1,3,0.25,0,True,False,0.5617333333333334,30.135987974687502,1384,1384,F:\项目\专利\uav_dynamic_task_allocation\checkpoints\strike_order_dqn\latest.pt,,
347,4,"[20, 19, 17, 18]",228.88997572862834,17.443435247153907,4,4,0.13133813813328743,3,1,0.75,0,True,False,0.5604666666666667,30.135987974687502,1388,1388,F:\项目\专利\uav_dynamic_task_allocation\checkpoints\strike_order_dqn\latest.pt,,
348,4,"[19, 18, 17, 20]",172.49892430786332,21.71901980128594,4,4,0.11370912007987499,2,2,0.5,0,True,False,0.5591999999999999,30.135987974687502,1392,1392,F:\项目\专利\uav_dynamic_task_allocation\checkpoints\strike_order_dqn\latest.pt,,
349,0,"[4, 3, 2, 1]",143.75447345561832,27.15430895066569,4,4,0.10748924873769283,1,3,0.25,0,True,False,0.5579333333333334,30.135987974687502,1396,1396,F:\项目\专利\uav_dynamic_task_allocation\checkpoints\strike_order_dqn\latest.pt,,
350,0,"[4, 3, 2, 1]",143.75447345561832,27.15430895066569,4,4,0.13710430823266506,2,2,0.5,0,True,False,0.5566666666666666,30.135987974687502,1400,1400,F:\项目\专利\uav_dynamic_task_allocation\checkpoints\strike_order_dqn\latest.pt,,
351,2,"[10, 9, 11, 12]",261.8985576628925,16.732294620637,4,4,0.12460672482848167,3,1,0.75,0,True,False,0.5554,30.135987974687502,1404,1404,F:\项目\专利\uav_dynamic_task_allocation\checkpoints\strike_order_dqn\latest.pt,,
352,0,"[4, 2, 3, 1]",184.447053556711,21.064568425993755,4,4,0.14986026287078857,2,2,0.5,0,True,False,0.5541333333333334,30.135987974687502,1408,1408,F:\项目\专利\uav_dynamic_task_allocation\checkpoints\strike_order_dqn\latest.pt,,
353,1,"[5, 7, 8, 6]",164.60582761657668,30.135987974687502,4,4,0.19462995044887066,3,1,0.75,0,True,False,0.5528666666666666,30.135987974687502,1412,1412,F:\项目\专利\uav_dynamic_task_allocation\checkpoints\strike_order_dqn\latest.pt,,
354,2,"[10, 12, 9, 11]",205.11603076518864,17.944549681546867,4,4,0.17895664274692535,2,2,0.5,0,True,False,0.5516000000000001,30.135987974687502,1416,1416,F:\项目\专利\uav_dynamic_task_allocation\checkpoints\strike_order_dqn\latest.pt,,
355,4,"[19, 18, 20, 17]",169.56104208358724,21.76935026904001,4,4,0.11234493181109428,3,1,0.75,0,True,False,0.5503333333333333,30.135987974687502,1420,1420,F:\项目\专利\uav_dynamic_task_allocation\checkpoints\strike_order_dqn\latest.pt,,
356,4,"[20, 17, 18, 19]",189.9340880498527,19.658905061061823,4,4,0.17680512741208076,4,0,1.0,0,True,False,0.5490666666666666,30.135987974687502,1424,1424,F:\项目\专利\uav_dynamic_task_allocation\checkpoints\strike_order_dqn\latest.pt,,
357,0,"[4, 3, 1, 2]",178.27976535289113,26.243832350219726,4,4,0.09385878406465054,2,2,0.5,0,True,False,0.5478000000000001,30.135987974687502,1428,1428,F:\项目\专利\uav_dynamic_task_allocation\checkpoints\strike_order_dqn\latest.pt,,
358,4,"[19, 18, 20, 17]",169.56104208358724,21.76935026904001,4,4,0.11681252717971802,2,2,0.5,0,True,False,0.5465333333333333,30.135987974687502,1432,1432,F:\项目\专利\uav_dynamic_task_allocation\checkpoints\strike_order_dqn\latest.pt,,
359,0,"[4, 1, 3, 2]",219.5208976367524,19.70717567572825,4,4,0.16255101934075356,2,2,0.5,0,True,False,0.5452666666666667,30.135987974687502,1436,1436,F:\项目\专利\uav_dynamic_task_allocation\checkpoints\strike_order_dqn\latest.pt,,
360,3,"[13, 15, 16, 14]",124.85245298960119,26.100849994766918,4,4,0.13954815734177828,2,2,0.5,0,True,False,0.544,30.135987974687502,1440,1440,F:\项目\专利\uav_dynamic_task_allocation\checkpoints\strike_order_dqn\latest.pt,,
361,4,"[20, 19, 18, 17]",205.19671300259293,19.09994227618285,4,4,0.15205018222332,2,2,0.5,0,True,False,0.5427333333333333,30.135987974687502,1444,1444,F:\项目\专利\uav_dynamic_task_allocation\checkpoints\strike_order_dqn\latest.pt,,
362,4,"[19, 17, 18, 20]",225.96140673179957,19.183300509201782,4,4,0.15715201757848263,1,3,0.25,0,True,False,0.5414666666666667,30.135987974687502,1448,1448,F:\项目\专利\uav_dynamic_task_allocation\checkpoints\strike_order_dqn\latest.pt,,
363,1,"[5, 7, 8, 6]",164.60582761657668,30.135987974687502,4,4,0.10500289499759674,2,2,0.5,0,True,False,0.5402,30.135987974687502,1452,1452,F:\项目\专利\uav_dynamic_task_allocation\checkpoints\strike_order_dqn\latest.pt,,
364,4,"[19, 18, 20, 17]",169.56104208358724,21.76935026904001,4,4,0.10667526349425316,1,3,0.25,0,True,False,0.5389333333333334,30.135987974687502,1456,1456,F:\项目\专利\uav_dynamic_task_allocation\checkpoints\strike_order_dqn\latest.pt,,
365,0,"[4, 1, 3, 2]",219.5208976367524,19.70717567572825,4,4,0.14896414801478386,1,3,0.25,0,True,False,0.5376666666666667,30.135987974687502,1460,1460,F:\项目\专利\uav_dynamic_task_allocation\checkpoints\strike_order_dqn\latest.pt,,
366,2,"[10, 12, 11, 9]",219.98209221828736,17.62214540691023,4,4,0.14155161194503307,3,1,0.75,0,True,False,0.5364,30.135987974687502,1464,1464,F:\项目\专利\uav_dynamic_task_allocation\checkpoints\strike_order_dqn\latest.pt,,
367,2,"[11, 10, 12, 9]",235.83084665930656,17.222833069185704,4,4,0.16728004440665245,3,1,0.75,0,True,False,0.5351333333333333,30.135987974687502,1468,1468,F:\项目\专利\uav_dynamic_task_allocation\checkpoints\strike_order_dqn\latest.pt,,
368,1,"[5, 7, 8, 6]",164.60582761657668,30.135987974687502,4,4,0.0950264185667038,2,2,0.5,0,True,False,0.5338666666666667,30.135987974687502,1472,1472,F:\项目\专利\uav_dynamic_task_allocation\checkpoints\strike_order_dqn\latest.pt,,
369,0,"[1, 3, 2, 4]",216.64693087025108,18.044356962686322,4,4,0.09457979537546635,3,1,0.75,0,True,False,0.5326,30.135987974687502,1476,1476,F:\项目\专利\uav_dynamic_task_allocation\checkpoints\strike_order_dqn\latest.pt,,
370,3,"[16, 14, 13, 15]",138.62182604125803,23.14538201421629,4,4,0.07940047048032284,3,1,0.75,0,True,False,0.5313333333333333,30.135987974687502,1480,1480,F:\项目\专利\uav_dynamic_task_allocation\checkpoints\strike_order_dqn\latest.pt,,
371,1,"[5, 8, 6, 7]",200.39365931189104,28.565930775881494,4,4,0.0991993211209774,2,2,0.5,0,True,False,0.5300666666666667,30.135987974687502,1484,1484,F:\项目\专利\uav_dynamic_task_allocation\checkpoints\strike_order_dqn\latest.pt,,
372,3,"[13, 15, 14, 16]",121.91912521010097,26.288679406490516,4,4,0.11985628865659237,1,3,0.25,0,True,False,0.5288,30.135987974687502,1488,1488,F:\项目\专利\uav_dynamic_task_allocation\checkpoints\strike_order_dqn\latest.pt,,
373,2,"[9, 12, 10, 11]",235.16725909308468,17.2614748534927,4,4,0.12232237309217453,2,2,0.5,0,True,False,0.5275333333333334,30.135987974687502,1492,1492,F:\项目\专利\uav_dynamic_task_allocation\checkpoints\strike_order_dqn\latest.pt,,
374,1,"[5, 7, 8, 6]",164.60582761657668,30.135987974687502,4,4,0.1069485479965806,3,1,0.75,0,True,False,0.5262666666666667,30.135987974687502,1496,1496,F:\项目\专利\uav_dynamic_task_allocation\checkpoints\strike_order_dqn\latest.pt,,
375,4,"[18, 17, 19, 20]",232.39161122049092,17.233086606012673,4,4,0.12036185525357723,3,1,0.75,0,True,False,0.525,30.135987974687502,1500,1500,F:\项目\专利\uav_dynamic_task_allocation\checkpoints\strike_order_dqn\latest.pt,,
376,0,"[2, 4, 3, 1]",155.79811037352016,26.295030053538895,4,4,0.10533741302788258,1,3,0.25,0,True,False,0.5237333333333334,30.135987974687502,1504,1504,F:\项目\专利\uav_dynamic_task_allocation\checkpoints\strike_order_dqn\latest.pt,,
377,3,"[13, 15, 16, 14]",124.85245298960119,26.100849994766918,4,4,0.0948442593216896,1,3,0.25,0,True,False,0.5224666666666666,30.135987974687502,1508,1508,F:\项目\专利\uav_dynamic_task_allocation\checkpoints\strike_order_dqn\latest.pt,,
378,3,"[14, 16, 13, 15]",121.90913142152347,24.602782444872584,4,4,0.15372400544583797,4,0,1.0,0,True,False,0.5212,30.135987974687502,1512,1512,F:\项目\专利\uav_dynamic_task_allocation\checkpoints\strike_order_dqn\latest.pt,,
379,1,"[5, 7, 8, 6]",164.60582761657668,30.135987974687502,4,4,0.14152918197214603,2,2,0.5,0,True,False,0.5199333333333334,30.135987974687502,1516,1516,F:\项目\专利\uav_dynamic_task_allocation\checkpoints\strike_order_dqn\latest.pt,,
380,1,"[6, 5, 8, 7]",182.80025612190096,19.311251460366,4,4,0.12775932252407074,2,2,0.5,0,True,False,0.5186666666666666,30.135987974687502,1520,1520,F:\项目\专利\uav_dynamic_task_allocation\checkpoints\strike_order_dqn\latest.pt,,
381,0,"[4, 3, 2, 1]",143.75447345561832,27.15430895066569,4,4,0.11154394410550594,0,4,0.0,0,True,False,0.5174000000000001,30.135987974687502,1524,1524,F:\项目\专利\uav_dynamic_task_allocation\checkpoints\strike_order_dqn\latest.pt,,
382,4,"[17, 19, 18, 20]",191.4831689051923,19.56280543863833,4,4,0.11371626891195774,2,2,0.5,0,True,False,0.5161333333333333,30.135987974687502,1528,1528,F:\项目\专利\uav_dynamic_task_allocation\checkpoints\strike_order_dqn\latest.pt,,
383,4,"[19, 20, 17, 18]",205.15408927401,19.774473019758354,4,4,0.09865925833582878,2,2,0.5,0,True,False,0.5148666666666666,30.135987974687502,1532,1532,F:\项目\专利\uav_dynamic_task_allocation\checkpoints\strike_order_dqn\latest.pt,,
384,1,"[5, 7, 8, 6]",164.60582761657668,30.135987974687502,4,4,0.11025591008365154,2,2,0.5,0,True,False,0.5136000000000001,30.135987974687502,1536,1536,F:\项目\专利\uav_dynamic_task_allocation\checkpoints\strike_order_dqn\latest.pt,,
385,0,"[4, 3, 2, 1]",143.75447345561832,27.15430895066569,4,4,0.12530283629894257,2,2,0.5,0,True,False,0.5123333333333333,30.135987974687502,1540,1540,F:\项目\专利\uav_dynamic_task_allocation\checkpoints\strike_order_dqn\latest.pt,,
386,0,"[3, 4, 2, 1]",144.72417449833796,25.999062732197913,4,4,0.1288517490029335,2,2,0.5,0,True,False,0.5110666666666667,30.135987974687502,1544,1544,F:\项目\专利\uav_dynamic_task_allocation\checkpoints\strike_order_dqn\latest.pt,,
387,0,"[4, 2, 3, 1]",184.447053556711,21.064568425993755,4,4,0.16122901439666748,2,2,0.5,0,True,False,0.5098,30.135987974687502,1548,1548,F:\项目\专利\uav_dynamic_task_allocation\checkpoints\strike_order_dqn\latest.pt,,
388,4,"[19, 18, 17, 20]",172.49892430786332,21.71901980128594,4,4,0.1342160925269127,1,3,0.25,0,True,False,0.5085333333333334,30.135987974687502,1552,1552,F:\项目\专利\uav_dynamic_task_allocation\checkpoints\strike_order_dqn\latest.pt,,
389,4,"[19, 20, 18, 17]",234.92330897191087,18.895260756703138,4,4,0.09001215547323227,4,0,1.0,0,True,False,0.5072666666666666,30.135987974687502,1556,1556,F:\项目\专利\uav_dynamic_task_allocation\checkpoints\strike_order_dqn\latest.pt,,
390,0,"[4, 3, 1, 2]",178.27976535289113,26.243832350219726,4,4,0.1254166830331087,3,1,0.75,0,True,False,0.506,30.135987974687502,1560,1560,F:\项目\专利\uav_dynamic_task_allocation\checkpoints\strike_order_dqn\latest.pt,,
391,3,"[13, 16, 15, 14]",116.10182393712081,26.366462669072508,4,4,0.09074837155640125,1,3,0.25,0,True,False,0.5047333333333334,30.135987974687502,1564,1564,F:\项目\专利\uav_dynamic_task_allocation\checkpoints\strike_order_dqn\latest.pt,,
392,0,"[2, 4, 1, 3]",215.4025964068288,19.153797349410187,4,4,0.12508326582610607,3,1,0.75,0,True,False,0.5034666666666667,30.135987974687502,1568,1568,F:\项目\专利\uav_dynamic_task_allocation\checkpoints\strike_order_dqn\latest.pt,,
393,1,"[5, 7, 6, 8]",196.83620395644095,28.96805205102506,4,4,0.11369339749217033,4,0,1.0,0,True,False,0.5022,30.135987974687502,1572,1572,F:\项目\专利\uav_dynamic_task_allocation\checkpoints\strike_order_dqn\latest.pt,,
394,2,"[12, 10, 9, 11]",219.7060500282308,18.350952970962638,4,4,0.06566610280424356,2,2,0.5,0,True,False,0.5009333333333335,30.135987974687502,1576,1576,F:\项目\专利\uav_dynamic_task_allocation\checkpoints\strike_order_dqn\latest.pt,,
395,3,"[13, 14, 15, 16]",138.68555427061136,24.119297511522852,4,4,0.13147202879190445,3,1,0.75,0,True,False,0.4996666666666667,30.135987974687502,1580,1580,F:\项目\专利\uav_dynamic_task_allocation\checkpoints\strike_order_dqn\latest.pt,,
396,4,"[17, 19, 20, 18]",224.138333871339,17.61825865711074,4,4,0.11609955318272114,2,2,0.5,0,True,False,0.49839999999999995,30.135987974687502,1584,1584,F:\项目\专利\uav_dynamic_task_allocation\checkpoints\strike_order_dqn\latest.pt,,
397,0,"[3, 4, 2, 1]",144.72417449833796,25.999062732197913,4,4,0.0704747517593205,3,1,0.75,0,True,False,0.4971333333333333,30.135987974687502,1588,1588,F:\项目\专利\uav_dynamic_task_allocation\checkpoints\strike_order_dqn\latest.pt,,
398,0,"[4, 3, 1, 2]",178.27976535289113,26.243832350219726,4,4,0.12532825954258442,1,3,0.25,0,True,False,0.4958666666666668,30.135987974687502,1592,1592,F:\项目\专利\uav_dynamic_task_allocation\checkpoints\strike_order_dqn\latest.pt,,
399,1,"[5, 8, 7, 6]",149.2377467868531,30.0298134782743,4,4,0.09689058735966682,1,3,0.25,0,True,False,0.49460000000000004,30.135987974687502,1596,1596,F:\项目\专利\uav_dynamic_task_allocation\checkpoints\strike_order_dqn\latest.pt,,
400,1,"[5, 8, 7, 6]",149.2377467868531,30.0298134782743,4,4,0.10289734415709972,3,1,0.75,0,True,False,0.4933333333333334,30.135987974687502,1600,1600,F:\项目\专利\uav_dynamic_task_allocation\checkpoints\strike_order_dqn\latest.pt,,
401,4,"[19, 18, 17, 20]",172.49892430786332,21.71901980128594,4,4,0.0833235289901495,2,2,0.5,0,True,False,0.49206666666666676,30.135987974687502,1604,1604,F:\项目\专利\uav_dynamic_task_allocation\checkpoints\strike_order_dqn\latest.pt,,
402,3,"[14, 13, 16, 15]",138.67556048203386,22.433400549904924,4,4,0.10147753916680813,4,0,1.0,0,True,False,0.4908,30.135987974687502,1608,1608,F:\项目\专利\uav_dynamic_task_allocation\checkpoints\strike_order_dqn\latest.pt,,
403,1,"[7, 8, 5, 6]",153.3103074252724,21.556848934156413,4,4,0.12264498695731163,3,1,0.75,0,True,False,0.4895333333333334,30.135987974687502,1612,1612,F:\项目\专利\uav_dynamic_task_allocation\checkpoints\strike_order_dqn\latest.pt,,
404,4,"[17, 19, 18, 20]",191.4831689051923,19.56280543863833,4,4,0.11681962944567204,2,2,0.5,0,True,False,0.48826666666666674,30.135987974687502,1616,1616,F:\项目\专利\uav_dynamic_task_allocation\checkpoints\strike_order_dqn\latest.pt,,
405,2,"[12, 9, 11, 10]",219.43660454395496,18.160657389833798,4,4,0.1629743967205286,2,2,0.5,0,True,False,0.487,30.135987974687502,1620,1620,F:\项目\专利\uav_dynamic_task_allocation\checkpoints\strike_order_dqn\latest.pt,,
406,2,"[12, 9, 11, 10]",219.43660454395496,18.160657389833798,4,4,0.15165605023503304,2,2,0.5,0,True,False,0.48573333333333335,30.135987974687502,1624,1624,F:\项目\专利\uav_dynamic_task_allocation\checkpoints\strike_order_dqn\latest.pt,,
407,2,"[11, 10, 9, 12]",277.7473121039117,16.332982282912475,4,4,0.08247632719576359,3,1,0.75,0,True,False,0.4844666666666667,30.135987974687502,1628,1628,F:\项目\专利\uav_dynamic_task_allocation\checkpoints\strike_order_dqn\latest.pt,,
408,0,"[3, 4, 1, 2]",179.79801857837936,24.64166998193241,4,4,0.1350050587207079,3,1,0.75,0,True,False,0.48319999999999996,30.135987974687502,1632,1632,F:\项目\专利\uav_dynamic_task_allocation\checkpoints\strike_order_dqn\latest.pt,,
409,4,"[18, 17, 19, 20]",232.39161122049092,17.233086606012673,4,4,0.09748818166553974,3,1,0.75,0,True,False,0.4819333333333333,30.135987974687502,1636,1636,F:\项目\专利\uav_dynamic_task_allocation\checkpoints\strike_order_dqn\latest.pt,,
410,0,"[4, 3, 2, 1]",143.75447345561832,27.15430895066569,4,4,0.07184700202196836,3,1,0.75,0,True,False,0.4806666666666667,30.135987974687502,1640,1640,F:\项目\专利\uav_dynamic_task_allocation\checkpoints\strike_order_dqn\latest.pt,,
411,0,"[2, 4, 1, 3]",215.4025964068288,19.153797349410187,4,4,0.09108980000019073,2,2,0.5,0,True,False,0.47939999999999994,30.135987974687502,1644,1644,F:\项目\专利\uav_dynamic_task_allocation\checkpoints\strike_order_dqn\latest.pt,,
412,1,"[5, 7, 8, 6]",164.60582761657668,30.135987974687502,4,4,0.11878498643636703,0,4,0.0,0,True,False,0.4781333333333333,30.135987974687502,1648,1648,F:\项目\专利\uav_dynamic_task_allocation\checkpoints\strike_order_dqn\latest.pt,,
413,1,"[8, 5, 7, 6]",168.19732140372372,20.811147613887744,4,4,0.06662497483193874,3,1,0.75,0,True,False,0.47686666666666677,30.135987974687502,1652,1652,F:\项目\专利\uav_dynamic_task_allocation\checkpoints\strike_order_dqn\latest.pt,,
414,0,"[4, 2, 3, 1]",184.447053556711,21.064568425993755,4,4,0.06808861251920462,2,2,0.5,0,True,False,0.4756,30.135987974687502,1656,1656,F:\项目\专利\uav_dynamic_task_allocation\checkpoints\strike_order_dqn\latest.pt,,
415,0,"[4, 1, 3, 2]",219.5208976367524,19.70717567572825,4,4,0.06529558449983597,4,0,1.0,0,True,False,0.4743333333333334,30.135987974687502,1660,1660,F:\项目\专利\uav_dynamic_task_allocation\checkpoints\strike_order_dqn\latest.pt,,
416,3,"[13, 15, 14, 16]",121.91912521010097,26.288679406490516,4,4,0.08527190610766411,4,0,1.0,0,True,False,0.47306666666666675,30.135987974687502,1664,1664,F:\项目\专利\uav_dynamic_task_allocation\checkpoints\strike_order_dqn\latest.pt,,
417,4,"[19, 17, 20, 18]",193.25430480962262,20.112843240011067,4,4,0.11661327444016933,2,2,0.5,0,True,False,0.4718,30.135987974687502,1668,1668,F:\项目\专利\uav_dynamic_task_allocation\checkpoints\strike_order_dqn\latest.pt,,
418,0,"[4, 3, 2, 1]",143.75447345561832,27.15430895066569,4,4,0.08669721148908138,1,3,0.25,0,True,False,0.47053333333333336,30.135987974687502,1672,1672,F:\项目\专利\uav_dynamic_task_allocation\checkpoints\strike_order_dqn\latest.pt,,
419,1,"[5, 7, 8, 6]",164.60582761657668,30.135987974687502,4,4,0.0739058880135417,0,4,0.0,0,True,False,0.4692666666666667,30.135987974687502,1676,1676,F:\项目\专利\uav_dynamic_task_allocation\checkpoints\strike_order_dqn\latest.pt,,
420,2,"[9, 11, 12, 10]",209.42933638811832,18.11902167038629,4,4,0.08553797751665115,2,2,0.5,0,True,False,0.46799999999999997,30.135987974687502,1680,1680,F:\项目\专利\uav_dynamic_task_allocation\checkpoints\strike_order_dqn\latest.pt,,
421,4,"[20, 17, 19, 18]",163.52770884030468,20.317524759490777,4,4,0.08008857257664204,2,2,0.5,0,True,False,0.46673333333333333,30.135987974687502,1684,1684,F:\项目\专利\uav_dynamic_task_allocation\checkpoints\strike_order_dqn\latest.pt,,
422,3,"[15, 13, 16, 14]",110.72440362060973,26.524306284948956,4,4,0.11535220593214035,1,3,0.25,0,True,False,0.4654666666666667,30.135987974687502,1688,1688,F:\项目\专利\uav_dynamic_task_allocation\checkpoints\strike_order_dqn\latest.pt,,
423,3,"[16, 15, 13, 14]",131.4676410349086,23.507544263343647,4,4,0.07887757197022438,4,0,1.0,0,True,False,0.46420000000000006,30.135987974687502,1692,1692,F:\项目\专利\uav_dynamic_task_allocation\checkpoints\strike_order_dqn\latest.pt,,
424,2,"[12, 10, 9, 11]",219.7060500282308,18.350952970962638,4,4,0.07505670934915543,3,1,0.75,0,True,False,0.4629333333333333,30.135987974687502,1696,1696,F:\项目\专利\uav_dynamic_task_allocation\checkpoints\strike_order_dqn\latest.pt,,
425,2,"[12, 11, 9, 10]",244.64549331870504,17.702840575655934,4,4,0.07289330661296844,2,2,0.5,0,True,False,0.46166666666666667,30.135987974687502,1700,1700,F:\项目\专利\uav_dynamic_task_allocation\checkpoints\strike_order_dqn\latest.pt,,
426,0,"[2, 4, 3, 1]",155.79811037352016,26.295030053538895,4,4,0.13130046427249908,2,2,0.5,0,True,False,0.46040000000000003,30.135987974687502,1704,1704,F:\项目\专利\uav_dynamic_task_allocation\checkpoints\strike_order_dqn\latest.pt,,
427,4,"[18, 19, 20, 17]",175.99124657227856,19.8191363658509,4,4,0.127811249345541,2,2,0.5,0,True,False,0.4591333333333333,30.135987974687502,1708,1708,F:\项目\专利\uav_dynamic_task_allocation\checkpoints\strike_order_dqn\latest.pt,,
428,4,"[19, 18, 20, 17]",169.56104208358724,21.76935026904001,4,4,0.13724208809435368,1,3,0.25,0,True,False,0.45786666666666676,30.135987974687502,1712,1712,F:\项目\专利\uav_dynamic_task_allocation\checkpoints\strike_order_dqn\latest.pt,,
429,0,"[1, 3, 4, 2]",181.66116066125574,24.446168855463334,4,4,0.13006446696817875,2,2,0.5,0,True,False,0.4566000000000001,30.135987974687502,1716,1716,F:\项目\专利\uav_dynamic_task_allocation\checkpoints\strike_order_dqn\latest.pt,,
430,3,"[14, 15, 16, 13]",131.81001590286493,22.83455840964945,4,4,0.09796316176652908,2,2,0.5,0,True,False,0.45533333333333337,30.135987974687502,1720,1720,F:\项目\专利\uav_dynamic_task_allocation\checkpoints\strike_order_dqn\latest.pt,,
431,0,"[4, 2, 3, 1]",184.447053556711,21.064568425993755,4,4,0.08585741557180882,2,2,0.5,0,True,False,0.45406666666666673,30.135987974687502,1724,1724,F:\项目\专利\uav_dynamic_task_allocation\checkpoints\strike_order_dqn\latest.pt,,
432,3,"[14, 15, 16, 13]",131.81001590286493,22.83455840964945,4,4,0.15236565098166466,3,1,0.75,0,True,False,0.4528000000000001,30.135987974687502,1728,1728,F:\项目\专利\uav_dynamic_task_allocation\checkpoints\strike_order_dqn\latest.pt,,
433,4,"[19, 18, 17, 20]",172.49892430786332,21.71901980128594,4,4,0.06723558157682419,2,2,0.5,0,True,False,0.45153333333333334,30.135987974687502,1732,1732,F:\项目\专利\uav_dynamic_task_allocation\checkpoints\strike_order_dqn\latest.pt,,
434,0,"[4, 3, 2, 1]",143.75447345561832,27.15430895066569,4,4,0.10503001883625984,0,4,0.0,0,True,False,0.4502666666666667,30.135987974687502,1736,1736,F:\项目\专利\uav_dynamic_task_allocation\checkpoints\strike_order_dqn\latest.pt,,
435,2,"[12, 9, 11, 10]",219.43660454395496,18.160657389833798,4,4,0.0720113692805171,2,2,0.5,0,True,False,0.44900000000000007,30.135987974687502,1740,1740,F:\项目\专利\uav_dynamic_task_allocation\checkpoints\strike_order_dqn\latest.pt,,
436,0,"[4, 3, 1, 2]",178.27976535289113,26.243832350219726,4,4,0.09905968233942986,4,0,1.0,0,True,False,0.4477333333333333,30.135987974687502,1744,1744,F:\项目\专利\uav_dynamic_task_allocation\checkpoints\strike_order_dqn\latest.pt,,
437,2,"[10, 11, 12, 9]",270.65945821372793,16.116486194709942,4,4,0.06462965346872807,3,1,0.75,0,True,False,0.4464666666666667,30.135987974687502,1748,1748,F:\项目\专利\uav_dynamic_task_allocation\checkpoints\strike_order_dqn\latest.pt,,
438,4,"[19, 18, 20, 17]",169.56104208358724,21.76935026904001,4,4,0.09307604096829891,2,2,0.5,0,True,False,0.44520000000000004,30.135987974687502,1752,1752,F:\项目\专利\uav_dynamic_task_allocation\checkpoints\strike_order_dqn\latest.pt,,
439,0,"[4, 3, 2, 1]",143.75447345561832,27.15430895066569,4,4,0.1172601468861103,2,2,0.5,0,True,False,0.4439333333333333,30.135987974687502,1756,1756,F:\项目\专利\uav_dynamic_task_allocation\checkpoints\strike_order_dqn\latest.pt,,
440,1,"[5, 6, 7, 8]",176.18593953275735,28.57149701761014,4,4,0.06599617842584848,3,1,0.75,0,True,False,0.44266666666666665,30.135987974687502,1760,1760,F:\项目\专利\uav_dynamic_task_allocation\checkpoints\strike_order_dqn\latest.pt,,
441,4,"[18, 20, 17, 19]",214.19110404347458,17.842379858645714,4,4,0.062143849208950996,3,1,0.75,0,True,False,0.4414,30.135987974687502,1764,1764,F:\项目\专利\uav_dynamic_task_allocation\checkpoints\strike_order_dqn\latest.pt,,
442,1,"[6, 5, 7, 8]",179.24280076645087,19.713372735509566,4,4,0.05838994961231947,2,2,0.5,0,True,False,0.44013333333333327,30.135987974687502,1768,1768,F:\项目\专利\uav_dynamic_task_allocation\checkpoints\strike_order_dqn\latest.pt,,
443,0,"[4, 3, 2, 1]",143.75447345561832,27.15430895066569,4,4,0.09538254793733358,0,4,0.0,0,True,False,0.43886666666666674,30.135987974687502,1772,1772,F:\项目\专利\uav_dynamic_task_allocation\checkpoints\strike_order_dqn\latest.pt,,
444,2,"[12, 11, 9, 10]",244.64549331870504,17.702840575655934,4,4,0.07104670535773039,1,3,0.25,0,True,False,0.4376000000000001,30.135987974687502,1776,1776,F:\项目\专利\uav_dynamic_task_allocation\checkpoints\strike_order_dqn\latest.pt,,
445,2,"[10, 11, 9, 12]",236.68966888814236,17.19011143481486,4,4,0.11333272606134415,2,2,0.5,0,True,False,0.43633333333333335,30.135987974687502,1780,1780,F:\项目\专利\uav_dynamic_task_allocation\checkpoints\strike_order_dqn\latest.pt,,
446,3,"[13, 15, 14, 16]",121.91912521010097,26.288679406490516,4,4,0.1301763914525509,0,4,0.0,0,True,False,0.4350666666666667,30.135987974687502,1784,1784,F:\项目\专利\uav_dynamic_task_allocation\checkpoints\strike_order_dqn\latest.pt,,
447,1,"[5, 7, 8, 6]",164.60582761657668,30.135987974687502,4,4,0.06744327675551176,0,4,0.0,0,True,False,0.4338000000000001,30.135987974687502,1788,1788,F:\项目\专利\uav_dynamic_task_allocation\checkpoints\strike_order_dqn\latest.pt,,
448,4,"[19, 17, 20, 18]",193.25430480962262,20.112843240011067,4,4,0.06945859268307686,2,2,0.5,0,True,False,0.4325333333333333,30.135987974687502,1792,1792,F:\项目\专利\uav_dynamic_task_allocation\checkpoints\strike_order_dqn\latest.pt,,
449,2,"[12, 9, 10, 11]",270.3834160236714,16.84529375876235,4,4,0.06926552671939135,2,2,0.5,0,True,False,0.4312666666666667,30.135987974687502,1796,1796,F:\项目\专利\uav_dynamic_task_allocation\checkpoints\strike_order_dqn\latest.pt,,
450,1,"[7, 5, 8, 6]",173.96057184895602,21.953403967571337,4,4,0.09648184385150671,2,2,0.5,0,True,False,0.43000000000000005,30.135987974687502,1800,1800,F:\项目\专利\uav_dynamic_task_allocation\checkpoints\strike_order_dqn\latest.pt,,
451,4,"[17, 19, 18, 20]",191.4831689051923,19.56280543863833,4,4,0.09807505458593369,1,3,0.25,0,True,False,0.4287333333333333,30.135987974687502,1804,1804,F:\项目\专利\uav_dynamic_task_allocation\checkpoints\strike_order_dqn\latest.pt,,
452,4,"[19, 17, 20, 18]",193.25430480962262,20.112843240011067,4,4,0.09635384939610958,3,1,0.75,0,True,False,0.42746666666666666,30.135987974687502,1808,1808,F:\项目\专利\uav_dynamic_task_allocation\checkpoints\strike_order_dqn\latest.pt,,
453,2,"[12, 9, 11, 10]",219.43660454395496,18.160657389833798,4,4,0.10524574853479862,1,3,0.25,0,True,False,0.4262,30.135987974687502,1812,1812,F:\项目\专利\uav_dynamic_task_allocation\checkpoints\strike_order_dqn\latest.pt,,
454,0,"[4, 3, 2, 1]",143.75447345561832,27.15430895066569,4,4,0.07863170560449362,1,3,0.25,0,True,False,0.4249333333333334,30.135987974687502,1816,1816,F:\项目\专利\uav_dynamic_task_allocation\checkpoints\strike_order_dqn\latest.pt,,
455,2,"[12, 9, 11, 10]",219.43660454395496,18.160657389833798,4,4,0.061640690080821514,0,4,0.0,0,True,False,0.42366666666666664,30.135987974687502,1820,1820,F:\项目\专利\uav_dynamic_task_allocation\checkpoints\strike_order_dqn\latest.pt,,
456,2,"[10, 11, 9, 12]",236.68966888814236,17.19011143481486,4,4,0.08279419876635075,4,0,1.0,0,True,False,0.4224,30.135987974687502,1824,1824,F:\项目\专利\uav_dynamic_task_allocation\checkpoints\strike_order_dqn\latest.pt,,
457,0,"[4, 3, 2, 1]",143.75447345561832,27.15430895066569,4,4,0.08711805939674377,1,3,0.25,0,True,False,0.42113333333333336,30.135987974687502,1828,1828,F:\项目\专利\uav_dynamic_task_allocation\checkpoints\strike_order_dqn\latest.pt,,
458,3,"[14, 16, 13, 15]",121.90913142152347,24.602782444872584,4,4,0.08701530378311872,3,1,0.75,0,True,False,0.4198666666666667,30.135987974687502,1832,1832,F:\项目\专利\uav_dynamic_task_allocation\checkpoints\strike_order_dqn\latest.pt,,
459,4,"[17, 19, 18, 20]",191.4831689051923,19.56280543863833,4,4,0.05836262460798025,1,3,0.25,0,True,False,0.4186000000000001,30.135987974687502,1836,1836,F:\项目\专利\uav_dynamic_task_allocation\checkpoints\strike_order_dqn\latest.pt,,
460,0,"[1, 3, 4, 2]",181.66116066125574,24.446168855463334,4,4,0.040727571584284306,2,2,0.5,0,True,False,0.41733333333333344,30.135987974687502,1840,1840,F:\项目\专利\uav_dynamic_task_allocation\checkpoints\strike_order_dqn\latest.pt,,
461,3,"[13, 15, 14, 16]",121.91912521010097,26.288679406490516,4,4,0.06210347078740597,2,2,0.5,0,True,False,0.4160666666666667,30.135987974687502,1844,1844,F:\项目\专利\uav_dynamic_task_allocation\checkpoints\strike_order_dqn\latest.pt,,
462,0,"[3, 4, 1, 2]",179.79801857837936,24.64166998193241,4,4,0.10729845985770226,2,2,0.5,0,True,False,0.41480000000000006,30.135987974687502,1848,1848,F:\项目\专利\uav_dynamic_task_allocation\checkpoints\strike_order_dqn\latest.pt,,
463,3,"[16, 13, 15, 14]",105.95058292191784,25.942538832616897,4,4,0.06536839436739683,3,1,0.75,0,True,False,0.4135333333333334,30.135987974687502,1852,1852,F:\项目\专利\uav_dynamic_task_allocation\checkpoints\strike_order_dqn\latest.pt,,
464,2,"[11, 12, 9, 10]",271.1131172714322,16.43930813433778,4,4,0.11667507886886597,2,2,0.5,0,True,False,0.41226666666666667,30.135987974687502,1856,1856,F:\项目\专利\uav_dynamic_task_allocation\checkpoints\strike_order_dqn\latest.pt,,
465,0,"[4, 3, 2, 1]",143.75447345561832,27.15430895066569,4,4,0.08356997184455395,0,4,0.0,0,True,False,0.41100000000000003,30.135987974687502,1860,1860,F:\项目\专利\uav_dynamic_task_allocation\checkpoints\strike_order_dqn\latest.pt,,
466,4,"[19, 20, 17, 18]",205.15408927401,19.774473019758354,4,4,0.0615069018676877,2,2,0.5,0,True,False,0.4097333333333334,30.135987974687502,1864,1864,F:\项目\专利\uav_dynamic_task_allocation\checkpoints\strike_order_dqn\latest.pt,,
467,0,"[4, 3, 2, 1]",143.75447345561832,27.15430895066569,4,4,0.0621728515252471,2,2,0.5,0,True,False,0.40846666666666664,30.135987974687502,1868,1868,F:\项目\专利\uav_dynamic_task_allocation\checkpoints\strike_order_dqn\latest.pt,,
468,2,"[12, 9, 10, 11]",270.3834160236714,16.84529375876235,4,4,0.07512377481907606,2,2,0.5,0,True,False,0.4072,30.135987974687502,1872,1872,F:\项目\专利\uav_dynamic_task_allocation\checkpoints\strike_order_dqn\latest.pt,,
469,0,"[4, 2, 3, 1]",184.447053556711,21.064568425993755,4,4,0.055924597196280956,2,2,0.5,0,True,False,0.40593333333333337,30.135987974687502,1876,1876,F:\项目\专利\uav_dynamic_task_allocation\checkpoints\strike_order_dqn\latest.pt,,
470,4,"[18, 19, 20, 17]",175.99124657227856,19.8191363658509,4,4,0.05555765703320503,3,1,0.75,0,True,False,0.4046666666666666,30.135987974687502,1880,1880,F:\项目\专利\uav_dynamic_task_allocation\checkpoints\strike_order_dqn\latest.pt,,
471,3,"[13, 15, 14, 16]",121.91912521010097,26.288679406490516,4,4,0.06313132867217064,2,2,0.5,0,True,False,0.4034,30.135987974687502,1884,1884,F:\项目\专利\uav_dynamic_task_allocation\checkpoints\strike_order_dqn\latest.pt,,
472,4,"[19, 17, 20, 18]",193.25430480962262,20.112843240011067,4,4,0.052425975911319256,1,3,0.25,0,True,False,0.40213333333333334,30.135987974687502,1888,1888,F:\项目\专利\uav_dynamic_task_allocation\checkpoints\strike_order_dqn\latest.pt,,
473,2,"[11, 9, 12, 10]",195.22686250124153,18.40278416071593,4,4,0.04166666604578495,2,2,0.5,0,True,False,0.4008666666666667,30.135987974687502,1892,1892,F:\项目\专利\uav_dynamic_task_allocation\checkpoints\strike_order_dqn\latest.pt,,
474,2,"[9, 11, 10, 12]",216.06353122059784,18.012695818960978,4,4,0.04980013705790043,2,2,0.5,0,True,False,0.39960000000000007,30.135987974687502,1896,1896,F:\项目\专利\uav_dynamic_task_allocation\checkpoints\strike_order_dqn\latest.pt,,
475,3,"[13, 15, 14, 16]",121.91912521010097,26.288679406490516,4,4,0.06259708944708109,1,3,0.25,0,True,False,0.39833333333333343,30.135987974687502,1900,1900,F:\项目\专利\uav_dynamic_task_allocation\checkpoints\strike_order_dqn\latest.pt,,
476,3,"[13, 15, 16, 14]",124.85245298960119,26.100849994766918,4,4,0.07532965112477541,2,2,0.5,0,True,False,0.3970666666666667,30.135987974687502,1904,1904,F:\项目\专利\uav_dynamic_task_allocation\checkpoints\strike_order_dqn\latest.pt,,
477,4,"[19, 18, 20, 17]",169.56104208358724,21.76935026904001,4,4,0.09406786318868399,0,4,0.0,0,True,False,0.39580000000000004,30.135987974687502,1908,1908,F:\项目\专利\uav_dynamic_task_allocation\checkpoints\strike_order_dqn\latest.pt,,
478,0,"[4, 3, 2, 1]",143.75447345561832,27.15430895066569,4,4,0.060149189084768295,3,1,0.75,0,True,False,0.3945333333333334,30.135987974687502,1912,1912,F:\项目\专利\uav_dynamic_task_allocation\checkpoints\strike_order_dqn\latest.pt,,
479,3,"[13, 16, 14, 15]",123.25600894347023,26.004300419945153,4,4,0.0716265756636858,2,2,0.5,0,True,False,0.39326666666666665,30.135987974687502,1916,1916,F:\项目\专利\uav_dynamic_task_allocation\checkpoints\strike_order_dqn\latest.pt,,
480,0,"[4, 1, 3, 2]",219.5208976367524,19.70717567572825,4,4,0.056730651296675205,1,3,0.25,0,True,False,0.392,30.135987974687502,1920,1920,F:\项目\专利\uav_dynamic_task_allocation\checkpoints\strike_order_dqn\latest.pt,,
481,1,"[5, 7, 8, 6]",164.60582761657668,30.135987974687502,4,4,0.1111803837120533,1,3,0.25,0,True,False,0.3907333333333334,30.135987974687502,1924,1924,F:\项目\专利\uav_dynamic_task_allocation\checkpoints\strike_order_dqn\latest.pt,,
482,4,"[19, 18, 20, 17]",169.56104208358724,21.76935026904001,4,4,0.05198149662464857,0,4,0.0,0,True,False,0.3894666666666666,30.135987974687502,1928,1928,F:\项目\专利\uav_dynamic_task_allocation\checkpoints\strike_order_dqn\latest.pt,,
483,1,"[5, 7, 8, 6]",164.60582761657668,30.135987974687502,4,4,0.06281700730323792,1,3,0.25,0,True,False,0.3882,30.135987974687502,1932,1932,F:\项目\专利\uav_dynamic_task_allocation\checkpoints\strike_order_dqn\latest.pt,,
484,3,"[15, 13, 16, 14]",110.72440362060973,26.524306284948956,4,4,0.09061040263622999,1,3,0.25,0,True,False,0.38693333333333335,30.135987974687502,1936,1936,F:\项目\专利\uav_dynamic_task_allocation\checkpoints\strike_order_dqn\latest.pt,,
485,2,"[10, 12, 9, 11]",205.11603076518864,17.944549681546867,4,4,0.07028609979897738,1,3,0.25,0,True,False,0.3856666666666667,30.135987974687502,1940,1940,F:\项目\专利\uav_dynamic_task_allocation\checkpoints\strike_order_dqn\latest.pt,,
486,1,"[5, 7, 8, 6]",164.60582761657668,30.135987974687502,4,4,0.06265373155474663,0,4,0.0,0,True,False,0.38439999999999996,30.135987974687502,1944,1944,F:\项目\专利\uav_dynamic_task_allocation\checkpoints\strike_order_dqn\latest.pt,,
487,1,"[5, 8, 6, 7]",200.39365931189104,28.565930775881494,4,4,0.054958608001470566,2,2,0.5,0,True,False,0.3831333333333333,30.135987974687502,1948,1948,F:\项目\专利\uav_dynamic_task_allocation\checkpoints\strike_order_dqn\latest.pt,,
488,2,"[12, 9, 11, 10]",219.43660454395496,18.160657389833798,4,4,0.08153693936765194,1,3,0.25,0,True,False,0.3818666666666668,30.135987974687502,1952,1952,F:\项目\专利\uav_dynamic_task_allocation\checkpoints\strike_order_dqn\latest.pt,,
489,3,"[13, 14, 15, 16]",138.68555427061136,24.119297511522852,4,4,0.07114491239190102,1,3,0.25,0,True,False,0.38060000000000005,30.135987974687502,1956,1956,F:\项目\专利\uav_dynamic_task_allocation\checkpoints\strike_order_dqn\latest.pt,,
490,3,"[13, 16, 15, 14]",116.10182393712081,26.366462669072508,4,4,0.07019844185560942,1,3,0.25,0,True,False,0.3793333333333334,30.135987974687502,1960,1960,F:\项目\专利\uav_dynamic_task_allocation\checkpoints\strike_order_dqn\latest.pt,,
491,4,"[19, 18, 17, 20]",172.49892430786332,21.71901980128594,4,4,0.07161246240139008,2,2,0.5,0,True,False,0.3780666666666668,30.135987974687502,1964,1964,F:\项目\专利\uav_dynamic_task_allocation\checkpoints\strike_order_dqn\latest.pt,,
492,4,"[17, 20, 19, 18]",170.67585144740272,20.153977949194896,4,4,0.05994414072483778,3,1,0.75,0,True,False,0.3768,30.135987974687502,1968,1968,F:\项目\专利\uav_dynamic_task_allocation\checkpoints\strike_order_dqn\latest.pt,,
493,3,"[16, 13, 15, 14]",105.95058292191784,25.942538832616897,4,4,0.059697759337723255,2,2,0.5,0,True,False,0.3755333333333334,30.135987974687502,1972,1972,F:\项目\专利\uav_dynamic_task_allocation\checkpoints\strike_order_dqn\latest.pt,,
494,3,"[13, 16, 15, 14]",116.10182393712081,26.366462669072508,4,4,0.042850468307733536,1,3,0.25,0,True,False,0.37426666666666675,30.135987974687502,1976,1976,F:\项目\专利\uav_dynamic_task_allocation\checkpoints\strike_order_dqn\latest.pt,,
495,1,"[5, 8, 7, 6]",149.2377467868531,30.0298134782743,4,4,0.046556131914258,1,3,0.25,0,True,False,0.373,30.135987974687502,1980,1980,F:\项目\专利\uav_dynamic_task_allocation\checkpoints\strike_order_dqn\latest.pt,,
496,2,"[12, 11, 9, 10]",244.64549331870504,17.702840575655934,4,4,0.056370070204138756,1,3,0.25,0,True,False,0.37173333333333336,30.135987974687502,1984,1984,F:\项目\专利\uav_dynamic_task_allocation\checkpoints\strike_order_dqn\latest.pt,,
497,0,"[3, 4, 2, 1]",144.72417449833796,25.999062732197913,4,4,0.051913474686443806,2,2,0.5,0,True,False,0.3704666666666667,30.135987974687502,1988,1988,F:\项目\专利\uav_dynamic_task_allocation\checkpoints\strike_order_dqn\latest.pt,,
498,1,"[7, 5, 8, 6]",173.96057184895602,21.953403967571337,4,4,0.03860566392540932,1,3,0.25,0,True,False,0.3692,30.135987974687502,1992,1992,F:\项目\专利\uav_dynamic_task_allocation\checkpoints\strike_order_dqn\latest.pt,,
499,4,"[19, 18, 17, 20]",172.49892430786332,21.71901980128594,4,4,0.05104917287826538,1,3,0.25,0,True,False,0.36793333333333333,30.135987974687502,1996,1996,F:\项目\专利\uav_dynamic_task_allocation\checkpoints\strike_order_dqn\latest.pt,,
500,2,"[11, 9, 10, 12]",227.06994610847113,17.83864149511276,4,4,0.05415401607751846,3,1,0.75,0,True,False,0.3666666666666667,30.135987974687502,2000,2000,F:\项目\专利\uav_dynamic_task_allocation\checkpoints\strike_order_dqn\latest.pt,,
501,0,"[4, 2, 3, 1]",184.447053556711,21.064568425993755,4,4,0.05600554961711168,1,3,0.25,0,True,False,0.36539999999999995,30.135987974687502,2004,2004,F:\项目\专利\uav_dynamic_task_allocation\checkpoints\strike_order_dqn\latest.pt,,
502,3,"[13, 15, 14, 16]",121.91912521010097,26.288679406490516,4,4,0.07794845104217529,1,3,0.25,0,True,False,0.3641333333333333,30.135987974687502,2008,2008,F:\项目\专利\uav_dynamic_task_allocation\checkpoints\strike_order_dqn\latest.pt,,
503,4,"[19, 18, 20, 17]",169.56104208358724,21.76935026904001,4,4,0.041908270213752985,0,4,0.0,0,True,False,0.3628666666666668,30.135987974687502,2012,2012,F:\项目\专利\uav_dynamic_task_allocation\checkpoints\strike_order_dqn\latest.pt,,
504,4,"[19, 18, 17, 20]",172.49892430786332,21.71901980128594,4,4,0.07876100018620491,1,3,0.25,0,True,False,0.36160000000000003,30.135987974687502,2016,2016,F:\项目\专利\uav_dynamic_task_allocation\checkpoints\strike_order_dqn\latest.pt,,
505,1,"[5, 8, 7, 6]",149.2377467868531,30.0298134782743,4,4,0.06696259044110775,1,3,0.25,0,True,False,0.3603333333333334,30.135987974687502,2020,2020,F:\项目\专利\uav_dynamic_task_allocation\checkpoints\strike_order_dqn\latest.pt,,
506,2,"[12, 9, 11, 10]",219.43660454395496,18.160657389833798,4,4,0.06314254179596901,1,3,0.25,0,True,False,0.35906666666666676,30.135987974687502,2024,2024,F:\项目\专利\uav_dynamic_task_allocation\checkpoints\strike_order_dqn\latest.pt,,
507,2,"[12, 9, 10, 11]",270.3834160236714,16.84529375876235,4,4,0.06383784953504801,2,2,0.5,0,True,False,0.3578,30.135987974687502,2028,2028,F:\项目\专利\uav_dynamic_task_allocation\checkpoints\strike_order_dqn\latest.pt,,
508,1,"[7, 5, 8, 6]",173.96057184895602,21.953403967571337,4,4,0.06813730578869581,1,3,0.25,0,True,False,0.35653333333333337,30.135987974687502,2032,2032,F:\项目\专利\uav_dynamic_task_allocation\checkpoints\strike_order_dqn\latest.pt,,
509,1,"[7, 5, 6, 8]",200.90876459486026,20.495087506907176,4,4,0.03375975787639618,2,2,0.5,0,True,False,0.35526666666666673,30.135987974687502,2036,2036,F:\项目\专利\uav_dynamic_task_allocation\checkpoints\strike_order_dqn\latest.pt,,
510,1,"[6, 7, 5, 8]",184.52498436041088,20.003753272511286,4,4,0.06018475256860256,1,3,0.25,0,True,False,0.354,30.135987974687502,2040,2040,F:\项目\专利\uav_dynamic_task_allocation\checkpoints\strike_order_dqn\latest.pt,,
511,4,"[19, 18, 20, 17]",169.56104208358724,21.76935026904001,4,4,0.08402817044407129,1,3,0.25,0,True,False,0.35273333333333334,30.135987974687502,2044,2044,F:\项目\专利\uav_dynamic_task_allocation\checkpoints\strike_order_dqn\latest.pt,,
512,3,"[14, 15, 16, 13]",131.81001590286493,22.83455840964945,4,4,0.050939342472702265,2,2,0.5,0,True,False,0.3514666666666667,30.135987974687502,2048,2048,F:\项目\专利\uav_dynamic_task_allocation\checkpoints\strike_order_dqn\latest.pt,,
513,4,"[19, 18, 20, 17]",169.56104208358724,21.76935026904001,4,4,0.0511260824277997,0,4,0.0,0,True,False,0.35019999999999996,30.135987974687502,2052,2052,F:\项目\专利\uav_dynamic_task_allocation\checkpoints\strike_order_dqn\latest.pt,,
514,4,"[19, 18, 17, 20]",172.49892430786332,21.71901980128594,4,4,0.030105415731668472,2,2,0.5,0,True,False,0.3489333333333333,30.135987974687502,2056,2056,F:\项目\专利\uav_dynamic_task_allocation\checkpoints\strike_order_dqn\latest.pt,,
515,4,"[19, 20, 17, 18]",205.15408927401,19.774473019758354,4,4,0.05671610776335001,2,2,0.5,0,True,False,0.3476666666666667,30.135987974687502,2060,2060,F:\项目\专利\uav_dynamic_task_allocation\checkpoints\strike_order_dqn\latest.pt,,
516,0,"[1, 2, 4, 3]",165.4992225134303,24.752069426272065,4,4,0.05365146230906248,2,2,0.5,0,True,False,0.34640000000000004,30.135987974687502,2064,2064,F:\项目\专利\uav_dynamic_task_allocation\checkpoints\strike_order_dqn\latest.pt,,
517,4,"[19, 18, 17, 20]",172.49892430786332,21.71901980128594,4,4,0.045943692326545715,2,2,0.5,0,True,False,0.3451333333333333,30.135987974687502,2068,2068,F:\项目\专利\uav_dynamic_task_allocation\checkpoints\strike_order_dqn\latest.pt,,
518,0,"[4, 2, 3, 1]",184.447053556711,21.064568425993755,4,4,0.06928392313420773,1,3,0.25,0,True,False,0.34386666666666676,30.135987974687502,2072,2072,F:\项目\专利\uav_dynamic_task_allocation\checkpoints\strike_order_dqn\latest.pt,,
519,2,"[12, 9, 11, 10]",219.43660454395496,18.160657389833798,4,4,0.029223838821053505,0,4,0.0,0,True,False,0.3426000000000001,30.135987974687502,2076,2076,F:\项目\专利\uav_dynamic_task_allocation\checkpoints\strike_order_dqn\latest.pt,,
520,2,"[10, 11, 12, 9]",270.65945821372793,16.116486194709942,4,4,0.03461029613390565,3,1,0.75,0,True,False,0.3413333333333334,30.135987974687502,2080,2080,F:\项目\专利\uav_dynamic_task_allocation\checkpoints\strike_order_dqn\latest.pt,,
521,1,"[5, 7, 8, 6]",164.60582761657668,30.135987974687502,4,4,0.03832787135615945,0,4,0.0,0,True,False,0.34006666666666674,30.135987974687502,2084,2084,F:\项目\专利\uav_dynamic_task_allocation\checkpoints\strike_order_dqn\latest.pt,,
522,0,"[4, 1, 2, 3]",203.35895948892696,20.013076246536983,4,4,0.054639643989503384,2,2,0.5,0,True,False,0.3388000000000001,30.135987974687502,2088,2088,F:\项目\专利\uav_dynamic_task_allocation\checkpoints\strike_order_dqn\latest.pt,,
523,0,"[4, 3, 2, 1]",143.75447345561832,27.15430895066569,4,4,0.05212053097784519,0,4,0.0,0,True,False,0.33753333333333335,30.135987974687502,2092,2092,F:\项目\专利\uav_dynamic_task_allocation\checkpoints\strike_order_dqn\latest.pt,,
524,4,"[19, 18, 20, 17]",169.56104208358724,21.76935026904001,4,4,0.03346107993274927,1,3,0.25,0,True,False,0.3362666666666667,30.135987974687502,2096,2096,F:\项目\专利\uav_dynamic_task_allocation\checkpoints\strike_order_dqn\latest.pt,,
525,1,"[5, 8, 7, 6]",149.2377467868531,30.0298134782743,4,4,0.038716974668204784,2,2,0.5,0,True,False,0.3350000000000001,30.135987974687502,2100,2100,F:\项目\专利\uav_dynamic_task_allocation\checkpoints\strike_order_dqn\latest.pt,,
526,1,"[5, 7, 8, 6]",164.60582761657668,30.135987974687502,4,4,0.04391475208103657,0,4,0.0,0,True,False,0.3337333333333333,30.135987974687502,2104,2104,F:\项目\专利\uav_dynamic_task_allocation\checkpoints\strike_order_dqn\latest.pt,,
527,4,"[19, 17, 20, 18]",193.25430480962262,20.112843240011067,4,4,0.040312955155968666,2,2,0.5,0,True,False,0.3324666666666667,30.135987974687502,2108,2108,F:\项目\专利\uav_dynamic_task_allocation\checkpoints\strike_order_dqn\latest.pt,,
528,0,"[4, 3, 2, 1]",143.75447345561832,27.15430895066569,4,4,0.05409643612802029,0,4,0.0,0,True,False,0.33120000000000005,30.135987974687502,2112,2112,F:\项目\专利\uav_dynamic_task_allocation\checkpoints\strike_order_dqn\latest.pt,,
529,4,"[20, 17, 19, 18]",163.52770884030468,20.317524759490777,4,4,0.04288272699341178,1,3,0.25,0,True,False,0.3299333333333333,30.135987974687502,2116,2116,F:\项目\专利\uav_dynamic_task_allocation\checkpoints\strike_order_dqn\latest.pt,,
530,4,"[19, 18, 20, 17]",169.56104208358724,21.76935026904001,4,4,0.039994833059608936,0,4,0.0,0,True,False,0.32866666666666666,30.135987974687502,2120,2120,F:\项目\专利\uav_dynamic_task_allocation\checkpoints\strike_order_dqn\latest.pt,,
531,2,"[12, 9, 11, 10]",219.43660454395496,18.160657389833798,4,4,0.05729891639202833,0,4,0.0,0,True,False,0.3274,30.135987974687502,2124,2124,F:\项目\专利\uav_dynamic_task_allocation\checkpoints\strike_order_dqn\latest.pt,,
532,0,"[4, 3, 1, 2]",178.27976535289113,26.243832350219726,4,4,0.03917367849498987,2,2,0.5,0,True,False,0.3261333333333333,30.135987974687502,2128,2128,F:\项目\专利\uav_dynamic_task_allocation\checkpoints\strike_order_dqn\latest.pt,,
533,0,"[4, 3, 2, 1]",143.75447345561832,27.15430895066569,4,4,0.027950594667345285,1,3,0.25,0,True,False,0.32486666666666675,30.135987974687502,2132,2132,F:\项目\专利\uav_dynamic_task_allocation\checkpoints\strike_order_dqn\latest.pt,,
534,1,"[5, 8, 7, 6]",149.2377467868531,30.0298134782743,4,4,0.06982209347188473,1,3,0.25,0,True,False,0.3236000000000001,30.135987974687502,2136,2136,F:\项目\专利\uav_dynamic_task_allocation\checkpoints\strike_order_dqn\latest.pt,,
535,2,"[12, 9, 11, 10]",219.43660454395496,18.160657389833798,4,4,0.0443278644233942,0,4,0.0,0,True,False,0.32233333333333336,30.135987974687502,2140,2140,F:\项目\专利\uav_dynamic_task_allocation\checkpoints\strike_order_dqn\latest.pt,,
536,0,"[4, 3, 2, 1]",143.75447345561832,27.15430895066569,4,4,0.04611488617956638,0,4,0.0,0,True,False,0.3210666666666667,30.135987974687502,2144,2144,F:\项目\专利\uav_dynamic_task_allocation\checkpoints\strike_order_dqn\latest.pt,,
537,2,"[12, 9, 11, 10]",219.43660454395496,18.160657389833798,4,4,0.057865405920892954,1,3,0.25,0,True,False,0.3198000000000001,30.135987974687502,2148,2148,F:\项目\专利\uav_dynamic_task_allocation\checkpoints\strike_order_dqn\latest.pt,,
538,0,"[4, 2, 3, 1]",184.447053556711,21.064568425993755,4,4,0.039590779691934586,2,2,0.5,0,True,False,0.31853333333333333,30.135987974687502,2152,2152,F:\项目\专利\uav_dynamic_task_allocation\checkpoints\strike_order_dqn\latest.pt,,
539,2,"[12, 10, 9, 11]",219.7060500282308,18.350952970962638,4,4,0.031680475920438766,1,3,0.25,0,True,False,0.3172666666666667,30.135987974687502,2156,2156,F:\项目\专利\uav_dynamic_task_allocation\checkpoints\strike_order_dqn\latest.pt,,
540,0,"[4, 3, 2, 1]",143.75447345561832,27.15430895066569,4,4,0.043256440199911594,1,3,0.25,0,True,False,0.31600000000000006,30.135987974687502,2160,2160,F:\项目\专利\uav_dynamic_task_allocation\checkpoints\strike_order_dqn\latest.pt,,
541,3,"[13, 15, 16, 14]",124.85245298960119,26.100849994766918,4,4,0.07038648659363389,1,3,0.25,0,True,False,0.3147333333333333,30.135987974687502,2164,2164,F:\项目\专利\uav_dynamic_task_allocation\checkpoints\strike_order_dqn\latest.pt,,
542,0,"[4, 3, 2, 1]",143.75447345561832,27.15430895066569,4,4,0.04151450050994754,0,4,0.0,0,True,False,0.31346666666666667,30.135987974687502,2168,2168,F:\项目\专利\uav_dynamic_task_allocation\checkpoints\strike_order_dqn\latest.pt,,
543,0,"[4, 3, 2, 1]",143.75447345561832,27.15430895066569,4,4,0.05179579043760896,1,3,0.25,0,True,False,0.31220000000000003,30.135987974687502,2172,2172,F:\项目\专利\uav_dynamic_task_allocation\checkpoints\strike_order_dqn\latest.pt,,
544,0,"[3, 4, 2, 1]",144.72417449833796,25.999062732197913,4,4,0.05265878140926361,3,1,0.75,0,True,False,0.3109333333333333,30.135987974687502,2176,2176,F:\项目\专利\uav_dynamic_task_allocation\checkpoints\strike_order_dqn\latest.pt,,
545,4,"[17, 20, 19, 18]",170.67585144740272,20.153977949194896,4,4,0.0655604787170887,2,2,0.5,0,True,False,0.30966666666666665,30.135987974687502,2180,2180,F:\项目\专利\uav_dynamic_task_allocation\checkpoints\strike_order_dqn\latest.pt,,
546,0,"[2, 4, 3, 1]",155.79811037352016,26.295030053538895,4,4,0.06064622104167938,1,3,0.25,0,True,False,0.3084,30.135987974687502,2184,2184,F:\项目\专利\uav_dynamic_task_allocation\checkpoints\strike_order_dqn\latest.pt,,
547,2,"[12, 10, 9, 11]",219.7060500282308,18.350952970962638,4,4,0.04443065309897065,1,3,0.25,0,True,False,0.30713333333333337,30.135987974687502,2188,2188,F:\项目\专利\uav_dynamic_task_allocation\checkpoints\strike_order_dqn\latest.pt,,
548,2,"[9, 11, 10, 12]",216.06353122059784,18.012695818960978,4,4,0.03561042156070471,3,1,0.75,0,True,False,0.30586666666666673,30.135987974687502,2192,2192,F:\项目\专利\uav_dynamic_task_allocation\checkpoints\strike_order_dqn\latest.pt,,
549,2,"[12, 9, 11, 10]",219.43660454395496,18.160657389833798,4,4,0.047206697054207325,2,2,0.5,0,True,False,0.3046000000000001,30.135987974687502,2196,2196,F:\项目\专利\uav_dynamic_task_allocation\checkpoints\strike_order_dqn\latest.pt,,
550,3,"[13, 15, 14, 16]",121.91912521010097,26.288679406490516,4,4,0.04819417558610439,1,3,0.25,0,True,False,0.30333333333333345,30.135987974687502,2200,2200,F:\项目\专利\uav_dynamic_task_allocation\checkpoints\strike_order_dqn\latest.pt,,
551,4,"[19, 18, 20, 17]",169.56104208358724,21.76935026904001,4,4,0.06125619448721409,1,3,0.25,0,True,False,0.3020666666666667,30.135987974687502,2204,2204,F:\项目\专利\uav_dynamic_task_allocation\checkpoints\strike_order_dqn\latest.pt,,
552,1,"[5, 8, 7, 6]",149.2377467868531,30.0298134782743,4,4,0.07636355236172676,2,2,0.5,0,True,False,0.30080000000000007,30.135987974687502,2208,2208,F:\项目\专利\uav_dynamic_task_allocation\checkpoints\strike_order_dqn\latest.pt,,
553,4,"[17, 19, 18, 20]",191.4831689051923,19.56280543863833,4,4,0.06868270225822926,2,2,0.5,0,True,False,0.29953333333333343,30.135987974687502,2212,2212,F:\项目\专利\uav_dynamic_task_allocation\checkpoints\strike_order_dqn\latest.pt,,
554,1,"[5, 7, 8, 6]",164.60582761657668,30.135987974687502,4,4,0.05095784831792116,0,4,0.0,0,True,False,0.2982666666666667,30.135987974687502,2216,2216,F:\项目\专利\uav_dynamic_task_allocation\checkpoints\strike_order_dqn\latest.pt,,
555,4,"[19, 18, 20, 17]",169.56104208358724,21.76935026904001,4,4,0.036476997658610344,0,4,0.0,0,True,False,0.29700000000000004,30.135987974687502,2220,2220,F:\项目\专利\uav_dynamic_task_allocation\checkpoints\strike_order_dqn\latest.pt,,
556,2,"[11, 9, 12, 10]",195.22686250124153,18.40278416071593,4,4,0.04433868080377579,2,2,0.5,0,True,False,0.2957333333333334,30.135987974687502,2224,2224,F:\项目\专利\uav_dynamic_task_allocation\checkpoints\strike_order_dqn\latest.pt,,
557,3,"[13, 15, 14, 16]",121.91912521010097,26.288679406490516,4,4,0.05840775836259127,1,3,0.25,0,True,False,0.29446666666666665,30.135987974687502,2228,2228,F:\项目\专利\uav_dynamic_task_allocation\checkpoints\strike_order_dqn\latest.pt,,
558,4,"[19, 18, 17, 20]",172.49892430786332,21.71901980128594,4,4,0.04793832963332534,1,3,0.25,0,True,False,0.2932,30.135987974687502,2232,2232,F:\项目\专利\uav_dynamic_task_allocation\checkpoints\strike_order_dqn\latest.pt,,
559,3,"[13, 15, 16, 14]",124.85245298960119,26.100849994766918,4,4,0.0366905233822763,2,2,0.5,0,True,False,0.2919333333333334,30.135987974687502,2236,2236,F:\项目\专利\uav_dynamic_task_allocation\checkpoints\strike_order_dqn\latest.pt,,
560,4,"[20, 17, 19, 18]",163.52770884030468,20.317524759490777,4,4,0.06077725416980684,2,2,0.5,0,True,False,0.29066666666666663,30.135987974687502,2240,2240,F:\项目\专利\uav_dynamic_task_allocation\checkpoints\strike_order_dqn\latest.pt,,
561,2,"[12, 9, 11, 10]",219.43660454395496,18.160657389833798,4,4,0.04369448032230139,0,4,0.0,0,True,False,0.2894,30.135987974687502,2244,2244,F:\项目\专利\uav_dynamic_task_allocation\checkpoints\strike_order_dqn\latest.pt,,
562,0,"[4, 3, 1, 2]",178.27976535289113,26.243832350219726,4,4,0.025947523768991232,1,3,0.25,0,True,False,0.28813333333333335,30.135987974687502,2248,2248,F:\项目\专利\uav_dynamic_task_allocation\checkpoints\strike_order_dqn\latest.pt,,
563,2,"[12, 9, 11, 10]",219.43660454395496,18.160657389833798,4,4,0.0292976894415915,0,4,0.0,0,True,False,0.2868666666666667,30.135987974687502,2252,2252,F:\项目\专利\uav_dynamic_task_allocation\checkpoints\strike_order_dqn\latest.pt,,
564,0,"[4, 3, 2, 1]",143.75447345561832,27.15430895066569,4,4,0.03253765683621168,0,4,0.0,0,True,False,0.2856000000000001,30.135987974687502,2256,2256,F:\项目\专利\uav_dynamic_task_allocation\checkpoints\strike_order_dqn\latest.pt,,
565,4,"[19, 18, 20, 17]",169.56104208358724,21.76935026904001,4,4,0.036580951884388924,3,1,0.75,0,True,False,0.28433333333333344,30.135987974687502,2260,2260,F:\项目\专利\uav_dynamic_task_allocation\checkpoints\strike_order_dqn\latest.pt,,
566,1,"[5, 7, 8, 6]",164.60582761657668,30.135987974687502,4,4,0.03594723669812083,2,2,0.5,0,True,False,0.2830666666666667,30.135987974687502,2264,2264,F:\项目\专利\uav_dynamic_task_allocation\checkpoints\strike_order_dqn\latest.pt,,
567,1,"[5, 8, 6, 7]",200.39365931189104,28.565930775881494,4,4,0.029501583892852068,2,2,0.5,0,True,False,0.28180000000000005,30.135987974687502,2268,2268,F:\项目\专利\uav_dynamic_task_allocation\checkpoints\strike_order_dqn\latest.pt,,
568,1,"[5, 8, 7, 6]",149.2377467868531,30.0298134782743,4,4,0.03541072830557823,0,4,0.0,0,True,False,0.2805333333333334,30.135987974687502,2272,2272,F:\项目\专利\uav_dynamic_task_allocation\checkpoints\strike_order_dqn\latest.pt,,
569,3,"[13, 15, 14, 16]",121.91912521010097,26.288679406490516,4,4,0.03053321409970522,1,3,0.25,0,True,False,0.27926666666666666,30.135987974687502,2276,2276,F:\项目\专利\uav_dynamic_task_allocation\checkpoints\strike_order_dqn\latest.pt,,
570,2,"[12, 9, 11, 10]",219.43660454395496,18.160657389833798,4,4,0.029336397536098957,0,4,0.0,0,True,False,0.278,30.135987974687502,2280,2280,F:\项目\专利\uav_dynamic_task_allocation\checkpoints\strike_order_dqn\latest.pt,,
571,4,"[20, 17, 19, 18]",163.52770884030468,20.317524759490777,4,4,0.04583138134330511,2,2,0.5,0,True,False,0.2767333333333334,30.135987974687502,2284,2284,F:\项目\专利\uav_dynamic_task_allocation\checkpoints\strike_order_dqn\latest.pt,,
572,2,"[12, 9, 11, 10]",219.43660454395496,18.160657389833798,4,4,0.038640545681118965,0,4,0.0,0,True,False,0.27546666666666664,30.135987974687502,2288,2288,F:\项目\专利\uav_dynamic_task_allocation\checkpoints\strike_order_dqn\latest.pt,,
573,1,"[5, 7, 6, 8]",196.83620395644095,28.96805205102506,4,4,0.018767827190458775,2,2,0.5,0,True,False,0.2742,30.135987974687502,2292,2292,F:\项目\专利\uav_dynamic_task_allocation\checkpoints\strike_order_dqn\latest.pt,,
574,0,"[4, 3, 2, 1]",143.75447345561832,27.15430895066569,4,4,0.056012541987001896,1,3,0.25,0,True,False,0.27293333333333336,30.135987974687502,2296,2296,F:\项目\专利\uav_dynamic_task_allocation\checkpoints\strike_order_dqn\latest.pt,,
575,0,"[1, 2, 4, 3]",165.4992225134303,24.752069426272065,4,4,0.020015216898173094,2,2,0.5,0,True,False,0.2716666666666666,30.135987974687502,2300,2300,F:\项目\专利\uav_dynamic_task_allocation\checkpoints\strike_order_dqn\latest.pt,,
576,1,"[5, 8, 7, 6]",149.2377467868531,30.0298134782743,4,4,0.042191154323518276,0,4,0.0,0,True,False,0.2704,30.135987974687502,2304,2304,F:\项目\专利\uav_dynamic_task_allocation\checkpoints\strike_order_dqn\latest.pt,,
577,4,"[19, 18, 20, 17]",169.56104208358724,21.76935026904001,4,4,0.040410846937447786,0,4,0.0,0,True,False,0.26913333333333334,30.135987974687502,2308,2308,F:\项目\专利\uav_dynamic_task_allocation\checkpoints\strike_order_dqn\latest.pt,,
578,2,"[12, 9, 11, 10]",219.43660454395496,18.160657389833798,4,4,0.026266117114573717,0,4,0.0,0,True,False,0.2678666666666667,30.135987974687502,2312,2312,F:\项目\专利\uav_dynamic_task_allocation\checkpoints\strike_order_dqn\latest.pt,,
579,4,"[20, 17, 19, 18]",163.52770884030468,20.317524759490777,4,4,0.02906374679878354,2,2,0.5,0,True,False,0.26660000000000006,30.135987974687502,2316,2316,F:\项目\专利\uav_dynamic_task_allocation\checkpoints\strike_order_dqn\latest.pt,,
580,0,"[4, 2, 3, 1]",184.447053556711,21.064568425993755,4,4,0.022959592519327998,1,3,0.25,0,True,False,0.2653333333333334,30.135987974687502,2320,2320,F:\项目\专利\uav_dynamic_task_allocation\checkpoints\strike_order_dqn\latest.pt,,
581,0,"[2, 1, 3, 4]",184.61659237869566,25.07248208498785,4,4,0.024797878228127956,3,1,0.75,0,True,False,0.2640666666666668,30.135987974687502,2324,2324,F:\项目\专利\uav_dynamic_task_allocation\checkpoints\strike_order_dqn\latest.pt,,
582,4,"[19, 17, 18, 20]",225.96140673179957,19.183300509201782,4,4,0.06706009432673454,2,2,0.5,0,True,False,0.26280000000000003,30.135987974687502,2328,2328,F:\项目\专利\uav_dynamic_task_allocation\checkpoints\strike_order_dqn\latest.pt,,
583,0,"[4, 3, 1, 2]",178.27976535289113,26.243832350219726,4,4,0.025568712037056684,2,2,0.5,0,True,False,0.2615333333333334,30.135987974687502,2332,2332,F:\项目\专利\uav_dynamic_task_allocation\checkpoints\strike_order_dqn\latest.pt,,
584,0,"[4, 3, 1, 2]",178.27976535289113,26.243832350219726,4,4,0.06338751642033458,2,2,0.5,0,True,False,0.26026666666666676,30.135987974687502,2336,2336,F:\项目\专利\uav_dynamic_task_allocation\checkpoints\strike_order_dqn\latest.pt,,
585,2,"[12, 10, 9, 11]",219.7060500282308,18.350952970962638,4,4,0.06937666144222021,1,3,0.25,0,True,False,0.259,30.135987974687502,2340,2340,F:\项目\专利\uav_dynamic_task_allocation\checkpoints\strike_order_dqn\latest.pt,,
586,4,"[19, 20, 17, 18]",205.15408927401,19.774473019758354,4,4,0.033112017437815666,1,3,0.25,0,True,False,0.25773333333333337,30.135987974687502,2344,2344,F:\项目\专利\uav_dynamic_task_allocation\checkpoints\strike_order_dqn\latest.pt,,
587,3,"[13, 15, 16, 14]",124.85245298960119,26.100849994766918,4,4,0.02402789145708084,1,3,0.25,0,True,False,0.25646666666666673,30.135987974687502,2348,2348,F:\项目\专利\uav_dynamic_task_allocation\checkpoints\strike_order_dqn\latest.pt,,
588,0,"[4, 3, 1, 2]",178.27976535289113,26.243832350219726,4,4,0.03260300401598215,1,3,0.25,0,True,False,0.2552,30.135987974687502,2352,2352,F:\项目\专利\uav_dynamic_task_allocation\checkpoints\strike_order_dqn\latest.pt,,
589,4,"[19, 20, 17, 18]",205.15408927401,19.774473019758354,4,4,0.032988854218274355,1,3,0.25,0,True,False,0.25393333333333334,30.135987974687502,2356,2356,F:\项目\专利\uav_dynamic_task_allocation\checkpoints\strike_order_dqn\latest.pt,,
590,4,"[19, 20, 17, 18]",205.15408927401,19.774473019758354,4,4,0.026867365464568138,2,2,0.5,0,True,False,0.2526666666666667,30.135987974687502,2360,2360,F:\项目\专利\uav_dynamic_task_allocation\checkpoints\strike_order_dqn\latest.pt,,
591,4,"[19, 18, 17, 20]",172.49892430786332,21.71901980128594,4,4,0.027044816175475717,2,2,0.5,0,True,False,0.25139999999999996,30.135987974687502,2364,2364,F:\项目\专利\uav_dynamic_task_allocation\checkpoints\strike_order_dqn\latest.pt,,
592,4,"[19, 17, 20, 18]",193.25430480962262,20.112843240011067,4,4,0.030638933647423983,1,3,0.25,0,True,False,0.2501333333333333,30.135987974687502,2368,2368,F:\项目\专利\uav_dynamic_task_allocation\checkpoints\strike_order_dqn\latest.pt,,
593,1,"[5, 7, 8, 6]",164.60582761657668,30.135987974687502,4,4,0.023934662574902177,1,3,0.25,0,True,False,0.2488666666666668,30.135987974687502,2372,2372,F:\项目\专利\uav_dynamic_task_allocation\checkpoints\strike_order_dqn\latest.pt,,
594,4,"[19, 18, 17, 20]",172.49892430786332,21.71901980128594,4,4,0.017931466922163963,0,4,0.0,0,True,False,0.24760000000000004,30.135987974687502,2376,2376,F:\项目\专利\uav_dynamic_task_allocation\checkpoints\strike_order_dqn\latest.pt,,
595,1,"[5, 7, 8, 6]",164.60582761657668,30.135987974687502,4,4,0.023429435212165117,2,2,0.5,0,True,False,0.2463333333333334,30.135987974687502,2380,2380,F:\项目\专利\uav_dynamic_task_allocation\checkpoints\strike_order_dqn\latest.pt,,
596,4,"[17, 19, 20, 18]",224.138333871339,17.61825865711074,4,4,0.023458029609173536,2,2,0.5,0,True,False,0.24506666666666677,30.135987974687502,2384,2384,F:\项目\专利\uav_dynamic_task_allocation\checkpoints\strike_order_dqn\latest.pt,,
597,2,"[12, 10, 9, 11]",219.7060500282308,18.350952970962638,4,4,0.01960896886885166,0,4,0.0,0,True,False,0.24380000000000002,30.135987974687502,2388,2388,F:\项目\专利\uav_dynamic_task_allocation\checkpoints\strike_order_dqn\latest.pt,,
598,3,"[14, 15, 13, 16]",111.82161863567384,25.152774105723537,4,4,0.05124596459791064,2,2,0.5,0,True,False,0.24253333333333338,30.135987974687502,2392,2392,F:\项目\专利\uav_dynamic_task_allocation\checkpoints\strike_order_dqn\latest.pt,,
599,3,"[13, 16, 14, 15]",123.25600894347023,26.004300419945153,4,4,0.015426789643242955,2,2,0.5,0,True,False,0.24126666666666674,30.135987974687502,2396,2396,F:\项目\专利\uav_dynamic_task_allocation\checkpoints\strike_order_dqn\latest.pt,,
600,3,"[13, 16, 14, 15]",123.25600894347023,26.004300419945153,4,4,0.04159833025187254,1,3,0.25,0,True,False,0.24,30.135987974687502,2400,2400,F:\项目\专利\uav_dynamic_task_allocation\checkpoints\strike_order_dqn\latest.pt,,
601,3,"[13, 15, 14, 16]",121.91912521010097,26.288679406490516,4,4,0.028001007391139865,0,4,0.0,0,True,False,0.23873333333333335,30.135987974687502,2404,2404,F:\项目\专利\uav_dynamic_task_allocation\checkpoints\strike_order_dqn\latest.pt,,
602,3,"[13, 14, 15, 16]",138.68555427061136,24.119297511522852,4,4,0.03059049230068922,2,2,0.5,0,True,False,0.23746666666666671,30.135987974687502,2408,2408,F:\项目\专利\uav_dynamic_task_allocation\checkpoints\strike_order_dqn\latest.pt,,
603,3,"[13, 15, 14, 16]",121.91912521010097,26.288679406490516,4,4,0.02182133332826197,0,4,0.0,0,True,False,0.23619999999999997,30.135987974687502,2412,2412,F:\项目\专利\uav_dynamic_task_allocation\checkpoints\strike_order_dqn\latest.pt,,
604,0,"[4, 3, 2, 1]",143.75447345561832,27.15430895066569,4,4,0.03186551108956337,0,4,0.0,0,True,False,0.23493333333333333,30.135987974687502,2416,2416,F:\项目\专利\uav_dynamic_task_allocation\checkpoints\strike_order_dqn\latest.pt,,
605,4,"[19, 18, 17, 20]",172.49892430786332,21.71901980128594,4,4,0.027905362658202648,2,2,0.5,0,True,False,0.2336666666666667,30.135987974687502,2420,2420,F:\项目\专利\uav_dynamic_task_allocation\checkpoints\strike_order_dqn\latest.pt,,
606,2,"[10, 12, 11, 9]",219.98209221828736,17.62214540691023,4,4,0.016766400542110205,2,2,0.5,0,True,False,0.23239999999999994,30.135987974687502,2424,2424,F:\项目\专利\uav_dynamic_task_allocation\checkpoints\strike_order_dqn\latest.pt,,
607,1,"[5, 7, 8, 6]",164.60582761657668,30.135987974687502,4,4,0.0495025347918272,0,4,0.0,0,True,False,0.2311333333333333,30.135987974687502,2428,2428,F:\项目\专利\uav_dynamic_task_allocation\checkpoints\strike_order_dqn\latest.pt,,
608,2,"[12, 10, 9, 11]",219.7060500282308,18.350952970962638,4,4,0.035022908356040716,1,3,0.25,0,True,False,0.22986666666666677,30.135987974687502,2432,2432,F:\项目\专利\uav_dynamic_task_allocation\checkpoints\strike_order_dqn\latest.pt,,
609,4,"[19, 18, 17, 20]",172.49892430786332,21.71901980128594,4,4,0.02506652334704995,1,3,0.25,0,True,False,0.22860000000000003,30.135987974687502,2436,2436,F:\项目\专利\uav_dynamic_task_allocation\checkpoints\strike_order_dqn\latest.pt,,
610,4,"[19, 20, 17, 18]",205.15408927401,19.774473019758354,4,4,0.03459185315296054,1,3,0.25,0,True,False,0.2273333333333334,30.135987974687502,2440,2440,F:\项目\专利\uav_dynamic_task_allocation\checkpoints\strike_order_dqn\latest.pt,,
611,4,"[18, 19, 17, 20]",167.02934433216726,20.107176118349543,4,4,0.030451442347839475,1,3,0.25,0,True,False,0.22606666666666675,30.135987974687502,2444,2444,F:\项目\专利\uav_dynamic_task_allocation\checkpoints\strike_order_dqn\latest.pt,,
612,2,"[12, 9, 11, 10]",219.43660454395496,18.160657389833798,4,4,0.019842832116410136,0,4,0.0,0,True,False,0.2248000000000001,30.135987974687502,2448,2448,F:\项目\专利\uav_dynamic_task_allocation\checkpoints\strike_order_dqn\latest.pt,,
613,3,"[13, 14, 15, 16]",138.68555427061136,24.119297511522852,4,4,0.02257850719615817,1,3,0.25,0,True,False,0.22353333333333336,30.135987974687502,2452,2452,F:\项目\专利\uav_dynamic_task_allocation\checkpoints\strike_order_dqn\latest.pt,,
614,1,"[5, 7, 8, 6]",164.60582761657668,30.135987974687502,4,4,0.049384384183213115,0,4,0.0,0,True,False,0.22226666666666672,30.135987974687502,2456,2456,F:\项目\专利\uav_dynamic_task_allocation\checkpoints\strike_order_dqn\latest.pt,,
615,3,"[13, 15, 14, 16]",121.91912521010097,26.288679406490516,4,4,0.016600496135652065,1,3,0.25,0,True,False,0.22100000000000009,30.135987974687502,2460,2460,F:\项目\专利\uav_dynamic_task_allocation\checkpoints\strike_order_dqn\latest.pt,,
616,3,"[13, 15, 14, 16]",121.91912521010097,26.288679406490516,4,4,0.012689620605669916,1,3,0.25,0,True,False,0.21973333333333334,30.135987974687502,2464,2464,F:\项目\专利\uav_dynamic_task_allocation\checkpoints\strike_order_dqn\latest.pt,,
617,1,"[5, 7, 8, 6]",164.60582761657668,30.135987974687502,4,4,0.019648243207484484,0,4,0.0,0,True,False,0.2184666666666667,30.135987974687502,2468,2468,F:\项目\专利\uav_dynamic_task_allocation\checkpoints\strike_order_dqn\latest.pt,,
618,1,"[6, 7, 5, 8]",184.52498436041088,20.003753272511286,4,4,0.014703467022627592,1,3,0.25,0,True,False,0.21720000000000006,30.135987974687502,2472,2472,F:\项目\专利\uav_dynamic_task_allocation\checkpoints\strike_order_dqn\latest.pt,,
619,0,"[4, 3, 2, 1]",143.75447345561832,27.15430895066569,4,4,0.01278922101482749,0,4,0.0,0,True,False,0.2159333333333333,30.135987974687502,2476,2476,F:\项目\专利\uav_dynamic_task_allocation\checkpoints\strike_order_dqn\latest.pt,,
620,0,"[4, 3, 2, 1]",143.75447345561832,27.15430895066569,4,4,0.016810576431453228,0,4,0.0,0,True,False,0.21466666666666667,30.135987974687502,2480,2480,F:\项目\专利\uav_dynamic_task_allocation\checkpoints\strike_order_dqn\latest.pt,,
621,2,"[12, 9, 11, 10]",219.43660454395496,18.160657389833798,4,4,0.01928794861305505,1,3,0.25,0,True,False,0.21340000000000003,30.135987974687502,2484,2484,F:\项目\专利\uav_dynamic_task_allocation\checkpoints\strike_order_dqn\latest.pt,,
622,2,"[12, 9, 11, 10]",219.43660454395496,18.160657389833798,4,4,0.011376621318049729,1,3,0.25,0,True,False,0.21213333333333328,30.135987974687502,2488,2488,F:\项目\专利\uav_dynamic_task_allocation\checkpoints\strike_order_dqn\latest.pt,,
623,0,"[4, 3, 2, 1]",143.75447345561832,27.15430895066569,4,4,0.03257314022630453,0,4,0.0,0,True,False,0.21086666666666676,30.135987974687502,2492,2492,F:\项目\专利\uav_dynamic_task_allocation\checkpoints\strike_order_dqn\latest.pt,,
624,2,"[12, 9, 11, 10]",219.43660454395496,18.160657389833798,4,4,0.017830159747973084,0,4,0.0,0,True,False,0.20960000000000012,30.135987974687502,2496,2496,F:\项目\专利\uav_dynamic_task_allocation\checkpoints\strike_order_dqn\latest.pt,,
625,3,"[13, 14, 15, 16]",138.68555427061136,24.119297511522852,4,4,0.029313126113265753,2,2,0.5,0,True,False,0.20833333333333337,30.135987974687502,2500,2500,F:\项目\专利\uav_dynamic_task_allocation\checkpoints\strike_order_dqn\latest.pt,,
626,1,"[5, 7, 8, 6]",164.60582761657668,30.135987974687502,4,4,0.02208117675036192,0,4,0.0,0,True,False,0.20706666666666673,30.135987974687502,2504,2504,F:\项目\专利\uav_dynamic_task_allocation\checkpoints\strike_order_dqn\latest.pt,,
627,1,"[5, 8, 7, 6]",149.2377467868531,30.0298134782743,4,4,0.02034279191866517,0,4,0.0,0,True,False,0.2058000000000001,30.135987974687502,2508,2508,F:\项目\专利\uav_dynamic_task_allocation\checkpoints\strike_order_dqn\latest.pt,,
628,1,"[5, 7, 8, 6]",164.60582761657668,30.135987974687502,4,4,0.02448664139956236,1,3,0.25,0,True,False,0.20453333333333334,30.135987974687502,2512,2512,F:\项目\专利\uav_dynamic_task_allocation\checkpoints\strike_order_dqn\latest.pt,,
629,2,"[12, 9, 11, 10]",219.43660454395496,18.160657389833798,4,4,0.024758541490882635,0,4,0.0,0,True,False,0.2032666666666667,30.135987974687502,2516,2516,F:\项目\专利\uav_dynamic_task_allocation\checkpoints\strike_order_dqn\latest.pt,,
630,1,"[5, 8, 7, 6]",149.2377467868531,30.0298134782743,4,4,0.0284671284025535,0,4,0.0,0,True,False,0.20200000000000007,30.135987974687502,2520,2520,F:\项目\专利\uav_dynamic_task_allocation\checkpoints\strike_order_dqn\latest.pt,,
631,3,"[13, 15, 16, 14]",124.85245298960119,26.100849994766918,4,4,0.019354694988578558,0,4,0.0,0,True,False,0.20073333333333332,30.135987974687502,2524,2524,F:\项目\专利\uav_dynamic_task_allocation\checkpoints\strike_order_dqn\latest.pt,,
632,1,"[6, 7, 5, 8]",184.52498436041088,20.003753272511286,4,4,0.015133326640352607,2,2,0.5,0,True,False,0.19946666666666668,30.135987974687502,2528,2528,F:\项目\专利\uav_dynamic_task_allocation\checkpoints\strike_order_dqn\latest.pt,,
633,2,"[12, 9, 11, 10]",219.43660454395496,18.160657389833798,4,4,0.04517013067379594,1,3,0.25,0,True,False,0.19820000000000004,30.135987974687502,2532,2532,F:\项目\专利\uav_dynamic_task_allocation\checkpoints\strike_order_dqn\latest.pt,,
634,1,"[5, 8, 7, 6]",149.2377467868531,30.0298134782743,4,4,0.017013558885082603,0,4,0.0,0,True,False,0.1969333333333333,30.135987974687502,2536,2536,F:\项目\专利\uav_dynamic_task_allocation\checkpoints\strike_order_dqn\latest.pt,,
635,0,"[1, 3, 4, 2]",181.66116066125574,24.446168855463334,4,4,0.020698204869404435,1,3,0.25,0,True,False,0.19566666666666666,30.135987974687502,2540,2540,F:\项目\专利\uav_dynamic_task_allocation\checkpoints\strike_order_dqn\latest.pt,,
636,3,"[13, 15, 16, 14]",124.85245298960119,26.100849994766918,4,4,0.017683914862573147,1,3,0.25,0,True,False,0.19440000000000002,30.135987974687502,2544,2544,F:\项目\专利\uav_dynamic_task_allocation\checkpoints\strike_order_dqn\latest.pt,,
637,1,"[5, 8, 7, 6]",149.2377467868531,30.0298134782743,4,4,0.025209910236299038,1,3,0.25,0,True,False,0.19313333333333327,30.135987974687502,2548,2548,F:\项目\专利\uav_dynamic_task_allocation\checkpoints\strike_order_dqn\latest.pt,,
638,1,"[5, 8, 7, 6]",149.2377467868531,30.0298134782743,4,4,0.014393139630556107,1,3,0.25,0,True,False,0.19186666666666674,30.135987974687502,2552,2552,F:\项目\专利\uav_dynamic_task_allocation\checkpoints\strike_order_dqn\latest.pt,,
639,3,"[13, 15, 16, 14]",124.85245298960119,26.100849994766918,4,4,0.016520007979124784,1,3,0.25,0,True,False,0.1906000000000001,30.135987974687502,2556,2556,F:\项目\专利\uav_dynamic_task_allocation\checkpoints\strike_order_dqn\latest.pt,,
640,4,"[19, 18, 20, 17]",169.56104208358724,21.76935026904001,4,4,0.026175368577241898,1,3,0.25,0,True,False,0.18933333333333335,30.135987974687502,2560,2560,F:\项目\专利\uav_dynamic_task_allocation\checkpoints\strike_order_dqn\latest.pt,,
641,3,"[14, 15, 13, 16]",111.82161863567384,25.152774105723537,4,4,0.02235633716918528,2,2,0.5,0,True,False,0.18806666666666672,30.135987974687502,2564,2564,F:\项目\专利\uav_dynamic_task_allocation\checkpoints\strike_order_dqn\latest.pt,,
642,4,"[19, 18, 17, 20]",172.49892430786332,21.71901980128594,4,4,0.021498821675777435,1,3,0.25,0,True,False,0.18680000000000008,30.135987974687502,2568,2568,F:\项目\专利\uav_dynamic_task_allocation\checkpoints\strike_order_dqn\latest.pt,,
643,4,"[19, 20, 17, 18]",205.15408927401,19.774473019758354,4,4,0.021744420286267996,1,3,0.25,0,True,False,0.18553333333333344,30.135987974687502,2572,2572,F:\项目\专利\uav_dynamic_task_allocation\checkpoints\strike_order_dqn\latest.pt,,
644,2,"[12, 9, 11, 10]",219.43660454395496,18.160657389833798,4,4,0.015472183702513576,1,3,0.25,0,True,False,0.1842666666666667,30.135987974687502,2576,2576,F:\项目\专利\uav_dynamic_task_allocation\checkpoints\strike_order_dqn\latest.pt,,
645,3,"[13, 16, 15, 14]",116.10182393712081,26.366462669072508,4,4,0.02203617012128234,2,2,0.5,0,True,False,0.18300000000000005,30.135987974687502,2580,2580,F:\项目\专利\uav_dynamic_task_allocation\checkpoints\strike_order_dqn\latest.pt,,
646,1,"[5, 8, 7, 6]",149.2377467868531,30.0298134782743,4,4,0.014210489229299128,1,3,0.25,0,True,False,0.1817333333333334,30.135987974687502,2584,2584,F:\项目\专利\uav_dynamic_task_allocation\checkpoints\strike_order_dqn\latest.pt,,
647,2,"[12, 9, 10, 11]",270.3834160236714,16.84529375876235,4,4,0.027832255698740482,1,3,0.25,0,True,False,0.18046666666666666,30.135987974687502,2588,2588,F:\项目\专利\uav_dynamic_task_allocation\checkpoints\strike_order_dqn\latest.pt,,
648,2,"[11, 9, 10, 12]",227.06994610847113,17.83864149511276,4,4,0.015909836860373616,2,2,0.5,0,True,False,0.17920000000000003,30.135987974687502,2592,2592,F:\项目\专利\uav_dynamic_task_allocation\checkpoints\strike_order_dqn\latest.pt,,
649,4,"[19, 18, 20, 17]",169.56104208358724,21.76935026904001,4,4,0.04753517499193549,0,4,0.0,0,True,False,0.1779333333333334,30.135987974687502,2596,2596,F:\项目\专利\uav_dynamic_task_allocation\checkpoints\strike_order_dqn\latest.pt,,
650,4,"[19, 18, 17, 20]",172.49892430786332,21.71901980128594,4,4,0.014982158550992608,1,3,0.25,0,True,False,0.17666666666666664,30.135987974687502,2600,2600,F:\项目\专利\uav_dynamic_task_allocation\checkpoints\strike_order_dqn\latest.pt,,
651,2,"[12, 9, 11, 10]",219.43660454395496,18.160657389833798,4,4,0.02671040710993111,1,3,0.25,0,True,False,0.1754,30.135987974687502,2604,2604,F:\项目\专利\uav_dynamic_task_allocation\checkpoints\strike_order_dqn\latest.pt,,
652,3,"[13, 15, 16, 14]",124.85245298960119,26.100849994766918,4,4,0.05830040201544762,2,2,0.5,0,True,False,0.17413333333333336,30.135987974687502,2608,2608,F:\项目\专利\uav_dynamic_task_allocation\checkpoints\strike_order_dqn\latest.pt,,
653,1,"[5, 6, 8, 7]",195.111475717931,28.275550238879774,4,4,0.0360039877705276,1,3,0.25,0,True,False,0.17286666666666672,30.135987974687502,2612,2612,F:\项目\专利\uav_dynamic_task_allocation\checkpoints\strike_order_dqn\latest.pt,,
654,4,"[17, 19, 18, 20]",191.4831689051923,19.56280543863833,4,4,0.037016321904957294,1,3,0.25,0,True,False,0.17160000000000009,30.135987974687502,2616,2616,F:\项目\专利\uav_dynamic_task_allocation\checkpoints\strike_order_dqn\latest.pt,,
655,2,"[12, 10, 11, 9]",209.3632227065794,18.486365510503862,4,4,0.02379173645749688,2,2,0.5,0,True,False,0.17033333333333345,30.135987974687502,2620,2620,F:\项目\专利\uav_dynamic_task_allocation\checkpoints\strike_order_dqn\latest.pt,,
656,2,"[12, 9, 11, 10]",219.43660454395496,18.160657389833798,4,4,0.028690138598904014,0,4,0.0,0,True,False,0.1690666666666667,30.135987974687502,2624,2624,F:\项目\专利\uav_dynamic_task_allocation\checkpoints\strike_order_dqn\latest.pt,,
657,3,"[13, 16, 14, 15]",123.25600894347023,26.004300419945153,4,4,0.033497583819553256,3,1,0.75,0,True,False,0.16780000000000006,30.135987974687502,2628,2628,F:\项目\专利\uav_dynamic_task_allocation\checkpoints\strike_order_dqn\latest.pt,,
658,3,"[15, 13, 16, 14]",110.72440362060973,26.524306284948956,4,4,0.01985682686790824,0,4,0.0,0,True,False,0.16653333333333342,30.135987974687502,2632,2632,F:\项目\专利\uav_dynamic_task_allocation\checkpoints\strike_order_dqn\latest.pt,,
659,0,"[1, 3, 4, 2]",181.66116066125574,24.446168855463334,4,4,0.027220887131989002,2,2,0.5,0,True,False,0.16526666666666667,30.135987974687502,2636,2636,F:\项目\专利\uav_dynamic_task_allocation\checkpoints\strike_order_dqn\latest.pt,,
660,1,"[5, 7, 8, 6]",164.60582761657668,30.135987974687502,4,4,0.022436882369220257,0,4,0.0,0,True,False,0.16400000000000003,30.135987974687502,2640,2640,F:\项目\专利\uav_dynamic_task_allocation\checkpoints\strike_order_dqn\latest.pt,,
661,0,"[4, 3, 2, 1]",143.75447345561832,27.15430895066569,4,4,0.03230209508910775,1,3,0.25,0,True,False,0.1627333333333334,30.135987974687502,2644,2644,F:\项目\专利\uav_dynamic_task_allocation\checkpoints\strike_order_dqn\latest.pt,,
662,3,"[13, 16, 15, 14]",116.10182393712081,26.366462669072508,4,4,0.018466270063072443,0,4,0.0,0,True,False,0.16146666666666665,30.135987974687502,2648,2648,F:\项目\专利\uav_dynamic_task_allocation\checkpoints\strike_order_dqn\latest.pt,,
663,0,"[4, 3, 2, 1]",143.75447345561832,27.15430895066569,4,4,0.01427267282269895,3,1,0.75,0,True,False,0.1602,30.135987974687502,2652,2652,F:\项目\专利\uav_dynamic_task_allocation\checkpoints\strike_order_dqn\latest.pt,,
664,1,"[5, 7, 8, 6]",164.60582761657668,30.135987974687502,4,4,0.017604409949854016,0,4,0.0,0,True,False,0.15893333333333337,30.135987974687502,2656,2656,F:\项目\专利\uav_dynamic_task_allocation\checkpoints\strike_order_dqn\latest.pt,,
665,2,"[12, 9, 11, 10]",219.43660454395496,18.160657389833798,4,4,0.018156876554712653,0,4,0.0,0,True,False,0.15766666666666662,30.135987974687502,2660,2660,F:\项目\专利\uav_dynamic_task_allocation\checkpoints\strike_order_dqn\latest.pt,,
666,3,"[13, 16, 15, 14]",116.10182393712081,26.366462669072508,4,4,0.023092758376151323,1,3,0.25,0,True,False,0.15639999999999998,30.135987974687502,2664,2664,F:\项目\专利\uav_dynamic_task_allocation\checkpoints\strike_order_dqn\latest.pt,,
667,2,"[12, 10, 9, 11]",219.7060500282308,18.350952970962638,4,4,0.014285644050687551,0,4,0.0,0,True,False,0.15513333333333335,30.135987974687502,2668,2668,F:\项目\专利\uav_dynamic_task_allocation\checkpoints\strike_order_dqn\latest.pt,,
668,4,"[19, 18, 17, 20]",172.49892430786332,21.71901980128594,4,4,0.016872631036676466,2,2,0.5,0,True,False,0.1538666666666667,30.135987974687502,2672,2672,F:\项目\专利\uav_dynamic_task_allocation\checkpoints\strike_order_dqn\latest.pt,,
669,4,"[19, 18, 20, 17]",169.56104208358724,21.76935026904001,4,4,0.01792088244110346,2,2,0.5,0,True,False,0.15260000000000007,30.135987974687502,2676,2676,F:\项目\专利\uav_dynamic_task_allocation\checkpoints\strike_order_dqn\latest.pt,,
670,0,"[4, 1, 3, 2]",219.5208976367524,19.70717567572825,4,4,0.014160773018375039,1,3,0.25,0,True,False,0.15133333333333343,30.135987974687502,2680,2680,F:\项目\专利\uav_dynamic_task_allocation\checkpoints\strike_order_dqn\latest.pt,,
671,4,"[19, 18, 20, 17]",169.56104208358724,21.76935026904001,4,4,0.01054553990252316,1,3,0.25,0,True,False,0.15006666666666668,30.135987974687502,2684,2684,F:\项目\专利\uav_dynamic_task_allocation\checkpoints\strike_order_dqn\latest.pt,,
672,3,"[13, 16, 15, 14]",116.10182393712081,26.366462669072508,4,4,0.01930385024752468,0,4,0.0,0,True,False,0.14880000000000004,30.135987974687502,2688,2688,F:\项目\专利\uav_dynamic_task_allocation\checkpoints\strike_order_dqn\latest.pt,,
673,3,"[13, 15, 14, 16]",121.91912521010097,26.288679406490516,4,4,0.017397177405655384,0,4,0.0,0,True,False,0.1475333333333334,30.135987974687502,2692,2692,F:\项目\专利\uav_dynamic_task_allocation\checkpoints\strike_order_dqn\latest.pt,,
674,0,"[4, 2, 1, 3]",202.81040730615837,20.459992396356522,4,4,0.016137603437528014,2,2,0.5,0,True,False,0.14626666666666677,30.135987974687502,2696,2696,F:\项目\专利\uav_dynamic_task_allocation\checkpoints\strike_order_dqn\latest.pt,,
675,3,"[13, 14, 15, 16]",138.68555427061136,24.119297511522852,4,4,0.018259479315020144,1,3,0.25,0,True,False,0.14500000000000002,30.135987974687502,2700,2700,F:\项目\专利\uav_dynamic_task_allocation\checkpoints\strike_order_dqn\latest.pt,,
676,3,"[15, 13, 16, 14]",110.72440362060973,26.524306284948956,4,4,0.03498348826542497,1,3,0.25,0,True,False,0.14373333333333338,30.135987974687502,2704,2704,F:\项目\专利\uav_dynamic_task_allocation\checkpoints\strike_order_dqn\latest.pt,,
677,2,"[11, 9, 12, 10]",195.22686250124153,18.40278416071593,4,4,0.01579299452714622,0,4,0.0,0,True,False,0.14246666666666674,30.135987974687502,2708,2708,F:\项目\专利\uav_dynamic_task_allocation\checkpoints\strike_order_dqn\latest.pt,,
678,0,"[4, 3, 2, 1]",143.75447345561832,27.15430895066569,4,4,0.030153797008097172,0,4,0.0,0,True,False,0.1412,30.135987974687502,2712,2712,F:\项目\专利\uav_dynamic_task_allocation\checkpoints\strike_order_dqn\latest.pt,,
679,2,"[9, 11, 12, 10]",209.42933638811832,18.11902167038629,4,4,0.029985950328409672,1,3,0.25,0,True,False,0.13993333333333335,30.135987974687502,2716,2716,F:\项目\专利\uav_dynamic_task_allocation\checkpoints\strike_order_dqn\latest.pt,,
680,4,"[19, 20, 17, 18]",205.15408927401,19.774473019758354,4,4,0.03444524249061942,2,2,0.5,0,True,False,0.13866666666666672,30.135987974687502,2720,2720,F:\项目\专利\uav_dynamic_task_allocation\checkpoints\strike_order_dqn\latest.pt,,
681,3,"[13, 15, 14, 16]",121.91912521010097,26.288679406490516,4,4,0.024758283514529467,1,3,0.25,0,True,False,0.13739999999999997,30.135987974687502,2724,2724,F:\项目\专利\uav_dynamic_task_allocation\checkpoints\strike_order_dqn\latest.pt,,
682,0,"[4, 3, 1, 2]",178.27976535289113,26.243832350219726,4,4,0.03387541510164738,2,2,0.5,0,True,False,0.13613333333333333,30.135987974687502,2728,2728,F:\项目\专利\uav_dynamic_task_allocation\checkpoints\strike_order_dqn\latest.pt,,
683,4,"[19, 18, 20, 17]",169.56104208358724,21.76935026904001,4,4,0.028458392713218927,2,2,0.5,0,True,False,0.1348666666666668,30.135987974687502,2732,2732,F:\项目\专利\uav_dynamic_task_allocation\checkpoints\strike_order_dqn\latest.pt,,
684,4,"[19, 18, 17, 20]",172.49892430786332,21.71901980128594,4,4,0.020259426906704903,0,4,0.0,0,True,False,0.13360000000000005,30.135987974687502,2736,2736,F:\项目\专利\uav_dynamic_task_allocation\checkpoints\strike_order_dqn\latest.pt,,
685,0,"[4, 3, 2, 1]",143.75447345561832,27.15430895066569,4,4,0.020499085308983922,0,4,0.0,0,True,False,0.1323333333333334,30.135987974687502,2740,2740,F:\项目\专利\uav_dynamic_task_allocation\checkpoints\strike_order_dqn\latest.pt,,
686,4,"[19, 18, 20, 17]",169.56104208358724,21.76935026904001,4,4,0.020639380905777216,1,3,0.25,0,True,False,0.13106666666666678,30.135987974687502,2744,2744,F:\项目\专利\uav_dynamic_task_allocation\checkpoints\strike_order_dqn\latest.pt,,
687,2,"[11, 9, 12, 10]",195.22686250124153,18.40278416071593,4,4,0.051964949583634734,0,4,0.0,0,True,False,0.12980000000000003,30.135987974687502,2748,2748,F:\项目\专利\uav_dynamic_task_allocation\checkpoints\strike_order_dqn\latest.pt,,
688,2,"[12, 10, 9, 11]",219.7060500282308,18.350952970962638,4,4,0.018901380943134427,0,4,0.0,0,True,False,0.1285333333333334,30.135987974687502,2752,2752,F:\项目\专利\uav_dynamic_task_allocation\checkpoints\strike_order_dqn\latest.pt,,
689,2,"[11, 9, 12, 10]",195.22686250124153,18.40278416071593,4,4,0.026300355326384306,1,3,0.25,0,True,False,0.12726666666666675,30.135987974687502,2756,2756,F:\项目\专利\uav_dynamic_task_allocation\checkpoints\strike_order_dqn\latest.pt,,
690,3,"[13, 15, 16, 14]",124.85245298960119,26.100849994766918,4,4,0.037269054213538766,2,2,0.5,0,True,False,0.126,30.135987974687502,2760,2760,F:\项目\专利\uav_dynamic_task_allocation\checkpoints\strike_order_dqn\latest.pt,,
691,4,"[17, 20, 19, 18]",170.67585144740272,20.153977949194896,4,4,0.024871089030057192,1,3,0.25,0,True,False,0.12473333333333336,30.135987974687502,2764,2764,F:\项目\专利\uav_dynamic_task_allocation\checkpoints\strike_order_dqn\latest.pt,,
692,3,"[13, 16, 15, 14]",116.10182393712081,26.366462669072508,4,4,0.026936672627925873,0,4,0.0,0,True,False,0.12346666666666672,30.135987974687502,2768,2768,F:\项目\专利\uav_dynamic_task_allocation\checkpoints\strike_order_dqn\latest.pt,,
693,4,"[19, 18, 20, 17]",169.56104208358724,21.76935026904001,4,4,0.014897359302267432,0,4,0.0,0,True,False,0.12219999999999998,30.135987974687502,2772,2772,F:\项目\专利\uav_dynamic_task_allocation\checkpoints\strike_order_dqn\latest.pt,,
694,4,"[19, 18, 17, 20]",172.49892430786332,21.71901980128594,4,4,0.03382803499698639,0,4,0.0,0,True,False,0.12093333333333334,30.135987974687502,2776,2776,F:\项目\专利\uav_dynamic_task_allocation\checkpoints\strike_order_dqn\latest.pt,,
695,0,"[4, 3, 1, 2]",178.27976535289113,26.243832350219726,4,4,0.023631084128282964,1,3,0.25,0,True,False,0.1196666666666667,30.135987974687502,2780,2780,F:\项目\专利\uav_dynamic_task_allocation\checkpoints\strike_order_dqn\latest.pt,,
696,1,"[5, 7, 8, 6]",164.60582761657668,30.135987974687502,4,4,0.022996464278548956,1,3,0.25,0,True,False,0.11839999999999995,30.135987974687502,2784,2784,F:\项目\专利\uav_dynamic_task_allocation\checkpoints\strike_order_dqn\latest.pt,,
697,3,"[13, 15, 14, 16]",121.91912521010097,26.288679406490516,4,4,0.02014805213548243,0,4,0.0,0,True,False,0.11713333333333331,30.135987974687502,2788,2788,F:\项目\专利\uav_dynamic_task_allocation\checkpoints\strike_order_dqn\latest.pt,,
698,2,"[12, 10, 9, 11]",219.7060500282308,18.350952970962638,4,4,0.022829319816082716,0,4,0.0,0,True,False,0.11586666666666678,30.135987974687502,2792,2792,F:\项目\专利\uav_dynamic_task_allocation\checkpoints\strike_order_dqn\latest.pt,,
699,0,"[4, 3, 2, 1]",143.75447345561832,27.15430895066569,4,4,0.027918569277971983,0,4,0.0,0,True,False,0.11460000000000004,30.135987974687502,2796,2796,F:\项目\专利\uav_dynamic_task_allocation\checkpoints\strike_order_dqn\latest.pt,,
700,0,"[4, 3, 2, 1]",143.75447345561832,27.15430895066569,4,4,0.054270483553409576,0,4,0.0,0,True,False,0.1133333333333334,30.135987974687502,2800,2800,F:\项目\专利\uav_dynamic_task_allocation\checkpoints\strike_order_dqn\latest.pt,,
701,2,"[9, 11, 12, 10]",209.42933638811832,18.11902167038629,4,4,0.024806325789541006,3,1,0.75,0,True,False,0.11206666666666676,30.135987974687502,2804,2804,F:\项目\专利\uav_dynamic_task_allocation\checkpoints\strike_order_dqn\latest.pt,,
702,3,"[15, 13, 16, 14]",110.72440362060973,26.524306284948956,4,4,0.027042323723435402,1,3,0.25,0,True,False,0.11080000000000001,30.135987974687502,2808,2808,F:\项目\专利\uav_dynamic_task_allocation\checkpoints\strike_order_dqn\latest.pt,,
703,0,"[4, 3, 2, 1]",143.75447345561832,27.15430895066569,4,4,0.054439682979136705,0,4,0.0,0,True,False,0.10953333333333337,30.135987974687502,2812,2812,F:\项目\专利\uav_dynamic_task_allocation\checkpoints\strike_order_dqn\latest.pt,,
704,0,"[4, 3, 2, 1]",143.75447345561832,27.15430895066569,4,4,0.018542577046900988,1,3,0.25,0,True,False,0.10826666666666673,30.135987974687502,2816,2816,F:\项目\专利\uav_dynamic_task_allocation\checkpoints\strike_order_dqn\latest.pt,,
705,0,"[4, 3, 1, 2]",178.27976535289113,26.243832350219726,4,4,0.028004693100228906,1,3,0.25,0,True,False,0.1070000000000001,30.135987974687502,2820,2820,F:\项目\专利\uav_dynamic_task_allocation\checkpoints\strike_order_dqn\latest.pt,,
706,2,"[11, 9, 10, 12]",227.06994610847113,17.83864149511276,4,4,0.017312709940597415,1,3,0.25,0,True,False,0.10573333333333335,30.135987974687502,2824,2824,F:\项目\专利\uav_dynamic_task_allocation\checkpoints\strike_order_dqn\latest.pt,,
707,0,"[4, 3, 2, 1]",143.75447345561832,27.15430895066569,4,4,0.017745249904692173,0,4,0.0,0,True,False,0.10446666666666671,30.135987974687502,2828,2828,F:\项目\专利\uav_dynamic_task_allocation\checkpoints\strike_order_dqn\latest.pt,,
708,2,"[12, 10, 11, 9]",209.3632227065794,18.486365510503862,4,4,0.02274860255420208,1,3,0.25,0,True,False,0.10320000000000007,30.135987974687502,2832,2832,F:\项目\专利\uav_dynamic_task_allocation\checkpoints\strike_order_dqn\latest.pt,,
709,2,"[11, 9, 12, 10]",195.22686250124153,18.40278416071593,4,4,0.01320171495899558,0,4,0.0,0,True,False,0.10193333333333332,30.135987974687502,2836,2836,F:\项目\专利\uav_dynamic_task_allocation\checkpoints\strike_order_dqn\latest.pt,,
710,2,"[12, 11, 9, 10]",244.64549331870504,17.702840575655934,4,4,0.018222545506432652,1,3,0.25,0,True,False,0.10066666666666668,30.135987974687502,2840,2840,F:\项目\专利\uav_dynamic_task_allocation\checkpoints\strike_order_dqn\latest.pt,,
711,3,"[13, 15, 14, 16]",121.91912521010097,26.288679406490516,4,4,0.029058401938527822,1,3,0.25,0,True,False,0.09940000000000004,30.135987974687502,2844,2844,F:\项目\专利\uav_dynamic_task_allocation\checkpoints\strike_order_dqn\latest.pt,,
712,2,"[11, 9, 12, 10]",195.22686250124153,18.40278416071593,4,4,0.028746071737259626,1,3,0.25,0,True,False,0.0981333333333333,30.135987974687502,2848,2848,F:\项目\专利\uav_dynamic_task_allocation\checkpoints\strike_order_dqn\latest.pt,,
713,3,"[15, 13, 16, 14]",110.72440362060973,26.524306284948956,4,4,0.01947061554528773,0,4,0.0,0,True,False,0.09686666666666677,30.135987974687502,2852,2852,F:\项目\专利\uav_dynamic_task_allocation\checkpoints\strike_order_dqn\latest.pt,,
714,3,"[15, 13, 14, 16]",133.3081339541003,24.277141127399297,4,4,0.01961334189400077,1,3,0.25,0,True,False,0.09560000000000013,30.135987974687502,2856,2856,F:\项目\专利\uav_dynamic_task_allocation\checkpoints\strike_order_dqn\latest.pt,,
715,4,"[19, 18, 20, 17]",169.56104208358724,21.76935026904001,4,4,0.03754675341770053,1,3,0.25,0,True,False,0.09433333333333338,30.135987974687502,2860,2860,F:\项目\专利\uav_dynamic_task_allocation\checkpoints\strike_order_dqn\latest.pt,,
716,3,"[13, 15, 16, 14]",124.85245298960119,26.100849994766918,4,4,0.015244635054841638,1,3,0.25,0,True,False,0.09306666666666674,30.135987974687502,2864,2864,F:\项目\专利\uav_dynamic_task_allocation\checkpoints\strike_order_dqn\latest.pt,,
717,2,"[12, 10, 9, 11]",219.7060500282308,18.350952970962638,4,4,0.016391908167861402,0,4,0.0,0,True,False,0.0918000000000001,30.135987974687502,2868,2868,F:\项目\专利\uav_dynamic_task_allocation\checkpoints\strike_order_dqn\latest.pt,,
718,2,"[12, 10, 9, 11]",219.7060500282308,18.350952970962638,4,4,0.012824310921132565,0,4,0.0,0,True,False,0.09053333333333335,30.135987974687502,2872,2872,F:\项目\专利\uav_dynamic_task_allocation\checkpoints\strike_order_dqn\latest.pt,,
719,1,"[5, 7, 8, 6]",164.60582761657668,30.135987974687502,4,4,0.017200298374518752,0,4,0.0,0,True,False,0.08926666666666672,30.135987974687502,2876,2876,F:\项目\专利\uav_dynamic_task_allocation\checkpoints\strike_order_dqn\latest.pt,,
720,2,"[12, 10, 9, 11]",219.7060500282308,18.350952970962638,4,4,0.012298063025809824,0,4,0.0,0,True,False,0.08800000000000008,30.135987974687502,2880,2880,F:\项目\专利\uav_dynamic_task_allocation\checkpoints\strike_order_dqn\latest.pt,,
721,0,"[4, 3, 2, 1]",143.75447345561832,27.15430895066569,4,4,0.05767557676881552,0,4,0.0,0,True,False,0.08673333333333333,30.135987974687502,2884,2884,F:\项目\专利\uav_dynamic_task_allocation\checkpoints\strike_order_dqn\latest.pt,,
722,4,"[19, 18, 17, 20]",172.49892430786332,21.71901980128594,4,4,0.02854764461517334,0,4,0.0,0,True,False,0.08546666666666669,30.135987974687502,2888,2888,F:\项目\专利\uav_dynamic_task_allocation\checkpoints\strike_order_dqn\latest.pt,,
723,4,"[19, 18, 17, 20]",172.49892430786332,21.71901980128594,4,4,0.029670200310647488,0,4,0.0,0,True,False,0.08420000000000005,30.135987974687502,2892,2892,F:\项目\专利\uav_dynamic_task_allocation\checkpoints\strike_order_dqn\latest.pt,,
724,0,"[1, 3, 4, 2]",181.66116066125574,24.446168855463334,4,4,0.0285655721090734,1,3,0.25,0,True,False,0.0829333333333333,30.135987974687502,2896,2896,F:\项目\专利\uav_dynamic_task_allocation\checkpoints\strike_order_dqn\latest.pt,,
725,3,"[15, 13, 16, 14]",110.72440362060973,26.524306284948956,4,4,0.022773570148274302,0,4,0.0,0,True,False,0.08166666666666667,30.135987974687502,2900,2900,F:\项目\专利\uav_dynamic_task_allocation\checkpoints\strike_order_dqn\latest.pt,,
726,0,"[4, 3, 2, 1]",143.75447345561832,27.15430895066569,4,4,0.03353757131844759,1,3,0.25,0,True,False,0.08040000000000003,30.135987974687502,2904,2904,F:\项目\专利\uav_dynamic_task_allocation\checkpoints\strike_order_dqn\latest.pt,,
727,3,"[13, 15, 14, 16]",121.91912521010097,26.288679406490516,4,4,0.02784839551895857,0,4,0.0,0,True,False,0.07913333333333328,30.135987974687502,2908,2908,F:\项目\专利\uav_dynamic_task_allocation\checkpoints\strike_order_dqn\latest.pt,,
728,0,"[4, 3, 2, 1]",143.75447345561832,27.15430895066569,4,4,0.048767801374197006,0,4,0.0,0,True,False,0.07786666666666675,30.135987974687502,2912,2912,F:\项目\专利\uav_dynamic_task_allocation\checkpoints\strike_order_dqn\latest.pt,,
729,2,"[12, 10, 9, 11]",219.7060500282308,18.350952970962638,4,4,0.03534780070185661,0,4,0.0,0,True,False,0.07660000000000011,30.135987974687502,2916,2916,F:\项目\专利\uav_dynamic_task_allocation\checkpoints\strike_order_dqn\latest.pt,,
730,3,"[13, 15, 14, 16]",121.91912521010097,26.288679406490516,4,4,0.03018393460661173,0,4,0.0,0,True,False,0.07533333333333336,30.135987974687502,2920,2920,F:\项目\专利\uav_dynamic_task_allocation\checkpoints\strike_order_dqn\latest.pt,,
731,3,"[13, 15, 14, 16]",121.91912521010097,26.288679406490516,4,4,0.026733936741948128,0,4,0.0,0,True,False,0.07406666666666673,30.135987974687502,2924,2924,F:\项目\专利\uav_dynamic_task_allocation\checkpoints\strike_order_dqn\latest.pt,,
732,2,"[12, 10, 9, 11]",219.7060500282308,18.350952970962638,4,4,0.03625834081321955,0,4,0.0,0,True,False,0.07280000000000009,30.135987974687502,2928,2928,F:\项目\专利\uav_dynamic_task_allocation\checkpoints\strike_order_dqn\latest.pt,,
733,4,"[19, 18, 17, 20]",172.49892430786332,21.71901980128594,4,4,0.03400053782388568,1,3,0.25,0,True,False,0.07153333333333334,30.135987974687502,2932,2932,F:\项目\专利\uav_dynamic_task_allocation\checkpoints\strike_order_dqn\latest.pt,,
734,3,"[13, 15, 14, 16]",121.91912521010097,26.288679406490516,4,4,0.043238567654043436,1,3,0.25,0,True,False,0.0702666666666667,30.135987974687502,2936,2936,F:\项目\专利\uav_dynamic_task_allocation\checkpoints\strike_order_dqn\latest.pt,,
735,1,"[5, 7, 8, 6]",164.60582761657668,30.135987974687502,4,4,0.037993121426552534,0,4,0.0,0,True,False,0.06900000000000006,30.135987974687502,2940,2940,F:\项目\专利\uav_dynamic_task_allocation\checkpoints\strike_order_dqn\latest.pt,,
736,3,"[15, 13, 16, 14]",110.72440362060973,26.524306284948956,4,4,0.0353444186039269,0,4,0.0,0,True,False,0.06773333333333342,30.135987974687502,2944,2944,F:\项目\专利\uav_dynamic_task_allocation\checkpoints\strike_order_dqn\latest.pt,,
737,3,"[13, 15, 14, 16]",121.91912521010097,26.288679406490516,4,4,0.033116234466433525,0,4,0.0,0,True,False,0.06646666666666667,30.135987974687502,2948,2948,F:\项目\专利\uav_dynamic_task_allocation\checkpoints\strike_order_dqn\latest.pt,,
738,1,"[5, 7, 8, 6]",164.60582761657668,30.135987974687502,4,4,0.04648445826023817,0,4,0.0,0,True,False,0.06520000000000004,30.135987974687502,2952,2952,F:\项目\专利\uav_dynamic_task_allocation\checkpoints\strike_order_dqn\latest.pt,,
739,3,"[13, 15, 14, 16]",121.91912521010097,26.288679406490516,4,4,0.028902377700433135,0,4,0.0,0,True,False,0.0639333333333334,30.135987974687502,2956,2956,F:\项目\专利\uav_dynamic_task_allocation\checkpoints\strike_order_dqn\latest.pt,,
740,4,"[19, 18, 17, 20]",172.49892430786332,21.71901980128594,4,4,0.02077326225116849,0,4,0.0,0,True,False,0.06266666666666665,30.135987974687502,2960,2960,F:\项目\专利\uav_dynamic_task_allocation\checkpoints\strike_order_dqn\latest.pt,,
741,4,"[19, 18, 17, 20]",172.49892430786332,21.71901980128594,4,4,0.01730081671848893,0,4,0.0,0,True,False,0.06140000000000001,30.135987974687502,2964,2964,F:\项目\专利\uav_dynamic_task_allocation\checkpoints\strike_order_dqn\latest.pt,,
742,3,"[13, 15, 14, 16]",121.91912521010097,26.288679406490516,4,4,0.015055367490276694,0,4,0.0,0,True,False,0.06013333333333337,30.135987974687502,2968,2968,F:\项目\专利\uav_dynamic_task_allocation\checkpoints\strike_order_dqn\latest.pt,,
743,3,"[13, 15, 14, 16]",121.91912521010097,26.288679406490516,4,4,0.01917164504993707,0,4,0.0,0,True,False,0.058866666666666734,30.135987974687502,2972,2972,F:\项目\专利\uav_dynamic_task_allocation\checkpoints\strike_order_dqn\latest.pt,,
744,1,"[5, 7, 8, 6]",164.60582761657668,30.135987974687502,4,4,0.007796212914399803,0,4,0.0,0,True,False,0.057600000000000096,30.135987974687502,2976,2976,F:\项目\专利\uav_dynamic_task_allocation\checkpoints\strike_order_dqn\latest.pt,,
745,3,"[13, 15, 14, 16]",121.91912521010097,26.288679406490516,4,4,0.018110451055690646,0,4,0.0,0,True,False,0.05633333333333346,30.135987974687502,2980,2980,F:\项目\专利\uav_dynamic_task_allocation\checkpoints\strike_order_dqn\latest.pt,,
746,1,"[5, 7, 8, 6]",164.60582761657668,30.135987974687502,4,4,0.025429599452763796,0,4,0.0,0,True,False,0.05506666666666671,30.135987974687502,2984,2984,F:\项目\专利\uav_dynamic_task_allocation\checkpoints\strike_order_dqn\latest.pt,,
747,2,"[11, 9, 12, 10]",195.22686250124153,18.40278416071593,4,4,0.019637778867036104,0,4,0.0,0,True,False,0.05380000000000007,30.135987974687502,2988,2988,F:\项目\专利\uav_dynamic_task_allocation\checkpoints\strike_order_dqn\latest.pt,,
748,1,"[5, 7, 8, 6]",164.60582761657668,30.135987974687502,4,4,0.016595487482845783,0,4,0.0,0,True,False,0.05253333333333343,30.135987974687502,2992,2992,F:\项目\专利\uav_dynamic_task_allocation\checkpoints\strike_order_dqn\latest.pt,,
749,1,"[5, 7, 6, 8]",196.83620395644095,28.96805205102506,4,4,0.019514984916895628,1,3,0.25,0,True,False,0.05126666666666668,30.135987974687502,2996,2996,F:\项目\专利\uav_dynamic_task_allocation\checkpoints\strike_order_dqn\latest.pt,,
750,0,"[4, 3, 2, 1]",143.75447345561832,27.15430895066569,4,4,0.040976152289658785,0,4,0.0,0,True,False,0.050000000000000044,30.135987974687502,3000,3000,F:\项目\专利\uav_dynamic_task_allocation\checkpoints\strike_order_dqn\latest.pt,,
751,4,"[19, 18, 17, 20]",172.49892430786332,21.71901980128594,4,4,0.030428018886595964,0,4,0.0,0,True,False,0.050000000000000044,30.135987974687502,3004,3004,F:\项目\专利\uav_dynamic_task_allocation\checkpoints\strike_order_dqn\latest.pt,,
752,0,"[4, 2, 1, 3]",202.81040730615837,20.459992396356522,4,4,0.03112120321020484,1,3,0.25,0,True,False,0.050000000000000044,30.135987974687502,3008,3008,F:\项目\专利\uav_dynamic_task_allocation\checkpoints\strike_order_dqn\latest.pt,,
753,0,"[4, 3, 2, 1]",143.75447345561832,27.15430895066569,4,4,0.023131539579480886,0,4,0.0,0,True,False,0.050000000000000044,30.135987974687502,3012,3012,F:\项目\专利\uav_dynamic_task_allocation\checkpoints\strike_order_dqn\latest.pt,,
754,4,"[19, 18, 17, 20]",172.49892430786332,21.71901980128594,4,4,0.01869691419415176,0,4,0.0,0,True,False,0.050000000000000044,30.135987974687502,3016,3016,F:\项目\专利\uav_dynamic_task_allocation\checkpoints\strike_order_dqn\latest.pt,,
755,2,"[11, 9, 12, 10]",195.22686250124153,18.40278416071593,4,4,0.02033472852781415,0,4,0.0,0,True,False,0.050000000000000044,30.135987974687502,3020,3020,F:\项目\专利\uav_dynamic_task_allocation\checkpoints\strike_order_dqn\latest.pt,,
756,2,"[11, 9, 12, 10]",195.22686250124153,18.40278416071593,4,4,0.026141002075746655,0,4,0.0,0,True,False,0.050000000000000044,30.135987974687502,3024,3024,F:\项目\专利\uav_dynamic_task_allocation\checkpoints\strike_order_dqn\latest.pt,,
757,3,"[15, 13, 16, 14]",110.72440362060973,26.524306284948956,4,4,0.02278405101969838,0,4,0.0,0,True,False,0.050000000000000044,30.135987974687502,3028,3028,F:\项目\专利\uav_dynamic_task_allocation\checkpoints\strike_order_dqn\latest.pt,,
758,1,"[5, 7, 8, 6]",164.60582761657668,30.135987974687502,4,4,0.026753572281450033,0,4,0.0,0,True,False,0.050000000000000044,30.135987974687502,3032,3032,F:\项目\专利\uav_dynamic_task_allocation\checkpoints\strike_order_dqn\latest.pt,,
759,0,"[4, 3, 2, 1]",143.75447345561832,27.15430895066569,4,4,0.04334827186539769,0,4,0.0,0,True,False,0.050000000000000044,30.135987974687502,3036,3036,F:\项目\专利\uav_dynamic_task_allocation\checkpoints\strike_order_dqn\latest.pt,,
760,3,"[13, 15, 14, 16]",121.91912521010097,26.288679406490516,4,4,0.02105123596265912,0,4,0.0,0,True,False,0.050000000000000044,30.135987974687502,3040,3040,F:\项目\专利\uav_dynamic_task_allocation\checkpoints\strike_order_dqn\latest.pt,,
761,0,"[1, 3, 4, 2]",181.66116066125574,24.446168855463334,4,4,0.028009751113131642,1,3,0.25,0,True,False,0.050000000000000044,30.135987974687502,3044,3044,F:\项目\专利\uav_dynamic_task_allocation\checkpoints\strike_order_dqn\latest.pt,,
762,2,"[11, 9, 12, 10]",195.22686250124153,18.40278416071593,4,4,0.01553474785760045,0,4,0.0,0,True,False,0.050000000000000044,30.135987974687502,3048,3048,F:\项目\专利\uav_dynamic_task_allocation\checkpoints\strike_order_dqn\latest.pt,,
763,4,"[19, 18, 17, 20]",172.49892430786332,21.71901980128594,4,4,0.04120671842247248,0,4,0.0,0,True,False,0.050000000000000044,30.135987974687502,3052,3052,F:\项目\专利\uav_dynamic_task_allocation\checkpoints\strike_order_dqn\latest.pt,,
764,4,"[19, 18, 20, 17]",169.56104208358724,21.76935026904001,4,4,0.0260138101875782,0,4,0.0,0,True,False,0.050000000000000044,30.135987974687502,3056,3056,F:\项目\专利\uav_dynamic_task_allocation\checkpoints\strike_order_dqn\latest.pt,,
765,1,"[5, 8, 7, 6]",149.2377467868531,30.0298134782743,4,4,0.01586637832224369,0,4,0.0,0,True,False,0.050000000000000044,30.135987974687502,3060,3060,F:\项目\专利\uav_dynamic_task_allocation\checkpoints\strike_order_dqn\latest.pt,,
766,3,"[13, 15, 14, 16]",121.91912521010097,26.288679406490516,4,4,0.026349780149757862,0,4,0.0,0,True,False,0.050000000000000044,30.135987974687502,3064,3064,F:\项目\专利\uav_dynamic_task_allocation\checkpoints\strike_order_dqn\latest.pt,,
767,3,"[15, 13, 16, 14]",110.72440362060973,26.524306284948956,4,4,0.027230023872107267,0,4,0.0,0,True,False,0.050000000000000044,30.135987974687502,3068,3068,F:\项目\专利\uav_dynamic_task_allocation\checkpoints\strike_order_dqn\latest.pt,,
768,2,"[11, 9, 12, 10]",195.22686250124153,18.40278416071593,4,4,0.01317496900446713,0,4,0.0,0,True,False,0.050000000000000044,30.135987974687502,3072,3072,F:\项目\专利\uav_dynamic_task_allocation\checkpoints\strike_order_dqn\latest.pt,,
769,0,"[4, 3, 2, 1]",143.75447345561832,27.15430895066569,4,4,0.018653596518561244,0,4,0.0,0,True,False,0.050000000000000044,30.135987974687502,3076,3076,F:\项目\专利\uav_dynamic_task_allocation\checkpoints\strike_order_dqn\latest.pt,,
770,1,"[5, 7, 8, 6]",164.60582761657668,30.135987974687502,4,4,0.02061660820618272,0,4,0.0,0,True,False,0.050000000000000044,30.135987974687502,3080,3080,F:\项目\专利\uav_dynamic_task_allocation\checkpoints\strike_order_dqn\latest.pt,,
771,3,"[15, 13, 16, 14]",110.72440362060973,26.524306284948956,4,4,0.015633830800652504,0,4,0.0,0,True,False,0.050000000000000044,30.135987974687502,3084,3084,F:\项目\专利\uav_dynamic_task_allocation\checkpoints\strike_order_dqn\latest.pt,,
772,4,"[19, 18, 20, 17]",169.56104208358724,21.76935026904001,4,4,0.01746078534051776,0,4,0.0,0,True,False,0.050000000000000044,30.135987974687502,3088,3088,F:\项目\专利\uav_dynamic_task_allocation\checkpoints\strike_order_dqn\latest.pt,,
773,0,"[4, 1, 3, 2]",219.5208976367524,19.70717567572825,4,4,0.01549480576068163,1,3,0.25,0,True,False,0.050000000000000044,30.135987974687502,3092,3092,F:\项目\专利\uav_dynamic_task_allocation\checkpoints\strike_order_dqn\latest.pt,,
774,3,"[15, 13, 16, 14]",110.72440362060973,26.524306284948956,4,4,0.02502685273066163,1,3,0.25,0,True,False,0.050000000000000044,30.135987974687502,3096,3096,F:\项目\专利\uav_dynamic_task_allocation\checkpoints\strike_order_dqn\latest.pt,,
775,4,"[19, 18, 20, 17]",169.56104208358724,21.76935026904001,4,4,0.02160566789098084,1,3,0.25,0,True,False,0.050000000000000044,30.135987974687502,3100,3100,F:\项目\专利\uav_dynamic_task_allocation\checkpoints\strike_order_dqn\latest.pt,,
776,4,"[19, 18, 20, 17]",169.56104208358724,21.76935026904001,4,4,0.03291594935581088,0,4,0.0,0,True,False,0.050000000000000044,30.135987974687502,3104,3104,F:\项目\专利\uav_dynamic_task_allocation\checkpoints\strike_order_dqn\latest.pt,,
777,2,"[11, 9, 12, 10]",195.22686250124153,18.40278416071593,4,4,0.025350450538098812,0,4,0.0,0,True,False,0.050000000000000044,30.135987974687502,3108,3108,F:\项目\专利\uav_dynamic_task_allocation\checkpoints\strike_order_dqn\latest.pt,,
778,0,"[4, 3, 2, 1]",143.75447345561832,27.15430895066569,4,4,0.02417503111064434,0,4,0.0,0,True,False,0.050000000000000044,30.135987974687502,3112,3112,F:\项目\专利\uav_dynamic_task_allocation\checkpoints\strike_order_dqn\latest.pt,,
779,1,"[5, 8, 7, 6]",149.2377467868531,30.0298134782743,4,4,0.016033785417675972,0,4,0.0,0,True,False,0.050000000000000044,30.135987974687502,3116,3116,F:\项目\专利\uav_dynamic_task_allocation\checkpoints\strike_order_dqn\latest.pt,,
780,4,"[19, 18, 20, 17]",169.56104208358724,21.76935026904001,4,4,0.016250299755483866,0,4,0.0,0,True,False,0.050000000000000044,30.135987974687502,3120,3120,F:\项目\专利\uav_dynamic_task_allocation\checkpoints\strike_order_dqn\latest.pt,,
781,4,"[19, 18, 20, 17]",169.56104208358724,21.76935026904001,4,4,0.027265052078291774,0,4,0.0,0,True,False,0.050000000000000044,30.135987974687502,3124,3124,F:\项目\专利\uav_dynamic_task_allocation\checkpoints\strike_order_dqn\latest.pt,,
782,3,"[13, 16, 15, 14]",116.10182393712081,26.366462669072508,4,4,0.020618612878024578,0,4,0.0,0,True,False,0.050000000000000044,30.135987974687502,3128,3128,F:\项目\专利\uav_dynamic_task_allocation\checkpoints\strike_order_dqn\latest.pt,,
783,0,"[4, 3, 2, 1]",143.75447345561832,27.15430895066569,4,4,0.013716430636122823,0,4,0.0,0,True,False,0.050000000000000044,30.135987974687502,3132,3132,F:\项目\专利\uav_dynamic_task_allocation\checkpoints\strike_order_dqn\latest.pt,,
784,0,"[4, 3, 2, 1]",143.75447345561832,27.15430895066569,4,4,0.01804619119502604,0,4,0.0,0,True,False,0.050000000000000044,30.135987974687502,3136,3136,F:\项目\专利\uav_dynamic_task_allocation\checkpoints\strike_order_dqn\latest.pt,,
785,2,"[11, 9, 12, 10]",195.22686250124153,18.40278416071593,4,4,0.008613642072305083,0,4,0.0,0,True,False,0.050000000000000044,30.135987974687502,3140,3140,F:\项目\专利\uav_dynamic_task_allocation\checkpoints\strike_order_dqn\latest.pt,,
786,2,"[11, 9, 12, 10]",195.22686250124153,18.40278416071593,4,4,0.011341331992298365,0,4,0.0,0,True,False,0.050000000000000044,30.135987974687502,3144,3144,F:\项目\专利\uav_dynamic_task_allocation\checkpoints\strike_order_dqn\latest.pt,,
787,0,"[4, 3, 2, 1]",143.75447345561832,27.15430895066569,4,4,0.012623360613361001,0,4,0.0,0,True,False,0.050000000000000044,30.135987974687502,3148,3148,F:\项目\专利\uav_dynamic_task_allocation\checkpoints\strike_order_dqn\latest.pt,,
788,3,"[13, 15, 16, 14]",124.85245298960119,26.100849994766918,4,4,0.02514264523051679,0,4,0.0,0,True,False,0.050000000000000044,30.135987974687502,3152,3152,F:\项目\专利\uav_dynamic_task_allocation\checkpoints\strike_order_dqn\latest.pt,,
789,2,"[11, 9, 12, 10]",195.22686250124153,18.40278416071593,4,4,0.01758301886729896,0,4,0.0,0,True,False,0.050000000000000044,30.135987974687502,3156,3156,F:\项目\专利\uav_dynamic_task_allocation\checkpoints\strike_order_dqn\latest.pt,,
790,0,"[4, 3, 2, 1]",143.75447345561832,27.15430895066569,4,4,0.023373528383672237,0,4,0.0,0,True,False,0.050000000000000044,30.135987974687502,3160,3160,F:\项目\专利\uav_dynamic_task_allocation\checkpoints\strike_order_dqn\latest.pt,,
791,0,"[4, 3, 2, 1]",143.75447345561832,27.15430895066569,4,4,0.02126930170925334,0,4,0.0,0,True,False,0.050000000000000044,30.135987974687502,3164,3164,F:\项目\专利\uav_dynamic_task_allocation\checkpoints\strike_order_dqn\latest.pt,,
792,2,"[12, 9, 11, 10]",219.43660454395496,18.160657389833798,4,4,0.01711274776607752,0,4,0.0,0,True,False,0.050000000000000044,30.135987974687502,3168,3168,F:\项目\专利\uav_dynamic_task_allocation\checkpoints\strike_order_dqn\latest.pt,,
793,3,"[13, 15, 16, 14]",124.85245298960119,26.100849994766918,4,4,0.015604206826537848,0,4,0.0,0,True,False,0.050000000000000044,30.135987974687502,3172,3172,F:\项目\专利\uav_dynamic_task_allocation\checkpoints\strike_order_dqn\latest.pt,,
794,4,"[19, 18, 20, 17]",169.56104208358724,21.76935026904001,4,4,0.022959410911425948,0,4,0.0,0,True,False,0.050000000000000044,30.135987974687502,3176,3176,F:\项目\专利\uav_dynamic_task_allocation\checkpoints\strike_order_dqn\latest.pt,,
795,2,"[11, 9, 12, 10]",195.22686250124153,18.40278416071593,4,4,0.018239071243442595,0,4,0.0,0,True,False,0.050000000000000044,30.135987974687502,3180,3180,F:\项目\专利\uav_dynamic_task_allocation\checkpoints\strike_order_dqn\latest.pt,,
796,1,"[5, 7, 8, 6]",164.60582761657668,30.135987974687502,4,4,0.015151472296565771,0,4,0.0,0,True,False,0.050000000000000044,30.135987974687502,3184,3184,F:\项目\专利\uav_dynamic_task_allocation\checkpoints\strike_order_dqn\latest.pt,,
797,4,"[19, 18, 20, 17]",169.56104208358724,21.76935026904001,4,4,0.02058360166847706,0,4,0.0,0,True,False,0.050000000000000044,30.135987974687502,3188,3188,F:\项目\专利\uav_dynamic_task_allocation\checkpoints\strike_order_dqn\latest.pt,,
798,2,"[12, 9, 11, 10]",219.43660454395496,18.160657389833798,4,4,0.013176256674341857,1,3,0.25,0,True,False,0.050000000000000044,30.135987974687502,3192,3192,F:\项目\专利\uav_dynamic_task_allocation\checkpoints\strike_order_dqn\latest.pt,,
799,1,"[5, 7, 8, 6]",164.60582761657668,30.135987974687502,4,4,0.008587513817474246,0,4,0.0,0,True,False,0.050000000000000044,30.135987974687502,3196,3196,F:\项目\专利\uav_dynamic_task_allocation\checkpoints\strike_order_dqn\latest.pt,,
800,2,"[11, 9, 12, 10]",195.22686250124153,18.40278416071593,4,4,0.01582307438366115,1,3,0.25,0,True,False,0.050000000000000044,30.135987974687502,3200,3200,F:\项目\专利\uav_dynamic_task_allocation\checkpoints\strike_order_dqn\latest.pt,,
801,0,"[4, 1, 3, 2]",219.5208976367524,19.70717567572825,4,4,0.026437224820256233,1,3,0.25,0,True,False,0.050000000000000044,30.135987974687502,3204,3204,F:\项目\专利\uav_dynamic_task_allocation\checkpoints\strike_order_dqn\latest.pt,,
802,1,"[5, 8, 7, 6]",149.2377467868531,30.0298134782743,4,4,0.018155082827433944,0,4,0.0,0,True,False,0.050000000000000044,30.135987974687502,3208,3208,F:\项目\专利\uav_dynamic_task_allocation\checkpoints\strike_order_dqn\latest.pt,,
803,2,"[12, 10, 9, 11]",219.7060500282308,18.350952970962638,4,4,0.027974384371191263,0,4,0.0,0,True,False,0.050000000000000044,30.135987974687502,3212,3212,F:\项目\专利\uav_dynamic_task_allocation\checkpoints\strike_order_dqn\latest.pt,,
804,4,"[19, 18, 20, 17]",169.56104208358724,21.76935026904001,4,4,0.014807209139689803,0,4,0.0,0,True,False,0.050000000000000044,30.135987974687502,3216,3216,F:\项目\专利\uav_dynamic_task_allocation\checkpoints\strike_order_dqn\latest.pt,,
805,3,"[13, 16, 15, 14]",116.10182393712081,26.366462669072508,4,4,0.01814778847619891,1,3,0.25,0,True,False,0.050000000000000044,30.135987974687502,3220,3220,F:\项目\专利\uav_dynamic_task_allocation\checkpoints\strike_order_dqn\latest.pt,,
806,3,"[13, 15, 16, 14]",124.85245298960119,26.100849994766918,4,4,0.01069778692908585,0,4,0.0,0,True,False,0.050000000000000044,30.135987974687502,3224,3224,F:\项目\专利\uav_dynamic_task_allocation\checkpoints\strike_order_dqn\latest.pt,,
807,2,"[12, 10, 9, 11]",219.7060500282308,18.350952970962638,4,4,0.010175890987738967,0,4,0.0,0,True,False,0.050000000000000044,30.135987974687502,3228,3228,F:\项目\专利\uav_dynamic_task_allocation\checkpoints\strike_order_dqn\latest.pt,,
808,0,"[4, 3, 2, 1]",143.75447345561832,27.15430895066569,4,4,0.016021317336708307,0,4,0.0,0,True,False,0.050000000000000044,30.135987974687502,3232,3232,F:\项目\专利\uav_dynamic_task_allocation\checkpoints\strike_order_dqn\latest.pt,,
809,1,"[5, 6, 7, 8]",176.18593953275735,28.57149701761014,4,4,0.010871291044168174,1,3,0.25,0,True,False,0.050000000000000044,30.135987974687502,3236,3236,F:\项目\专利\uav_dynamic_task_allocation\checkpoints\strike_order_dqn\latest.pt,,
810,4,"[19, 18, 20, 17]",169.56104208358724,21.76935026904001,4,4,0.018678114749491215,0,4,0.0,0,True,False,0.050000000000000044,30.135987974687502,3240,3240,F:\项目\专利\uav_dynamic_task_allocation\checkpoints\strike_order_dqn\latest.pt,,
811,0,"[4, 3, 2, 1]",143.75447345561832,27.15430895066569,4,4,0.02098392671905458,0,4,0.0,0,True,False,0.050000000000000044,30.135987974687502,3244,3244,F:\项目\专利\uav_dynamic_task_allocation\checkpoints\strike_order_dqn\latest.pt,,
812,4,"[19, 18, 17, 20]",172.49892430786332,21.71901980128594,4,4,0.016227017622441053,0,4,0.0,0,True,False,0.050000000000000044,30.135987974687502,3248,3248,F:\项目\专利\uav_dynamic_task_allocation\checkpoints\strike_order_dqn\latest.pt,,
813,3,"[13, 15, 14, 16]",121.91912521010097,26.288679406490516,4,4,0.029341518646106124,0,4,0.0,0,True,False,0.050000000000000044,30.135987974687502,3252,3252,F:\项目\专利\uav_dynamic_task_allocation\checkpoints\strike_order_dqn\latest.pt,,
814,1,"[5, 8, 7, 6]",149.2377467868531,30.0298134782743,4,4,0.015697476686909795,0,4,0.0,0,True,False,0.050000000000000044,30.135987974687502,3256,3256,F:\项目\专利\uav_dynamic_task_allocation\checkpoints\strike_order_dqn\latest.pt,,
815,3,"[13, 16, 15, 14]",116.10182393712081,26.366462669072508,4,4,0.01558234402909875,1,3,0.25,0,True,False,0.050000000000000044,30.135987974687502,3260,3260,F:\项目\专利\uav_dynamic_task_allocation\checkpoints\strike_order_dqn\latest.pt,,
816,4,"[19, 18, 17, 20]",172.49892430786332,21.71901980128594,4,4,0.0113031534710899,0,4,0.0,0,True,False,0.050000000000000044,30.135987974687502,3264,3264,F:\项目\专利\uav_dynamic_task_allocation\checkpoints\strike_order_dqn\latest.pt,,
817,0,"[4, 3, 2, 1]",143.75447345561832,27.15430895066569,4,4,0.019234725506976247,0,4,0.0,0,True,False,0.050000000000000044,30.135987974687502,3268,3268,F:\项目\专利\uav_dynamic_task_allocation\checkpoints\strike_order_dqn\latest.pt,,
818,0,"[4, 3, 2, 1]",143.75447345561832,27.15430895066569,4,4,0.008954946883022785,1,3,0.25,0,True,False,0.050000000000000044,30.135987974687502,3272,3272,F:\项目\专利\uav_dynamic_task_allocation\checkpoints\strike_order_dqn\latest.pt,,
819,3,"[13, 16, 15, 14]",116.10182393712081,26.366462669072508,4,4,0.014677465427666903,1,3,0.25,0,True,False,0.050000000000000044,30.135987974687502,3276,3276,F:\项目\专利\uav_dynamic_task_allocation\checkpoints\strike_order_dqn\latest.pt,,
820,4,"[19, 18, 20, 17]",169.56104208358724,21.76935026904001,4,4,0.016070900484919548,0,4,0.0,0,True,False,0.050000000000000044,30.135987974687502,3280,3280,F:\项目\专利\uav_dynamic_task_allocation\checkpoints\strike_order_dqn\latest.pt,,
821,0,"[3, 4, 2, 1]",144.72417449833796,25.999062732197913,4,4,0.011095486115664244,1,3,0.25,0,True,False,0.050000000000000044,30.135987974687502,3284,3284,F:\项目\专利\uav_dynamic_task_allocation\checkpoints\strike_order_dqn\latest.pt,,
822,3,"[13, 15, 14, 16]",121.91912521010097,26.288679406490516,4,4,0.02841628761962056,0,4,0.0,0,True,False,0.050000000000000044,30.135987974687502,3288,3288,F:\项目\专利\uav_dynamic_task_allocation\checkpoints\strike_order_dqn\latest.pt,,
823,0,"[4, 3, 2, 1]",143.75447345561832,27.15430895066569,4,4,0.011284956824965775,0,4,0.0,0,True,False,0.050000000000000044,30.135987974687502,3292,3292,F:\项目\专利\uav_dynamic_task_allocation\checkpoints\strike_order_dqn\latest.pt,,
824,3,"[13, 16, 15, 14]",116.10182393712081,26.366462669072508,4,4,0.01603777357377112,0,4,0.0,0,True,False,0.050000000000000044,30.135987974687502,3296,3296,F:\项目\专利\uav_dynamic_task_allocation\checkpoints\strike_order_dqn\latest.pt,,
825,3,"[13, 16, 15, 14]",116.10182393712081,26.366462669072508,4,4,0.015340019715949893,0,4,0.0,0,True,False,0.050000000000000044,30.135987974687502,3300,3300,F:\项目\专利\uav_dynamic_task_allocation\checkpoints\strike_order_dqn\latest.pt,,
826,0,"[4, 3, 2, 1]",143.75447345561832,27.15430895066569,4,4,0.01959441602230072,0,4,0.0,0,True,False,0.050000000000000044,30.135987974687502,3304,3304,F:\项目\专利\uav_dynamic_task_allocation\checkpoints\strike_order_dqn\latest.pt,,
827,3,"[15, 13, 16, 14]",110.72440362060973,26.524306284948956,4,4,0.023506754310801625,0,4,0.0,0,True,False,0.050000000000000044,30.135987974687502,3308,3308,F:\项目\专利\uav_dynamic_task_allocation\checkpoints\strike_order_dqn\latest.pt,,
828,4,"[19, 18, 20, 17]",169.56104208358724,21.76935026904001,4,4,0.015689061721786857,0,4,0.0,0,True,False,0.050000000000000044,30.135987974687502,3312,3312,F:\项目\专利\uav_dynamic_task_allocation\checkpoints\strike_order_dqn\latest.pt,,
829,4,"[19, 18, 20, 17]",169.56104208358724,21.76935026904001,4,4,0.010796819115057588,0,4,0.0,0,True,False,0.050000000000000044,30.135987974687502,3316,3316,F:\项目\专利\uav_dynamic_task_allocation\checkpoints\strike_order_dqn\latest.pt,,
830,0,"[4, 3, 2, 1]",143.75447345561832,27.15430895066569,4,4,0.014153241878375411,0,4,0.0,0,True,False,0.050000000000000044,30.135987974687502,3320,3320,F:\项目\专利\uav_dynamic_task_allocation\checkpoints\strike_order_dqn\latest.pt,,
831,1,"[5, 7, 8, 6]",164.60582761657668,30.135987974687502,4,4,0.015211907215416431,0,4,0.0,0,True,False,0.050000000000000044,30.135987974687502,3324,3324,F:\项目\专利\uav_dynamic_task_allocation\checkpoints\strike_order_dqn\latest.pt,,
832,1,"[5, 7, 8, 6]",164.60582761657668,30.135987974687502,4,4,0.009451091522350907,1,3,0.25,0,True,False,0.050000000000000044,30.135987974687502,3328,3328,F:\项目\专利\uav_dynamic_task_allocation\checkpoints\strike_order_dqn\latest.pt,,
833,2,"[11, 9, 12, 10]",195.22686250124153,18.40278416071593,4,4,0.022061616997234523,0,4,0.0,0,True,False,0.050000000000000044,30.135987974687502,3332,3332,F:\项目\专利\uav_dynamic_task_allocation\checkpoints\strike_order_dqn\latest.pt,,
834,0,"[4, 3, 2, 1]",143.75447345561832,27.15430895066569,4,4,0.011807596543803811,0,4,0.0,0,True,False,0.050000000000000044,30.135987974687502,3336,3336,F:\项目\专利\uav_dynamic_task_allocation\checkpoints\strike_order_dqn\latest.pt,,
835,4,"[19, 18, 20, 17]",169.56104208358724,21.76935026904001,4,4,0.0187485096976161,0,4,0.0,0,True,False,0.050000000000000044,30.135987974687502,3340,3340,F:\项目\专利\uav_dynamic_task_allocation\checkpoints\strike_order_dqn\latest.pt,,
836,3,"[15, 13, 16, 14]",110.72440362060973,26.524306284948956,4,4,0.013724090880714357,0,4,0.0,0,True,False,0.050000000000000044,30.135987974687502,3344,3344,F:\项目\专利\uav_dynamic_task_allocation\checkpoints\strike_order_dqn\latest.pt,,
837,4,"[19, 18, 20, 17]",169.56104208358724,21.76935026904001,4,4,0.014574985252693295,0,4,0.0,0,True,False,0.050000000000000044,30.135987974687502,3348,3348,F:\项目\专利\uav_dynamic_task_allocation\checkpoints\strike_order_dqn\latest.pt,,
838,0,"[4, 3, 2, 1]",143.75447345561832,27.15430895066569,4,4,0.023104640189558268,0,4,0.0,0,True,False,0.050000000000000044,30.135987974687502,3352,3352,F:\项目\专利\uav_dynamic_task_allocation\checkpoints\strike_order_dqn\latest.pt,,
839,0,"[4, 3, 2, 1]",143.75447345561832,27.15430895066569,4,4,0.01538072305265814,0,4,0.0,0,True,False,0.050000000000000044,30.135987974687502,3356,3356,F:\项目\专利\uav_dynamic_task_allocation\checkpoints\strike_order_dqn\latest.pt,,
840,4,"[19, 18, 20, 17]",169.56104208358724,21.76935026904001,4,4,0.007182825240306556,0,4,0.0,0,True,False,0.050000000000000044,30.135987974687502,3360,3360,F:\项目\专利\uav_dynamic_task_allocation\checkpoints\strike_order_dqn\latest.pt,,
841,1,"[5, 7, 8, 6]",164.60582761657668,30.135987974687502,4,4,0.011742141796275973,0,4,0.0,0,True,False,0.050000000000000044,30.135987974687502,3364,3364,F:\项目\专利\uav_dynamic_task_allocation\checkpoints\strike_order_dqn\latest.pt,,
842,3,"[13, 16, 15, 14]",116.10182393712081,26.366462669072508,4,4,0.008000826113857329,0,4,0.0,0,True,False,0.050000000000000044,30.135987974687502,3368,3368,F:\项目\专利\uav_dynamic_task_allocation\checkpoints\strike_order_dqn\latest.pt,,
843,4,"[19, 18, 20, 17]",169.56104208358724,21.76935026904001,4,4,0.014925328257959336,0,4,0.0,0,True,False,0.050000000000000044,30.135987974687502,3372,3372,F:\项目\专利\uav_dynamic_task_allocation\checkpoints\strike_order_dqn\latest.pt,,
844,0,"[4, 3, 2, 1]",143.75447345561832,27.15430895066569,4,4,0.01008244842523709,0,4,0.0,0,True,False,0.050000000000000044,30.135987974687502,3376,3376,F:\项目\专利\uav_dynamic_task_allocation\checkpoints\strike_order_dqn\latest.pt,,
845,0,"[4, 3, 2, 1]",143.75447345561832,27.15430895066569,4,4,0.008463700767606497,0,4,0.0,0,True,False,0.050000000000000044,30.135987974687502,3380,3380,F:\项目\专利\uav_dynamic_task_allocation\checkpoints\strike_order_dqn\latest.pt,,
846,0,"[4, 3, 2, 1]",143.75447345561832,27.15430895066569,4,4,0.015540182823315263,0,4,0.0,0,True,False,0.050000000000000044,30.135987974687502,3384,3384,F:\项目\专利\uav_dynamic_task_allocation\checkpoints\strike_order_dqn\latest.pt,,
847,0,"[4, 3, 2, 1]",143.75447345561832,27.15430895066569,4,4,0.02601445186883211,0,4,0.0,0,True,False,0.050000000000000044,30.135987974687502,3388,3388,F:\项目\专利\uav_dynamic_task_allocation\checkpoints\strike_order_dqn\latest.pt,,
848,0,"[4, 3, 2, 1]",143.75447345561832,27.15430895066569,4,4,0.015400313772261143,1,3,0.25,0,True,False,0.050000000000000044,30.135987974687502,3392,3392,F:\项目\专利\uav_dynamic_task_allocation\checkpoints\strike_order_dqn\latest.pt,,
849,4,"[19, 18, 20, 17]",169.56104208358724,21.76935026904001,4,4,0.01191750867292285,0,4,0.0,0,True,False,0.050000000000000044,30.135987974687502,3396,3396,F:\项目\专利\uav_dynamic_task_allocation\checkpoints\strike_order_dqn\latest.pt,,
850,3,"[15, 13, 16, 14]",110.72440362060973,26.524306284948956,4,4,0.014481970109045506,0,4,0.0,0,True,False,0.050000000000000044,30.135987974687502,3400,3400,F:\项目\专利\uav_dynamic_task_allocation\checkpoints\strike_order_dqn\latest.pt,,
851,4,"[19, 18, 20, 17]",169.56104208358724,21.76935026904001,4,4,0.015988186467438936,0,4,0.0,0,True,False,0.050000000000000044,30.135987974687502,3404,3404,F:\项目\专利\uav_dynamic_task_allocation\checkpoints\strike_order_dqn\latest.pt,,
852,4,"[19, 18, 20, 17]",169.56104208358724,21.76935026904001,4,4,0.011344364378601313,1,3,0.25,0,True,False,0.050000000000000044,30.135987974687502,3408,3408,F:\项目\专利\uav_dynamic_task_allocation\checkpoints\strike_order_dqn\latest.pt,,
853,4,"[19, 18, 20, 17]",169.56104208358724,21.76935026904001,4,4,0.008551391190849245,0,4,0.0,0,True,False,0.050000000000000044,30.135987974687502,3412,3412,F:\项目\专利\uav_dynamic_task_allocation\checkpoints\strike_order_dqn\latest.pt,,
854,1,"[5, 7, 8, 6]",164.60582761657668,30.135987974687502,4,4,0.012072242330759764,0,4,0.0,0,True,False,0.050000000000000044,30.135987974687502,3416,3416,F:\项目\专利\uav_dynamic_task_allocation\checkpoints\strike_order_dqn\latest.pt,,
855,1,"[5, 7, 8, 6]",164.60582761657668,30.135987974687502,4,4,0.011368571547791362,0,4,0.0,0,True,False,0.050000000000000044,30.135987974687502,3420,3420,F:\项目\专利\uav_dynamic_task_allocation\checkpoints\strike_order_dqn\latest.pt,,
856,4,"[19, 18, 17, 20]",172.49892430786332,21.71901980128594,4,4,0.00583393475972116,0,4,0.0,0,True,False,0.050000000000000044,30.135987974687502,3424,3424,F:\项目\专利\uav_dynamic_task_allocation\checkpoints\strike_order_dqn\latest.pt,,
857,1,"[5, 7, 8, 6]",164.60582761657668,30.135987974687502,4,4,0.012229834916070104,0,4,0.0,0,True,False,0.050000000000000044,30.135987974687502,3428,3428,F:\项目\专利\uav_dynamic_task_allocation\checkpoints\strike_order_dqn\latest.pt,,
858,0,"[4, 3, 2, 1]",143.75447345561832,27.15430895066569,4,4,0.011083336139563471,0,4,0.0,0,True,False,0.050000000000000044,30.135987974687502,3432,3432,F:\项目\专利\uav_dynamic_task_allocation\checkpoints\strike_order_dqn\latest.pt,,
859,3,"[15, 13, 16, 14]",110.72440362060973,26.524306284948956,4,4,0.006997952121309936,0,4,0.0,0,True,False,0.050000000000000044,30.135987974687502,3436,3436,F:\项目\专利\uav_dynamic_task_allocation\checkpoints\strike_order_dqn\latest.pt,,
860,4,"[19, 18, 20, 17]",169.56104208358724,21.76935026904001,4,4,0.00898688769666478,0,4,0.0,0,True,False,0.050000000000000044,30.135987974687502,3440,3440,F:\项目\专利\uav_dynamic_task_allocation\checkpoints\strike_order_dqn\latest.pt,,
861,4,"[19, 18, 17, 20]",172.49892430786332,21.71901980128594,4,4,0.012045425362884998,0,4,0.0,0,True,False,0.050000000000000044,30.135987974687502,3444,3444,F:\项目\专利\uav_dynamic_task_allocation\checkpoints\strike_order_dqn\latest.pt,,
862,4,"[19, 18, 17, 20]",172.49892430786332,21.71901980128594,4,4,0.010328204836696386,0,4,0.0,0,True,False,0.050000000000000044,30.135987974687502,3448,3448,F:\项目\专利\uav_dynamic_task_allocation\checkpoints\strike_order_dqn\latest.pt,,
863,0,"[4, 3, 2, 1]",143.75447345561832,27.15430895066569,4,4,0.01098634977824986,0,4,0.0,0,True,False,0.050000000000000044,30.135987974687502,3452,3452,F:\项目\专利\uav_dynamic_task_allocation\checkpoints\strike_order_dqn\latest.pt,,
864,3,"[15, 13, 16, 14]",110.72440362060973,26.524306284948956,4,4,0.01057242089882493,0,4,0.0,0,True,False,0.050000000000000044,30.135987974687502,3456,3456,F:\项目\专利\uav_dynamic_task_allocation\checkpoints\strike_order_dqn\latest.pt,,
865,4,"[19, 18, 20, 17]",169.56104208358724,21.76935026904001,4,4,0.00803125835955143,0,4,0.0,0,True,False,0.050000000000000044,30.135987974687502,3460,3460,F:\项目\专利\uav_dynamic_task_allocation\checkpoints\strike_order_dqn\latest.pt,,
866,3,"[15, 13, 16, 14]",110.72440362060973,26.524306284948956,4,4,0.01405059255193919,0,4,0.0,0,True,False,0.050000000000000044,30.135987974687502,3464,3464,F:\项目\专利\uav_dynamic_task_allocation\checkpoints\strike_order_dqn\latest.pt,,
867,4,"[19, 18, 20, 17]",169.56104208358724,21.76935026904001,4,4,0.004047584137879312,0,4,0.0,0,True,False,0.050000000000000044,30.135987974687502,3468,3468,F:\项目\专利\uav_dynamic_task_allocation\checkpoints\strike_order_dqn\latest.pt,,
868,4,"[20, 17, 19, 18]",163.52770884030468,20.317524759490777,4,4,0.00794462114572525,1,3,0.25,0,True,False,0.050000000000000044,30.135987974687502,3472,3472,F:\项目\专利\uav_dynamic_task_allocation\checkpoints\strike_order_dqn\latest.pt,,
869,2,"[11, 9, 12, 10]",195.22686250124153,18.40278416071593,4,4,0.015368189313448966,0,4,0.0,0,True,False,0.050000000000000044,30.135987974687502,3476,3476,F:\项目\专利\uav_dynamic_task_allocation\checkpoints\strike_order_dqn\latest.pt,,
870,0,"[4, 3, 2, 1]",143.75447345561832,27.15430895066569,4,4,0.011237152852118015,0,4,0.0,0,True,False,0.050000000000000044,30.135987974687502,3480,3480,F:\项目\专利\uav_dynamic_task_allocation\checkpoints\strike_order_dqn\latest.pt,,
871,2,"[12, 9, 11, 10]",219.43660454395496,18.160657389833798,4,4,0.01848440244793892,0,4,0.0,0,True,False,0.050000000000000044,30.135987974687502,3484,3484,F:\项目\专利\uav_dynamic_task_allocation\checkpoints\strike_order_dqn\latest.pt,,
872,1,"[5, 7, 8, 6]",164.60582761657668,30.135987974687502,4,4,0.012622446520254016,0,4,0.0,0,True,False,0.050000000000000044,30.135987974687502,3488,3488,F:\项目\专利\uav_dynamic_task_allocation\checkpoints\strike_order_dqn\latest.pt,,
873,0,"[4, 3, 2, 1]",143.75447345561832,27.15430895066569,4,4,0.013557517318986356,0,4,0.0,0,True,False,0.050000000000000044,30.135987974687502,3492,3492,F:\项目\专利\uav_dynamic_task_allocation\checkpoints\strike_order_dqn\latest.pt,,
874,0,"[4, 3, 2, 1]",143.75447345561832,27.15430895066569,4,4,0.006030310993082821,0,4,0.0,0,True,False,0.050000000000000044,30.135987974687502,3496,3496,F:\项目\专利\uav_dynamic_task_allocation\checkpoints\strike_order_dqn\latest.pt,,
875,3,"[15, 13, 16, 14]",110.72440362060973,26.524306284948956,4,4,0.013106736703775823,0,4,0.0,0,True,False,0.050000000000000044,30.135987974687502,3500,3500,F:\项目\专利\uav_dynamic_task_allocation\checkpoints\strike_order_dqn\latest.pt,,
876,2,"[11, 9, 12, 10]",195.22686250124153,18.40278416071593,4,4,0.009342467645183206,0,4,0.0,0,True,False,0.050000000000000044,30.135987974687502,3504,3504,F:\项目\专利\uav_dynamic_task_allocation\checkpoints\strike_order_dqn\latest.pt,,
877,2,"[12, 9, 11, 10]",219.43660454395496,18.160657389833798,4,4,0.011973882792517543,0,4,0.0,0,True,False,0.050000000000000044,30.135987974687502,3508,3508,F:\项目\专利\uav_dynamic_task_allocation\checkpoints\strike_order_dqn\latest.pt,,
878,3,"[15, 13, 16, 14]",110.72440362060973,26.524306284948956,4,4,0.021446113009005785,0,4,0.0,0,True,False,0.050000000000000044,30.135987974687502,3512,3512,F:\项目\专利\uav_dynamic_task_allocation\checkpoints\strike_order_dqn\latest.pt,,
879,2,"[11, 9, 12, 10]",195.22686250124153,18.40278416071593,4,4,0.019984367303550243,0,4,0.0,0,True,False,0.050000000000000044,30.135987974687502,3516,3516,F:\项目\专利\uav_dynamic_task_allocation\checkpoints\strike_order_dqn\latest.pt,,
880,3,"[15, 13, 16, 14]",110.72440362060973,26.524306284948956,4,4,0.024986312724649906,0,4,0.0,0,True,False,0.050000000000000044,30.135987974687502,3520,3520,F:\项目\专利\uav_dynamic_task_allocation\checkpoints\strike_order_dqn\latest.pt,,
881,0,"[4, 3, 2, 1]",143.75447345561832,27.15430895066569,4,4,0.01979108341038227,0,4,0.0,0,True,False,0.050000000000000044,30.135987974687502,3524,3524,F:\项目\专利\uav_dynamic_task_allocation\checkpoints\strike_order_dqn\latest.pt,,
882,4,"[19, 18, 20, 17]",169.56104208358724,21.76935026904001,4,4,0.013581808423623443,0,4,0.0,0,True,False,0.050000000000000044,30.135987974687502,3528,3528,F:\项目\专利\uav_dynamic_task_allocation\checkpoints\strike_order_dqn\latest.pt,,
883,2,"[10, 12, 9, 11]",205.11603076518864,17.944549681546867,4,4,0.011608428554609418,1,3,0.25,0,True,False,0.050000000000000044,30.135987974687502,3532,3532,F:\项目\专利\uav_dynamic_task_allocation\checkpoints\strike_order_dqn\latest.pt,,
884,0,"[4, 3, 2, 1]",143.75447345561832,27.15430895066569,4,4,0.00868894555605948,1,3,0.25,0,True,False,0.050000000000000044,30.135987974687502,3536,3536,F:\项目\专利\uav_dynamic_task_allocation\checkpoints\strike_order_dqn\latest.pt,,
885,4,"[19, 18, 20, 17]",169.56104208358724,21.76935026904001,4,4,0.0149286228697747,1,3,0.25,0,True,False,0.050000000000000044,30.135987974687502,3540,3540,F:\项目\专利\uav_dynamic_task_allocation\checkpoints\strike_order_dqn\latest.pt,,
886,3,"[15, 13, 16, 14]",110.72440362060973,26.524306284948956,4,4,0.007272602990269661,0,4,0.0,0,True,False,0.050000000000000044,30.135987974687502,3544,3544,F:\项目\专利\uav_dynamic_task_allocation\checkpoints\strike_order_dqn\latest.pt,,
887,0,"[4, 3, 2, 1]",143.75447345561832,27.15430895066569,4,4,0.006244018906727433,0,4,0.0,0,True,False,0.050000000000000044,30.135987974687502,3548,3548,F:\项目\专利\uav_dynamic_task_allocation\checkpoints\strike_order_dqn\latest.pt,,
888,0,"[2, 4, 3, 1]",155.79811037352016,26.295030053538895,4,4,0.01600145362317562,1,3,0.25,0,True,False,0.050000000000000044,30.135987974687502,3552,3552,F:\项目\专利\uav_dynamic_task_allocation\checkpoints\strike_order_dqn\latest.pt,,
889,0,"[4, 3, 2, 1]",143.75447345561832,27.15430895066569,4,4,0.014272229745984077,0,4,0.0,0,True,False,0.050000000000000044,30.135987974687502,3556,3556,F:\项目\专利\uav_dynamic_task_allocation\checkpoints\strike_order_dqn\latest.pt,,
890,1,"[5, 7, 8, 6]",164.60582761657668,30.135987974687502,4,4,0.015073631657287478,1,3,0.25,0,True,False,0.050000000000000044,30.135987974687502,3560,3560,F:\项目\专利\uav_dynamic_task_allocation\checkpoints\strike_order_dqn\latest.pt,,
891,0,"[4, 3, 2, 1]",143.75447345561832,27.15430895066569,4,4,0.009547184454277158,0,4,0.0,0,True,False,0.050000000000000044,30.135987974687502,3564,3564,F:\项目\专利\uav_dynamic_task_allocation\checkpoints\strike_order_dqn\latest.pt,,
892,3,"[15, 13, 16, 14]",110.72440362060973,26.524306284948956,4,4,0.006909522693604231,0,4,0.0,0,True,False,0.050000000000000044,30.135987974687502,3568,3568,F:\项目\专利\uav_dynamic_task_allocation\checkpoints\strike_order_dqn\latest.pt,,
893,2,"[12, 10, 9, 11]",219.7060500282308,18.350952970962638,4,4,0.011741755588445812,0,4,0.0,0,True,False,0.050000000000000044,30.135987974687502,3572,3572,F:\项目\专利\uav_dynamic_task_allocation\checkpoints\strike_order_dqn\latest.pt,,
894,4,"[19, 18, 17, 20]",172.49892430786332,21.71901980128594,4,4,0.008386082947254181,0,4,0.0,0,True,False,0.050000000000000044,30.135987974687502,3576,3576,F:\项目\专利\uav_dynamic_task_allocation\checkpoints\strike_order_dqn\latest.pt,,
895,3,"[15, 13, 16, 14]",110.72440362060973,26.524306284948956,4,4,0.009146828320808709,0,4,0.0,0,True,False,0.050000000000000044,30.135987974687502,3580,3580,F:\项目\专利\uav_dynamic_task_allocation\checkpoints\strike_order_dqn\latest.pt,,
896,3,"[15, 13, 16, 14]",110.72440362060973,26.524306284948956,4,4,0.01344775059260428,0,4,0.0,0,True,False,0.050000000000000044,30.135987974687502,3584,3584,F:\项目\专利\uav_dynamic_task_allocation\checkpoints\strike_order_dqn\latest.pt,,
897,2,"[11, 9, 12, 10]",195.22686250124153,18.40278416071593,4,4,0.00826621800661087,0,4,0.0,0,True,False,0.050000000000000044,30.135987974687502,3588,3588,F:\项目\专利\uav_dynamic_task_allocation\checkpoints\strike_order_dqn\latest.pt,,
898,0,"[4, 3, 2, 1]",143.75447345561832,27.15430895066569,4,4,0.0050595313659869134,0,4,0.0,0,True,False,0.050000000000000044,30.135987974687502,3592,3592,F:\项目\专利\uav_dynamic_task_allocation\checkpoints\strike_order_dqn\latest.pt,,
899,0,"[4, 3, 2, 1]",143.75447345561832,27.15430895066569,4,4,0.013860912411473691,0,4,0.0,0,True,False,0.050000000000000044,30.135987974687502,3596,3596,F:\项目\专利\uav_dynamic_task_allocation\checkpoints\strike_order_dqn\latest.pt,,
900,3,"[15, 13, 16, 14]",110.72440362060973,26.524306284948956,4,4,0.012181393802165985,0,4,0.0,0,True,False,0.050000000000000044,30.135987974687502,3600,3600,F:\项目\专利\uav_dynamic_task_allocation\checkpoints\strike_order_dqn\latest.pt,,
901,0,"[4, 3, 2, 1]",143.75447345561832,27.15430895066569,4,4,0.022354644956067204,0,4,0.0,0,True,False,0.050000000000000044,30.135987974687502,3604,3604,F:\项目\专利\uav_dynamic_task_allocation\checkpoints\strike_order_dqn\latest.pt,,
902,0,"[4, 3, 2, 1]",143.75447345561832,27.15430895066569,4,4,0.01327900611795485,0,4,0.0,0,True,False,0.050000000000000044,30.135987974687502,3608,3608,F:\项目\专利\uav_dynamic_task_allocation\checkpoints\strike_order_dqn\latest.pt,,
903,1,"[5, 8, 7, 6]",149.2377467868531,30.0298134782743,4,4,0.02092640264891088,0,4,0.0,0,True,False,0.050000000000000044,30.135987974687502,3612,3612,F:\项目\专利\uav_dynamic_task_allocation\checkpoints\strike_order_dqn\latest.pt,,
904,4,"[19, 20, 17, 18]",205.15408927401,19.774473019758354,4,4,0.016434580087661743,1,3,0.25,0,True,False,0.050000000000000044,30.135987974687502,3616,3616,F:\项目\专利\uav_dynamic_task_allocation\checkpoints\strike_order_dqn\latest.pt,,
905,2,"[12, 9, 11, 10]",219.43660454395496,18.160657389833798,4,4,0.014217096846550703,0,4,0.0,0,True,False,0.050000000000000044,30.135987974687502,3620,3620,F:\项目\专利\uav_dynamic_task_allocation\checkpoints\strike_order_dqn\latest.pt,,
906,3,"[13, 16, 14, 15]",123.25600894347023,26.004300419945153,4,4,0.01701541244983673,1,3,0.25,0,True,False,0.050000000000000044,30.135987974687502,3624,3624,F:\项目\专利\uav_dynamic_task_allocation\checkpoints\strike_order_dqn\latest.pt,,
907,2,"[12, 9, 11, 10]",219.43660454395496,18.160657389833798,4,4,0.016515490598976612,0,4,0.0,0,True,False,0.050000000000000044,30.135987974687502,3628,3628,F:\项目\专利\uav_dynamic_task_allocation\checkpoints\strike_order_dqn\latest.pt,,
908,0,"[4, 3, 2, 1]",143.75447345561832,27.15430895066569,4,4,0.00889389228541404,0,4,0.0,0,True,False,0.050000000000000044,30.135987974687502,3632,3632,F:\项目\专利\uav_dynamic_task_allocation\checkpoints\strike_order_dqn\latest.pt,,
909,1,"[5, 7, 8, 6]",164.60582761657668,30.135987974687502,4,4,0.007858230557758361,0,4,0.0,0,True,False,0.050000000000000044,30.135987974687502,3636,3636,F:\项目\专利\uav_dynamic_task_allocation\checkpoints\strike_order_dqn\latest.pt,,
910,0,"[4, 3, 2, 1]",143.75447345561832,27.15430895066569,4,4,0.01093379920348525,1,3,0.25,0,True,False,0.050000000000000044,30.135987974687502,3640,3640,F:\项目\专利\uav_dynamic_task_allocation\checkpoints\strike_order_dqn\latest.pt,,
911,3,"[13, 16, 15, 14]",116.10182393712081,26.366462669072508,4,4,0.009148210752755404,0,4,0.0,0,True,False,0.050000000000000044,30.135987974687502,3644,3644,F:\项目\专利\uav_dynamic_task_allocation\checkpoints\strike_order_dqn\latest.pt,,
912,0,"[4, 3, 1, 2]",178.27976535289113,26.243832350219726,4,4,0.015285209519788623,1,3,0.25,0,True,False,0.050000000000000044,30.135987974687502,3648,3648,F:\项目\专利\uav_dynamic_task_allocation\checkpoints\strike_order_dqn\latest.pt,,
913,1,"[5, 7, 8, 6]",164.60582761657668,30.135987974687502,4,4,0.012774905189871788,0,4,0.0,0,True,False,0.050000000000000044,30.135987974687502,3652,3652,F:\项目\专利\uav_dynamic_task_allocation\checkpoints\strike_order_dqn\latest.pt,,
914,4,"[19, 18, 20, 17]",169.56104208358724,21.76935026904001,4,4,0.012865147553384304,0,4,0.0,0,True,False,0.050000000000000044,30.135987974687502,3656,3656,F:\项目\专利\uav_dynamic_task_allocation\checkpoints\strike_order_dqn\latest.pt,,
915,2,"[12, 10, 9, 11]",219.7060500282308,18.350952970962638,4,4,0.015610621427185833,0,4,0.0,0,True,False,0.050000000000000044,30.135987974687502,3660,3660,F:\项目\专利\uav_dynamic_task_allocation\checkpoints\strike_order_dqn\latest.pt,,
916,2,"[12, 9, 11, 10]",219.43660454395496,18.160657389833798,4,4,0.012521426426246762,0,4,0.0,0,True,False,0.050000000000000044,30.135987974687502,3664,3664,F:\项目\专利\uav_dynamic_task_allocation\checkpoints\strike_order_dqn\latest.pt,,
917,2,"[11, 10, 12, 9]",235.83084665930656,17.222833069185704,4,4,0.015567280817776918,1,3,0.25,0,True,False,0.050000000000000044,30.135987974687502,3668,3668,F:\项目\专利\uav_dynamic_task_allocation\checkpoints\strike_order_dqn\latest.pt,,
918,3,"[15, 14, 16, 13]",127.77947310830064,24.393920000598463,4,4,0.017981290235184133,1,3,0.25,0,True,False,0.050000000000000044,30.135987974687502,3672,3672,F:\项目\专利\uav_dynamic_task_allocation\checkpoints\strike_order_dqn\latest.pt,,
919,1,"[5, 8, 7, 6]",149.2377467868531,30.0298134782743,4,4,0.008006003336049616,0,4,0.0,0,True,False,0.050000000000000044,30.135987974687502,3676,3676,F:\项目\专利\uav_dynamic_task_allocation\checkpoints\strike_order_dqn\latest.pt,,
920,3,"[13, 16, 15, 14]",116.10182393712081,26.366462669072508,4,4,0.006471666041761637,0,4,0.0,0,True,False,0.050000000000000044,30.135987974687502,3680,3680,F:\项目\专利\uav_dynamic_task_allocation\checkpoints\strike_order_dqn\latest.pt,,
921,4,"[19, 18, 20, 17]",169.56104208358724,21.76935026904001,4,4,0.008133737370371819,0,4,0.0,0,True,False,0.050000000000000044,30.135987974687502,3684,3684,F:\项目\专利\uav_dynamic_task_allocation\checkpoints\strike_order_dqn\latest.pt,,
922,2,"[12, 9, 11, 10]",219.43660454395496,18.160657389833798,4,4,0.006093061063438654,0,4,0.0,0,True,False,0.050000000000000044,30.135987974687502,3688,3688,F:\项目\专利\uav_dynamic_task_allocation\checkpoints\strike_order_dqn\latest.pt,,
923,2,"[12, 9, 11, 10]",219.43660454395496,18.160657389833798,4,4,0.012694186763837934,0,4,0.0,0,True,False,0.050000000000000044,30.135987974687502,3692,3692,F:\项目\专利\uav_dynamic_task_allocation\checkpoints\strike_order_dqn\latest.pt,,
924,0,"[4, 1, 2, 3]",203.35895948892696,20.013076246536983,4,4,0.005651164625305682,1,3,0.25,0,True,False,0.050000000000000044,30.135987974687502,3696,3696,F:\项目\专利\uav_dynamic_task_allocation\checkpoints\strike_order_dqn\latest.pt,,
925,1,"[5, 7, 8, 6]",164.60582761657668,30.135987974687502,4,4,0.009408419427927583,0,4,0.0,0,True,False,0.050000000000000044,30.135987974687502,3700,3700,F:\项目\专利\uav_dynamic_task_allocation\checkpoints\strike_order_dqn\latest.pt,,
926,4,"[19, 18, 17, 20]",172.49892430786332,21.71901980128594,4,4,0.02235975512303412,1,3,0.25,0,True,False,0.050000000000000044,30.135987974687502,3704,3704,F:\项目\专利\uav_dynamic_task_allocation\checkpoints\strike_order_dqn\latest.pt,,
927,2,"[12, 10, 9, 11]",219.7060500282308,18.350952970962638,4,4,0.011953090550377965,0,4,0.0,0,True,False,0.050000000000000044,30.135987974687502,3708,3708,F:\项目\专利\uav_dynamic_task_allocation\checkpoints\strike_order_dqn\latest.pt,,
928,1,"[5, 7, 8, 6]",164.60582761657668,30.135987974687502,4,4,0.009805197012610734,0,4,0.0,0,True,False,0.050000000000000044,30.135987974687502,3712,3712,F:\项目\专利\uav_dynamic_task_allocation\checkpoints\strike_order_dqn\latest.pt,,
929,2,"[11, 9, 12, 10]",195.22686250124153,18.40278416071593,4,4,0.014603635878302157,0,4,0.0,0,True,False,0.050000000000000044,30.135987974687502,3716,3716,F:\项目\专利\uav_dynamic_task_allocation\checkpoints\strike_order_dqn\latest.pt,,
930,2,"[12, 10, 9, 11]",219.7060500282308,18.350952970962638,4,4,0.007925562094897032,0,4,0.0,0,True,False,0.050000000000000044,30.135987974687502,3720,3720,F:\项目\专利\uav_dynamic_task_allocation\checkpoints\strike_order_dqn\latest.pt,,
931,2,"[12, 10, 9, 11]",219.7060500282308,18.350952970962638,4,4,0.007265386520884931,0,4,0.0,0,True,False,0.050000000000000044,30.135987974687502,3724,3724,F:\项目\专利\uav_dynamic_task_allocation\checkpoints\strike_order_dqn\latest.pt,,
932,3,"[16, 13, 15, 14]",105.95058292191784,25.942538832616897,4,4,0.013898739125579596,1,3,0.25,0,True,False,0.050000000000000044,30.135987974687502,3728,3728,F:\项目\专利\uav_dynamic_task_allocation\checkpoints\strike_order_dqn\latest.pt,,
933,1,"[5, 7, 8, 6]",164.60582761657668,30.135987974687502,4,4,0.013160536531358957,0,4,0.0,0,True,False,0.050000000000000044,30.135987974687502,3732,3732,F:\项目\专利\uav_dynamic_task_allocation\checkpoints\strike_order_dqn\latest.pt,,
934,3,"[15, 13, 16, 14]",110.72440362060973,26.524306284948956,4,4,0.012617206783033907,0,4,0.0,0,True,False,0.050000000000000044,30.135987974687502,3736,3736,F:\项目\专利\uav_dynamic_task_allocation\checkpoints\strike_order_dqn\latest.pt,,
935,2,"[12, 10, 9, 11]",219.7060500282308,18.350952970962638,4,4,0.007281056954525411,0,4,0.0,0,True,False,0.050000000000000044,30.135987974687502,3740,3740,F:\项目\专利\uav_dynamic_task_allocation\checkpoints\strike_order_dqn\latest.pt,,
936,4,"[19, 18, 20, 17]",169.56104208358724,21.76935026904001,4,4,0.01715784112457186,0,4,0.0,0,True,False,0.050000000000000044,30.135987974687502,3744,3744,F:\项目\专利\uav_dynamic_task_allocation\checkpoints\strike_order_dqn\latest.pt,,
937,0,"[4, 3, 2, 1]",143.75447345561832,27.15430895066569,4,4,0.011247705202549696,0,4,0.0,0,True,False,0.050000000000000044,30.135987974687502,3748,3748,F:\项目\专利\uav_dynamic_task_allocation\checkpoints\strike_order_dqn\latest.pt,,
938,0,"[4, 3, 2, 1]",143.75447345561832,27.15430895066569,4,4,0.01145444659050554,0,4,0.0,0,True,False,0.050000000000000044,30.135987974687502,3752,3752,F:\项目\专利\uav_dynamic_task_allocation\checkpoints\strike_order_dqn\latest.pt,,
939,2,"[11, 9, 12, 10]",195.22686250124153,18.40278416071593,4,4,0.009580329991877079,0,4,0.0,0,True,False,0.050000000000000044,30.135987974687502,3756,3756,F:\项目\专利\uav_dynamic_task_allocation\checkpoints\strike_order_dqn\latest.pt,,
940,2,"[11, 9, 12, 10]",195.22686250124153,18.40278416071593,4,4,0.006583428708836436,0,4,0.0,0,True,False,0.050000000000000044,30.135987974687502,3760,3760,F:\项目\专利\uav_dynamic_task_allocation\checkpoints\strike_order_dqn\latest.pt,,
941,3,"[15, 13, 16, 14]",110.72440362060973,26.524306284948956,4,4,0.005637870461214334,0,4,0.0,0,True,False,0.050000000000000044,30.135987974687502,3764,3764,F:\项目\专利\uav_dynamic_task_allocation\checkpoints\strike_order_dqn\latest.pt,,
942,2,"[11, 9, 10, 12]",227.06994610847113,17.83864149511276,4,4,0.004826679651159793,1,3,0.25,0,True,False,0.050000000000000044,30.135987974687502,3768,3768,F:\项目\专利\uav_dynamic_task_allocation\checkpoints\strike_order_dqn\latest.pt,,
943,4,"[19, 18, 20, 17]",169.56104208358724,21.76935026904001,4,4,0.013418100192211568,0,4,0.0,0,True,False,0.050000000000000044,30.135987974687502,3772,3772,F:\项目\专利\uav_dynamic_task_allocation\checkpoints\strike_order_dqn\latest.pt,,
944,2,"[11, 9, 12, 10]",195.22686250124153,18.40278416071593,4,4,0.009483350208029151,0,4,0.0,0,True,False,0.050000000000000044,30.135987974687502,3776,3776,F:\项目\专利\uav_dynamic_task_allocation\checkpoints\strike_order_dqn\latest.pt,,
945,0,"[4, 3, 2, 1]",143.75447345561832,27.15430895066569,4,4,0.008166600367985666,0,4,0.0,0,True,False,0.050000000000000044,30.135987974687502,3780,3780,F:\项目\专利\uav_dynamic_task_allocation\checkpoints\strike_order_dqn\latest.pt,,
946,0,"[4, 3, 2, 1]",143.75447345561832,27.15430895066569,4,4,0.008727729436941445,0,4,0.0,0,True,False,0.050000000000000044,30.135987974687502,3784,3784,F:\项目\专利\uav_dynamic_task_allocation\checkpoints\strike_order_dqn\latest.pt,,
947,4,"[19, 18, 20, 17]",169.56104208358724,21.76935026904001,4,4,0.009053414221853018,0,4,0.0,0,True,False,0.050000000000000044,30.135987974687502,3788,3788,F:\项目\专利\uav_dynamic_task_allocation\checkpoints\strike_order_dqn\latest.pt,,
948,0,"[4, 2, 3, 1]",184.447053556711,21.064568425993755,4,4,0.005785770248621702,1,3,0.25,0,True,False,0.050000000000000044,30.135987974687502,3792,3792,F:\项目\专利\uav_dynamic_task_allocation\checkpoints\strike_order_dqn\latest.pt,,
949,4,"[19, 18, 20, 17]",169.56104208358724,21.76935026904001,4,4,0.008378450409509242,0,4,0.0,0,True,False,0.050000000000000044,30.135987974687502,3796,3796,F:\项目\专利\uav_dynamic_task_allocation\checkpoints\strike_order_dqn\latest.pt,,
950,1,"[5, 7, 8, 6]",164.60582761657668,30.135987974687502,4,4,0.005149439093656838,0,4,0.0,0,True,False,0.050000000000000044,30.135987974687502,3800,3800,F:\项目\专利\uav_dynamic_task_allocation\checkpoints\strike_order_dqn\latest.pt,,
951,0,"[4, 3, 2, 1]",143.75447345561832,27.15430895066569,4,4,0.012308935634791851,1,3,0.25,0,True,False,0.050000000000000044,30.135987974687502,3804,3804,F:\项目\专利\uav_dynamic_task_allocation\checkpoints\strike_order_dqn\latest.pt,,
952,1,"[6, 7, 5, 8]",184.52498436041088,20.003753272511286,4,4,0.007959947921335697,1,3,0.25,0,True,False,0.050000000000000044,30.135987974687502,3808,3808,F:\项目\专利\uav_dynamic_task_allocation\checkpoints\strike_order_dqn\latest.pt,,
953,3,"[15, 13, 16, 14]",110.72440362060973,26.524306284948956,4,4,0.010188431711867452,0,4,0.0,0,True,False,0.050000000000000044,30.135987974687502,3812,3812,F:\项目\专利\uav_dynamic_task_allocation\checkpoints\strike_order_dqn\latest.pt,,
954,2,"[11, 9, 12, 10]",195.22686250124153,18.40278416071593,4,4,0.014283531811088324,1,3,0.25,0,True,False,0.050000000000000044,30.135987974687502,3816,3816,F:\项目\专利\uav_dynamic_task_allocation\checkpoints\strike_order_dqn\latest.pt,,
955,3,"[15, 13, 16, 14]",110.72440362060973,26.524306284948956,4,4,0.0065521892393007874,0,4,0.0,0,True,False,0.050000000000000044,30.135987974687502,3820,3820,F:\项目\专利\uav_dynamic_task_allocation\checkpoints\strike_order_dqn\latest.pt,,
956,3,"[15, 13, 16, 14]",110.72440362060973,26.524306284948956,4,4,0.006381526123732328,0,4,0.0,0,True,False,0.050000000000000044,30.135987974687502,3824,3824,F:\项目\专利\uav_dynamic_task_allocation\checkpoints\strike_order_dqn\latest.pt,,
957,2,"[11, 9, 10, 12]",227.06994610847113,17.83864149511276,4,4,0.012969868024811149,1,3,0.25,0,True,False,0.050000000000000044,30.135987974687502,3828,3828,F:\项目\专利\uav_dynamic_task_allocation\checkpoints\strike_order_dqn\latest.pt,,
958,3,"[15, 13, 16, 14]",110.72440362060973,26.524306284948956,4,4,0.006972727831453085,0,4,0.0,0,True,False,0.050000000000000044,30.135987974687502,3832,3832,F:\项目\专利\uav_dynamic_task_allocation\checkpoints\strike_order_dqn\latest.pt,,
959,4,"[19, 18, 17, 20]",172.49892430786332,21.71901980128594,4,4,0.0038517123321071267,1,3,0.25,0,True,False,0.050000000000000044,30.135987974687502,3836,3836,F:\项目\专利\uav_dynamic_task_allocation\checkpoints\strike_order_dqn\latest.pt,,
960,2,"[11, 9, 12, 10]",195.22686250124153,18.40278416071593,4,4,0.0062798550934530795,0,4,0.0,0,True,False,0.050000000000000044,30.135987974687502,3840,3840,F:\项目\专利\uav_dynamic_task_allocation\checkpoints\strike_order_dqn\latest.pt,,
961,0,"[4, 3, 2, 1]",143.75447345561832,27.15430895066569,4,4,0.006063912995159626,1,3,0.25,0,True,False,0.050000000000000044,30.135987974687502,3844,3844,F:\项目\专利\uav_dynamic_task_allocation\checkpoints\strike_order_dqn\latest.pt,,
962,2,"[11, 9, 12, 10]",195.22686250124153,18.40278416071593,4,4,0.005238553509116173,0,4,0.0,0,True,False,0.050000000000000044,30.135987974687502,3848,3848,F:\项目\专利\uav_dynamic_task_allocation\checkpoints\strike_order_dqn\latest.pt,,
963,4,"[19, 18, 17, 20]",172.49892430786332,21.71901980128594,4,4,0.008483146550133824,0,4,0.0,0,True,False,0.050000000000000044,30.135987974687502,3852,3852,F:\项目\专利\uav_dynamic_task_allocation\checkpoints\strike_order_dqn\latest.pt,,
964,1,"[5, 7, 8, 6]",164.60582761657668,30.135987974687502,4,4,0.008258500369265676,0,4,0.0,0,True,False,0.050000000000000044,30.135987974687502,3856,3856,F:\项目\专利\uav_dynamic_task_allocation\checkpoints\strike_order_dqn\latest.pt,,
965,4,"[19, 18, 20, 17]",169.56104208358724,21.76935026904001,4,4,0.005641158437356353,1,3,0.25,0,True,False,0.050000000000000044,30.135987974687502,3860,3860,F:\项目\专利\uav_dynamic_task_allocation\checkpoints\strike_order_dqn\latest.pt,,
966,2,"[11, 9, 12, 10]",195.22686250124153,18.40278416071593,4,4,0.009121183538809419,0,4,0.0,0,True,False,0.050000000000000044,30.135987974687502,3864,3864,F:\项目\专利\uav_dynamic_task_allocation\checkpoints\strike_order_dqn\latest.pt,,
967,3,"[15, 13, 16, 14]",110.72440362060973,26.524306284948956,4,4,0.008204192970879376,0,4,0.0,0,True,False,0.050000000000000044,30.135987974687502,3868,3868,F:\项目\专利\uav_dynamic_task_allocation\checkpoints\strike_order_dqn\latest.pt,,
968,1,"[5, 7, 8, 6]",164.60582761657668,30.135987974687502,4,4,0.013304889434948564,0,4,0.0,0,True,False,0.050000000000000044,30.135987974687502,3872,3872,F:\项目\专利\uav_dynamic_task_allocation\checkpoints\strike_order_dqn\latest.pt,,
969,4,"[19, 18, 17, 20]",172.49892430786332,21.71901980128594,4,4,0.011395472334697843,0,4,0.0,0,True,False,0.050000000000000044,30.135987974687502,3876,3876,F:\项目\专利\uav_dynamic_task_allocation\checkpoints\strike_order_dqn\latest.pt,,
970,0,"[4, 3, 2, 1]",143.75447345561832,27.15430895066569,4,4,0.006175186630571261,0,4,0.0,0,True,False,0.050000000000000044,30.135987974687502,3880,3880,F:\项目\专利\uav_dynamic_task_allocation\checkpoints\strike_order_dqn\latest.pt,,
971,1,"[5, 7, 8, 6]",164.60582761657668,30.135987974687502,4,4,0.006464783218689263,0,4,0.0,0,True,False,0.050000000000000044,30.135987974687502,3884,3884,F:\项目\专利\uav_dynamic_task_allocation\checkpoints\strike_order_dqn\latest.pt,,
972,2,"[10, 12, 9, 11]",205.11603076518864,17.944549681546867,4,4,0.007593962480314076,1,3,0.25,0,True,False,0.050000000000000044,30.135987974687502,3888,3888,F:\项目\专利\uav_dynamic_task_allocation\checkpoints\strike_order_dqn\latest.pt,,
973,2,"[11, 9, 12, 10]",195.22686250124153,18.40278416071593,4,4,0.0060981843853369355,0,4,0.0,0,True,False,0.050000000000000044,30.135987974687502,3892,3892,F:\项目\专利\uav_dynamic_task_allocation\checkpoints\strike_order_dqn\latest.pt,,
974,2,"[12, 10, 9, 11]",219.7060500282308,18.350952970962638,4,4,0.0063321919878944755,0,4,0.0,0,True,False,0.050000000000000044,30.135987974687502,3896,3896,F:\项目\专利\uav_dynamic_task_allocation\checkpoints\strike_order_dqn\latest.pt,,
975,0,"[4, 3, 2, 1]",143.75447345561832,27.15430895066569,4,4,0.005322817363776267,0,4,0.0,0,True,False,0.050000000000000044,30.135987974687502,3900,3900,F:\项目\专利\uav_dynamic_task_allocation\checkpoints\strike_order_dqn\latest.pt,,
976,1,"[5, 7, 8, 6]",164.60582761657668,30.135987974687502,4,4,0.014510042499750853,0,4,0.0,0,True,False,0.050000000000000044,30.135987974687502,3904,3904,F:\项目\专利\uav_dynamic_task_allocation\checkpoints\strike_order_dqn\latest.pt,,
977,0,"[4, 3, 2, 1]",143.75447345561832,27.15430895066569,4,4,0.015181437833234668,0,4,0.0,0,True,False,0.050000000000000044,30.135987974687502,3908,3908,F:\项目\专利\uav_dynamic_task_allocation\checkpoints\strike_order_dqn\latest.pt,,
978,2,"[11, 9, 12, 10]",195.22686250124153,18.40278416071593,4,4,0.006713751587085426,0,4,0.0,0,True,False,0.050000000000000044,30.135987974687502,3912,3912,F:\项目\专利\uav_dynamic_task_allocation\checkpoints\strike_order_dqn\latest.pt,,
979,1,"[5, 7, 8, 6]",164.60582761657668,30.135987974687502,4,4,0.013777998043224216,0,4,0.0,0,True,False,0.050000000000000044,30.135987974687502,3916,3916,F:\项目\专利\uav_dynamic_task_allocation\checkpoints\strike_order_dqn\latest.pt,,
980,2,"[11, 9, 12, 10]",195.22686250124153,18.40278416071593,4,4,0.006286240124609321,0,4,0.0,0,True,False,0.050000000000000044,30.135987974687502,3920,3920,F:\项目\专利\uav_dynamic_task_allocation\checkpoints\strike_order_dqn\latest.pt,,
981,2,"[11, 9, 12, 10]",195.22686250124153,18.40278416071593,4,4,0.007008337473962456,0,4,0.0,0,True,False,0.050000000000000044,30.135987974687502,3924,3924,F:\项目\专利\uav_dynamic_task_allocation\checkpoints\strike_order_dqn\latest.pt,,
982,3,"[13, 16, 15, 14]",116.10182393712081,26.366462669072508,4,4,0.009311581030488014,1,3,0.25,0,True,False,0.050000000000000044,30.135987974687502,3928,3928,F:\项目\专利\uav_dynamic_task_allocation\checkpoints\strike_order_dqn\latest.pt,,
983,2,"[11, 9, 12, 10]",195.22686250124153,18.40278416071593,4,4,0.009321946534328163,0,4,0.0,0,True,False,0.050000000000000044,30.135987974687502,3932,3932,F:\项目\专利\uav_dynamic_task_allocation\checkpoints\strike_order_dqn\latest.pt,,
984,3,"[15, 13, 16, 14]",110.72440362060973,26.524306284948956,4,4,0.00905141921248287,1,3,0.25,0,True,False,0.050000000000000044,30.135987974687502,3936,3936,F:\项目\专利\uav_dynamic_task_allocation\checkpoints\strike_order_dqn\latest.pt,,
985,2,"[11, 9, 12, 10]",195.22686250124153,18.40278416071593,4,4,0.010429887915961444,0,4,0.0,0,True,False,0.050000000000000044,30.135987974687502,3940,3940,F:\项目\专利\uav_dynamic_task_allocation\checkpoints\strike_order_dqn\latest.pt,,
986,3,"[15, 13, 16, 14]",110.72440362060973,26.524306284948956,4,4,0.01336037996225059,1,3,0.25,0,True,False,0.050000000000000044,30.135987974687502,3944,3944,F:\项目\专利\uav_dynamic_task_allocation\checkpoints\strike_order_dqn\latest.pt,,
987,3,"[15, 13, 16, 14]",110.72440362060973,26.524306284948956,4,4,0.009303520782850683,0,4,0.0,0,True,False,0.050000000000000044,30.135987974687502,3948,3948,F:\项目\专利\uav_dynamic_task_allocation\checkpoints\strike_order_dqn\latest.pt,,
988,1,"[5, 7, 8, 6]",164.60582761657668,30.135987974687502,4,4,0.009766502014826983,1,3,0.25,0,True,False,0.050000000000000044,30.135987974687502,3952,3952,F:\项目\专利\uav_dynamic_task_allocation\checkpoints\strike_order_dqn\latest.pt,,
989,1,"[5, 7, 8, 6]",164.60582761657668,30.135987974687502,4,4,0.006163330166600645,0,4,0.0,0,True,False,0.050000000000000044,30.135987974687502,3956,3956,F:\项目\专利\uav_dynamic_task_allocation\checkpoints\strike_order_dqn\latest.pt,,
990,3,"[15, 13, 16, 14]",110.72440362060973,26.524306284948956,4,4,0.004321365850046277,0,4,0.0,0,True,False,0.050000000000000044,30.135987974687502,3960,3960,F:\项目\专利\uav_dynamic_task_allocation\checkpoints\strike_order_dqn\latest.pt,,
991,1,"[5, 7, 8, 6]",164.60582761657668,30.135987974687502,4,4,0.004144762991927564,0,4,0.0,0,True,False,0.050000000000000044,30.135987974687502,3964,3964,F:\项目\专利\uav_dynamic_task_allocation\checkpoints\strike_order_dqn\latest.pt,,
992,2,"[11, 9, 12, 10]",195.22686250124153,18.40278416071593,4,4,0.006523483665660024,0,4,0.0,0,True,False,0.050000000000000044,30.135987974687502,3968,3968,F:\项目\专利\uav_dynamic_task_allocation\checkpoints\strike_order_dqn\latest.pt,,
993,0,"[4, 3, 2, 1]",143.75447345561832,27.15430895066569,4,4,0.00545633869478479,0,4,0.0,0,True,False,0.050000000000000044,30.135987974687502,3972,3972,F:\项目\专利\uav_dynamic_task_allocation\checkpoints\strike_order_dqn\latest.pt,,
994,2,"[11, 9, 12, 10]",195.22686250124153,18.40278416071593,4,4,0.014147835900075734,0,4,0.0,0,True,False,0.050000000000000044,30.135987974687502,3976,3976,F:\项目\专利\uav_dynamic_task_allocation\checkpoints\strike_order_dqn\latest.pt,,
995,2,"[12, 10, 9, 11]",219.7060500282308,18.350952970962638,4,4,0.006180241995025426,0,4,0.0,0,True,False,0.050000000000000044,30.135987974687502,3980,3980,F:\项目\专利\uav_dynamic_task_allocation\checkpoints\strike_order_dqn\latest.pt,,
996,3,"[15, 13, 16, 14]",110.72440362060973,26.524306284948956,4,4,0.007115623040590435,0,4,0.0,0,True,False,0.050000000000000044,30.135987974687502,3984,3984,F:\项目\专利\uav_dynamic_task_allocation\checkpoints\strike_order_dqn\latest.pt,,
997,2,"[11, 9, 12, 10]",195.22686250124153,18.40278416071593,4,4,0.011774104670621455,0,4,0.0,0,True,False,0.050000000000000044,30.135987974687502,3988,3988,F:\项目\专利\uav_dynamic_task_allocation\checkpoints\strike_order_dqn\latest.pt,,
998,1,"[5, 7, 8, 6]",164.60582761657668,30.135987974687502,4,4,0.00954248453490436,0,4,0.0,0,True,False,0.050000000000000044,30.135987974687502,3992,3992,F:\项目\专利\uav_dynamic_task_allocation\checkpoints\strike_order_dqn\latest.pt,,
999,4,"[19, 18, 20, 17]",169.56104208358724,21.76935026904001,4,4,0.009414264932274818,0,4,0.0,0,True,False,0.050000000000000044,30.135987974687502,3996,3996,F:\项目\专利\uav_dynamic_task_allocation\checkpoints\strike_order_dqn\latest.pt,,
1000,2,"[11, 9, 12, 10]",195.22686250124153,18.40278416071593,4,4,0.009681213879957795,0,4,0.0,0,True,False,0.050000000000000044,30.135987974687502,4000,4000,F:\项目\专利\uav_dynamic_task_allocation\checkpoints\strike_order_dqn\latest.pt,,
1001,4,"[19, 18, 20, 17]",169.56104208358724,21.76935026904001,4,4,0.014224502490833402,0,4,0.0,0,True,False,0.050000000000000044,30.135987974687502,4004,4004,F:\项目\专利\uav_dynamic_task_allocation\checkpoints\strike_order_dqn\latest.pt,,
1002,3,"[15, 13, 16, 14]",110.72440362060973,26.524306284948956,4,4,0.015049185021780431,0,4,0.0,0,True,False,0.050000000000000044,30.135987974687502,4008,4008,F:\项目\专利\uav_dynamic_task_allocation\checkpoints\strike_order_dqn\latest.pt,,
1003,2,"[12, 10, 11, 9]",209.3632227065794,18.486365510503862,4,4,0.010007477598264813,0,4,0.0,0,True,False,0.050000000000000044,30.135987974687502,4012,4012,F:\项目\专利\uav_dynamic_task_allocation\checkpoints\strike_order_dqn\latest.pt,,
1004,4,"[19, 18, 20, 17]",169.56104208358724,21.76935026904001,4,4,0.009909241693094373,0,4,0.0,0,True,False,0.050000000000000044,30.135987974687502,4016,4016,F:\项目\专利\uav_dynamic_task_allocation\checkpoints\strike_order_dqn\latest.pt,,
1005,0,"[4, 3, 2, 1]",143.75447345561832,27.15430895066569,4,4,0.008980316575616598,0,4,0.0,0,True,False,0.050000000000000044,30.135987974687502,4020,4020,F:\项目\专利\uav_dynamic_task_allocation\checkpoints\strike_order_dqn\latest.pt,,
1006,4,"[19, 18, 20, 17]",169.56104208358724,21.76935026904001,4,4,0.011160729220137,1,3,0.25,0,True,False,0.050000000000000044,30.135987974687502,4024,4024,F:\项目\专利\uav_dynamic_task_allocation\checkpoints\strike_order_dqn\latest.pt,,
1007,4,"[19, 18, 20, 17]",169.56104208358724,21.76935026904001,4,4,0.013710322906263173,1,3,0.25,0,True,False,0.050000000000000044,30.135987974687502,4028,4028,F:\项目\专利\uav_dynamic_task_allocation\checkpoints\strike_order_dqn\latest.pt,,
1008,2,"[12, 10, 9, 11]",219.7060500282308,18.350952970962638,4,4,0.017681417986750603,0,4,0.0,0,True,False,0.050000000000000044,30.135987974687502,4032,4032,F:\项目\专利\uav_dynamic_task_allocation\checkpoints\strike_order_dqn\latest.pt,,
1009,3,"[15, 13, 16, 14]",110.72440362060973,26.524306284948956,4,4,0.013074306771159172,0,4,0.0,0,True,False,0.050000000000000044,30.135987974687502,4036,4036,F:\项目\专利\uav_dynamic_task_allocation\checkpoints\strike_order_dqn\latest.pt,,
1010,2,"[12, 10, 9, 11]",219.7060500282308,18.350952970962638,4,4,0.013433609157800674,0,4,0.0,0,True,False,0.050000000000000044,30.135987974687502,4040,4040,F:\项目\专利\uav_dynamic_task_allocation\checkpoints\strike_order_dqn\latest.pt,,
1011,1,"[5, 8, 7, 6]",149.2377467868531,30.0298134782743,4,4,0.011041275458410382,0,4,0.0,0,True,False,0.050000000000000044,30.135987974687502,4044,4044,F:\项目\专利\uav_dynamic_task_allocation\checkpoints\strike_order_dqn\latest.pt,,
1012,3,"[15, 13, 16, 14]",110.72440362060973,26.524306284948956,4,4,0.008951308205723763,0,4,0.0,0,True,False,0.050000000000000044,30.135987974687502,4048,4048,F:\项目\专利\uav_dynamic_task_allocation\checkpoints\strike_order_dqn\latest.pt,,
1013,1,"[5, 7, 8, 6]",164.60582761657668,30.135987974687502,4,4,0.016686918679624796,0,4,0.0,0,True,False,0.050000000000000044,30.135987974687502,4052,4052,F:\项目\专利\uav_dynamic_task_allocation\checkpoints\strike_order_dqn\latest.pt,,
1014,1,"[5, 7, 8, 6]",164.60582761657668,30.135987974687502,4,4,0.01273564319126308,1,3,0.25,0,True,False,0.050000000000000044,30.135987974687502,4056,4056,F:\项目\专利\uav_dynamic_task_allocation\checkpoints\strike_order_dqn\latest.pt,,
1015,2,"[12, 10, 9, 11]",219.7060500282308,18.350952970962638,4,4,0.016687642666511238,0,4,0.0,0,True,False,0.050000000000000044,30.135987974687502,4060,4060,F:\项目\专利\uav_dynamic_task_allocation\checkpoints\strike_order_dqn\latest.pt,,
1016,4,"[19, 18, 17, 20]",172.49892430786332,21.71901980128594,4,4,0.01173353346530348,1,3,0.25,0,True,False,0.050000000000000044,30.135987974687502,4064,4064,F:\项目\专利\uav_dynamic_task_allocation\checkpoints\strike_order_dqn\latest.pt,,
1017,1,"[5, 7, 8, 6]",164.60582761657668,30.135987974687502,4,4,0.00972541922237724,0,4,0.0,0,True,False,0.050000000000000044,30.135987974687502,4068,4068,F:\项目\专利\uav_dynamic_task_allocation\checkpoints\strike_order_dqn\latest.pt,,
1018,2,"[12, 10, 9, 11]",219.7060500282308,18.350952970962638,4,4,0.010354152182117105,0,4,0.0,0,True,False,0.050000000000000044,30.135987974687502,4072,4072,F:\项目\专利\uav_dynamic_task_allocation\checkpoints\strike_order_dqn\latest.pt,,
1019,0,"[4, 3, 2, 1]",143.75447345561832,27.15430895066569,4,4,0.012601638212800026,0,4,0.0,0,True,False,0.050000000000000044,30.135987974687502,4076,4076,F:\项目\专利\uav_dynamic_task_allocation\checkpoints\strike_order_dqn\latest.pt,,
1020,0,"[4, 3, 2, 1]",143.75447345561832,27.15430895066569,4,4,0.01565024012234062,0,4,0.0,0,True,False,0.050000000000000044,30.135987974687502,4080,4080,F:\项目\专利\uav_dynamic_task_allocation\checkpoints\strike_order_dqn\latest.pt,,
1021,0,"[4, 3, 2, 1]",143.75447345561832,27.15430895066569,4,4,0.010859489208087325,0,4,0.0,0,True,False,0.050000000000000044,30.135987974687502,4084,4084,F:\项目\专利\uav_dynamic_task_allocation\checkpoints\strike_order_dqn\latest.pt,,
1022,0,"[4, 3, 2, 1]",143.75447345561832,27.15430895066569,4,4,0.013707695063203573,0,4,0.0,0,True,False,0.050000000000000044,30.135987974687502,4088,4088,F:\项目\专利\uav_dynamic_task_allocation\checkpoints\strike_order_dqn\latest.pt,,
1023,4,"[19, 18, 20, 17]",169.56104208358724,21.76935026904001,4,4,0.010394102660939097,0,4,0.0,0,True,False,0.050000000000000044,30.135987974687502,4092,4092,F:\项目\专利\uav_dynamic_task_allocation\checkpoints\strike_order_dqn\latest.pt,,
1024,4,"[19, 18, 17, 20]",172.49892430786332,21.71901980128594,4,4,0.007698364439420402,0,4,0.0,0,True,False,0.050000000000000044,30.135987974687502,4096,4096,F:\项目\专利\uav_dynamic_task_allocation\checkpoints\strike_order_dqn\latest.pt,,
1025,4,"[19, 18, 20, 17]",169.56104208358724,21.76935026904001,4,4,0.007679964997805655,0,4,0.0,0,True,False,0.050000000000000044,30.135987974687502,4100,4100,F:\项目\专利\uav_dynamic_task_allocation\checkpoints\strike_order_dqn\latest.pt,,
1026,0,"[4, 3, 2, 1]",143.75447345561832,27.15430895066569,4,4,0.009843003703281283,0,4,0.0,0,True,False,0.050000000000000044,30.135987974687502,4104,4104,F:\项目\专利\uav_dynamic_task_allocation\checkpoints\strike_order_dqn\latest.pt,,
1027,0,"[4, 3, 2, 1]",143.75447345561832,27.15430895066569,4,4,0.016038764384575188,0,4,0.0,0,True,False,0.050000000000000044,30.135987974687502,4108,4108,F:\项目\专利\uav_dynamic_task_allocation\checkpoints\strike_order_dqn\latest.pt,,
1028,1,"[5, 7, 8, 6]",164.60582761657668,30.135987974687502,4,4,0.016569566447287798,0,4,0.0,0,True,False,0.050000000000000044,30.135987974687502,4112,4112,F:\项目\专利\uav_dynamic_task_allocation\checkpoints\strike_order_dqn\latest.pt,,
1029,2,"[11, 9, 12, 10]",195.22686250124153,18.40278416071593,4,4,0.013888861518353224,0,4,0.0,0,True,False,0.050000000000000044,30.135987974687502,4116,4116,F:\项目\专利\uav_dynamic_task_allocation\checkpoints\strike_order_dqn\latest.pt,,
1030,1,"[5, 7, 6, 8]",196.83620395644095,28.96805205102506,4,4,0.01259110844694078,1,3,0.25,0,True,False,0.050000000000000044,30.135987974687502,4120,4120,F:\项目\专利\uav_dynamic_task_allocation\checkpoints\strike_order_dqn\latest.pt,,
1031,2,"[12, 10, 11, 9]",209.3632227065794,18.486365510503862,4,4,0.018146671587601304,0,4,0.0,0,True,False,0.050000000000000044,30.135987974687502,4124,4124,F:\项目\专利\uav_dynamic_task_allocation\checkpoints\strike_order_dqn\latest.pt,,
1032,0,"[4, 1, 3, 2]",219.5208976367524,19.70717567572825,4,4,0.009444201597943902,1,3,0.25,0,True,False,0.050000000000000044,30.135987974687502,4128,4128,F:\项目\专利\uav_dynamic_task_allocation\checkpoints\strike_order_dqn\latest.pt,,
1033,3,"[15, 13, 16, 14]",110.72440362060973,26.524306284948956,4,4,0.008770291227847338,0,4,0.0,0,True,False,0.050000000000000044,30.135987974687502,4132,4132,F:\项目\专利\uav_dynamic_task_allocation\checkpoints\strike_order_dqn\latest.pt,,
1034,1,"[5, 7, 8, 6]",164.60582761657668,30.135987974687502,4,4,0.0063317513559013605,0,4,0.0,0,True,False,0.050000000000000044,30.135987974687502,4136,4136,F:\项目\专利\uav_dynamic_task_allocation\checkpoints\strike_order_dqn\latest.pt,,
1035,0,"[4, 3, 2, 1]",143.75447345561832,27.15430895066569,4,4,0.008024540613405406,0,4,0.0,0,True,False,0.050000000000000044,30.135987974687502,4140,4140,F:\项目\专利\uav_dynamic_task_allocation\checkpoints\strike_order_dqn\latest.pt,,
1036,3,"[15, 13, 16, 14]",110.72440362060973,26.524306284948956,4,4,0.006917400110978633,0,4,0.0,0,True,False,0.050000000000000044,30.135987974687502,4144,4144,F:\项目\专利\uav_dynamic_task_allocation\checkpoints\strike_order_dqn\latest.pt,,
1037,4,"[19, 18, 17, 20]",172.49892430786332,21.71901980128594,4,4,0.01117158925626427,0,4,0.0,0,True,False,0.050000000000000044,30.135987974687502,4148,4148,F:\项目\专利\uav_dynamic_task_allocation\checkpoints\strike_order_dqn\latest.pt,,
1038,0,"[4, 3, 2, 1]",143.75447345561832,27.15430895066569,4,4,0.013228138559497893,0,4,0.0,0,True,False,0.050000000000000044,30.135987974687502,4152,4152,F:\项目\专利\uav_dynamic_task_allocation\checkpoints\strike_order_dqn\latest.pt,,
1039,2,"[9, 11, 10, 12]",216.06353122059784,18.012695818960978,4,4,0.010925411363132298,2,2,0.5,0,True,False,0.050000000000000044,30.135987974687502,4156,4156,F:\项目\专利\uav_dynamic_task_allocation\checkpoints\strike_order_dqn\latest.pt,,
1040,4,"[19, 18, 20, 17]",169.56104208358724,21.76935026904001,4,4,0.010756484814919531,0,4,0.0,0,True,False,0.050000000000000044,30.135987974687502,4160,4160,F:\项目\专利\uav_dynamic_task_allocation\checkpoints\strike_order_dqn\latest.pt,,
1041,3,"[15, 13, 16, 14]",110.72440362060973,26.524306284948956,4,4,0.013634481700137258,0,4,0.0,0,True,False,0.050000000000000044,30.135987974687502,4164,4164,F:\项目\专利\uav_dynamic_task_allocation\checkpoints\strike_order_dqn\latest.pt,,
1042,4,"[19, 18, 17, 20]",172.49892430786332,21.71901980128594,4,4,0.017721929354593158,0,4,0.0,0,True,False,0.050000000000000044,30.135987974687502,4168,4168,F:\项目\专利\uav_dynamic_task_allocation\checkpoints\strike_order_dqn\latest.pt,,
1043,2,"[11, 9, 12, 10]",195.22686250124153,18.40278416071593,4,4,0.015858666505664587,1,3,0.25,0,True,False,0.050000000000000044,30.135987974687502,4172,4172,F:\项目\专利\uav_dynamic_task_allocation\checkpoints\strike_order_dqn\latest.pt,,
1044,1,"[5, 7, 8, 6]",164.60582761657668,30.135987974687502,4,4,0.013475865125656128,0,4,0.0,0,True,False,0.050000000000000044,30.135987974687502,4176,4176,F:\项目\专利\uav_dynamic_task_allocation\checkpoints\strike_order_dqn\latest.pt,,
1045,3,"[15, 13, 16, 14]",110.72440362060973,26.524306284948956,4,4,0.016818317584693432,0,4,0.0,0,True,False,0.050000000000000044,30.135987974687502,4180,4180,F:\项目\专利\uav_dynamic_task_allocation\checkpoints\strike_order_dqn\latest.pt,,
1046,0,"[2, 4, 3, 1]",155.79811037352016,26.295030053538895,4,4,0.013438721653074026,1,3,0.25,0,True,False,0.050000000000000044,30.135987974687502,4184,4184,F:\项目\专利\uav_dynamic_task_allocation\checkpoints\strike_order_dqn\latest.pt,,
1047,1,"[5, 7, 8, 6]",164.60582761657668,30.135987974687502,4,4,0.011899893172085285,0,4,0.0,0,True,False,0.050000000000000044,30.135987974687502,4188,4188,F:\项目\专利\uav_dynamic_task_allocation\checkpoints\strike_order_dqn\latest.pt,,
1048,3,"[15, 13, 16, 14]",110.72440362060973,26.524306284948956,4,4,0.012109530507586896,0,4,0.0,0,True,False,0.050000000000000044,30.135987974687502,4192,4192,F:\项目\专利\uav_dynamic_task_allocation\checkpoints\strike_order_dqn\latest.pt,,
1049,3,"[13, 14, 15, 16]",138.68555427061136,24.119297511522852,4,4,0.011417132103815675,1,3,0.25,0,True,False,0.050000000000000044,30.135987974687502,4196,4196,F:\项目\专利\uav_dynamic_task_allocation\checkpoints\strike_order_dqn\latest.pt,,
1050,0,"[4, 3, 2, 1]",143.75447345561832,27.15430895066569,4,4,0.01335071527864784,0,4,0.0,0,True,False,0.050000000000000044,30.135987974687502,4200,4200,F:\项目\专利\uav_dynamic_task_allocation\checkpoints\strike_order_dqn\latest.pt,,
1051,2,"[11, 9, 12, 10]",195.22686250124153,18.40278416071593,4,4,0.01821589726023376,0,4,0.0,0,True,False,0.050000000000000044,30.135987974687502,4204,4204,F:\项目\专利\uav_dynamic_task_allocation\checkpoints\strike_order_dqn\latest.pt,,
1052,1,"[5, 7, 8, 6]",164.60582761657668,30.135987974687502,4,4,0.028759288601577282,0,4,0.0,0,True,False,0.050000000000000044,30.135987974687502,4208,4208,F:\项目\专利\uav_dynamic_task_allocation\checkpoints\strike_order_dqn\latest.pt,,
1053,2,"[11, 9, 12, 10]",195.22686250124153,18.40278416071593,4,4,0.015101326396688819,0,4,0.0,0,True,False,0.050000000000000044,30.135987974687502,4212,4212,F:\项目\专利\uav_dynamic_task_allocation\checkpoints\strike_order_dqn\latest.pt,,
1054,4,"[19, 18, 17, 20]",172.49892430786332,21.71901980128594,4,4,0.025761264842003584,1,3,0.25,0,True,False,0.050000000000000044,30.135987974687502,4216,4216,F:\项目\专利\uav_dynamic_task_allocation\checkpoints\strike_order_dqn\latest.pt,,
1055,0,"[4, 3, 2, 1]",143.75447345561832,27.15430895066569,4,4,0.02078975923359394,0,4,0.0,0,True,False,0.050000000000000044,30.135987974687502,4220,4220,F:\项目\专利\uav_dynamic_task_allocation\checkpoints\strike_order_dqn\latest.pt,,
1056,4,"[19, 18, 17, 20]",172.49892430786332,21.71901980128594,4,4,0.021288798889145255,0,4,0.0,0,True,False,0.050000000000000044,30.135987974687502,4224,4224,F:\项目\专利\uav_dynamic_task_allocation\checkpoints\strike_order_dqn\latest.pt,,
1057,2,"[11, 9, 12, 10]",195.22686250124153,18.40278416071593,4,4,0.019745861529372633,0,4,0.0,0,True,False,0.050000000000000044,30.135987974687502,4228,4228,F:\项目\专利\uav_dynamic_task_allocation\checkpoints\strike_order_dqn\latest.pt,,
1058,3,"[15, 13, 16, 14]",110.72440362060973,26.524306284948956,4,4,0.01788142346777022,0,4,0.0,0,True,False,0.050000000000000044,30.135987974687502,4232,4232,F:\项目\专利\uav_dynamic_task_allocation\checkpoints\strike_order_dqn\latest.pt,,
1059,2,"[12, 10, 9, 11]",219.7060500282308,18.350952970962638,4,4,0.017394301015883684,1,3,0.25,0,True,False,0.050000000000000044,30.135987974687502,4236,4236,F:\项目\专利\uav_dynamic_task_allocation\checkpoints\strike_order_dqn\latest.pt,,
1060,1,"[5, 7, 8, 6]",164.60582761657668,30.135987974687502,4,4,0.016666353214532137,0,4,0.0,0,True,False,0.050000000000000044,30.135987974687502,4240,4240,F:\项目\专利\uav_dynamic_task_allocation\checkpoints\strike_order_dqn\latest.pt,,
1061,3,"[15, 13, 16, 14]",110.72440362060973,26.524306284948956,4,4,0.014915924984961748,0,4,0.0,0,True,False,0.050000000000000044,30.135987974687502,4244,4244,F:\项目\专利\uav_dynamic_task_allocation\checkpoints\strike_order_dqn\latest.pt,,
1062,3,"[15, 13, 16, 14]",110.72440362060973,26.524306284948956,4,4,0.014005901059135795,0,4,0.0,0,True,False,0.050000000000000044,30.135987974687502,4248,4248,F:\项目\专利\uav_dynamic_task_allocation\checkpoints\strike_order_dqn\latest.pt,,
1063,0,"[4, 3, 2, 1]",143.75447345561832,27.15430895066569,4,4,0.012011079350486398,0,4,0.0,0,True,False,0.050000000000000044,30.135987974687502,4252,4252,F:\项目\专利\uav_dynamic_task_allocation\checkpoints\strike_order_dqn\latest.pt,,
1064,3,"[13, 16, 15, 14]",116.10182393712081,26.366462669072508,4,4,0.0075819650664925575,0,4,0.0,0,True,False,0.050000000000000044,30.135987974687502,4256,4256,F:\项目\专利\uav_dynamic_task_allocation\checkpoints\strike_order_dqn\latest.pt,,
1065,3,"[15, 13, 16, 14]",110.72440362060973,26.524306284948956,4,4,0.006710300920531154,0,4,0.0,0,True,False,0.050000000000000044,30.135987974687502,4260,4260,F:\项目\专利\uav_dynamic_task_allocation\checkpoints\strike_order_dqn\latest.pt,,
1066,1,"[5, 7, 8, 6]",164.60582761657668,30.135987974687502,4,4,0.004009118070825934,0,4,0.0,0,True,False,0.050000000000000044,30.135987974687502,4264,4264,F:\项目\专利\uav_dynamic_task_allocation\checkpoints\strike_order_dqn\latest.pt,,
1067,4,"[19, 18, 17, 20]",172.49892430786332,21.71901980128594,4,4,0.007803822809364647,0,4,0.0,0,True,False,0.050000000000000044,30.135987974687502,4268,4268,F:\项目\专利\uav_dynamic_task_allocation\checkpoints\strike_order_dqn\latest.pt,,
1068,3,"[15, 13, 16, 14]",110.72440362060973,26.524306284948956,4,4,0.0028270045877434313,0,4,0.0,0,True,False,0.050000000000000044,30.135987974687502,4272,4272,F:\项目\专利\uav_dynamic_task_allocation\checkpoints\strike_order_dqn\latest.pt,,
1069,1,"[5, 7, 8, 6]",164.60582761657668,30.135987974687502,4,4,0.00272988123469986,0,4,0.0,0,True,False,0.050000000000000044,30.135987974687502,4276,4276,F:\项目\专利\uav_dynamic_task_allocation\checkpoints\strike_order_dqn\latest.pt,,
1070,0,"[4, 3, 2, 1]",143.75447345561832,27.15430895066569,4,4,0.00302612321684137,0,4,0.0,0,True,False,0.050000000000000044,30.135987974687502,4280,4280,F:\项目\专利\uav_dynamic_task_allocation\checkpoints\strike_order_dqn\latest.pt,,
1071,3,"[15, 13, 16, 14]",110.72440362060973,26.524306284948956,4,4,0.007263969222549349,0,4,0.0,0,True,False,0.050000000000000044,30.135987974687502,4284,4284,F:\项目\专利\uav_dynamic_task_allocation\checkpoints\strike_order_dqn\latest.pt,,
1072,1,"[5, 7, 8, 6]",164.60582761657668,30.135987974687502,4,4,0.0046860859147273,0,4,0.0,0,True,False,0.050000000000000044,30.135987974687502,4288,4288,F:\项目\专利\uav_dynamic_task_allocation\checkpoints\strike_order_dqn\latest.pt,,
1073,3,"[15, 13, 16, 14]",110.72440362060973,26.524306284948956,4,4,0.006083654589019716,0,4,0.0,0,True,False,0.050000000000000044,30.135987974687502,4292,4292,F:\项目\专利\uav_dynamic_task_allocation\checkpoints\strike_order_dqn\latest.pt,,
1074,2,"[11, 9, 12, 10]",195.22686250124153,18.40278416071593,4,4,0.005142462032381445,0,4,0.0,0,True,False,0.050000000000000044,30.135987974687502,4296,4296,F:\项目\专利\uav_dynamic_task_allocation\checkpoints\strike_order_dqn\latest.pt,,
1075,2,"[11, 9, 12, 10]",195.22686250124153,18.40278416071593,4,4,0.010044330032542348,0,4,0.0,0,True,False,0.050000000000000044,30.135987974687502,4300,4300,F:\项目\专利\uav_dynamic_task_allocation\checkpoints\strike_order_dqn\latest.pt,,
1076,0,"[4, 3, 2, 1]",143.75447345561832,27.15430895066569,4,4,0.01034139352850616,0,4,0.0,0,True,False,0.050000000000000044,30.135987974687502,4304,4304,F:\项目\专利\uav_dynamic_task_allocation\checkpoints\strike_order_dqn\latest.pt,,
1077,3,"[15, 13, 16, 14]",110.72440362060973,26.524306284948956,4,4,0.007323896046727896,0,4,0.0,0,True,False,0.050000000000000044,30.135987974687502,4308,4308,F:\项目\专利\uav_dynamic_task_allocation\checkpoints\strike_order_dqn\latest.pt,,
1078,0,"[4, 3, 2, 1]",143.75447345561832,27.15430895066569,4,4,0.011423876276239753,0,4,0.0,0,True,False,0.050000000000000044,30.135987974687502,4312,4312,F:\项目\专利\uav_dynamic_task_allocation\checkpoints\strike_order_dqn\latest.pt,,
1079,2,"[11, 9, 12, 10]",195.22686250124153,18.40278416071593,4,4,0.005561524536460638,0,4,0.0,0,True,False,0.050000000000000044,30.135987974687502,4316,4316,F:\项目\专利\uav_dynamic_task_allocation\checkpoints\strike_order_dqn\latest.pt,,
1080,4,"[19, 18, 17, 20]",172.49892430786332,21.71901980128594,4,4,0.006737946881912649,0,4,0.0,0,True,False,0.050000000000000044,30.135987974687502,4320,4320,F:\项目\专利\uav_dynamic_task_allocation\checkpoints\strike_order_dqn\latest.pt,,
1081,4,"[19, 18, 17, 20]",172.49892430786332,21.71901980128594,4,4,0.006275089806877077,0,4,0.0,0,True,False,0.050000000000000044,30.135987974687502,4324,4324,F:\项目\专利\uav_dynamic_task_allocation\checkpoints\strike_order_dqn\latest.pt,,
1082,4,"[19, 18, 20, 17]",169.56104208358724,21.76935026904001,4,4,0.0070425859885290265,0,4,0.0,0,True,False,0.050000000000000044,30.135987974687502,4328,4328,F:\项目\专利\uav_dynamic_task_allocation\checkpoints\strike_order_dqn\latest.pt,,
1083,4,"[19, 18, 17, 20]",172.49892430786332,21.71901980128594,4,4,0.0051604913314804435,0,4,0.0,0,True,False,0.050000000000000044,30.135987974687502,4332,4332,F:\项目\专利\uav_dynamic_task_allocation\checkpoints\strike_order_dqn\latest.pt,,
1084,2,"[11, 9, 12, 10]",195.22686250124153,18.40278416071593,4,4,0.0036262946960050613,0,4,0.0,0,True,False,0.050000000000000044,30.135987974687502,4336,4336,F:\项目\专利\uav_dynamic_task_allocation\checkpoints\strike_order_dqn\latest.pt,,
1085,1,"[5, 7, 8, 6]",164.60582761657668,30.135987974687502,4,4,0.004757633141707629,0,4,0.0,0,True,False,0.050000000000000044,30.135987974687502,4340,4340,F:\项目\专利\uav_dynamic_task_allocation\checkpoints\strike_order_dqn\latest.pt,,
1086,4,"[19, 18, 17, 20]",172.49892430786332,21.71901980128594,4,4,0.003388043201994151,1,3,0.25,0,True,False,0.050000000000000044,30.135987974687502,4344,4344,F:\项目\专利\uav_dynamic_task_allocation\checkpoints\strike_order_dqn\latest.pt,,
1087,4,"[18, 19, 17, 20]",167.02934433216726,20.107176118349543,4,4,0.008547436096705496,1,3,0.25,0,True,False,0.050000000000000044,30.135987974687502,4348,4348,F:\项目\专利\uav_dynamic_task_allocation\checkpoints\strike_order_dqn\latest.pt,,
1088,4,"[19, 18, 17, 20]",172.49892430786332,21.71901980128594,4,4,0.006248577148653567,0,4,0.0,0,True,False,0.050000000000000044,30.135987974687502,4352,4352,F:\项目\专利\uav_dynamic_task_allocation\checkpoints\strike_order_dqn\latest.pt,,
1089,3,"[15, 13, 16, 14]",110.72440362060973,26.524306284948956,4,4,0.010804733610711992,0,4,0.0,0,True,False,0.050000000000000044,30.135987974687502,4356,4356,F:\项目\专利\uav_dynamic_task_allocation\checkpoints\strike_order_dqn\latest.pt,,
1090,0,"[4, 3, 2, 1]",143.75447345561832,27.15430895066569,4,4,0.005204074899666011,0,4,0.0,0,True,False,0.050000000000000044,30.135987974687502,4360,4360,F:\项目\专利\uav_dynamic_task_allocation\checkpoints\strike_order_dqn\latest.pt,,
1091,2,"[11, 9, 12, 10]",195.22686250124153,18.40278416071593,4,4,0.0030940878205001354,0,4,0.0,0,True,False,0.050000000000000044,30.135987974687502,4364,4364,F:\项目\专利\uav_dynamic_task_allocation\checkpoints\strike_order_dqn\latest.pt,,
1092,2,"[11, 9, 10, 12]",227.06994610847113,17.83864149511276,4,4,0.003941569593735039,1,3,0.25,0,True,False,0.050000000000000044,30.135987974687502,4368,4368,F:\项目\专利\uav_dynamic_task_allocation\checkpoints\strike_order_dqn\latest.pt,,
1093,4,"[19, 18, 17, 20]",172.49892430786332,21.71901980128594,4,4,0.003840082441456616,0,4,0.0,0,True,False,0.050000000000000044,30.135987974687502,4372,4372,F:\项目\专利\uav_dynamic_task_allocation\checkpoints\strike_order_dqn\latest.pt,,
1094,1,"[5, 7, 8, 6]",164.60582761657668,30.135987974687502,4,4,0.0038656824035570025,0,4,0.0,0,True,False,0.050000000000000044,30.135987974687502,4376,4376,F:\项目\专利\uav_dynamic_task_allocation\checkpoints\strike_order_dqn\latest.pt,,
1095,1,"[5, 7, 8, 6]",164.60582761657668,30.135987974687502,4,4,0.0033780760131776333,1,3,0.25,0,True,False,0.050000000000000044,30.135987974687502,4380,4380,F:\项目\专利\uav_dynamic_task_allocation\checkpoints\strike_order_dqn\latest.pt,,
1096,0,"[4, 3, 2, 1]",143.75447345561832,27.15430895066569,4,4,0.0052091662073507905,0,4,0.0,0,True,False,0.050000000000000044,30.135987974687502,4384,4384,F:\项目\专利\uav_dynamic_task_allocation\checkpoints\strike_order_dqn\latest.pt,,
1097,4,"[19, 18, 20, 17]",169.56104208358724,21.76935026904001,4,4,0.005174843943677843,0,4,0.0,0,True,False,0.050000000000000044,30.135987974687502,4388,4388,F:\项目\专利\uav_dynamic_task_allocation\checkpoints\strike_order_dqn\latest.pt,,
1098,3,"[15, 13, 16, 14]",110.72440362060973,26.524306284948956,4,4,0.007076960551785305,0,4,0.0,0,True,False,0.050000000000000044,30.135987974687502,4392,4392,F:\项目\专利\uav_dynamic_task_allocation\checkpoints\strike_order_dqn\latest.pt,,
1099,0,"[4, 3, 2, 1]",143.75447345561832,27.15430895066569,4,4,0.005297760886605829,0,4,0.0,0,True,False,0.050000000000000044,30.135987974687502,4396,4396,F:\项目\专利\uav_dynamic_task_allocation\checkpoints\strike_order_dqn\latest.pt,,
1100,2,"[11, 9, 12, 10]",195.22686250124153,18.40278416071593,4,4,0.005743850895669311,0,4,0.0,0,True,False,0.050000000000000044,30.135987974687502,4400,4400,F:\项目\专利\uav_dynamic_task_allocation\checkpoints\strike_order_dqn\latest.pt,,
1101,2,"[11, 9, 12, 10]",195.22686250124153,18.40278416071593,4,4,0.011815380537882447,0,4,0.0,0,True,False,0.050000000000000044,30.135987974687502,4404,4404,F:\项目\专利\uav_dynamic_task_allocation\checkpoints\strike_order_dqn\latest.pt,,
1102,2,"[12, 11, 10, 9]",285.2494774767701,16.522889484125713,4,4,0.00732221151702106,3,1,0.75,0,True,False,0.050000000000000044,30.135987974687502,4408,4408,F:\项目\专利\uav_dynamic_task_allocation\checkpoints\strike_order_dqn\latest.pt,,
1103,4,"[19, 18, 20, 17]",169.56104208358724,21.76935026904001,4,4,0.007868938380852342,0,4,0.0,0,True,False,0.050000000000000044,30.135987974687502,4412,4412,F:\项目\专利\uav_dynamic_task_allocation\checkpoints\strike_order_dqn\latest.pt,,
1104,0,"[4, 3, 2, 1]",143.75447345561832,27.15430895066569,4,4,0.00807246146723628,0,4,0.0,0,True,False,0.050000000000000044,30.135987974687502,4416,4416,F:\项目\专利\uav_dynamic_task_allocation\checkpoints\strike_order_dqn\latest.pt,,
1105,1,"[5, 7, 8, 6]",164.60582761657668,30.135987974687502,4,4,0.007332554319873452,0,4,0.0,0,True,False,0.050000000000000044,30.135987974687502,4420,4420,F:\项目\专利\uav_dynamic_task_allocation\checkpoints\strike_order_dqn\latest.pt,,
1106,0,"[4, 3, 2, 1]",143.75447345561832,27.15430895066569,4,4,0.008949931943789124,0,4,0.0,0,True,False,0.050000000000000044,30.135987974687502,4424,4424,F:\项目\专利\uav_dynamic_task_allocation\checkpoints\strike_order_dqn\latest.pt,,
1107,1,"[5, 7, 8, 6]",164.60582761657668,30.135987974687502,4,4,0.010383372195065022,0,4,0.0,0,True,False,0.050000000000000044,30.135987974687502,4428,4428,F:\项目\专利\uav_dynamic_task_allocation\checkpoints\strike_order_dqn\latest.pt,,
1108,4,"[19, 18, 20, 17]",169.56104208358724,21.76935026904001,4,4,0.008981707505881786,0,4,0.0,0,True,False,0.050000000000000044,30.135987974687502,4432,4432,F:\项目\专利\uav_dynamic_task_allocation\checkpoints\strike_order_dqn\latest.pt,,
1109,4,"[19, 18, 20, 17]",169.56104208358724,21.76935026904001,4,4,0.006664377637207508,0,4,0.0,0,True,False,0.050000000000000044,30.135987974687502,4436,4436,F:\项目\专利\uav_dynamic_task_allocation\checkpoints\strike_order_dqn\latest.pt,,
1110,0,"[4, 3, 2, 1]",143.75447345561832,27.15430895066569,4,4,0.006505638011731207,0,4,0.0,0,True,False,0.050000000000000044,30.135987974687502,4440,4440,F:\项目\专利\uav_dynamic_task_allocation\checkpoints\strike_order_dqn\latest.pt,,
1111,3,"[15, 13, 16, 14]",110.72440362060973,26.524306284948956,4,4,0.009360029129311442,0,4,0.0,0,True,False,0.050000000000000044,30.135987974687502,4444,4444,F:\项目\专利\uav_dynamic_task_allocation\checkpoints\strike_order_dqn\latest.pt,,
1112,1,"[5, 7, 8, 6]",164.60582761657668,30.135987974687502,4,4,0.00921548088081181,0,4,0.0,0,True,False,0.050000000000000044,30.135987974687502,4448,4448,F:\项目\专利\uav_dynamic_task_allocation\checkpoints\strike_order_dqn\latest.pt,,
1113,0,"[4, 3, 2, 1]",143.75447345561832,27.15430895066569,4,4,0.015139910625293851,0,4,0.0,0,True,False,0.050000000000000044,30.135987974687502,4452,4452,F:\项目\专利\uav_dynamic_task_allocation\checkpoints\strike_order_dqn\latest.pt,,
1114,1,"[5, 7, 8, 6]",164.60582761657668,30.135987974687502,4,4,0.013942228863015771,0,4,0.0,0,True,False,0.050000000000000044,30.135987974687502,4456,4456,F:\项目\专利\uav_dynamic_task_allocation\checkpoints\strike_order_dqn\latest.pt,,
1115,0,"[4, 3, 2, 1]",143.75447345561832,27.15430895066569,4,4,0.013116428395733237,0,4,0.0,0,True,False,0.050000000000000044,30.135987974687502,4460,4460,F:\项目\专利\uav_dynamic_task_allocation\checkpoints\strike_order_dqn\latest.pt,,
1116,2,"[11, 9, 12, 10]",195.22686250124153,18.40278416071593,4,4,0.008691765018738806,0,4,0.0,0,True,False,0.050000000000000044,30.135987974687502,4464,4464,F:\项目\专利\uav_dynamic_task_allocation\checkpoints\strike_order_dqn\latest.pt,,
1117,4,"[19, 18, 20, 17]",169.56104208358724,21.76935026904001,4,4,0.006521790870465338,0,4,0.0,0,True,False,0.050000000000000044,30.135987974687502,4468,4468,F:\项目\专利\uav_dynamic_task_allocation\checkpoints\strike_order_dqn\latest.pt,,
1118,2,"[11, 9, 12, 10]",195.22686250124153,18.40278416071593,4,4,0.006438060663640499,0,4,0.0,0,True,False,0.050000000000000044,30.135987974687502,4472,4472,F:\项目\专利\uav_dynamic_task_allocation\checkpoints\strike_order_dqn\latest.pt,,
1119,3,"[15, 13, 16, 14]",110.72440362060973,26.524306284948956,4,4,0.007774874567985535,0,4,0.0,0,True,False,0.050000000000000044,30.135987974687502,4476,4476,F:\项目\专利\uav_dynamic_task_allocation\checkpoints\strike_order_dqn\latest.pt,,
1120,2,"[12, 10, 11, 9]",209.3632227065794,18.486365510503862,4,4,0.006158462376333773,1,3,0.25,0,True,False,0.050000000000000044,30.135987974687502,4480,4480,F:\项目\专利\uav_dynamic_task_allocation\checkpoints\strike_order_dqn\latest.pt,,
1121,0,"[4, 3, 2, 1]",143.75447345561832,27.15430895066569,4,4,0.007999359164386988,0,4,0.0,0,True,False,0.050000000000000044,30.135987974687502,4484,4484,F:\项目\专利\uav_dynamic_task_allocation\checkpoints\strike_order_dqn\latest.pt,,
1122,0,"[4, 3, 2, 1]",143.75447345561832,27.15430895066569,4,4,0.0077524688094854355,0,4,0.0,0,True,False,0.050000000000000044,30.135987974687502,4488,4488,F:\项目\专利\uav_dynamic_task_allocation\checkpoints\strike_order_dqn\latest.pt,,
1123,1,"[5, 7, 8, 6]",164.60582761657668,30.135987974687502,4,4,0.007740088272839785,0,4,0.0,0,True,False,0.050000000000000044,30.135987974687502,4492,4492,F:\项目\专利\uav_dynamic_task_allocation\checkpoints\strike_order_dqn\latest.pt,,
1124,1,"[5, 7, 8, 6]",164.60582761657668,30.135987974687502,4,4,0.006423948332667351,0,4,0.0,0,True,False,0.050000000000000044,30.135987974687502,4496,4496,F:\项目\专利\uav_dynamic_task_allocation\checkpoints\strike_order_dqn\latest.pt,,
1125,4,"[19, 18, 20, 17]",169.56104208358724,21.76935026904001,4,4,0.008658454869873822,1,3,0.25,0,True,False,0.050000000000000044,30.135987974687502,4500,4500,F:\项目\专利\uav_dynamic_task_allocation\checkpoints\strike_order_dqn\latest.pt,,
1126,4,"[19, 18, 20, 17]",169.56104208358724,21.76935026904001,4,4,0.008838318288326263,0,4,0.0,0,True,False,0.050000000000000044,30.135987974687502,4504,4504,F:\项目\专利\uav_dynamic_task_allocation\checkpoints\strike_order_dqn\latest.pt,,
1127,4,"[19, 18, 20, 17]",169.56104208358724,21.76935026904001,4,4,0.005206597212236375,0,4,0.0,0,True,False,0.050000000000000044,30.135987974687502,4508,4508,F:\项目\专利\uav_dynamic_task_allocation\checkpoints\strike_order_dqn\latest.pt,,
1128,3,"[15, 13, 16, 14]",110.72440362060973,26.524306284948956,4,4,0.007440851652063429,1,3,0.25,0,True,False,0.050000000000000044,30.135987974687502,4512,4512,F:\项目\专利\uav_dynamic_task_allocation\checkpoints\strike_order_dqn\latest.pt,,
1129,2,"[11, 9, 12, 10]",195.22686250124153,18.40278416071593,4,4,0.009522395092062652,0,4,0.0,0,True,False,0.050000000000000044,30.135987974687502,4516,4516,F:\项目\专利\uav_dynamic_task_allocation\checkpoints\strike_order_dqn\latest.pt,,
1130,3,"[15, 13, 16, 14]",110.72440362060973,26.524306284948956,4,4,0.008822874631732702,0,4,0.0,0,True,False,0.050000000000000044,30.135987974687502,4520,4520,F:\项目\专利\uav_dynamic_task_allocation\checkpoints\strike_order_dqn\latest.pt,,
1131,2,"[11, 9, 12, 10]",195.22686250124153,18.40278416071593,4,4,0.0041654022061266005,0,4,0.0,0,True,False,0.050000000000000044,30.135987974687502,4524,4524,F:\项目\专利\uav_dynamic_task_allocation\checkpoints\strike_order_dqn\latest.pt,,
1132,3,"[15, 13, 16, 14]",110.72440362060973,26.524306284948956,4,4,0.006215269328095019,1,3,0.25,0,True,False,0.050000000000000044,30.135987974687502,4528,4528,F:\项目\专利\uav_dynamic_task_allocation\checkpoints\strike_order_dqn\latest.pt,,
1133,3,"[15, 13, 16, 14]",110.72440362060973,26.524306284948956,4,4,0.006121817044913769,0,4,0.0,0,True,False,0.050000000000000044,30.135987974687502,4532,4532,F:\项目\专利\uav_dynamic_task_allocation\checkpoints\strike_order_dqn\latest.pt,,
1134,3,"[15, 13, 16, 14]",110.72440362060973,26.524306284948956,4,4,0.005128905759193003,0,4,0.0,0,True,False,0.050000000000000044,30.135987974687502,4536,4536,F:\项目\专利\uav_dynamic_task_allocation\checkpoints\strike_order_dqn\latest.pt,,
1135,3,"[15, 13, 16, 14]",110.72440362060973,26.524306284948956,4,4,0.005948602221906185,0,4,0.0,0,True,False,0.050000000000000044,30.135987974687502,4540,4540,F:\项目\专利\uav_dynamic_task_allocation\checkpoints\strike_order_dqn\latest.pt,,
1136,0,"[4, 3, 2, 1]",143.75447345561832,27.15430895066569,4,4,0.005109839141368866,0,4,0.0,0,True,False,0.050000000000000044,30.135987974687502,4544,4544,F:\项目\专利\uav_dynamic_task_allocation\checkpoints\strike_order_dqn\latest.pt,,
1137,3,"[15, 13, 16, 14]",110.72440362060973,26.524306284948956,4,4,0.00623265269678086,2,2,0.5,0,True,False,0.050000000000000044,30.135987974687502,4548,4548,F:\项目\专利\uav_dynamic_task_allocation\checkpoints\strike_order_dqn\latest.pt,,
1138,1,"[5, 6, 7, 8]",176.18593953275735,28.57149701761014,4,4,0.004239219939336181,1,3,0.25,0,True,False,0.050000000000000044,30.135987974687502,4552,4552,F:\项目\专利\uav_dynamic_task_allocation\checkpoints\strike_order_dqn\latest.pt,,
1139,3,"[15, 14, 16, 13]",127.77947310830064,24.393920000598463,4,4,0.004316775477491319,1,3,0.25,0,True,False,0.050000000000000044,30.135987974687502,4556,4556,F:\项目\专利\uav_dynamic_task_allocation\checkpoints\strike_order_dqn\latest.pt,,
1140,2,"[11, 12, 10, 9]",261.0397354340567,16.765016255007843,4,4,0.0029037029889877886,1,3,0.25,0,True,False,0.050000000000000044,30.135987974687502,4560,4560,F:\项目\专利\uav_dynamic_task_allocation\checkpoints\strike_order_dqn\latest.pt,,
1141,4,"[19, 18, 20, 17]",169.56104208358724,21.76935026904001,4,4,0.004910813004244119,0,4,0.0,0,True,False,0.050000000000000044,30.135987974687502,4564,4564,F:\项目\专利\uav_dynamic_task_allocation\checkpoints\strike_order_dqn\latest.pt,,
1142,1,"[5, 7, 8, 6]",164.60582761657668,30.135987974687502,4,4,0.0032127279264386743,0,4,0.0,0,True,False,0.050000000000000044,30.135987974687502,4568,4568,F:\项目\专利\uav_dynamic_task_allocation\checkpoints\strike_order_dqn\latest.pt,,
1143,4,"[19, 18, 20, 17]",169.56104208358724,21.76935026904001,4,4,0.00533840068965219,0,4,0.0,0,True,False,0.050000000000000044,30.135987974687502,4572,4572,F:\项目\专利\uav_dynamic_task_allocation\checkpoints\strike_order_dqn\latest.pt,,
1144,4,"[19, 18, 20, 17]",169.56104208358724,21.76935026904001,4,4,0.003866393235512078,1,3,0.25,0,True,False,0.050000000000000044,30.135987974687502,4576,4576,F:\项目\专利\uav_dynamic_task_allocation\checkpoints\strike_order_dqn\latest.pt,,
1145,1,"[5, 7, 8, 6]",164.60582761657668,30.135987974687502,4,4,0.0031753028742969036,0,4,0.0,0,True,False,0.050000000000000044,30.135987974687502,4580,4580,F:\项目\专利\uav_dynamic_task_allocation\checkpoints\strike_order_dqn\latest.pt,,
1146,2,"[12, 10, 9, 11]",219.7060500282308,18.350952970962638,4,4,0.005495854071341455,0,4,0.0,0,True,False,0.050000000000000044,30.135987974687502,4584,4584,F:\项目\专利\uav_dynamic_task_allocation\checkpoints\strike_order_dqn\latest.pt,,
1147,2,"[11, 9, 12, 10]",195.22686250124153,18.40278416071593,4,4,0.00857366225682199,1,3,0.25,0,True,False,0.050000000000000044,30.135987974687502,4588,4588,F:\项目\专利\uav_dynamic_task_allocation\checkpoints\strike_order_dqn\latest.pt,,
1148,3,"[15, 13, 16, 14]",110.72440362060973,26.524306284948956,4,4,0.005981981521472335,0,4,0.0,0,True,False,0.050000000000000044,30.135987974687502,4592,4592,F:\项目\专利\uav_dynamic_task_allocation\checkpoints\strike_order_dqn\latest.pt,,
1149,3,"[15, 13, 16, 14]",110.72440362060973,26.524306284948956,4,4,0.006418976467102766,0,4,0.0,0,True,False,0.050000000000000044,30.135987974687502,4596,4596,F:\项目\专利\uav_dynamic_task_allocation\checkpoints\strike_order_dqn\latest.pt,,
1150,4,"[19, 18, 20, 17]",169.56104208358724,21.76935026904001,4,4,0.006589578639250249,1,3,0.25,0,True,False,0.050000000000000044,30.135987974687502,4600,4600,F:\项目\专利\uav_dynamic_task_allocation\checkpoints\strike_order_dqn\latest.pt,,
1151,1,"[5, 8, 7, 6]",149.2377467868531,30.0298134782743,4,4,0.009857828030362725,0,4,0.0,0,True,False,0.050000000000000044,30.135987974687502,4604,4604,F:\项目\专利\uav_dynamic_task_allocation\checkpoints\strike_order_dqn\latest.pt,,
1152,2,"[12, 10, 9, 11]",219.7060500282308,18.350952970962638,4,4,0.0076838405802845955,0,4,0.0,0,True,False,0.050000000000000044,30.135987974687502,4608,4608,F:\项目\专利\uav_dynamic_task_allocation\checkpoints\strike_order_dqn\latest.pt,,
1153,2,"[12, 10, 9, 11]",219.7060500282308,18.350952970962638,4,4,0.007457586703822017,0,4,0.0,0,True,False,0.050000000000000044,30.135987974687502,4612,4612,F:\项目\专利\uav_dynamic_task_allocation\checkpoints\strike_order_dqn\latest.pt,,
1154,4,"[19, 18, 17, 20]",172.49892430786332,21.71901980128594,4,4,0.0060480538522824645,0,4,0.0,0,True,False,0.050000000000000044,30.135987974687502,4616,4616,F:\项目\专利\uav_dynamic_task_allocation\checkpoints\strike_order_dqn\latest.pt,,
1155,1,"[5, 7, 8, 6]",164.60582761657668,30.135987974687502,4,4,0.0051496196538209915,0,4,0.0,0,True,False,0.050000000000000044,30.135987974687502,4620,4620,F:\项目\专利\uav_dynamic_task_allocation\checkpoints\strike_order_dqn\latest.pt,,
1156,2,"[12, 10, 11, 9]",209.3632227065794,18.486365510503862,4,4,0.003514026408083737,0,4,0.0,0,True,False,0.050000000000000044,30.135987974687502,4624,4624,F:\项目\专利\uav_dynamic_task_allocation\checkpoints\strike_order_dqn\latest.pt,,
1157,0,"[4, 3, 2, 1]",143.75447345561832,27.15430895066569,4,4,0.0047954050824046135,0,4,0.0,0,True,False,0.050000000000000044,30.135987974687502,4628,4628,F:\项目\专利\uav_dynamic_task_allocation\checkpoints\strike_order_dqn\latest.pt,,
1158,4,"[19, 18, 20, 17]",169.56104208358724,21.76935026904001,4,4,0.0030323314131237566,0,4,0.0,0,True,False,0.050000000000000044,30.135987974687502,4632,4632,F:\项目\专利\uav_dynamic_task_allocation\checkpoints\strike_order_dqn\latest.pt,,
1159,1,"[5, 7, 8, 6]",164.60582761657668,30.135987974687502,4,4,0.0042060622945427895,1,3,0.25,0,True,False,0.050000000000000044,30.135987974687502,4636,4636,F:\项目\专利\uav_dynamic_task_allocation\checkpoints\strike_order_dqn\latest.pt,,
1160,1,"[5, 7, 8, 6]",164.60582761657668,30.135987974687502,4,4,0.006386793626006693,0,4,0.0,0,True,False,0.050000000000000044,30.135987974687502,4640,4640,F:\项目\专利\uav_dynamic_task_allocation\checkpoints\strike_order_dqn\latest.pt,,
1161,2,"[12, 10, 9, 11]",219.7060500282308,18.350952970962638,4,4,0.004924488894175738,0,4,0.0,0,True,False,0.050000000000000044,30.135987974687502,4644,4644,F:\项目\专利\uav_dynamic_task_allocation\checkpoints\strike_order_dqn\latest.pt,,
1162,2,"[12, 10, 9, 11]",219.7060500282308,18.350952970962638,4,4,0.00712884939275682,0,4,0.0,0,True,False,0.050000000000000044,30.135987974687502,4648,4648,F:\项目\专利\uav_dynamic_task_allocation\checkpoints\strike_order_dqn\latest.pt,,
1163,4,"[19, 18, 20, 17]",169.56104208358724,21.76935026904001,4,4,0.0075084412237629294,0,4,0.0,0,True,False,0.050000000000000044,30.135987974687502,4652,4652,F:\项目\专利\uav_dynamic_task_allocation\checkpoints\strike_order_dqn\latest.pt,,
1164,2,"[12, 10, 9, 11]",219.7060500282308,18.350952970962638,4,4,0.005790754454210401,0,4,0.0,0,True,False,0.050000000000000044,30.135987974687502,4656,4656,F:\项目\专利\uav_dynamic_task_allocation\checkpoints\strike_order_dqn\latest.pt,,
1165,2,"[12, 10, 9, 11]",219.7060500282308,18.350952970962638,4,4,0.006799804628826678,0,4,0.0,0,True,False,0.050000000000000044,30.135987974687502,4660,4660,F:\项目\专利\uav_dynamic_task_allocation\checkpoints\strike_order_dqn\latest.pt,,
1166,0,"[4, 3, 2, 1]",143.75447345561832,27.15430895066569,4,4,0.005190006573684514,0,4,0.0,0,True,False,0.050000000000000044,30.135987974687502,4664,4664,F:\项目\专利\uav_dynamic_task_allocation\checkpoints\strike_order_dqn\latest.pt,,
1167,0,"[4, 3, 2, 1]",143.75447345561832,27.15430895066569,4,4,0.004246991127729416,0,4,0.0,0,True,False,0.050000000000000044,30.135987974687502,4668,4668,F:\项目\专利\uav_dynamic_task_allocation\checkpoints\strike_order_dqn\latest.pt,,
1168,1,"[5, 7, 8, 6]",164.60582761657668,30.135987974687502,4,4,0.004886666487436742,0,4,0.0,0,True,False,0.050000000000000044,30.135987974687502,4672,4672,F:\项目\专利\uav_dynamic_task_allocation\checkpoints\strike_order_dqn\latest.pt,,
1169,4,"[19, 18, 17, 20]",172.49892430786332,21.71901980128594,4,4,0.0029964417626615614,1,3,0.25,0,True,False,0.050000000000000044,30.135987974687502,4676,4676,F:\项目\专利\uav_dynamic_task_allocation\checkpoints\strike_order_dqn\latest.pt,,
1170,4,"[19, 18, 20, 17]",169.56104208358724,21.76935026904001,4,4,0.003356455184984952,0,4,0.0,0,True,False,0.050000000000000044,30.135987974687502,4680,4680,F:\项目\专利\uav_dynamic_task_allocation\checkpoints\strike_order_dqn\latest.pt,,
1171,3,"[13, 16, 15, 14]",116.10182393712081,26.366462669072508,4,4,0.0030688877450302243,0,4,0.0,0,True,False,0.050000000000000044,30.135987974687502,4684,4684,F:\项目\专利\uav_dynamic_task_allocation\checkpoints\strike_order_dqn\latest.pt,,
1172,3,"[13, 15, 14, 16]",121.91912521010097,26.288679406490516,4,4,0.003017486073076725,1,3,0.25,0,True,False,0.050000000000000044,30.135987974687502,4688,4688,F:\项目\专利\uav_dynamic_task_allocation\checkpoints\strike_order_dqn\latest.pt,,
1173,1,"[5, 7, 8, 6]",164.60582761657668,30.135987974687502,4,4,0.0047600833349861205,0,4,0.0,0,True,False,0.050000000000000044,30.135987974687502,4692,4692,F:\项目\专利\uav_dynamic_task_allocation\checkpoints\strike_order_dqn\latest.pt,,
1174,0,"[2, 4, 3, 1]",155.79811037352016,26.295030053538895,4,4,0.0058515959535725415,1,3,0.25,0,True,False,0.050000000000000044,30.135987974687502,4696,4696,F:\项目\专利\uav_dynamic_task_allocation\checkpoints\strike_order_dqn\latest.pt,,
1175,0,"[4, 3, 2, 1]",143.75447345561832,27.15430895066569,4,4,0.005294597591273487,0,4,0.0,0,True,False,0.050000000000000044,30.135987974687502,4700,4700,F:\项目\专利\uav_dynamic_task_allocation\checkpoints\strike_order_dqn\latest.pt,,
1176,1,"[5, 7, 8, 6]",164.60582761657668,30.135987974687502,4,4,0.006426323321647942,0,4,0.0,0,True,False,0.050000000000000044,30.135987974687502,4704,4704,F:\项目\专利\uav_dynamic_task_allocation\checkpoints\strike_order_dqn\latest.pt,,
1177,1,"[5, 7, 8, 6]",164.60582761657668,30.135987974687502,4,4,0.005730305798351765,0,4,0.0,0,True,False,0.050000000000000044,30.135987974687502,4708,4708,F:\项目\专利\uav_dynamic_task_allocation\checkpoints\strike_order_dqn\latest.pt,,
1178,0,"[4, 1, 2, 3]",203.35895948892696,20.013076246536983,4,4,0.007214543642476201,1,3,0.25,0,True,False,0.050000000000000044,30.135987974687502,4712,4712,F:\项目\专利\uav_dynamic_task_allocation\checkpoints\strike_order_dqn\latest.pt,,
1179,1,"[5, 7, 8, 6]",164.60582761657668,30.135987974687502,4,4,0.006745150778442621,0,4,0.0,0,True,False,0.050000000000000044,30.135987974687502,4716,4716,F:\项目\专利\uav_dynamic_task_allocation\checkpoints\strike_order_dqn\latest.pt,,
1180,0,"[4, 3, 2, 1]",143.75447345561832,27.15430895066569,4,4,0.0033342979149892926,0,4,0.0,0,True,False,0.050000000000000044,30.135987974687502,4720,4720,F:\项目\专利\uav_dynamic_task_allocation\checkpoints\strike_order_dqn\latest.pt,,
1181,3,"[15, 13, 16, 14]",110.72440362060973,26.524306284948956,4,4,0.004996098286937922,0,4,0.0,0,True,False,0.050000000000000044,30.135987974687502,4724,4724,F:\项目\专利\uav_dynamic_task_allocation\checkpoints\strike_order_dqn\latest.pt,,
1182,4,"[19, 18, 20, 17]",169.56104208358724,21.76935026904001,4,4,0.00518395088147372,0,4,0.0,0,True,False,0.050000000000000044,30.135987974687502,4728,4728,F:\项目\专利\uav_dynamic_task_allocation\checkpoints\strike_order_dqn\latest.pt,,
1183,3,"[15, 13, 16, 14]",110.72440362060973,26.524306284948956,4,4,0.005574772250838578,0,4,0.0,0,True,False,0.050000000000000044,30.135987974687502,4732,4732,F:\项目\专利\uav_dynamic_task_allocation\checkpoints\strike_order_dqn\latest.pt,,
1184,2,"[12, 10, 11, 9]",209.3632227065794,18.486365510503862,4,4,0.004925004410324618,0,4,0.0,0,True,False,0.050000000000000044,30.135987974687502,4736,4736,F:\项目\专利\uav_dynamic_task_allocation\checkpoints\strike_order_dqn\latest.pt,,
1185,2,"[11, 9, 12, 10]",195.22686250124153,18.40278416071593,4,4,0.003240545862354338,0,4,0.0,0,True,False,0.050000000000000044,30.135987974687502,4740,4740,F:\项目\专利\uav_dynamic_task_allocation\checkpoints\strike_order_dqn\latest.pt,,
1186,1,"[7, 5, 8, 6]",173.96057184895602,21.953403967571337,4,4,0.0036221086338628083,1,3,0.25,0,True,False,0.050000000000000044,30.135987974687502,4744,4744,F:\项目\专利\uav_dynamic_task_allocation\checkpoints\strike_order_dqn\latest.pt,,
1187,0,"[4, 3, 2, 1]",143.75447345561832,27.15430895066569,4,4,0.0031998680788092315,0,4,0.0,0,True,False,0.050000000000000044,30.135987974687502,4748,4748,F:\项目\专利\uav_dynamic_task_allocation\checkpoints\strike_order_dqn\latest.pt,,
1188,2,"[11, 9, 12, 10]",195.22686250124153,18.40278416071593,4,4,0.003991887904703617,0,4,0.0,0,True,False,0.050000000000000044,30.135987974687502,4752,4752,F:\项目\专利\uav_dynamic_task_allocation\checkpoints\strike_order_dqn\latest.pt,,
1189,2,"[11, 9, 12, 10]",195.22686250124153,18.40278416071593,4,4,0.004084085172507912,0,4,0.0,0,True,False,0.050000000000000044,30.135987974687502,4756,4756,F:\项目\专利\uav_dynamic_task_allocation\checkpoints\strike_order_dqn\latest.pt,,
1190,0,"[4, 3, 2, 1]",143.75447345561832,27.15430895066569,4,4,0.004488680395297706,0,4,0.0,0,True,False,0.050000000000000044,30.135987974687502,4760,4760,F:\项目\专利\uav_dynamic_task_allocation\checkpoints\strike_order_dqn\latest.pt,,
1191,2,"[11, 9, 12, 10]",195.22686250124153,18.40278416071593,4,4,0.002918763319030404,0,4,0.0,0,True,False,0.050000000000000044,30.135987974687502,4764,4764,F:\项目\专利\uav_dynamic_task_allocation\checkpoints\strike_order_dqn\latest.pt,,
1192,1,"[5, 7, 8, 6]",164.60582761657668,30.135987974687502,4,4,0.004168778657913208,1,3,0.25,0,True,False,0.050000000000000044,30.135987974687502,4768,4768,F:\项目\专利\uav_dynamic_task_allocation\checkpoints\strike_order_dqn\latest.pt,,
1193,0,"[4, 3, 2, 1]",143.75447345561832,27.15430895066569,4,4,0.002966907399240881,0,4,0.0,0,True,False,0.050000000000000044,30.135987974687502,4772,4772,F:\项目\专利\uav_dynamic_task_allocation\checkpoints\strike_order_dqn\latest.pt,,
1194,3,"[15, 13, 16, 14]",110.72440362060973,26.524306284948956,4,4,0.004269007098628208,0,4,0.0,0,True,False,0.050000000000000044,30.135987974687502,4776,4776,F:\项目\专利\uav_dynamic_task_allocation\checkpoints\strike_order_dqn\latest.pt,,
1195,2,"[11, 9, 12, 10]",195.22686250124153,18.40278416071593,4,4,0.005092227482236922,0,4,0.0,0,True,False,0.050000000000000044,30.135987974687502,4780,4780,F:\项目\专利\uav_dynamic_task_allocation\checkpoints\strike_order_dqn\latest.pt,,
1196,3,"[15, 13, 16, 14]",110.72440362060973,26.524306284948956,4,4,0.004433224559761584,1,3,0.25,0,True,False,0.050000000000000044,30.135987974687502,4784,4784,F:\项目\专利\uav_dynamic_task_allocation\checkpoints\strike_order_dqn\latest.pt,,
1197,3,"[15, 13, 16, 14]",110.72440362060973,26.524306284948956,4,4,0.0039296484319493175,0,4,0.0,0,True,False,0.050000000000000044,30.135987974687502,4788,4788,F:\项目\专利\uav_dynamic_task_allocation\checkpoints\strike_order_dqn\latest.pt,,
1198,4,"[19, 18, 20, 17]",169.56104208358724,21.76935026904001,4,4,0.0030472627840936184,1,3,0.25,0,True,False,0.050000000000000044,30.135987974687502,4792,4792,F:\项目\专利\uav_dynamic_task_allocation\checkpoints\strike_order_dqn\latest.pt,,
1199,4,"[19, 18, 20, 17]",169.56104208358724,21.76935026904001,4,4,0.002337368030566722,0,4,0.0,0,True,False,0.050000000000000044,30.135987974687502,4796,4796,F:\项目\专利\uav_dynamic_task_allocation\checkpoints\strike_order_dqn\latest.pt,,
1200,3,"[15, 13, 16, 14]",110.72440362060973,26.524306284948956,4,4,0.003149841562844813,0,4,0.0,0,True,False,0.050000000000000044,30.135987974687502,4800,4800,F:\项目\专利\uav_dynamic_task_allocation\checkpoints\strike_order_dqn\latest.pt,,
1201,4,"[19, 18, 20, 17]",169.56104208358724,21.76935026904001,4,4,0.006719562807120383,0,4,0.0,0,True,False,0.050000000000000044,30.135987974687502,4804,4804,F:\项目\专利\uav_dynamic_task_allocation\checkpoints\strike_order_dqn\latest.pt,,
1202,2,"[11, 9, 12, 10]",195.22686250124153,18.40278416071593,4,4,0.005718369386158884,0,4,0.0,0,True,False,0.050000000000000044,30.135987974687502,4808,4808,F:\项目\专利\uav_dynamic_task_allocation\checkpoints\strike_order_dqn\latest.pt,,
1203,4,"[19, 18, 20, 17]",169.56104208358724,21.76935026904001,4,4,0.005340210045687854,0,4,0.0,0,True,False,0.050000000000000044,30.135987974687502,4812,4812,F:\项目\专利\uav_dynamic_task_allocation\checkpoints\strike_order_dqn\latest.pt,,
1204,3,"[15, 13, 16, 14]",110.72440362060973,26.524306284948956,4,4,0.0043786660535261035,0,4,0.0,0,True,False,0.050000000000000044,30.135987974687502,4816,4816,F:\项目\专利\uav_dynamic_task_allocation\checkpoints\strike_order_dqn\latest.pt,,
1205,3,"[16, 13, 15, 14]",105.95058292191784,25.942538832616897,4,4,0.006235754583030939,1,3,0.25,0,True,False,0.050000000000000044,30.135987974687502,4820,4820,F:\项目\专利\uav_dynamic_task_allocation\checkpoints\strike_order_dqn\latest.pt,,
1206,4,"[19, 18, 20, 17]",169.56104208358724,21.76935026904001,4,4,0.006953927280846983,0,4,0.0,0,True,False,0.050000000000000044,30.135987974687502,4824,4824,F:\项目\专利\uav_dynamic_task_allocation\checkpoints\strike_order_dqn\latest.pt,,
1207,2,"[11, 9, 12, 10]",195.22686250124153,18.40278416071593,4,4,0.005709156510420144,0,4,0.0,0,True,False,0.050000000000000044,30.135987974687502,4828,4828,F:\项目\专利\uav_dynamic_task_allocation\checkpoints\strike_order_dqn\latest.pt,,
1208,3,"[15, 13, 16, 14]",110.72440362060973,26.524306284948956,4,4,0.00858578400220722,0,4,0.0,0,True,False,0.050000000000000044,30.135987974687502,4832,4832,F:\项目\专利\uav_dynamic_task_allocation\checkpoints\strike_order_dqn\latest.pt,,
1209,1,"[5, 7, 8, 6]",164.60582761657668,30.135987974687502,4,4,0.006077884580008686,0,4,0.0,0,True,False,0.050000000000000044,30.135987974687502,4836,4836,F:\项目\专利\uav_dynamic_task_allocation\checkpoints\strike_order_dqn\latest.pt,,
1210,4,"[19, 18, 20, 17]",169.56104208358724,21.76935026904001,4,4,0.006483991164714098,0,4,0.0,0,True,False,0.050000000000000044,30.135987974687502,4840,4840,F:\项目\专利\uav_dynamic_task_allocation\checkpoints\strike_order_dqn\latest.pt,,
1211,3,"[15, 13, 16, 14]",110.72440362060973,26.524306284948956,4,4,0.0045345904072746634,0,4,0.0,0,True,False,0.050000000000000044,30.135987974687502,4844,4844,F:\项目\专利\uav_dynamic_task_allocation\checkpoints\strike_order_dqn\latest.pt,,
1212,3,"[15, 13, 14, 16]",133.3081339541003,24.277141127399297,4,4,0.005432564648799598,1,3,0.25,0,True,False,0.050000000000000044,30.135987974687502,4848,4848,F:\项目\专利\uav_dynamic_task_allocation\checkpoints\strike_order_dqn\latest.pt,,
1213,2,"[11, 9, 12, 10]",195.22686250124153,18.40278416071593,4,4,0.005830264650285244,0,4,0.0,0,True,False,0.050000000000000044,30.135987974687502,4852,4852,F:\项目\专利\uav_dynamic_task_allocation\checkpoints\strike_order_dqn\latest.pt,,
1214,4,"[19, 18, 20, 17]",169.56104208358724,21.76935026904001,4,4,0.0061651087598875165,0,4,0.0,0,True,False,0.050000000000000044,30.135987974687502,4856,4856,F:\项目\专利\uav_dynamic_task_allocation\checkpoints\strike_order_dqn\latest.pt,,
1215,0,"[4, 3, 2, 1]",143.75447345561832,27.15430895066569,4,4,0.007449386524967849,0,4,0.0,0,True,False,0.050000000000000044,30.135987974687502,4860,4860,F:\项目\专利\uav_dynamic_task_allocation\checkpoints\strike_order_dqn\latest.pt,,
1216,0,"[4, 3, 2, 1]",143.75447345561832,27.15430895066569,4,4,0.0069520436227321625,1,3,0.25,0,True,False,0.050000000000000044,30.135987974687502,4864,4864,F:\项目\专利\uav_dynamic_task_allocation\checkpoints\strike_order_dqn\latest.pt,,
1217,2,"[11, 9, 12, 10]",195.22686250124153,18.40278416071593,4,4,0.005697576678358018,0,4,0.0,0,True,False,0.050000000000000044,30.135987974687502,4868,4868,F:\项目\专利\uav_dynamic_task_allocation\checkpoints\strike_order_dqn\latest.pt,,
1218,3,"[15, 13, 16, 14]",110.72440362060973,26.524306284948956,4,4,0.00637063046451658,0,4,0.0,0,True,False,0.050000000000000044,30.135987974687502,4872,4872,F:\项目\专利\uav_dynamic_task_allocation\checkpoints\strike_order_dqn\latest.pt,,
1219,4,"[19, 18, 20, 17]",169.56104208358724,21.76935026904001,4,4,0.006175358546897769,0,4,0.0,0,True,False,0.050000000000000044,30.135987974687502,4876,4876,F:\项目\专利\uav_dynamic_task_allocation\checkpoints\strike_order_dqn\latest.pt,,
1220,2,"[11, 9, 12, 10]",195.22686250124153,18.40278416071593,4,4,0.009666399215348065,0,4,0.0,0,True,False,0.050000000000000044,30.135987974687502,4880,4880,F:\项目\专利\uav_dynamic_task_allocation\checkpoints\strike_order_dqn\latest.pt,,
1221,3,"[15, 13, 16, 14]",110.72440362060973,26.524306284948956,4,4,0.007773313962388784,0,4,0.0,0,True,False,0.050000000000000044,30.135987974687502,4884,4884,F:\项目\专利\uav_dynamic_task_allocation\checkpoints\strike_order_dqn\latest.pt,,
1222,2,"[11, 9, 12, 10]",195.22686250124153,18.40278416071593,4,4,0.00577958719804883,0,4,0.0,0,True,False,0.050000000000000044,30.135987974687502,4888,4888,F:\项目\专利\uav_dynamic_task_allocation\checkpoints\strike_order_dqn\latest.pt,,
1223,4,"[19, 18, 17, 20]",172.49892430786332,21.71901980128594,4,4,0.005686479853466153,0,4,0.0,0,True,False,0.050000000000000044,30.135987974687502,4892,4892,F:\项目\专利\uav_dynamic_task_allocation\checkpoints\strike_order_dqn\latest.pt,,
1224,3,"[15, 13, 16, 14]",110.72440362060973,26.524306284948956,4,4,0.006175000220537186,0,4,0.0,0,True,False,0.050000000000000044,30.135987974687502,4896,4896,F:\项目\专利\uav_dynamic_task_allocation\checkpoints\strike_order_dqn\latest.pt,,
1225,2,"[12, 10, 11, 9]",209.3632227065794,18.486365510503862,4,4,0.0074443521443754435,0,4,0.0,0,True,False,0.050000000000000044,30.135987974687502,4900,4900,F:\项目\专利\uav_dynamic_task_allocation\checkpoints\strike_order_dqn\latest.pt,,
1226,4,"[19, 18, 20, 17]",169.56104208358724,21.76935026904001,4,4,0.004887790651991963,0,4,0.0,0,True,False,0.050000000000000044,30.135987974687502,4904,4904,F:\项目\专利\uav_dynamic_task_allocation\checkpoints\strike_order_dqn\latest.pt,,
1227,0,"[1, 4, 3, 2]",182.20971284402432,23.999252705643798,4,4,0.006649683229625225,1,3,0.25,0,True,False,0.050000000000000044,30.135987974687502,4908,4908,F:\项目\专利\uav_dynamic_task_allocation\checkpoints\strike_order_dqn\latest.pt,,
1228,4,"[19, 18, 20, 17]",169.56104208358724,21.76935026904001,4,4,0.009348163148388267,0,4,0.0,0,True,False,0.050000000000000044,30.135987974687502,4912,4912,F:\项目\专利\uav_dynamic_task_allocation\checkpoints\strike_order_dqn\latest.pt,,
1229,0,"[4, 3, 2, 1]",143.75447345561832,27.15430895066569,4,4,0.007953576918225735,0,4,0.0,0,True,False,0.050000000000000044,30.135987974687502,4916,4916,F:\项目\专利\uav_dynamic_task_allocation\checkpoints\strike_order_dqn\latest.pt,,
1230,1,"[5, 7, 8, 6]",164.60582761657668,30.135987974687502,4,4,0.00819006294477731,0,4,0.0,0,True,False,0.050000000000000044,30.135987974687502,4920,4920,F:\项目\专利\uav_dynamic_task_allocation\checkpoints\strike_order_dqn\latest.pt,,
1231,4,"[19, 18, 17, 20]",172.49892430786332,21.71901980128594,4,4,0.005454333033412695,0,4,0.0,0,True,False,0.050000000000000044,30.135987974687502,4924,4924,F:\项目\专利\uav_dynamic_task_allocation\checkpoints\strike_order_dqn\latest.pt,,
1232,3,"[15, 13, 16, 14]",110.72440362060973,26.524306284948956,4,4,0.006677021854557097,0,4,0.0,0,True,False,0.050000000000000044,30.135987974687502,4928,4928,F:\项目\专利\uav_dynamic_task_allocation\checkpoints\strike_order_dqn\latest.pt,,
1233,4,"[19, 18, 20, 17]",169.56104208358724,21.76935026904001,4,4,0.0075092147453688085,0,4,0.0,0,True,False,0.050000000000000044,30.135987974687502,4932,4932,F:\项目\专利\uav_dynamic_task_allocation\checkpoints\strike_order_dqn\latest.pt,,
1234,3,"[13, 16, 15, 14]",116.10182393712081,26.366462669072508,4,4,0.013798555126413703,0,4,0.0,0,True,False,0.050000000000000044,30.135987974687502,4936,4936,F:\项目\专利\uav_dynamic_task_allocation\checkpoints\strike_order_dqn\latest.pt,,
1235,3,"[15, 13, 16, 14]",110.72440362060973,26.524306284948956,4,4,0.007521377643570304,1,3,0.25,0,True,False,0.050000000000000044,30.135987974687502,4940,4940,F:\项目\专利\uav_dynamic_task_allocation\checkpoints\strike_order_dqn\latest.pt,,
1236,1,"[5, 7, 8, 6]",164.60582761657668,30.135987974687502,4,4,0.007850644993595779,0,4,0.0,0,True,False,0.050000000000000044,30.135987974687502,4944,4944,F:\项目\专利\uav_dynamic_task_allocation\checkpoints\strike_order_dqn\latest.pt,,
1237,0,"[4, 3, 2, 1]",143.75447345561832,27.15430895066569,4,4,0.01049112668260932,0,4,0.0,0,True,False,0.050000000000000044,30.135987974687502,4948,4948,F:\项目\专利\uav_dynamic_task_allocation\checkpoints\strike_order_dqn\latest.pt,,
1238,0,"[4, 3, 2, 1]",143.75447345561832,27.15430895066569,4,4,0.012784224934875965,0,4,0.0,0,True,False,0.050000000000000044,30.135987974687502,4952,4952,F:\项目\专利\uav_dynamic_task_allocation\checkpoints\strike_order_dqn\latest.pt,,
1239,1,"[5, 7, 8, 6]",164.60582761657668,30.135987974687502,4,4,0.009508406859822571,0,4,0.0,0,True,False,0.050000000000000044,30.135987974687502,4956,4956,F:\项目\专利\uav_dynamic_task_allocation\checkpoints\strike_order_dqn\latest.pt,,
1240,0,"[4, 2, 3, 1]",184.447053556711,21.064568425993755,4,4,0.011307025968562812,1,3,0.25,0,True,False,0.050000000000000044,30.135987974687502,4960,4960,F:\项目\专利\uav_dynamic_task_allocation\checkpoints\strike_order_dqn\latest.pt,,
1241,2,"[11, 9, 12, 10]",195.22686250124153,18.40278416071593,4,4,0.013257085112854838,0,4,0.0,0,True,False,0.050000000000000044,30.135987974687502,4964,4964,F:\项目\专利\uav_dynamic_task_allocation\checkpoints\strike_order_dqn\latest.pt,,
1242,3,"[15, 13, 16, 14]",110.72440362060973,26.524306284948956,4,4,0.011008935165591538,0,4,0.0,0,True,False,0.050000000000000044,30.135987974687502,4968,4968,F:\项目\专利\uav_dynamic_task_allocation\checkpoints\strike_order_dqn\latest.pt,,
1243,4,"[19, 18, 17, 20]",172.49892430786332,21.71901980128594,4,4,0.007363687735050917,0,4,0.0,0,True,False,0.050000000000000044,30.135987974687502,4972,4972,F:\项目\专利\uav_dynamic_task_allocation\checkpoints\strike_order_dqn\latest.pt,,
1244,2,"[11, 9, 10, 12]",227.06994610847113,17.83864149511276,4,4,0.007132966886274517,1,3,0.25,0,True,False,0.050000000000000044,30.135987974687502,4976,4976,F:\项目\专利\uav_dynamic_task_allocation\checkpoints\strike_order_dqn\latest.pt,,
1245,4,"[19, 18, 17, 20]",172.49892430786332,21.71901980128594,4,4,0.005519316764548421,0,4,0.0,0,True,False,0.050000000000000044,30.135987974687502,4980,4980,F:\项目\专利\uav_dynamic_task_allocation\checkpoints\strike_order_dqn\latest.pt,,
1246,4,"[19, 18, 17, 20]",172.49892430786332,21.71901980128594,4,4,0.0036140134907327592,0,4,0.0,0,True,False,0.050000000000000044,30.135987974687502,4984,4984,F:\项目\专利\uav_dynamic_task_allocation\checkpoints\strike_order_dqn\latest.pt,,
1247,4,"[19, 18, 17, 20]",172.49892430786332,21.71901980128594,4,4,0.006020015920512378,1,3,0.25,0,True,False,0.050000000000000044,30.135987974687502,4988,4988,F:\项目\专利\uav_dynamic_task_allocation\checkpoints\strike_order_dqn\latest.pt,,
1248,2,"[11, 9, 12, 10]",195.22686250124153,18.40278416071593,4,4,0.004500897717662156,0,4,0.0,0,True,False,0.050000000000000044,30.135987974687502,4992,4992,F:\项目\专利\uav_dynamic_task_allocation\checkpoints\strike_order_dqn\latest.pt,,
1249,1,"[5, 7, 8, 6]",164.60582761657668,30.135987974687502,4,4,0.0029808503459207714,0,4,0.0,0,True,False,0.050000000000000044,30.135987974687502,4996,4996,F:\项目\专利\uav_dynamic_task_allocation\checkpoints\strike_order_dqn\latest.pt,,
1250,4,"[19, 18, 20, 17]",169.56104208358724,21.76935026904001,4,4,0.004405882791616023,0,4,0.0,0,True,False,0.050000000000000044,30.135987974687502,5000,5000,F:\项目\专利\uav_dynamic_task_allocation\checkpoints\strike_order_dqn\latest.pt,,
1251,1,"[5, 8, 7, 6]",149.2377467868531,30.0298134782743,4,4,0.005558587843552232,1,3,0.25,0,True,False,0.050000000000000044,30.135987974687502,5004,5004,F:\项目\专利\uav_dynamic_task_allocation\checkpoints\strike_order_dqn\latest.pt,,
1252,2,"[11, 9, 12, 10]",195.22686250124153,18.40278416071593,4,4,0.0057975464733317494,0,4,0.0,0,True,False,0.050000000000000044,30.135987974687502,5008,5008,F:\项目\专利\uav_dynamic_task_allocation\checkpoints\strike_order_dqn\latest.pt,,
1253,0,"[4, 3, 2, 1]",143.75447345561832,27.15430895066569,4,4,0.005847395863384008,0,4,0.0,0,True,False,0.050000000000000044,30.135987974687502,5012,5012,F:\项目\专利\uav_dynamic_task_allocation\checkpoints\strike_order_dqn\latest.pt,,
1254,3,"[15, 13, 16, 14]",110.72440362060973,26.524306284948956,4,4,0.006162731326185167,0,4,0.0,0,True,False,0.050000000000000044,30.135987974687502,5016,5016,F:\项目\专利\uav_dynamic_task_allocation\checkpoints\strike_order_dqn\latest.pt,,
1255,3,"[15, 13, 16, 14]",110.72440362060973,26.524306284948956,4,4,0.005497281206771731,0,4,0.0,0,True,False,0.050000000000000044,30.135987974687502,5020,5020,F:\项目\专利\uav_dynamic_task_allocation\checkpoints\strike_order_dqn\latest.pt,,
1256,0,"[4, 3, 2, 1]",143.75447345561832,27.15430895066569,4,4,0.006328746152576059,0,4,0.0,0,True,False,0.050000000000000044,30.135987974687502,5024,5024,F:\项目\专利\uav_dynamic_task_allocation\checkpoints\strike_order_dqn\latest.pt,,
1257,1,"[6, 7, 5, 8]",184.52498436041088,20.003753272511286,4,4,0.008972311276011169,1,3,0.25,0,True,False,0.050000000000000044,30.135987974687502,5028,5028,F:\项目\专利\uav_dynamic_task_allocation\checkpoints\strike_order_dqn\latest.pt,,
1258,2,"[11, 9, 12, 10]",195.22686250124153,18.40278416071593,4,4,0.006213426240719855,0,4,0.0,0,True,False,0.050000000000000044,30.135987974687502,5032,5032,F:\项目\专利\uav_dynamic_task_allocation\checkpoints\strike_order_dqn\latest.pt,,
1259,2,"[11, 9, 12, 10]",195.22686250124153,18.40278416071593,4,4,0.007844527484849095,0,4,0.0,0,True,False,0.050000000000000044,30.135987974687502,5036,5036,F:\项目\专利\uav_dynamic_task_allocation\checkpoints\strike_order_dqn\latest.pt,,
1260,4,"[19, 18, 20, 17]",169.56104208358724,21.76935026904001,4,4,0.010634901816956699,0,4,0.0,0,True,False,0.050000000000000044,30.135987974687502,5040,5040,F:\项目\专利\uav_dynamic_task_allocation\checkpoints\strike_order_dqn\latest.pt,,
1261,1,"[5, 7, 8, 6]",164.60582761657668,30.135987974687502,4,4,0.0069106766022741795,0,4,0.0,0,True,False,0.050000000000000044,30.135987974687502,5044,5044,F:\项目\专利\uav_dynamic_task_allocation\checkpoints\strike_order_dqn\latest.pt,,
1262,4,"[19, 18, 20, 17]",169.56104208358724,21.76935026904001,4,4,0.005210912670008838,1,3,0.25,0,True,False,0.050000000000000044,30.135987974687502,5048,5048,F:\项目\专利\uav_dynamic_task_allocation\checkpoints\strike_order_dqn\latest.pt,,
1263,2,"[11, 9, 12, 10]",195.22686250124153,18.40278416071593,4,4,0.004539496207144111,0,4,0.0,0,True,False,0.050000000000000044,30.135987974687502,5052,5052,F:\项目\专利\uav_dynamic_task_allocation\checkpoints\strike_order_dqn\latest.pt,,
1264,4,"[19, 18, 20, 17]",169.56104208358724,21.76935026904001,4,4,0.003822087775915861,0,4,0.0,0,True,False,0.050000000000000044,30.135987974687502,5056,5056,F:\项目\专利\uav_dynamic_task_allocation\checkpoints\strike_order_dqn\latest.pt,,
1265,1,"[5, 7, 8, 6]",164.60582761657668,30.135987974687502,4,4,0.00302891104365699,0,4,0.0,0,True,False,0.050000000000000044,30.135987974687502,5060,5060,F:\项目\专利\uav_dynamic_task_allocation\checkpoints\strike_order_dqn\latest.pt,,
1266,0,"[4, 3, 2, 1]",143.75447345561832,27.15430895066569,4,4,0.0046351213240996,0,4,0.0,0,True,False,0.050000000000000044,30.135987974687502,5064,5064,F:\项目\专利\uav_dynamic_task_allocation\checkpoints\strike_order_dqn\latest.pt,,
1267,0,"[4, 3, 2, 1]",143.75447345561832,27.15430895066569,4,4,0.004755049478262663,0,4,0.0,0,True,False,0.050000000000000044,30.135987974687502,5068,5068,F:\项目\专利\uav_dynamic_task_allocation\checkpoints\strike_order_dqn\latest.pt,,
1268,1,"[5, 7, 8, 6]",164.60582761657668,30.135987974687502,4,4,0.0053197614615783095,0,4,0.0,0,True,False,0.050000000000000044,30.135987974687502,5072,5072,F:\项目\专利\uav_dynamic_task_allocation\checkpoints\strike_order_dqn\latest.pt,,
1269,4,"[19, 18, 20, 17]",169.56104208358724,21.76935026904001,4,4,0.0031394473917316645,0,4,0.0,0,True,False,0.050000000000000044,30.135987974687502,5076,5076,F:\项目\专利\uav_dynamic_task_allocation\checkpoints\strike_order_dqn\latest.pt,,
1270,0,"[4, 3, 2, 1]",143.75447345561832,27.15430895066569,4,4,0.005136836785823107,0,4,0.0,0,True,False,0.050000000000000044,30.135987974687502,5080,5080,F:\项目\专利\uav_dynamic_task_allocation\checkpoints\strike_order_dqn\latest.pt,,
1271,1,"[5, 7, 8, 6]",164.60582761657668,30.135987974687502,4,4,0.004598093044478446,0,4,0.0,0,True,False,0.050000000000000044,30.135987974687502,5084,5084,F:\项目\专利\uav_dynamic_task_allocation\checkpoints\strike_order_dqn\latest.pt,,
1272,0,"[4, 3, 2, 1]",143.75447345561832,27.15430895066569,4,4,0.0038723479956388474,0,4,0.0,0,True,False,0.050000000000000044,30.135987974687502,5088,5088,F:\项目\专利\uav_dynamic_task_allocation\checkpoints\strike_order_dqn\latest.pt,,
1273,4,"[19, 18, 17, 20]",172.49892430786332,21.71901980128594,4,4,0.004500222916249186,0,4,0.0,0,True,False,0.050000000000000044,30.135987974687502,5092,5092,F:\项目\专利\uav_dynamic_task_allocation\checkpoints\strike_order_dqn\latest.pt,,
1274,3,"[15, 13, 16, 14]",110.72440362060973,26.524306284948956,4,4,0.002745382022112608,0,4,0.0,0,True,False,0.050000000000000044,30.135987974687502,5096,5096,F:\项目\专利\uav_dynamic_task_allocation\checkpoints\strike_order_dqn\latest.pt,,
1275,3,"[15, 13, 16, 14]",110.72440362060973,26.524306284948956,4,4,0.004803384654223919,0,4,0.0,0,True,False,0.050000000000000044,30.135987974687502,5100,5100,F:\项目\专利\uav_dynamic_task_allocation\checkpoints\strike_order_dqn\latest.pt,,
1276,3,"[15, 13, 16, 14]",110.72440362060973,26.524306284948956,4,4,0.005450716824270785,0,4,0.0,0,True,False,0.050000000000000044,30.135987974687502,5104,5104,F:\项目\专利\uav_dynamic_task_allocation\checkpoints\strike_order_dqn\latest.pt,,
1277,3,"[15, 13, 16, 14]",110.72440362060973,26.524306284948956,4,4,0.006994710303843021,0,4,0.0,0,True,False,0.050000000000000044,30.135987974687502,5108,5108,F:\项目\专利\uav_dynamic_task_allocation\checkpoints\strike_order_dqn\latest.pt,,
1278,3,"[15, 13, 16, 14]",110.72440362060973,26.524306284948956,4,4,0.006537903915159404,0,4,0.0,0,True,False,0.050000000000000044,30.135987974687502,5112,5112,F:\项目\专利\uav_dynamic_task_allocation\checkpoints\strike_order_dqn\latest.pt,,
1279,0,"[3, 4, 2, 1]",144.72417449833796,25.999062732197913,4,4,0.0051753303268924356,1,3,0.25,0,True,False,0.050000000000000044,30.135987974687502,5116,5116,F:\项目\专利\uav_dynamic_task_allocation\checkpoints\strike_order_dqn\latest.pt,,
1280,4,"[19, 18, 20, 17]",169.56104208358724,21.76935026904001,4,4,0.0057397165801376104,0,4,0.0,0,True,False,0.050000000000000044,30.135987974687502,5120,5120,F:\项目\专利\uav_dynamic_task_allocation\checkpoints\strike_order_dqn\latest.pt,,
1281,3,"[15, 13, 16, 14]",110.72440362060973,26.524306284948956,4,4,0.00671466946369037,0,4,0.0,0,True,False,0.050000000000000044,30.135987974687502,5124,5124,F:\项目\专利\uav_dynamic_task_allocation\checkpoints\strike_order_dqn\latest.pt,,
1282,3,"[15, 13, 16, 14]",110.72440362060973,26.524306284948956,4,4,0.006255405489355326,0,4,0.0,0,True,False,0.050000000000000044,30.135987974687502,5128,5128,F:\项目\专利\uav_dynamic_task_allocation\checkpoints\strike_order_dqn\latest.pt,,
1283,1,"[5, 7, 8, 6]",164.60582761657668,30.135987974687502,4,4,0.003381061600521207,0,4,0.0,0,True,False,0.050000000000000044,30.135987974687502,5132,5132,F:\项目\专利\uav_dynamic_task_allocation\checkpoints\strike_order_dqn\latest.pt,,
1284,4,"[19, 18, 20, 17]",169.56104208358724,21.76935026904001,4,4,0.003181078878697008,0,4,0.0,0,True,False,0.050000000000000044,30.135987974687502,5136,5136,F:\项目\专利\uav_dynamic_task_allocation\checkpoints\strike_order_dqn\latest.pt,,
1285,1,"[5, 8, 7, 6]",149.2377467868531,30.0298134782743,4,4,0.0024184751964639872,1,3,0.25,0,True,False,0.050000000000000044,30.135987974687502,5140,5140,F:\项目\专利\uav_dynamic_task_allocation\checkpoints\strike_order_dqn\latest.pt,,
1286,0,"[4, 3, 2, 1]",143.75447345561832,27.15430895066569,4,4,0.002768886915873736,0,4,0.0,0,True,False,0.050000000000000044,30.135987974687502,5144,5144,F:\项目\专利\uav_dynamic_task_allocation\checkpoints\strike_order_dqn\latest.pt,,
1287,4,"[19, 18, 17, 20]",172.49892430786332,21.71901980128594,4,4,0.002758029382675886,0,4,0.0,0,True,False,0.050000000000000044,30.135987974687502,5148,5148,F:\项目\专利\uav_dynamic_task_allocation\checkpoints\strike_order_dqn\latest.pt,,
1288,1,"[5, 7, 8, 6]",164.60582761657668,30.135987974687502,4,4,0.003704740956891328,0,4,0.0,0,True,False,0.050000000000000044,30.135987974687502,5152,5152,F:\项目\专利\uav_dynamic_task_allocation\checkpoints\strike_order_dqn\latest.pt,,
1289,0,"[4, 3, 2, 1]",143.75447345561832,27.15430895066569,4,4,0.004830219433642924,0,4,0.0,0,True,False,0.050000000000000044,30.135987974687502,5156,5156,F:\项目\专利\uav_dynamic_task_allocation\checkpoints\strike_order_dqn\latest.pt,,
1290,3,"[15, 13, 16, 14]",110.72440362060973,26.524306284948956,4,4,0.005827829299960285,0,4,0.0,0,True,False,0.050000000000000044,30.135987974687502,5160,5160,F:\项目\专利\uav_dynamic_task_allocation\checkpoints\strike_order_dqn\latest.pt,,
1291,1,"[5, 7, 8, 6]",164.60582761657668,30.135987974687502,4,4,0.004506326338741928,0,4,0.0,0,True,False,0.050000000000000044,30.135987974687502,5164,5164,F:\项目\专利\uav_dynamic_task_allocation\checkpoints\strike_order_dqn\latest.pt,,
1292,4,"[19, 18, 20, 17]",169.56104208358724,21.76935026904001,4,4,0.003317394235637039,0,4,0.0,0,True,False,0.050000000000000044,30.135987974687502,5168,5168,F:\项目\专利\uav_dynamic_task_allocation\checkpoints\strike_order_dqn\latest.pt,,
1293,2,"[12, 10, 11, 9]",209.3632227065794,18.486365510503862,4,4,0.0034125347156077623,0,4,0.0,0,True,False,0.050000000000000044,30.135987974687502,5172,5172,F:\项目\专利\uav_dynamic_task_allocation\checkpoints\strike_order_dqn\latest.pt,,
1294,0,"[4, 3, 2, 1]",143.75447345561832,27.15430895066569,4,4,0.0028195767663419247,0,4,0.0,0,True,False,0.050000000000000044,30.135987974687502,5176,5176,F:\项目\专利\uav_dynamic_task_allocation\checkpoints\strike_order_dqn\latest.pt,,
1295,4,"[19, 18, 20, 17]",169.56104208358724,21.76935026904001,4,4,0.0025359782885061577,0,4,0.0,0,True,False,0.050000000000000044,30.135987974687502,5180,5180,F:\项目\专利\uav_dynamic_task_allocation\checkpoints\strike_order_dqn\latest.pt,,
1296,2,"[12, 10, 11, 9]",209.3632227065794,18.486365510503862,4,4,0.0018002676661126316,0,4,0.0,0,True,False,0.050000000000000044,30.135987974687502,5184,5184,F:\项目\专利\uav_dynamic_task_allocation\checkpoints\strike_order_dqn\latest.pt,,
1297,1,"[5, 7, 8, 6]",164.60582761657668,30.135987974687502,4,4,0.0019851367687806487,0,4,0.0,0,True,False,0.050000000000000044,30.135987974687502,5188,5188,F:\项目\专利\uav_dynamic_task_allocation\checkpoints\strike_order_dqn\latest.pt,,
1298,3,"[15, 13, 16, 14]",110.72440362060973,26.524306284948956,4,4,0.0016019370959838852,0,4,0.0,0,True,False,0.050000000000000044,30.135987974687502,5192,5192,F:\项目\专利\uav_dynamic_task_allocation\checkpoints\strike_order_dqn\latest.pt,,
1299,2,"[12, 10, 9, 11]",219.7060500282308,18.350952970962638,4,4,0.00239527941448614,0,4,0.0,0,True,False,0.050000000000000044,30.135987974687502,5196,5196,F:\项目\专利\uav_dynamic_task_allocation\checkpoints\strike_order_dqn\latest.pt,,
1300,0,"[4, 3, 2, 1]",143.75447345561832,27.15430895066569,4,4,0.0020133865837124176,0,4,0.0,0,True,False,0.050000000000000044,30.135987974687502,5200,5200,F:\项目\专利\uav_dynamic_task_allocation\checkpoints\strike_order_dqn\latest.pt,,
1301,3,"[15, 13, 16, 14]",110.72440362060973,26.524306284948956,4,4,0.004632475785911083,0,4,0.0,0,True,False,0.050000000000000044,30.135987974687502,5204,5204,F:\项目\专利\uav_dynamic_task_allocation\checkpoints\strike_order_dqn\latest.pt,,
1302,2,"[12, 10, 9, 11]",219.7060500282308,18.350952970962638,4,4,0.0051330902497284114,0,4,0.0,0,True,False,0.050000000000000044,30.135987974687502,5208,5208,F:\项目\专利\uav_dynamic_task_allocation\checkpoints\strike_order_dqn\latest.pt,,
1303,3,"[15, 13, 16, 14]",110.72440362060973,26.524306284948956,4,4,0.005799281061626971,0,4,0.0,0,True,False,0.050000000000000044,30.135987974687502,5212,5212,F:\项目\专利\uav_dynamic_task_allocation\checkpoints\strike_order_dqn\latest.pt,,
1304,4,"[19, 20, 17, 18]",205.15408927401,19.774473019758354,4,4,0.0023291373800020665,2,2,0.5,0,True,False,0.050000000000000044,30.135987974687502,5216,5216,F:\项目\专利\uav_dynamic_task_allocation\checkpoints\strike_order_dqn\latest.pt,,
1305,3,"[15, 13, 16, 14]",110.72440362060973,26.524306284948956,4,4,0.0036533212987706065,0,4,0.0,0,True,False,0.050000000000000044,30.135987974687502,5220,5220,F:\项目\专利\uav_dynamic_task_allocation\checkpoints\strike_order_dqn\latest.pt,,
1306,3,"[15, 13, 14, 16]",133.3081339541003,24.277141127399297,4,4,0.0030874828808009624,1,3,0.25,0,True,False,0.050000000000000044,30.135987974687502,5224,5224,F:\项目\专利\uav_dynamic_task_allocation\checkpoints\strike_order_dqn\latest.pt,,
1307,1,"[5, 7, 8, 6]",164.60582761657668,30.135987974687502,4,4,0.004832245467696339,0,4,0.0,0,True,False,0.050000000000000044,30.135987974687502,5228,5228,F:\项目\专利\uav_dynamic_task_allocation\checkpoints\strike_order_dqn\latest.pt,,
1308,1,"[5, 7, 8, 6]",164.60582761657668,30.135987974687502,4,4,0.0038170648040249944,0,4,0.0,0,True,False,0.050000000000000044,30.135987974687502,5232,5232,F:\项目\专利\uav_dynamic_task_allocation\checkpoints\strike_order_dqn\latest.pt,,
1309,2,"[12, 10, 11, 9]",209.3632227065794,18.486365510503862,4,4,0.003332396619953215,0,4,0.0,0,True,False,0.050000000000000044,30.135987974687502,5236,5236,F:\项目\专利\uav_dynamic_task_allocation\checkpoints\strike_order_dqn\latest.pt,,
1310,4,"[19, 18, 20, 17]",169.56104208358724,21.76935026904001,4,4,0.003313520079245791,0,4,0.0,0,True,False,0.050000000000000044,30.135987974687502,5240,5240,F:\项目\专利\uav_dynamic_task_allocation\checkpoints\strike_order_dqn\latest.pt,,
1311,2,"[12, 10, 11, 9]",209.3632227065794,18.486365510503862,4,4,0.003947195946238935,0,4,0.0,0,True,False,0.050000000000000044,30.135987974687502,5244,5244,F:\项目\专利\uav_dynamic_task_allocation\checkpoints\strike_order_dqn\latest.pt,,
1312,1,"[5, 7, 8, 6]",164.60582761657668,30.135987974687502,4,4,0.005927803926169872,1,3,0.25,0,True,False,0.050000000000000044,30.135987974687502,5248,5248,F:\项目\专利\uav_dynamic_task_allocation\checkpoints\strike_order_dqn\latest.pt,,
1313,3,"[15, 13, 16, 14]",110.72440362060973,26.524306284948956,4,4,0.004108042863663286,0,4,0.0,0,True,False,0.050000000000000044,30.135987974687502,5252,5252,F:\项目\专利\uav_dynamic_task_allocation\checkpoints\strike_order_dqn\latest.pt,,
1314,4,"[19, 18, 20, 17]",169.56104208358724,21.76935026904001,4,4,0.003915167355444282,1,3,0.25,0,True,False,0.050000000000000044,30.135987974687502,5256,5256,F:\项目\专利\uav_dynamic_task_allocation\checkpoints\strike_order_dqn\latest.pt,,
1315,4,"[19, 18, 17, 20]",172.49892430786332,21.71901980128594,4,4,0.00433590734610334,0,4,0.0,0,True,False,0.050000000000000044,30.135987974687502,5260,5260,F:\项目\专利\uav_dynamic_task_allocation\checkpoints\strike_order_dqn\latest.pt,,
1316,1,"[8, 5, 7, 6]",168.19732140372372,20.811147613887744,4,4,0.00362504122313112,1,3,0.25,0,True,False,0.050000000000000044,30.135987974687502,5264,5264,F:\项目\专利\uav_dynamic_task_allocation\checkpoints\strike_order_dqn\latest.pt,,
1317,3,"[15, 13, 16, 14]",110.72440362060973,26.524306284948956,4,4,0.0036839525564573705,0,4,0.0,0,True,False,0.050000000000000044,30.135987974687502,5268,5268,F:\项目\专利\uav_dynamic_task_allocation\checkpoints\strike_order_dqn\latest.pt,,
1318,2,"[12, 10, 11, 9]",209.3632227065794,18.486365510503862,4,4,0.003614062094129622,0,4,0.0,0,True,False,0.050000000000000044,30.135987974687502,5272,5272,F:\项目\专利\uav_dynamic_task_allocation\checkpoints\strike_order_dqn\latest.pt,,
1319,2,"[12, 10, 11, 9]",209.3632227065794,18.486365510503862,4,4,0.0019075903692282736,0,4,0.0,0,True,False,0.050000000000000044,30.135987974687502,5276,5276,F:\项目\专利\uav_dynamic_task_allocation\checkpoints\strike_order_dqn\latest.pt,,
1320,1,"[5, 7, 8, 6]",164.60582761657668,30.135987974687502,4,4,0.002874211233574897,0,4,0.0,0,True,False,0.050000000000000044,30.135987974687502,5280,5280,F:\项目\专利\uav_dynamic_task_allocation\checkpoints\strike_order_dqn\latest.pt,,
1321,0,"[1, 2, 4, 3]",165.4992225134303,24.752069426272065,4,4,0.0031749092740938067,1,3,0.25,0,True,False,0.050000000000000044,30.135987974687502,5284,5284,F:\项目\专利\uav_dynamic_task_allocation\checkpoints\strike_order_dqn\latest.pt,,
1322,1,"[5, 7, 8, 6]",164.60582761657668,30.135987974687502,4,4,0.0023840968497097492,1,3,0.25,0,True,False,0.050000000000000044,30.135987974687502,5288,5288,F:\项目\专利\uav_dynamic_task_allocation\checkpoints\strike_order_dqn\latest.pt,,
1323,2,"[12, 10, 11, 9]",209.3632227065794,18.486365510503862,4,4,0.003227551293093711,0,4,0.0,0,True,False,0.050000000000000044,30.135987974687502,5292,5292,F:\项目\专利\uav_dynamic_task_allocation\checkpoints\strike_order_dqn\latest.pt,,
1324,4,"[19, 18, 20, 17]",169.56104208358724,21.76935026904001,4,4,0.003968017525039613,0,4,0.0,0,True,False,0.050000000000000044,30.135987974687502,5296,5296,F:\项目\专利\uav_dynamic_task_allocation\checkpoints\strike_order_dqn\latest.pt,,
1325,4,"[19, 18, 17, 20]",172.49892430786332,21.71901980128594,4,4,0.0033802136313170195,0,4,0.0,0,True,False,0.050000000000000044,30.135987974687502,5300,5300,F:\项目\专利\uav_dynamic_task_allocation\checkpoints\strike_order_dqn\latest.pt,,
1326,0,"[4, 3, 2, 1]",143.75447345561832,27.15430895066569,4,4,0.004928078502416611,1,3,0.25,0,True,False,0.050000000000000044,30.135987974687502,5304,5304,F:\项目\专利\uav_dynamic_task_allocation\checkpoints\strike_order_dqn\latest.pt,,
1327,3,"[15, 13, 16, 14]",110.72440362060973,26.524306284948956,4,4,0.004338669998105615,0,4,0.0,0,True,False,0.050000000000000044,30.135987974687502,5308,5308,F:\项目\专利\uav_dynamic_task_allocation\checkpoints\strike_order_dqn\latest.pt,,
1328,0,"[4, 3, 2, 1]",143.75447345561832,27.15430895066569,4,4,0.0027161880279891193,1,3,0.25,0,True,False,0.050000000000000044,30.135987974687502,5312,5312,F:\项目\专利\uav_dynamic_task_allocation\checkpoints\strike_order_dqn\latest.pt,,
1329,3,"[15, 13, 16, 14]",110.72440362060973,26.524306284948956,4,4,0.004904698231257498,0,4,0.0,0,True,False,0.050000000000000044,30.135987974687502,5316,5316,F:\项目\专利\uav_dynamic_task_allocation\checkpoints\strike_order_dqn\latest.pt,,
1330,1,"[5, 7, 6, 8]",196.83620395644095,28.96805205102506,4,4,0.00582647230476141,1,3,0.25,0,True,False,0.050000000000000044,30.135987974687502,5320,5320,F:\项目\专利\uav_dynamic_task_allocation\checkpoints\strike_order_dqn\latest.pt,,
1331,2,"[11, 9, 12, 10]",195.22686250124153,18.40278416071593,4,4,0.008161332341842353,0,4,0.0,0,True,False,0.050000000000000044,30.135987974687502,5324,5324,F:\项目\专利\uav_dynamic_task_allocation\checkpoints\strike_order_dqn\latest.pt,,
1332,3,"[15, 13, 16, 14]",110.72440362060973,26.524306284948956,4,4,0.006866282725241035,0,4,0.0,0,True,False,0.050000000000000044,30.135987974687502,5328,5328,F:\项目\专利\uav_dynamic_task_allocation\checkpoints\strike_order_dqn\latest.pt,,
1333,2,"[9, 11, 12, 10]",209.42933638811832,18.11902167038629,4,4,0.009609141736291349,1,3,0.25,0,True,False,0.050000000000000044,30.135987974687502,5332,5332,F:\项目\专利\uav_dynamic_task_allocation\checkpoints\strike_order_dqn\latest.pt,,
1334,4,"[19, 18, 20, 17]",169.56104208358724,21.76935026904001,4,4,0.008128353394567966,0,4,0.0,0,True,False,0.050000000000000044,30.135987974687502,5336,5336,F:\项目\专利\uav_dynamic_task_allocation\checkpoints\strike_order_dqn\latest.pt,,
1335,2,"[12, 10, 11, 9]",209.3632227065794,18.486365510503862,4,4,0.008993635070510209,0,4,0.0,0,True,False,0.050000000000000044,30.135987974687502,5340,5340,F:\项目\专利\uav_dynamic_task_allocation\checkpoints\strike_order_dqn\latest.pt,,
1336,4,"[19, 18, 20, 17]",169.56104208358724,21.76935026904001,4,4,0.00618871976621449,1,3,0.25,0,True,False,0.050000000000000044,30.135987974687502,5344,5344,F:\项目\专利\uav_dynamic_task_allocation\checkpoints\strike_order_dqn\latest.pt,,
1337,3,"[15, 13, 16, 14]",110.72440362060973,26.524306284948956,4,4,0.004134961171075702,0,4,0.0,0,True,False,0.050000000000000044,30.135987974687502,5348,5348,F:\项目\专利\uav_dynamic_task_allocation\checkpoints\strike_order_dqn\latest.pt,,
1338,1,"[5, 7, 8, 6]",164.60582761657668,30.135987974687502,4,4,0.006841191148851067,0,4,0.0,0,True,False,0.050000000000000044,30.135987974687502,5352,5352,F:\项目\专利\uav_dynamic_task_allocation\checkpoints\strike_order_dqn\latest.pt,,
1339,3,"[15, 13, 16, 14]",110.72440362060973,26.524306284948956,4,4,0.004729376407340169,0,4,0.0,0,True,False,0.050000000000000044,30.135987974687502,5356,5356,F:\项目\专利\uav_dynamic_task_allocation\checkpoints\strike_order_dqn\latest.pt,,
1340,2,"[12, 10, 11, 9]",209.3632227065794,18.486365510503862,4,4,0.007072366192005575,0,4,0.0,0,True,False,0.050000000000000044,30.135987974687502,5360,5360,F:\项目\专利\uav_dynamic_task_allocation\checkpoints\strike_order_dqn\latest.pt,,
1341,2,"[11, 9, 12, 10]",195.22686250124153,18.40278416071593,4,4,0.007518138852901757,0,4,0.0,0,True,False,0.050000000000000044,30.135987974687502,5364,5364,F:\项目\专利\uav_dynamic_task_allocation\checkpoints\strike_order_dqn\latest.pt,,
1342,0,"[4, 3, 2, 1]",143.75447345561832,27.15430895066569,4,4,0.00818077358417213,0,4,0.0,0,True,False,0.050000000000000044,30.135987974687502,5368,5368,F:\项目\专利\uav_dynamic_task_allocation\checkpoints\strike_order_dqn\latest.pt,,
1343,0,"[4, 1, 2, 3]",203.35895948892696,20.013076246536983,4,4,0.007224388420581818,1,3,0.25,0,True,False,0.050000000000000044,30.135987974687502,5372,5372,F:\项目\专利\uav_dynamic_task_allocation\checkpoints\strike_order_dqn\latest.pt,,
1344,2,"[12, 10, 9, 11]",219.7060500282308,18.350952970962638,4,4,0.003922115662135184,0,4,0.0,0,True,False,0.050000000000000044,30.135987974687502,5376,5376,F:\项目\专利\uav_dynamic_task_allocation\checkpoints\strike_order_dqn\latest.pt,,
1345,0,"[4, 3, 2, 1]",143.75447345561832,27.15430895066569,4,4,0.004227802448440343,0,4,0.0,0,True,False,0.050000000000000044,30.135987974687502,5380,5380,F:\项目\专利\uav_dynamic_task_allocation\checkpoints\strike_order_dqn\latest.pt,,
1346,4,"[19, 18, 20, 17]",169.56104208358724,21.76935026904001,4,4,0.004753634741064161,0,4,0.0,0,True,False,0.050000000000000044,30.135987974687502,5384,5384,F:\项目\专利\uav_dynamic_task_allocation\checkpoints\strike_order_dqn\latest.pt,,
1347,4,"[19, 18, 20, 17]",169.56104208358724,21.76935026904001,4,4,0.0034542297944426537,0,4,0.0,0,True,False,0.050000000000000044,30.135987974687502,5388,5388,F:\项目\专利\uav_dynamic_task_allocation\checkpoints\strike_order_dqn\latest.pt,,
1348,3,"[15, 14, 16, 13]",127.77947310830064,24.393920000598463,4,4,0.005151176534127444,1,3,0.25,0,True,False,0.050000000000000044,30.135987974687502,5392,5392,F:\项目\专利\uav_dynamic_task_allocation\checkpoints\strike_order_dqn\latest.pt,,
1349,3,"[15, 13, 16, 14]",110.72440362060973,26.524306284948956,4,4,0.004581991117447615,0,4,0.0,0,True,False,0.050000000000000044,30.135987974687502,5396,5396,F:\项目\专利\uav_dynamic_task_allocation\checkpoints\strike_order_dqn\latest.pt,,
1350,2,"[11, 12, 10, 9]",261.0397354340567,16.765016255007843,4,4,0.00376238051103428,1,3,0.25,0,True,False,0.050000000000000044,30.135987974687502,5400,5400,F:\项目\专利\uav_dynamic_task_allocation\checkpoints\strike_order_dqn\latest.pt,,
1351,0,"[4, 3, 2, 1]",143.75447345561832,27.15430895066569,4,4,0.006428924505598843,0,4,0.0,0,True,False,0.050000000000000044,30.135987974687502,5404,5404,F:\项目\专利\uav_dynamic_task_allocation\checkpoints\strike_order_dqn\latest.pt,,
1352,1,"[5, 7, 8, 6]",164.60582761657668,30.135987974687502,4,4,0.004205692792311311,0,4,0.0,0,True,False,0.050000000000000044,30.135987974687502,5408,5408,F:\项目\专利\uav_dynamic_task_allocation\checkpoints\strike_order_dqn\latest.pt,,
1353,2,"[11, 12, 10, 9]",261.0397354340567,16.765016255007843,4,4,0.006930454401299357,2,2,0.5,0,True,False,0.050000000000000044,30.135987974687502,5412,5412,F:\项目\专利\uav_dynamic_task_allocation\checkpoints\strike_order_dqn\latest.pt,,
1354,4,"[19, 18, 20, 17]",169.56104208358724,21.76935026904001,4,4,0.005411932244896889,0,4,0.0,0,True,False,0.050000000000000044,30.135987974687502,5416,5416,F:\项目\专利\uav_dynamic_task_allocation\checkpoints\strike_order_dqn\latest.pt,,
1355,1,"[5, 7, 8, 6]",164.60582761657668,30.135987974687502,4,4,0.0035378210013732314,0,4,0.0,0,True,False,0.050000000000000044,30.135987974687502,5420,5420,F:\项目\专利\uav_dynamic_task_allocation\checkpoints\strike_order_dqn\latest.pt,,
1356,2,"[11, 9, 12, 10]",195.22686250124153,18.40278416071593,4,4,0.004290225624572486,0,4,0.0,0,True,False,0.050000000000000044,30.135987974687502,5424,5424,F:\项目\专利\uav_dynamic_task_allocation\checkpoints\strike_order_dqn\latest.pt,,
1357,1,"[5, 7, 6, 8]",196.83620395644095,28.96805205102506,4,4,0.004129989421926439,1,3,0.25,0,True,False,0.050000000000000044,30.135987974687502,5428,5428,F:\项目\专利\uav_dynamic_task_allocation\checkpoints\strike_order_dqn\latest.pt,,
1358,0,"[4, 3, 2, 1]",143.75447345561832,27.15430895066569,4,4,0.003739486972335726,0,4,0.0,0,True,False,0.050000000000000044,30.135987974687502,5432,5432,F:\项目\专利\uav_dynamic_task_allocation\checkpoints\strike_order_dqn\latest.pt,,
1359,0,"[4, 3, 2, 1]",143.75447345561832,27.15430895066569,4,4,0.0025721823913045228,1,3,0.25,0,True,False,0.050000000000000044,30.135987974687502,5436,5436,F:\项目\专利\uav_dynamic_task_allocation\checkpoints\strike_order_dqn\latest.pt,,
1360,1,"[5, 7, 8, 6]",164.60582761657668,30.135987974687502,4,4,0.0036437709350138903,0,4,0.0,0,True,False,0.050000000000000044,30.135987974687502,5440,5440,F:\项目\专利\uav_dynamic_task_allocation\checkpoints\strike_order_dqn\latest.pt,,
1361,0,"[4, 3, 2, 1]",143.75447345561832,27.15430895066569,4,4,0.004422496538609266,0,4,0.0,0,True,False,0.050000000000000044,30.135987974687502,5444,5444,F:\项目\专利\uav_dynamic_task_allocation\checkpoints\strike_order_dqn\latest.pt,,
1362,0,"[4, 3, 2, 1]",143.75447345561832,27.15430895066569,4,4,0.002895922167226672,0,4,0.0,0,True,False,0.050000000000000044,30.135987974687502,5448,5448,F:\项目\专利\uav_dynamic_task_allocation\checkpoints\strike_order_dqn\latest.pt,,
1363,1,"[5, 7, 8, 6]",164.60582761657668,30.135987974687502,4,4,0.0031033653067424893,0,4,0.0,0,True,False,0.050000000000000044,30.135987974687502,5452,5452,F:\项目\专利\uav_dynamic_task_allocation\checkpoints\strike_order_dqn\latest.pt,,
1364,1,"[5, 7, 8, 6]",164.60582761657668,30.135987974687502,4,4,0.003274257469456643,0,4,0.0,0,True,False,0.050000000000000044,30.135987974687502,5456,5456,F:\项目\专利\uav_dynamic_task_allocation\checkpoints\strike_order_dqn\latest.pt,,
1365,2,"[11, 9, 12, 10]",195.22686250124153,18.40278416071593,4,4,0.003791592374909669,0,4,0.0,0,True,False,0.050000000000000044,30.135987974687502,5460,5460,F:\项目\专利\uav_dynamic_task_allocation\checkpoints\strike_order_dqn\latest.pt,,
1366,0,"[4, 3, 2, 1]",143.75447345561832,27.15430895066569,4,4,0.0027580399182625115,0,4,0.0,0,True,False,0.050000000000000044,30.135987974687502,5464,5464,F:\项目\专利\uav_dynamic_task_allocation\checkpoints\strike_order_dqn\latest.pt,,
1367,1,"[5, 7, 8, 6]",164.60582761657668,30.135987974687502,4,4,0.002116075251251459,0,4,0.0,0,True,False,0.050000000000000044,30.135987974687502,5468,5468,F:\项目\专利\uav_dynamic_task_allocation\checkpoints\strike_order_dqn\latest.pt,,
1368,2,"[11, 9, 12, 10]",195.22686250124153,18.40278416071593,4,4,0.002675491734407842,0,4,0.0,0,True,False,0.050000000000000044,30.135987974687502,5472,5472,F:\项目\专利\uav_dynamic_task_allocation\checkpoints\strike_order_dqn\latest.pt,,
1369,4,"[19, 17, 20, 18]",193.25430480962262,20.112843240011067,4,4,0.001877217466244474,1,3,0.25,0,True,False,0.050000000000000044,30.135987974687502,5476,5476,F:\项目\专利\uav_dynamic_task_allocation\checkpoints\strike_order_dqn\latest.pt,,
1370,3,"[15, 13, 16, 14]",110.72440362060973,26.524306284948956,4,4,0.0019911757844965905,0,4,0.0,0,True,False,0.050000000000000044,30.135987974687502,5480,5480,F:\项目\专利\uav_dynamic_task_allocation\checkpoints\strike_order_dqn\latest.pt,,
1371,4,"[17, 20, 19, 18]",170.67585144740272,20.153977949194896,4,4,0.00415827170945704,1,3,0.25,0,True,False,0.050000000000000044,30.135987974687502,5484,5484,F:\项目\专利\uav_dynamic_task_allocation\checkpoints\strike_order_dqn\latest.pt,,
1372,1,"[5, 7, 8, 6]",164.60582761657668,30.135987974687502,4,4,0.0037863406469114125,0,4,0.0,0,True,False,0.050000000000000044,30.135987974687502,5488,5488,F:\项目\专利\uav_dynamic_task_allocation\checkpoints\strike_order_dqn\latest.pt,,
1373,2,"[11, 9, 12, 10]",195.22686250124153,18.40278416071593,4,4,0.003290806256700307,0,4,0.0,0,True,False,0.050000000000000044,30.135987974687502,5492,5492,F:\项目\专利\uav_dynamic_task_allocation\checkpoints\strike_order_dqn\latest.pt,,
1374,2,"[11, 9, 12, 10]",195.22686250124153,18.40278416071593,4,4,0.006755056092515588,0,4,0.0,0,True,False,0.050000000000000044,30.135987974687502,5496,5496,F:\项目\专利\uav_dynamic_task_allocation\checkpoints\strike_order_dqn\latest.pt,,
1375,4,"[19, 18, 17, 20]",172.49892430786332,21.71901980128594,4,4,0.010062397690489888,0,4,0.0,0,True,False,0.050000000000000044,30.135987974687502,5500,5500,F:\项目\专利\uav_dynamic_task_allocation\checkpoints\strike_order_dqn\latest.pt,,
1376,4,"[19, 18, 20, 17]",169.56104208358724,21.76935026904001,4,4,0.012222822522744536,0,4,0.0,0,True,False,0.050000000000000044,30.135987974687502,5504,5504,F:\项目\专利\uav_dynamic_task_allocation\checkpoints\strike_order_dqn\latest.pt,,
1377,4,"[19, 18, 20, 17]",169.56104208358724,21.76935026904001,4,4,0.011936524882912636,0,4,0.0,0,True,False,0.050000000000000044,30.135987974687502,5508,5508,F:\项目\专利\uav_dynamic_task_allocation\checkpoints\strike_order_dqn\latest.pt,,
1378,3,"[15, 13, 14, 16]",133.3081339541003,24.277141127399297,4,4,0.016123202396556735,1,3,0.25,0,True,False,0.050000000000000044,30.135987974687502,5512,5512,F:\项目\专利\uav_dynamic_task_allocation\checkpoints\strike_order_dqn\latest.pt,,
1379,2,"[12, 10, 11, 9]",209.3632227065794,18.486365510503862,4,4,0.008143824059516191,0,4,0.0,0,True,False,0.050000000000000044,30.135987974687502,5516,5516,F:\项目\专利\uav_dynamic_task_allocation\checkpoints\strike_order_dqn\latest.pt,,
1380,2,"[12, 10, 11, 9]",209.3632227065794,18.486365510503862,4,4,0.005335416994057596,0,4,0.0,0,True,False,0.050000000000000044,30.135987974687502,5520,5520,F:\项目\专利\uav_dynamic_task_allocation\checkpoints\strike_order_dqn\latest.pt,,
1381,4,"[19, 18, 20, 17]",169.56104208358724,21.76935026904001,4,4,0.007491079391911626,0,4,0.0,0,True,False,0.050000000000000044,30.135987974687502,5524,5524,F:\项目\专利\uav_dynamic_task_allocation\checkpoints\strike_order_dqn\latest.pt,,
1382,1,"[5, 8, 7, 6]",149.2377467868531,30.0298134782743,4,4,0.006859570974484086,0,4,0.0,0,True,False,0.050000000000000044,30.135987974687502,5528,5528,F:\项目\专利\uav_dynamic_task_allocation\checkpoints\strike_order_dqn\latest.pt,,
1383,1,"[5, 8, 7, 6]",149.2377467868531,30.0298134782743,4,4,0.007717546308413148,0,4,0.0,0,True,False,0.050000000000000044,30.135987974687502,5532,5532,F:\项目\专利\uav_dynamic_task_allocation\checkpoints\strike_order_dqn\latest.pt,,
1384,4,"[17, 20, 19, 18]",170.67585144740272,20.153977949194896,4,4,0.011985480203293264,1,3,0.25,0,True,False,0.050000000000000044,30.135987974687502,5536,5536,F:\项目\专利\uav_dynamic_task_allocation\checkpoints\strike_order_dqn\latest.pt,,
1385,1,"[5, 7, 8, 6]",164.60582761657668,30.135987974687502,4,4,0.012999456375837326,0,4,0.0,0,True,False,0.050000000000000044,30.135987974687502,5540,5540,F:\项目\专利\uav_dynamic_task_allocation\checkpoints\strike_order_dqn\latest.pt,,
1386,1,"[5, 7, 8, 6]",164.60582761657668,30.135987974687502,4,4,0.009202160406857729,0,4,0.0,0,True,False,0.050000000000000044,30.135987974687502,5544,5544,F:\项目\专利\uav_dynamic_task_allocation\checkpoints\strike_order_dqn\latest.pt,,
1387,2,"[12, 10, 9, 11]",219.7060500282308,18.350952970962638,4,4,0.010341644519940019,1,3,0.25,0,True,False,0.050000000000000044,30.135987974687502,5548,5548,F:\项目\专利\uav_dynamic_task_allocation\checkpoints\strike_order_dqn\latest.pt,,
1388,1,"[5, 8, 7, 6]",149.2377467868531,30.0298134782743,4,4,0.005621998803690076,0,4,0.0,0,True,False,0.050000000000000044,30.135987974687502,5552,5552,F:\项目\专利\uav_dynamic_task_allocation\checkpoints\strike_order_dqn\latest.pt,,
1389,4,"[19, 18, 20, 17]",169.56104208358724,21.76935026904001,4,4,0.006564775016158819,0,4,0.0,0,True,False,0.050000000000000044,30.135987974687502,5556,5556,F:\项目\专利\uav_dynamic_task_allocation\checkpoints\strike_order_dqn\latest.pt,,
1390,4,"[19, 18, 20, 17]",169.56104208358724,21.76935026904001,4,4,0.005096949404105544,1,3,0.25,0,True,False,0.050000000000000044,30.135987974687502,5560,5560,F:\项目\专利\uav_dynamic_task_allocation\checkpoints\strike_order_dqn\latest.pt,,
1391,1,"[5, 7, 8, 6]",164.60582761657668,30.135987974687502,4,4,0.005617788527160883,1,3,0.25,0,True,False,0.050000000000000044,30.135987974687502,5564,5564,F:\项目\专利\uav_dynamic_task_allocation\checkpoints\strike_order_dqn\latest.pt,,
1392,2,"[11, 9, 12, 10]",195.22686250124153,18.40278416071593,4,4,0.00686351815238595,0,4,0.0,0,True,False,0.050000000000000044,30.135987974687502,5568,5568,F:\项目\专利\uav_dynamic_task_allocation\checkpoints\strike_order_dqn\latest.pt,,
1393,4,"[19, 18, 20, 17]",169.56104208358724,21.76935026904001,4,4,0.005122769740410149,0,4,0.0,0,True,False,0.050000000000000044,30.135987974687502,5572,5572,F:\项目\专利\uav_dynamic_task_allocation\checkpoints\strike_order_dqn\latest.pt,,
1394,3,"[15, 13, 16, 14]",110.72440362060973,26.524306284948956,4,4,0.005345347337424755,0,4,0.0,0,True,False,0.050000000000000044,30.135987974687502,5576,5576,F:\项目\专利\uav_dynamic_task_allocation\checkpoints\strike_order_dqn\latest.pt,,
1395,1,"[5, 7, 8, 6]",164.60582761657668,30.135987974687502,4,4,0.0034950939007103443,0,4,0.0,0,True,False,0.050000000000000044,30.135987974687502,5580,5580,F:\项目\专利\uav_dynamic_task_allocation\checkpoints\strike_order_dqn\latest.pt,,
1396,2,"[12, 10, 11, 9]",209.3632227065794,18.486365510503862,4,4,0.0059804198099300265,0,4,0.0,0,True,False,0.050000000000000044,30.135987974687502,5584,5584,F:\项目\专利\uav_dynamic_task_allocation\checkpoints\strike_order_dqn\latest.pt,,
1397,3,"[15, 13, 16, 14]",110.72440362060973,26.524306284948956,4,4,0.004255450388882309,0,4,0.0,0,True,False,0.050000000000000044,30.135987974687502,5588,5588,F:\项目\专利\uav_dynamic_task_allocation\checkpoints\strike_order_dqn\latest.pt,,
1398,3,"[15, 13, 16, 14]",110.72440362060973,26.524306284948956,4,4,0.0029214831010904163,0,4,0.0,0,True,False,0.050000000000000044,30.135987974687502,5592,5592,F:\项目\专利\uav_dynamic_task_allocation\checkpoints\strike_order_dqn\latest.pt,,
1399,0,"[4, 1, 2, 3]",203.35895948892696,20.013076246536983,4,4,0.0035535095958039165,1,3,0.25,0,True,False,0.050000000000000044,30.135987974687502,5596,5596,F:\项目\专利\uav_dynamic_task_allocation\checkpoints\strike_order_dqn\latest.pt,,
1400,1,"[5, 7, 8, 6]",164.60582761657668,30.135987974687502,4,4,0.005446545779705048,0,4,0.0,0,True,False,0.050000000000000044,30.135987974687502,5600,5600,F:\项目\专利\uav_dynamic_task_allocation\checkpoints\strike_order_dqn\latest.pt,,
1401,4,"[19, 18, 20, 17]",169.56104208358724,21.76935026904001,4,4,0.013026914559304714,0,4,0.0,0,True,False,0.050000000000000044,30.135987974687502,5604,5604,F:\项目\专利\uav_dynamic_task_allocation\checkpoints\strike_order_dqn\latest.pt,,
1402,1,"[5, 7, 8, 6]",164.60582761657668,30.135987974687502,4,4,0.009376094327308238,0,4,0.0,0,True,False,0.050000000000000044,30.135987974687502,5608,5608,F:\项目\专利\uav_dynamic_task_allocation\checkpoints\strike_order_dqn\latest.pt,,
1403,1,"[5, 7, 8, 6]",164.60582761657668,30.135987974687502,4,4,0.008945954730734229,0,4,0.0,0,True,False,0.050000000000000044,30.135987974687502,5612,5612,F:\项目\专利\uav_dynamic_task_allocation\checkpoints\strike_order_dqn\latest.pt,,
1404,1,"[5, 7, 8, 6]",164.60582761657668,30.135987974687502,4,4,0.009992569335736334,0,4,0.0,0,True,False,0.050000000000000044,30.135987974687502,5616,5616,F:\项目\专利\uav_dynamic_task_allocation\checkpoints\strike_order_dqn\latest.pt,,
1405,0,"[4, 3, 2, 1]",143.75447345561832,27.15430895066569,4,4,0.008570616599172354,2,2,0.5,0,True,False,0.050000000000000044,30.135987974687502,5620,5620,F:\项目\专利\uav_dynamic_task_allocation\checkpoints\strike_order_dqn\latest.pt,,
1406,0,"[4, 3, 2, 1]",143.75447345561832,27.15430895066569,4,4,0.006629010662436485,1,3,0.25,0,True,False,0.050000000000000044,30.135987974687502,5624,5624,F:\项目\专利\uav_dynamic_task_allocation\checkpoints\strike_order_dqn\latest.pt,,
1407,1,"[6, 7, 5, 8]",184.52498436041088,20.003753272511286,4,4,0.006973474286496639,1,3,0.25,0,True,False,0.050000000000000044,30.135987974687502,5628,5628,F:\项目\专利\uav_dynamic_task_allocation\checkpoints\strike_order_dqn\latest.pt,,
1408,4,"[19, 18, 20, 17]",169.56104208358724,21.76935026904001,4,4,0.004506374825723469,0,4,0.0,0,True,False,0.050000000000000044,30.135987974687502,5632,5632,F:\项目\专利\uav_dynamic_task_allocation\checkpoints\strike_order_dqn\latest.pt,,
1409,0,"[4, 3, 2, 1]",143.75447345561832,27.15430895066569,4,4,0.005882907309569418,0,4,0.0,0,True,False,0.050000000000000044,30.135987974687502,5636,5636,F:\项目\专利\uav_dynamic_task_allocation\checkpoints\strike_order_dqn\latest.pt,,
1410,1,"[5, 7, 8, 6]",164.60582761657668,30.135987974687502,4,4,0.005572837602812797,0,4,0.0,0,True,False,0.050000000000000044,30.135987974687502,5640,5640,F:\项目\专利\uav_dynamic_task_allocation\checkpoints\strike_order_dqn\latest.pt,,
1411,0,"[4, 3, 2, 1]",143.75447345561832,27.15430895066569,4,4,0.005062724347226322,0,4,0.0,0,True,False,0.050000000000000044,30.135987974687502,5644,5644,F:\项目\专利\uav_dynamic_task_allocation\checkpoints\strike_order_dqn\latest.pt,,
1412,2,"[12, 10, 11, 9]",209.3632227065794,18.486365510503862,4,4,0.003173834236804396,0,4,0.0,0,True,False,0.050000000000000044,30.135987974687502,5648,5648,F:\项目\专利\uav_dynamic_task_allocation\checkpoints\strike_order_dqn\latest.pt,,
1413,1,"[5, 7, 8, 6]",164.60582761657668,30.135987974687502,4,4,0.003972342354245484,0,4,0.0,0,True,False,0.050000000000000044,30.135987974687502,5652,5652,F:\项目\专利\uav_dynamic_task_allocation\checkpoints\strike_order_dqn\latest.pt,,
1414,3,"[13, 16, 15, 14]",116.10182393712081,26.366462669072508,4,4,0.005218619829975069,0,4,0.0,0,True,False,0.050000000000000044,30.135987974687502,5656,5656,F:\项目\专利\uav_dynamic_task_allocation\checkpoints\strike_order_dqn\latest.pt,,
1415,2,"[12, 10, 9, 11]",219.7060500282308,18.350952970962638,4,4,0.0028768492629751563,0,4,0.0,0,True,False,0.050000000000000044,30.135987974687502,5660,5660,F:\项目\专利\uav_dynamic_task_allocation\checkpoints\strike_order_dqn\latest.pt,,
1416,3,"[13, 16, 15, 14]",116.10182393712081,26.366462669072508,4,4,0.003421506844460964,0,4,0.0,0,True,False,0.050000000000000044,30.135987974687502,5664,5664,F:\项目\专利\uav_dynamic_task_allocation\checkpoints\strike_order_dqn\latest.pt,,
1417,3,"[13, 16, 15, 14]",116.10182393712081,26.366462669072508,4,4,0.002791849139612168,0,4,0.0,0,True,False,0.050000000000000044,30.135987974687502,5668,5668,F:\项目\专利\uav_dynamic_task_allocation\checkpoints\strike_order_dqn\latest.pt,,
1418,2,"[12, 10, 11, 9]",209.3632227065794,18.486365510503862,4,4,0.0032413320732302964,0,4,0.0,0,True,False,0.050000000000000044,30.135987974687502,5672,5672,F:\项目\专利\uav_dynamic_task_allocation\checkpoints\strike_order_dqn\latest.pt,,
1419,4,"[19, 18, 20, 17]",169.56104208358724,21.76935026904001,4,4,0.0042056163074448705,0,4,0.0,0,True,False,0.050000000000000044,30.135987974687502,5676,5676,F:\项目\专利\uav_dynamic_task_allocation\checkpoints\strike_order_dqn\latest.pt,,
1420,2,"[12, 10, 11, 9]",209.3632227065794,18.486365510503862,4,4,0.0045472345082089305,0,4,0.0,0,True,False,0.050000000000000044,30.135987974687502,5680,5680,F:\项目\专利\uav_dynamic_task_allocation\checkpoints\strike_order_dqn\latest.pt,,
1421,4,"[19, 18, 20, 17]",169.56104208358724,21.76935026904001,4,4,0.0047539210063405335,0,4,0.0,0,True,False,0.050000000000000044,30.135987974687502,5684,5684,F:\项目\专利\uav_dynamic_task_allocation\checkpoints\strike_order_dqn\latest.pt,,
1422,4,"[19, 18, 20, 17]",169.56104208358724,21.76935026904001,4,4,0.0031872031977400184,0,4,0.0,0,True,False,0.050000000000000044,30.135987974687502,5688,5688,F:\项目\专利\uav_dynamic_task_allocation\checkpoints\strike_order_dqn\latest.pt,,
1423,2,"[12, 10, 11, 9]",209.3632227065794,18.486365510503862,4,4,0.005119285196997225,0,4,0.0,0,True,False,0.050000000000000044,30.135987974687502,5692,5692,F:\项目\专利\uav_dynamic_task_allocation\checkpoints\strike_order_dqn\latest.pt,,
1424,3,"[15, 13, 16, 14]",110.72440362060973,26.524306284948956,4,4,0.004346637811977416,0,4,0.0,0,True,False,0.050000000000000044,30.135987974687502,5696,5696,F:\项目\专利\uav_dynamic_task_allocation\checkpoints\strike_order_dqn\latest.pt,,
1425,1,"[5, 7, 8, 6]",164.60582761657668,30.135987974687502,4,4,0.0069035644410178065,0,4,0.0,0,True,False,0.050000000000000044,30.135987974687502,5700,5700,F:\项目\专利\uav_dynamic_task_allocation\checkpoints\strike_order_dqn\latest.pt,,
1426,4,"[19, 18, 17, 20]",172.49892430786332,21.71901980128594,4,4,0.010959836305119097,0,4,0.0,0,True,False,0.050000000000000044,30.135987974687502,5704,5704,F:\项目\专利\uav_dynamic_task_allocation\checkpoints\strike_order_dqn\latest.pt,,
1427,3,"[13, 15, 14, 16]",121.91912521010097,26.288679406490516,4,4,0.00856569386087358,0,4,0.0,0,True,False,0.050000000000000044,30.135987974687502,5708,5708,F:\项目\专利\uav_dynamic_task_allocation\checkpoints\strike_order_dqn\latest.pt,,
1428,4,"[19, 18, 20, 17]",169.56104208358724,21.76935026904001,4,4,0.010232692351564765,0,4,0.0,0,True,False,0.050000000000000044,30.135987974687502,5712,5712,F:\项目\专利\uav_dynamic_task_allocation\checkpoints\strike_order_dqn\latest.pt,,
1429,1,"[5, 8, 7, 6]",149.2377467868531,30.0298134782743,4,4,0.008875631261616945,0,4,0.0,0,True,False,0.050000000000000044,30.135987974687502,5716,5716,F:\项目\专利\uav_dynamic_task_allocation\checkpoints\strike_order_dqn\latest.pt,,
1430,3,"[15, 13, 16, 14]",110.72440362060973,26.524306284948956,4,4,0.008413232630118728,0,4,0.0,0,True,False,0.050000000000000044,30.135987974687502,5720,5720,F:\项目\专利\uav_dynamic_task_allocation\checkpoints\strike_order_dqn\latest.pt,,
1431,2,"[12, 10, 9, 11]",219.7060500282308,18.350952970962638,4,4,0.01694833254441619,0,4,0.0,0,True,False,0.050000000000000044,30.135987974687502,5724,5724,F:\项目\专利\uav_dynamic_task_allocation\checkpoints\strike_order_dqn\latest.pt,,
1432,0,"[4, 3, 2, 1]",143.75447345561832,27.15430895066569,4,4,0.016096092062070966,0,4,0.0,0,True,False,0.050000000000000044,30.135987974687502,5728,5728,F:\项目\专利\uav_dynamic_task_allocation\checkpoints\strike_order_dqn\latest.pt,,
1433,0,"[4, 3, 2, 1]",143.75447345561832,27.15430895066569,4,4,0.009294993942603469,0,4,0.0,0,True,False,0.050000000000000044,30.135987974687502,5732,5732,F:\项目\专利\uav_dynamic_task_allocation\checkpoints\strike_order_dqn\latest.pt,,
1434,2,"[12, 10, 11, 9]",209.3632227065794,18.486365510503862,4,4,0.010728359571658075,0,4,0.0,0,True,False,0.050000000000000044,30.135987974687502,5736,5736,F:\项目\专利\uav_dynamic_task_allocation\checkpoints\strike_order_dqn\latest.pt,,
1435,1,"[5, 7, 8, 6]",164.60582761657668,30.135987974687502,4,4,0.005835459451191127,0,4,0.0,0,True,False,0.050000000000000044,30.135987974687502,5740,5740,F:\项目\专利\uav_dynamic_task_allocation\checkpoints\strike_order_dqn\latest.pt,,
1436,0,"[4, 3, 2, 1]",143.75447345561832,27.15430895066569,4,4,0.00913881475571543,0,4,0.0,0,True,False,0.050000000000000044,30.135987974687502,5744,5744,F:\项目\专利\uav_dynamic_task_allocation\checkpoints\strike_order_dqn\latest.pt,,
1437,2,"[11, 9, 12, 10]",195.22686250124153,18.40278416071593,4,4,0.0069623260060325265,0,4,0.0,0,True,False,0.050000000000000044,30.135987974687502,5748,5748,F:\项目\专利\uav_dynamic_task_allocation\checkpoints\strike_order_dqn\latest.pt,,
1438,3,"[15, 13, 16, 14]",110.72440362060973,26.524306284948956,4,4,0.011168579920195043,1,3,0.25,0,True,False,0.050000000000000044,30.135987974687502,5752,5752,F:\项目\专利\uav_dynamic_task_allocation\checkpoints\strike_order_dqn\latest.pt,,
1439,1,"[5, 7, 8, 6]",164.60582761657668,30.135987974687502,4,4,0.012192174210213125,0,4,0.0,0,True,False,0.050000000000000044,30.135987974687502,5756,5756,F:\项目\专利\uav_dynamic_task_allocation\checkpoints\strike_order_dqn\latest.pt,,
1440,4,"[19, 18, 20, 17]",169.56104208358724,21.76935026904001,4,4,0.007315899827517569,1,3,0.25,0,True,False,0.050000000000000044,30.135987974687502,5760,5760,F:\项目\专利\uav_dynamic_task_allocation\checkpoints\strike_order_dqn\latest.pt,,
1441,3,"[15, 13, 16, 14]",110.72440362060973,26.524306284948956,4,4,0.010907228104770184,0,4,0.0,0,True,False,0.050000000000000044,30.135987974687502,5764,5764,F:\项目\专利\uav_dynamic_task_allocation\checkpoints\strike_order_dqn\latest.pt,,
1442,2,"[11, 9, 12, 10]",195.22686250124153,18.40278416071593,4,4,0.012998447054997087,0,4,0.0,0,True,False,0.050000000000000044,30.135987974687502,5768,5768,F:\项目\专利\uav_dynamic_task_allocation\checkpoints\strike_order_dqn\latest.pt,,
1443,4,"[19, 18, 20, 17]",169.56104208358724,21.76935026904001,4,4,0.008784165256656706,0,4,0.0,0,True,False,0.050000000000000044,30.135987974687502,5772,5772,F:\项目\专利\uav_dynamic_task_allocation\checkpoints\strike_order_dqn\latest.pt,,
1444,2,"[11, 9, 12, 10]",195.22686250124153,18.40278416071593,4,4,0.01433501671999693,1,3,0.25,0,True,False,0.050000000000000044,30.135987974687502,5776,5776,F:\项目\专利\uav_dynamic_task_allocation\checkpoints\strike_order_dqn\latest.pt,,
1445,0,"[4, 3, 2, 1]",143.75447345561832,27.15430895066569,4,4,0.022394854575395584,0,4,0.0,0,True,False,0.050000000000000044,30.135987974687502,5780,5780,F:\项目\专利\uav_dynamic_task_allocation\checkpoints\strike_order_dqn\latest.pt,,
1446,0,"[4, 3, 2, 1]",143.75447345561832,27.15430895066569,4,4,0.014512221328914165,0,4,0.0,0,True,False,0.050000000000000044,30.135987974687502,5784,5784,F:\项目\专利\uav_dynamic_task_allocation\checkpoints\strike_order_dqn\latest.pt,,
1447,4,"[19, 18, 20, 17]",169.56104208358724,21.76935026904001,4,4,0.009158447268418968,0,4,0.0,0,True,False,0.050000000000000044,30.135987974687502,5788,5788,F:\项目\专利\uav_dynamic_task_allocation\checkpoints\strike_order_dqn\latest.pt,,
1448,4,"[19, 18, 20, 17]",169.56104208358724,21.76935026904001,4,4,0.009433601051568985,0,4,0.0,0,True,False,0.050000000000000044,30.135987974687502,5792,5792,F:\项目\专利\uav_dynamic_task_allocation\checkpoints\strike_order_dqn\latest.pt,,
1449,3,"[15, 13, 16, 14]",110.72440362060973,26.524306284948956,4,4,0.006569888675585389,0,4,0.0,0,True,False,0.050000000000000044,30.135987974687502,5796,5796,F:\项目\专利\uav_dynamic_task_allocation\checkpoints\strike_order_dqn\latest.pt,,
1450,0,"[4, 3, 2, 1]",143.75447345561832,27.15430895066569,4,4,0.008582732290960848,0,4,0.0,0,True,False,0.050000000000000044,30.135987974687502,5800,5800,F:\项目\专利\uav_dynamic_task_allocation\checkpoints\strike_order_dqn\latest.pt,,
1451,1,"[5, 7, 8, 6]",164.60582761657668,30.135987974687502,4,4,0.010538883740082383,0,4,0.0,0,True,False,0.050000000000000044,30.135987974687502,5804,5804,F:\项目\专利\uav_dynamic_task_allocation\checkpoints\strike_order_dqn\latest.pt,,
1452,0,"[4, 3, 2, 1]",143.75447345561832,27.15430895066569,4,4,0.008645700290799141,0,4,0.0,0,True,False,0.050000000000000044,30.135987974687502,5808,5808,F:\项目\专利\uav_dynamic_task_allocation\checkpoints\strike_order_dqn\latest.pt,,
1453,0,"[4, 3, 2, 1]",143.75447345561832,27.15430895066569,4,4,0.010404248838312924,0,4,0.0,0,True,False,0.050000000000000044,30.135987974687502,5812,5812,F:\项目\专利\uav_dynamic_task_allocation\checkpoints\strike_order_dqn\latest.pt,,
1454,1,"[5, 7, 8, 6]",164.60582761657668,30.135987974687502,4,4,0.011970773804932833,0,4,0.0,0,True,False,0.050000000000000044,30.135987974687502,5816,5816,F:\项目\专利\uav_dynamic_task_allocation\checkpoints\strike_order_dqn\latest.pt,,
1455,2,"[11, 9, 12, 10]",195.22686250124153,18.40278416071593,4,4,0.007552292896434665,0,4,0.0,0,True,False,0.050000000000000044,30.135987974687502,5820,5820,F:\项目\专利\uav_dynamic_task_allocation\checkpoints\strike_order_dqn\latest.pt,,
1456,0,"[4, 3, 2, 1]",143.75447345561832,27.15430895066569,4,4,0.006480639101937413,0,4,0.0,0,True,False,0.050000000000000044,30.135987974687502,5824,5824,F:\项目\专利\uav_dynamic_task_allocation\checkpoints\strike_order_dqn\latest.pt,,
1457,4,"[20, 17, 19, 18]",163.52770884030468,20.317524759490777,4,4,0.007335063768550754,1,3,0.25,0,True,False,0.050000000000000044,30.135987974687502,5828,5828,F:\项目\专利\uav_dynamic_task_allocation\checkpoints\strike_order_dqn\latest.pt,,
1458,2,"[12, 10, 9, 11]",219.7060500282308,18.350952970962638,4,4,0.0058453785022720695,0,4,0.0,0,True,False,0.050000000000000044,30.135987974687502,5832,5832,F:\项目\专利\uav_dynamic_task_allocation\checkpoints\strike_order_dqn\latest.pt,,
1459,1,"[5, 7, 8, 6]",164.60582761657668,30.135987974687502,4,4,0.003612015920225531,0,4,0.0,0,True,False,0.050000000000000044,30.135987974687502,5836,5836,F:\项目\专利\uav_dynamic_task_allocation\checkpoints\strike_order_dqn\latest.pt,,
1460,2,"[12, 10, 9, 11]",219.7060500282308,18.350952970962638,4,4,0.007231464900542051,1,3,0.25,0,True,False,0.050000000000000044,30.135987974687502,5840,5840,F:\项目\专利\uav_dynamic_task_allocation\checkpoints\strike_order_dqn\latest.pt,,
1461,3,"[15, 13, 16, 14]",110.72440362060973,26.524306284948956,4,4,0.004195880144834518,1,3,0.25,0,True,False,0.050000000000000044,30.135987974687502,5844,5844,F:\项目\专利\uav_dynamic_task_allocation\checkpoints\strike_order_dqn\latest.pt,,
1462,1,"[5, 7, 8, 6]",164.60582761657668,30.135987974687502,4,4,0.0050860895426012576,0,4,0.0,0,True,False,0.050000000000000044,30.135987974687502,5848,5848,F:\项目\专利\uav_dynamic_task_allocation\checkpoints\strike_order_dqn\latest.pt,,
1463,0,"[4, 3, 2, 1]",143.75447345561832,27.15430895066569,4,4,0.006113833514973521,0,4,0.0,0,True,False,0.050000000000000044,30.135987974687502,5852,5852,F:\项目\专利\uav_dynamic_task_allocation\checkpoints\strike_order_dqn\latest.pt,,
1464,0,"[4, 3, 2, 1]",143.75447345561832,27.15430895066569,4,4,0.0060765320667997,2,2,0.5,0,True,False,0.050000000000000044,30.135987974687502,5856,5856,F:\项目\专利\uav_dynamic_task_allocation\checkpoints\strike_order_dqn\latest.pt,,
1465,4,"[19, 18, 20, 17]",169.56104208358724,21.76935026904001,4,4,0.005176187783945352,0,4,0.0,0,True,False,0.050000000000000044,30.135987974687502,5860,5860,F:\项目\专利\uav_dynamic_task_allocation\checkpoints\strike_order_dqn\latest.pt,,
1466,0,"[4, 3, 2, 1]",143.75447345561832,27.15430895066569,4,4,0.008415145915932953,0,4,0.0,0,True,False,0.050000000000000044,30.135987974687502,5864,5864,F:\项目\专利\uav_dynamic_task_allocation\checkpoints\strike_order_dqn\latest.pt,,
1467,3,"[15, 13, 16, 14]",110.72440362060973,26.524306284948956,4,4,0.006391964736394584,0,4,0.0,0,True,False,0.050000000000000044,30.135987974687502,5868,5868,F:\项目\专利\uav_dynamic_task_allocation\checkpoints\strike_order_dqn\latest.pt,,
1468,1,"[5, 8, 7, 6]",149.2377467868531,30.0298134782743,4,4,0.00931604637298733,1,3,0.25,0,True,False,0.050000000000000044,30.135987974687502,5872,5872,F:\项目\专利\uav_dynamic_task_allocation\checkpoints\strike_order_dqn\latest.pt,,
1469,3,"[15, 13, 16, 14]",110.72440362060973,26.524306284948956,4,4,0.004642950952984393,1,3,0.25,0,True,False,0.050000000000000044,30.135987974687502,5876,5876,F:\项目\专利\uav_dynamic_task_allocation\checkpoints\strike_order_dqn\latest.pt,,
1470,0,"[4, 3, 2, 1]",143.75447345561832,27.15430895066569,4,4,0.0057718390598893166,0,4,0.0,0,True,False,0.050000000000000044,30.135987974687502,5880,5880,F:\项目\专利\uav_dynamic_task_allocation\checkpoints\strike_order_dqn\latest.pt,,
1471,4,"[19, 18, 20, 17]",169.56104208358724,21.76935026904001,4,4,0.004291641642339528,0,4,0.0,0,True,False,0.050000000000000044,30.135987974687502,5884,5884,F:\项目\专利\uav_dynamic_task_allocation\checkpoints\strike_order_dqn\latest.pt,,
1472,3,"[15, 13, 16, 14]",110.72440362060973,26.524306284948956,4,4,0.00213672814425081,0,4,0.0,0,True,False,0.050000000000000044,30.135987974687502,5888,5888,F:\项目\专利\uav_dynamic_task_allocation\checkpoints\strike_order_dqn\latest.pt,,
1473,2,"[11, 9, 12, 10]",195.22686250124153,18.40278416071593,4,4,0.0038427688414230943,0,4,0.0,0,True,False,0.050000000000000044,30.135987974687502,5892,5892,F:\项目\专利\uav_dynamic_task_allocation\checkpoints\strike_order_dqn\latest.pt,,
1474,1,"[5, 7, 8, 6]",164.60582761657668,30.135987974687502,4,4,0.003271223627962172,1,3,0.25,0,True,False,0.050000000000000044,30.135987974687502,5896,5896,F:\项目\专利\uav_dynamic_task_allocation\checkpoints\strike_order_dqn\latest.pt,,
1475,4,"[19, 18, 20, 17]",169.56104208358724,21.76935026904001,4,4,0.005507483845576644,0,4,0.0,0,True,False,0.050000000000000044,30.135987974687502,5900,5900,F:\项目\专利\uav_dynamic_task_allocation\checkpoints\strike_order_dqn\latest.pt,,
1476,1,"[5, 8, 7, 6]",149.2377467868531,30.0298134782743,4,4,0.008527884376235306,0,4,0.0,0,True,False,0.050000000000000044,30.135987974687502,5904,5904,F:\项目\专利\uav_dynamic_task_allocation\checkpoints\strike_order_dqn\latest.pt,,
1477,2,"[12, 10, 11, 9]",209.3632227065794,18.486365510503862,4,4,0.009982614777982235,0,4,0.0,0,True,False,0.050000000000000044,30.135987974687502,5908,5908,F:\项目\专利\uav_dynamic_task_allocation\checkpoints\strike_order_dqn\latest.pt,,
1478,1,"[5, 7, 8, 6]",164.60582761657668,30.135987974687502,4,4,0.009110898012295365,0,4,0.0,0,True,False,0.050000000000000044,30.135987974687502,5912,5912,F:\项目\专利\uav_dynamic_task_allocation\checkpoints\strike_order_dqn\latest.pt,,
1479,1,"[5, 7, 8, 6]",164.60582761657668,30.135987974687502,4,4,0.009638241259381175,0,4,0.0,0,True,False,0.050000000000000044,30.135987974687502,5916,5916,F:\项目\专利\uav_dynamic_task_allocation\checkpoints\strike_order_dqn\latest.pt,,
1480,2,"[11, 9, 12, 10]",195.22686250124153,18.40278416071593,4,4,0.004249956051353365,0,4,0.0,0,True,False,0.050000000000000044,30.135987974687502,5920,5920,F:\项目\专利\uav_dynamic_task_allocation\checkpoints\strike_order_dqn\latest.pt,,
1481,0,"[4, 3, 2, 1]",143.75447345561832,27.15430895066569,4,4,0.0067464306484907866,0,4,0.0,0,True,False,0.050000000000000044,30.135987974687502,5924,5924,F:\项目\专利\uav_dynamic_task_allocation\checkpoints\strike_order_dqn\latest.pt,,
1482,0,"[4, 3, 2, 1]",143.75447345561832,27.15430895066569,4,4,0.008003043127246201,0,4,0.0,0,True,False,0.050000000000000044,30.135987974687502,5928,5928,F:\项目\专利\uav_dynamic_task_allocation\checkpoints\strike_order_dqn\latest.pt,,
1483,1,"[5, 7, 8, 6]",164.60582761657668,30.135987974687502,4,4,0.007838911260478199,1,3,0.25,0,True,False,0.050000000000000044,30.135987974687502,5932,5932,F:\项目\专利\uav_dynamic_task_allocation\checkpoints\strike_order_dqn\latest.pt,,
1484,0,"[4, 3, 2, 1]",143.75447345561832,27.15430895066569,4,4,0.008202653378248215,0,4,0.0,0,True,False,0.050000000000000044,30.135987974687502,5936,5936,F:\项目\专利\uav_dynamic_task_allocation\checkpoints\strike_order_dqn\latest.pt,,
1485,2,"[12, 10, 11, 9]",209.3632227065794,18.486365510503862,4,4,0.0075764976209029555,0,4,0.0,0,True,False,0.050000000000000044,30.135987974687502,5940,5940,F:\项目\专利\uav_dynamic_task_allocation\checkpoints\strike_order_dqn\latest.pt,,
1486,4,"[19, 18, 17, 20]",172.49892430786332,21.71901980128594,4,4,0.01040238089626655,0,4,0.0,0,True,False,0.050000000000000044,30.135987974687502,5944,5944,F:\项目\专利\uav_dynamic_task_allocation\checkpoints\strike_order_dqn\latest.pt,,
1487,0,"[4, 2, 3, 1]",184.447053556711,21.064568425993755,4,4,0.0071516146417707205,1,3,0.25,0,True,False,0.050000000000000044,30.135987974687502,5948,5948,F:\项目\专利\uav_dynamic_task_allocation\checkpoints\strike_order_dqn\latest.pt,,
1488,0,"[4, 3, 2, 1]",143.75447345561832,27.15430895066569,4,4,0.0053408395033329725,0,4,0.0,0,True,False,0.050000000000000044,30.135987974687502,5952,5952,F:\项目\专利\uav_dynamic_task_allocation\checkpoints\strike_order_dqn\latest.pt,,
1489,0,"[4, 3, 1, 2]",178.27976535289113,26.243832350219726,4,4,0.003660517104435712,1,3,0.25,0,True,False,0.050000000000000044,30.135987974687502,5956,5956,F:\项目\专利\uav_dynamic_task_allocation\checkpoints\strike_order_dqn\latest.pt,,
1490,2,"[11, 9, 12, 10]",195.22686250124153,18.40278416071593,4,4,0.0030027311004232615,0,4,0.0,0,True,False,0.050000000000000044,30.135987974687502,5960,5960,F:\项目\专利\uav_dynamic_task_allocation\checkpoints\strike_order_dqn\latest.pt,,
1491,1,"[5, 7, 8, 6]",164.60582761657668,30.135987974687502,4,4,0.005333379143849015,0,4,0.0,0,True,False,0.050000000000000044,30.135987974687502,5964,5964,F:\项目\专利\uav_dynamic_task_allocation\checkpoints\strike_order_dqn\latest.pt,,
1492,2,"[12, 10, 11, 9]",209.3632227065794,18.486365510503862,4,4,0.004967860761098564,1,3,0.25,0,True,False,0.050000000000000044,30.135987974687502,5968,5968,F:\项目\专利\uav_dynamic_task_allocation\checkpoints\strike_order_dqn\latest.pt,,
1493,0,"[1, 2, 4, 3]",165.4992225134303,24.752069426272065,4,4,0.004289692384190857,1,3,0.25,0,True,False,0.050000000000000044,30.135987974687502,5972,5972,F:\项目\专利\uav_dynamic_task_allocation\checkpoints\strike_order_dqn\latest.pt,,
1494,1,"[5, 7, 8, 6]",164.60582761657668,30.135987974687502,4,4,0.0028042392223142087,0,4,0.0,0,True,False,0.050000000000000044,30.135987974687502,5976,5976,F:\项目\专利\uav_dynamic_task_allocation\checkpoints\strike_order_dqn\latest.pt,,
1495,2,"[12, 10, 11, 9]",209.3632227065794,18.486365510503862,4,4,0.003533875336870551,0,4,0.0,0,True,False,0.050000000000000044,30.135987974687502,5980,5980,F:\项目\专利\uav_dynamic_task_allocation\checkpoints\strike_order_dqn\latest.pt,,
1496,2,"[12, 10, 11, 9]",209.3632227065794,18.486365510503862,4,4,0.0031928446260280907,1,3,0.25,0,True,False,0.050000000000000044,30.135987974687502,5984,5984,F:\项目\专利\uav_dynamic_task_allocation\checkpoints\strike_order_dqn\latest.pt,,
1497,2,"[12, 10, 11, 9]",209.3632227065794,18.486365510503862,4,4,0.004842730646487325,0,4,0.0,0,True,False,0.050000000000000044,30.135987974687502,5988,5988,F:\项目\专利\uav_dynamic_task_allocation\checkpoints\strike_order_dqn\latest.pt,,
1498,3,"[13, 16, 15, 14]",116.10182393712081,26.366462669072508,4,4,0.004243356117513031,1,3,0.25,0,True,False,0.050000000000000044,30.135987974687502,5992,5992,F:\项目\专利\uav_dynamic_task_allocation\checkpoints\strike_order_dqn\latest.pt,,
1499,2,"[12, 10, 11, 9]",209.3632227065794,18.486365510503862,4,4,0.003968806238844991,0,4,0.0,0,True,False,0.050000000000000044,30.135987974687502,5996,5996,F:\项目\专利\uav_dynamic_task_allocation\checkpoints\strike_order_dqn\latest.pt,,
1500,4,"[19, 18, 20, 17]",169.56104208358724,21.76935026904001,4,4,0.004593468678649515,0,4,0.0,0,True,False,0.050000000000000044,30.135987974687502,6000,6000,F:\项目\专利\uav_dynamic_task_allocation\checkpoints\strike_order_dqn\latest.pt,,
1501,2,"[12, 10, 11, 9]",209.3632227065794,18.486365510503862,4,4,0.011802683002315462,0,4,0.0,0,True,False,0.050000000000000044,30.135987974687502,6004,6004,F:\项目\专利\uav_dynamic_task_allocation\checkpoints\strike_order_dqn\latest.pt,,
1502,1,"[5, 7, 8, 6]",164.60582761657668,30.135987974687502,4,4,0.009313441230915487,0,4,0.0,0,True,False,0.050000000000000044,30.135987974687502,6008,6008,F:\项目\专利\uav_dynamic_task_allocation\checkpoints\strike_order_dqn\latest.pt,,
1503,1,"[5, 7, 8, 6]",164.60582761657668,30.135987974687502,4,4,0.007952970452606678,0,4,0.0,0,True,False,0.050000000000000044,30.135987974687502,6012,6012,F:\项目\专利\uav_dynamic_task_allocation\checkpoints\strike_order_dqn\latest.pt,,
1504,1,"[5, 7, 8, 6]",164.60582761657668,30.135987974687502,4,4,0.01108865556307137,0,4,0.0,0,True,False,0.050000000000000044,30.135987974687502,6016,6016,F:\项目\专利\uav_dynamic_task_allocation\checkpoints\strike_order_dqn\latest.pt,,
1505,2,"[11, 9, 12, 10]",195.22686250124153,18.40278416071593,4,4,0.008470221888273954,0,4,0.0,0,True,False,0.050000000000000044,30.135987974687502,6020,6020,F:\项目\专利\uav_dynamic_task_allocation\checkpoints\strike_order_dqn\latest.pt,,
1506,1,"[5, 6, 7, 8]",176.18593953275735,28.57149701761014,4,4,0.006776935770176351,1,3,0.25,0,True,False,0.050000000000000044,30.135987974687502,6024,6024,F:\项目\专利\uav_dynamic_task_allocation\checkpoints\strike_order_dqn\latest.pt,,
1507,4,"[19, 18, 17, 20]",172.49892430786332,21.71901980128594,4,4,0.009966381476260722,0,4,0.0,0,True,False,0.050000000000000044,30.135987974687502,6028,6028,F:\项目\专利\uav_dynamic_task_allocation\checkpoints\strike_order_dqn\latest.pt,,
1508,2,"[11, 9, 12, 10]",195.22686250124153,18.40278416071593,4,4,0.006283020717091858,0,4,0.0,0,True,False,0.050000000000000044,30.135987974687502,6032,6032,F:\项目\专利\uav_dynamic_task_allocation\checkpoints\strike_order_dqn\latest.pt,,
1509,4,"[19, 18, 17, 20]",172.49892430786332,21.71901980128594,4,4,0.006639803876169026,0,4,0.0,0,True,False,0.050000000000000044,30.135987974687502,6036,6036,F:\项目\专利\uav_dynamic_task_allocation\checkpoints\strike_order_dqn\latest.pt,,
1510,3,"[15, 13, 16, 14]",110.72440362060973,26.524306284948956,4,4,0.0050906254327856,0,4,0.0,0,True,False,0.050000000000000044,30.135987974687502,6040,6040,F:\项目\专利\uav_dynamic_task_allocation\checkpoints\strike_order_dqn\latest.pt,,
1511,1,"[5, 7, 8, 6]",164.60582761657668,30.135987974687502,4,4,0.005418866407126188,0,4,0.0,0,True,False,0.050000000000000044,30.135987974687502,6044,6044,F:\项目\专利\uav_dynamic_task_allocation\checkpoints\strike_order_dqn\latest.pt,,
1512,1,"[5, 7, 8, 6]",164.60582761657668,30.135987974687502,4,4,0.0077121286012697965,0,4,0.0,0,True,False,0.050000000000000044,30.135987974687502,6048,6048,F:\项目\专利\uav_dynamic_task_allocation\checkpoints\strike_order_dqn\latest.pt,,
1513,3,"[15, 13, 16, 14]",110.72440362060973,26.524306284948956,4,4,0.010016575455665588,0,4,0.0,0,True,False,0.050000000000000044,30.135987974687502,6052,6052,F:\项目\专利\uav_dynamic_task_allocation\checkpoints\strike_order_dqn\latest.pt,,
1514,1,"[5, 7, 8, 6]",164.60582761657668,30.135987974687502,4,4,0.017020988510921597,0,4,0.0,0,True,False,0.050000000000000044,30.135987974687502,6056,6056,F:\项目\专利\uav_dynamic_task_allocation\checkpoints\strike_order_dqn\latest.pt,,
1515,1,"[5, 7, 8, 6]",164.60582761657668,30.135987974687502,4,4,0.016060136258602142,0,4,0.0,0,True,False,0.050000000000000044,30.135987974687502,6060,6060,F:\项目\专利\uav_dynamic_task_allocation\checkpoints\strike_order_dqn\latest.pt,,
1516,4,"[19, 18, 20, 17]",169.56104208358724,21.76935026904001,4,4,0.011877113953232765,0,4,0.0,0,True,False,0.050000000000000044,30.135987974687502,6064,6064,F:\项目\专利\uav_dynamic_task_allocation\checkpoints\strike_order_dqn\latest.pt,,
1517,2,"[12, 10, 11, 9]",209.3632227065794,18.486365510503862,4,4,0.004055450903251767,0,4,0.0,0,True,False,0.050000000000000044,30.135987974687502,6068,6068,F:\项目\专利\uav_dynamic_task_allocation\checkpoints\strike_order_dqn\latest.pt,,
1518,0,"[2, 4, 3, 1]",155.79811037352016,26.295030053538895,4,4,0.005784132168628275,1,3,0.25,0,True,False,0.050000000000000044,30.135987974687502,6072,6072,F:\项目\专利\uav_dynamic_task_allocation\checkpoints\strike_order_dqn\latest.pt,,
1519,2,"[11, 9, 12, 10]",195.22686250124153,18.40278416071593,4,4,0.0074447490042075515,0,4,0.0,0,True,False,0.050000000000000044,30.135987974687502,6076,6076,F:\项目\专利\uav_dynamic_task_allocation\checkpoints\strike_order_dqn\latest.pt,,
1520,2,"[12, 10, 11, 9]",209.3632227065794,18.486365510503862,4,4,0.006950371665880084,1,3,0.25,0,True,False,0.050000000000000044,30.135987974687502,6080,6080,F:\项目\专利\uav_dynamic_task_allocation\checkpoints\strike_order_dqn\latest.pt,,
1521,4,"[19, 18, 20, 17]",169.56104208358724,21.76935026904001,4,4,0.006749466934707016,0,4,0.0,0,True,False,0.050000000000000044,30.135987974687502,6084,6084,F:\项目\专利\uav_dynamic_task_allocation\checkpoints\strike_order_dqn\latest.pt,,
1522,3,"[15, 13, 16, 14]",110.72440362060973,26.524306284948956,4,4,0.00532253147684969,1,3,0.25,0,True,False,0.050000000000000044,30.135987974687502,6088,6088,F:\项目\专利\uav_dynamic_task_allocation\checkpoints\strike_order_dqn\latest.pt,,
1523,0,"[4, 3, 2, 1]",143.75447345561832,27.15430895066569,4,4,0.006563942995853722,1,3,0.25,0,True,False,0.050000000000000044,30.135987974687502,6092,6092,F:\项目\专利\uav_dynamic_task_allocation\checkpoints\strike_order_dqn\latest.pt,,
1524,0,"[4, 3, 2, 1]",143.75447345561832,27.15430895066569,4,4,0.011151526821777225,0,4,0.0,0,True,False,0.050000000000000044,30.135987974687502,6096,6096,F:\项目\专利\uav_dynamic_task_allocation\checkpoints\strike_order_dqn\latest.pt,,
1525,3,"[13, 16, 15, 14]",116.10182393712081,26.366462669072508,4,4,0.016094697173684835,0,4,0.0,0,True,False,0.050000000000000044,30.135987974687502,6100,6100,F:\项目\专利\uav_dynamic_task_allocation\checkpoints\strike_order_dqn\latest.pt,,
1526,0,"[4, 1, 2, 3]",203.35895948892696,20.013076246536983,4,4,0.02523702336475253,1,3,0.25,0,True,False,0.050000000000000044,30.135987974687502,6104,6104,F:\项目\专利\uav_dynamic_task_allocation\checkpoints\strike_order_dqn\latest.pt,,
1527,1,"[5, 8, 7, 6]",149.2377467868531,30.0298134782743,4,4,0.025436236523091793,0,4,0.0,0,True,False,0.050000000000000044,30.135987974687502,6108,6108,F:\项目\专利\uav_dynamic_task_allocation\checkpoints\strike_order_dqn\latest.pt,,
1528,0,"[4, 3, 2, 1]",143.75447345561832,27.15430895066569,4,4,0.013920783996582031,0,4,0.0,0,True,False,0.050000000000000044,30.135987974687502,6112,6112,F:\项目\专利\uav_dynamic_task_allocation\checkpoints\strike_order_dqn\latest.pt,,
1529,0,"[4, 3, 2, 1]",143.75447345561832,27.15430895066569,4,4,0.012908523436635733,0,4,0.0,0,True,False,0.050000000000000044,30.135987974687502,6116,6116,F:\项目\专利\uav_dynamic_task_allocation\checkpoints\strike_order_dqn\latest.pt,,
1530,4,"[19, 18, 17, 20]",172.49892430786332,21.71901980128594,4,4,0.01534177316352725,0,4,0.0,0,True,False,0.050000000000000044,30.135987974687502,6120,6120,F:\项目\专利\uav_dynamic_task_allocation\checkpoints\strike_order_dqn\latest.pt,,
1531,0,"[4, 3, 2, 1]",143.75447345561832,27.15430895066569,4,4,0.016783383674919605,0,4,0.0,0,True,False,0.050000000000000044,30.135987974687502,6124,6124,F:\项目\专利\uav_dynamic_task_allocation\checkpoints\strike_order_dqn\latest.pt,,
1532,0,"[4, 3, 2, 1]",143.75447345561832,27.15430895066569,4,4,0.01283573149703443,0,4,0.0,0,True,False,0.050000000000000044,30.135987974687502,6128,6128,F:\项目\专利\uav_dynamic_task_allocation\checkpoints\strike_order_dqn\latest.pt,,
1533,4,"[19, 18, 20, 17]",169.56104208358724,21.76935026904001,4,4,0.01715043350122869,0,4,0.0,0,True,False,0.050000000000000044,30.135987974687502,6132,6132,F:\项目\专利\uav_dynamic_task_allocation\checkpoints\strike_order_dqn\latest.pt,,
1534,0,"[4, 3, 2, 1]",143.75447345561832,27.15430895066569,4,4,0.014880485134199262,0,4,0.0,0,True,False,0.050000000000000044,30.135987974687502,6136,6136,F:\项目\专利\uav_dynamic_task_allocation\checkpoints\strike_order_dqn\latest.pt,,
1535,4,"[19, 18, 20, 17]",169.56104208358724,21.76935026904001,4,4,0.014661150518804789,0,4,0.0,0,True,False,0.050000000000000044,30.135987974687502,6140,6140,F:\项目\专利\uav_dynamic_task_allocation\checkpoints\strike_order_dqn\latest.pt,,
1536,0,"[4, 3, 2, 1]",143.75447345561832,27.15430895066569,4,4,0.01065829792059958,0,4,0.0,0,True,False,0.050000000000000044,30.135987974687502,6144,6144,F:\项目\专利\uav_dynamic_task_allocation\checkpoints\strike_order_dqn\latest.pt,,
1537,0,"[4, 3, 2, 1]",143.75447345561832,27.15430895066569,4,4,0.010548791964538395,0,4,0.0,0,True,False,0.050000000000000044,30.135987974687502,6148,6148,F:\项目\专利\uav_dynamic_task_allocation\checkpoints\strike_order_dqn\latest.pt,,
1538,0,"[4, 3, 2, 1]",143.75447345561832,27.15430895066569,4,4,0.009007181040942669,0,4,0.0,0,True,False,0.050000000000000044,30.135987974687502,6152,6152,F:\项目\专利\uav_dynamic_task_allocation\checkpoints\strike_order_dqn\latest.pt,,
1539,3,"[13, 16, 15, 14]",116.10182393712081,26.366462669072508,4,4,0.013357889372855425,0,4,0.0,0,True,False,0.050000000000000044,30.135987974687502,6156,6156,F:\项目\专利\uav_dynamic_task_allocation\checkpoints\strike_order_dqn\latest.pt,,
1540,3,"[13, 16, 15, 14]",116.10182393712081,26.366462669072508,4,4,0.010657996288500726,0,4,0.0,0,True,False,0.050000000000000044,30.135987974687502,6160,6160,F:\项目\专利\uav_dynamic_task_allocation\checkpoints\strike_order_dqn\latest.pt,,
1541,2,"[11, 9, 12, 10]",195.22686250124153,18.40278416071593,4,4,0.017729505198076367,1,3,0.25,0,True,False,0.050000000000000044,30.135987974687502,6164,6164,F:\项目\专利\uav_dynamic_task_allocation\checkpoints\strike_order_dqn\latest.pt,,
1542,1,"[5, 8, 7, 6]",149.2377467868531,30.0298134782743,4,4,0.011223395471461117,1,3,0.25,0,True,False,0.050000000000000044,30.135987974687502,6168,6168,F:\项目\专利\uav_dynamic_task_allocation\checkpoints\strike_order_dqn\latest.pt,,
1543,0,"[4, 3, 2, 1]",143.75447345561832,27.15430895066569,4,4,0.010407328372821212,0,4,0.0,0,True,False,0.050000000000000044,30.135987974687502,6172,6172,F:\项目\专利\uav_dynamic_task_allocation\checkpoints\strike_order_dqn\latest.pt,,
1544,2,"[12, 10, 9, 11]",219.7060500282308,18.350952970962638,4,4,0.010951285599730909,0,4,0.0,0,True,False,0.050000000000000044,30.135987974687502,6176,6176,F:\项目\专利\uav_dynamic_task_allocation\checkpoints\strike_order_dqn\latest.pt,,
1545,1,"[5, 7, 8, 6]",164.60582761657668,30.135987974687502,4,4,0.010947373695671558,0,4,0.0,0,True,False,0.050000000000000044,30.135987974687502,6180,6180,F:\项目\专利\uav_dynamic_task_allocation\checkpoints\strike_order_dqn\latest.pt,,
1546,2,"[12, 10, 9, 11]",219.7060500282308,18.350952970962638,4,4,0.009205440641380847,0,4,0.0,0,True,False,0.050000000000000044,30.135987974687502,6184,6184,F:\项目\专利\uav_dynamic_task_allocation\checkpoints\strike_order_dqn\latest.pt,,
1547,3,"[15, 13, 16, 14]",110.72440362060973,26.524306284948956,4,4,0.006960483733564615,0,4,0.0,0,True,False,0.050000000000000044,30.135987974687502,6188,6188,F:\项目\专利\uav_dynamic_task_allocation\checkpoints\strike_order_dqn\latest.pt,,
1548,4,"[19, 18, 20, 17]",169.56104208358724,21.76935026904001,4,4,0.0057906139409169555,0,4,0.0,0,True,False,0.050000000000000044,30.135987974687502,6192,6192,F:\项目\专利\uav_dynamic_task_allocation\checkpoints\strike_order_dqn\latest.pt,,
1549,2,"[12, 10, 9, 11]",219.7060500282308,18.350952970962638,4,4,0.005464858782943338,0,4,0.0,0,True,False,0.050000000000000044,30.135987974687502,6196,6196,F:\项目\专利\uav_dynamic_task_allocation\checkpoints\strike_order_dqn\latest.pt,,
1550,0,"[4, 3, 2, 1]",143.75447345561832,27.15430895066569,4,4,0.008160016383044422,0,4,0.0,0,True,False,0.050000000000000044,30.135987974687502,6200,6200,F:\项目\专利\uav_dynamic_task_allocation\checkpoints\strike_order_dqn\latest.pt,,
1551,1,"[5, 8, 7, 6]",149.2377467868531,30.0298134782743,4,4,0.01237599365413189,0,4,0.0,0,True,False,0.050000000000000044,30.135987974687502,6204,6204,F:\项目\专利\uav_dynamic_task_allocation\checkpoints\strike_order_dqn\latest.pt,,
1552,4,"[19, 18, 20, 17]",169.56104208358724,21.76935026904001,4,4,0.01153722614981234,1,3,0.25,0,True,False,0.050000000000000044,30.135987974687502,6208,6208,F:\项目\专利\uav_dynamic_task_allocation\checkpoints\strike_order_dqn\latest.pt,,
1553,2,"[12, 10, 9, 11]",219.7060500282308,18.350952970962638,4,4,0.009687894955277443,0,4,0.0,0,True,False,0.050000000000000044,30.135987974687502,6212,6212,F:\项目\专利\uav_dynamic_task_allocation\checkpoints\strike_order_dqn\latest.pt,,
1554,3,"[13, 16, 15, 14]",116.10182393712081,26.366462669072508,4,4,0.013121961266733706,0,4,0.0,0,True,False,0.050000000000000044,30.135987974687502,6216,6216,F:\项目\专利\uav_dynamic_task_allocation\checkpoints\strike_order_dqn\latest.pt,,
1555,2,"[12, 10, 9, 11]",219.7060500282308,18.350952970962638,4,4,0.01109414896927774,1,3,0.25,0,True,False,0.050000000000000044,30.135987974687502,6220,6220,F:\项目\专利\uav_dynamic_task_allocation\checkpoints\strike_order_dqn\latest.pt,,
1556,0,"[4, 3, 2, 1]",143.75447345561832,27.15430895066569,4,4,0.0054068503668531775,0,4,0.0,0,True,False,0.050000000000000044,30.135987974687502,6224,6224,F:\项目\专利\uav_dynamic_task_allocation\checkpoints\strike_order_dqn\latest.pt,,
1557,4,"[19, 18, 20, 17]",169.56104208358724,21.76935026904001,4,4,0.010248520411550999,0,4,0.0,0,True,False,0.050000000000000044,30.135987974687502,6228,6228,F:\项目\专利\uav_dynamic_task_allocation\checkpoints\strike_order_dqn\latest.pt,,
1558,3,"[15, 13, 16, 14]",110.72440362060973,26.524306284948956,4,4,0.006021359353326261,0,4,0.0,0,True,False,0.050000000000000044,30.135987974687502,6232,6232,F:\项目\专利\uav_dynamic_task_allocation\checkpoints\strike_order_dqn\latest.pt,,
1559,4,"[19, 18, 20, 17]",169.56104208358724,21.76935026904001,4,4,0.0022924795048311353,0,4,0.0,0,True,False,0.050000000000000044,30.135987974687502,6236,6236,F:\项目\专利\uav_dynamic_task_allocation\checkpoints\strike_order_dqn\latest.pt,,
1560,4,"[18, 19, 17, 20]",167.02934433216726,20.107176118349543,4,4,0.004661043640226126,1,3,0.25,0,True,False,0.050000000000000044,30.135987974687502,6240,6240,F:\项目\专利\uav_dynamic_task_allocation\checkpoints\strike_order_dqn\latest.pt,,
1561,1,"[5, 8, 7, 6]",149.2377467868531,30.0298134782743,4,4,0.0034681998076848686,0,4,0.0,0,True,False,0.050000000000000044,30.135987974687502,6244,6244,F:\项目\专利\uav_dynamic_task_allocation\checkpoints\strike_order_dqn\latest.pt,,
1562,1,"[5, 7, 8, 6]",164.60582761657668,30.135987974687502,4,4,0.005178465973585844,0,4,0.0,0,True,False,0.050000000000000044,30.135987974687502,6248,6248,F:\项目\专利\uav_dynamic_task_allocation\checkpoints\strike_order_dqn\latest.pt,,
1563,1,"[5, 7, 8, 6]",164.60582761657668,30.135987974687502,4,4,0.003956024011131376,0,4,0.0,0,True,False,0.050000000000000044,30.135987974687502,6252,6252,F:\项目\专利\uav_dynamic_task_allocation\checkpoints\strike_order_dqn\latest.pt,,
1564,4,"[19, 18, 20, 17]",169.56104208358724,21.76935026904001,4,4,0.0028305489104241133,0,4,0.0,0,True,False,0.050000000000000044,30.135987974687502,6256,6256,F:\项目\专利\uav_dynamic_task_allocation\checkpoints\strike_order_dqn\latest.pt,,
1565,2,"[12, 10, 11, 9]",209.3632227065794,18.486365510503862,4,4,0.0026740381435956806,0,4,0.0,0,True,False,0.050000000000000044,30.135987974687502,6260,6260,F:\项目\专利\uav_dynamic_task_allocation\checkpoints\strike_order_dqn\latest.pt,,
1566,2,"[12, 10, 11, 9]",209.3632227065794,18.486365510503862,4,4,0.0026953284977935255,0,4,0.0,0,True,False,0.050000000000000044,30.135987974687502,6264,6264,F:\项目\专利\uav_dynamic_task_allocation\checkpoints\strike_order_dqn\latest.pt,,
1567,4,"[19, 18, 20, 17]",169.56104208358724,21.76935026904001,4,4,0.003288726496975869,0,4,0.0,0,True,False,0.050000000000000044,30.135987974687502,6268,6268,F:\项目\专利\uav_dynamic_task_allocation\checkpoints\strike_order_dqn\latest.pt,,
1568,3,"[13, 16, 15, 14]",116.10182393712081,26.366462669072508,4,4,0.002229893929325044,0,4,0.0,0,True,False,0.050000000000000044,30.135987974687502,6272,6272,F:\项目\专利\uav_dynamic_task_allocation\checkpoints\strike_order_dqn\latest.pt,,
1569,4,"[19, 18, 20, 17]",169.56104208358724,21.76935026904001,4,4,0.0031126961985137314,0,4,0.0,0,True,False,0.050000000000000044,30.135987974687502,6276,6276,F:\项目\专利\uav_dynamic_task_allocation\checkpoints\strike_order_dqn\latest.pt,,
1570,4,"[19, 18, 20, 17]",169.56104208358724,21.76935026904001,4,4,0.003149248950649053,0,4,0.0,0,True,False,0.050000000000000044,30.135987974687502,6280,6280,F:\项目\专利\uav_dynamic_task_allocation\checkpoints\strike_order_dqn\latest.pt,,
1571,0,"[4, 3, 2, 1]",143.75447345561832,27.15430895066569,4,4,0.0034854014520533383,0,4,0.0,0,True,False,0.050000000000000044,30.135987974687502,6284,6284,F:\项目\专利\uav_dynamic_task_allocation\checkpoints\strike_order_dqn\latest.pt,,
1572,1,"[5, 8, 7, 6]",149.2377467868531,30.0298134782743,4,4,0.0021487962803803384,0,4,0.0,0,True,False,0.050000000000000044,30.135987974687502,6288,6288,F:\项目\专利\uav_dynamic_task_allocation\checkpoints\strike_order_dqn\latest.pt,,
1573,3,"[13, 16, 15, 14]",116.10182393712081,26.366462669072508,4,4,0.0016589881124673411,0,4,0.0,0,True,False,0.050000000000000044,30.135987974687502,6292,6292,F:\项目\专利\uav_dynamic_task_allocation\checkpoints\strike_order_dqn\latest.pt,,
1574,4,"[19, 18, 20, 17]",169.56104208358724,21.76935026904001,4,4,0.002637291850987822,0,4,0.0,0,True,False,0.050000000000000044,30.135987974687502,6296,6296,F:\项目\专利\uav_dynamic_task_allocation\checkpoints\strike_order_dqn\latest.pt,,
1575,0,"[4, 3, 2, 1]",143.75447345561832,27.15430895066569,4,4,0.004756699956487864,0,4,0.0,0,True,False,0.050000000000000044,30.135987974687502,6300,6300,F:\项目\专利\uav_dynamic_task_allocation\checkpoints\strike_order_dqn\latest.pt,,
1576,1,"[5, 8, 7, 6]",149.2377467868531,30.0298134782743,4,4,0.009225613786838949,0,4,0.0,0,True,False,0.050000000000000044,30.135987974687502,6304,6304,F:\项目\专利\uav_dynamic_task_allocation\checkpoints\strike_order_dqn\latest.pt,,
1577,2,"[12, 10, 11, 9]",209.3632227065794,18.486365510503862,4,4,0.013469287659972906,0,4,0.0,0,True,False,0.050000000000000044,30.135987974687502,6308,6308,F:\项目\专利\uav_dynamic_task_allocation\checkpoints\strike_order_dqn\latest.pt,,
1578,3,"[15, 13, 16, 14]",110.72440362060973,26.524306284948956,4,4,0.009085313649848104,0,4,0.0,0,True,False,0.050000000000000044,30.135987974687502,6312,6312,F:\项目\专利\uav_dynamic_task_allocation\checkpoints\strike_order_dqn\latest.pt,,
1579,0,"[4, 3, 2, 1]",143.75447345561832,27.15430895066569,4,4,0.008482915232889354,1,3,0.25,0,True,False,0.050000000000000044,30.135987974687502,6316,6316,F:\项目\专利\uav_dynamic_task_allocation\checkpoints\strike_order_dqn\latest.pt,,
1580,3,"[15, 13, 16, 14]",110.72440362060973,26.524306284948956,4,4,0.00795939692761749,0,4,0.0,0,True,False,0.050000000000000044,30.135987974687502,6320,6320,F:\项目\专利\uav_dynamic_task_allocation\checkpoints\strike_order_dqn\latest.pt,,
1581,1,"[5, 7, 8, 6]",164.60582761657668,30.135987974687502,4,4,0.0072826758259907365,0,4,0.0,0,True,False,0.050000000000000044,30.135987974687502,6324,6324,F:\项目\专利\uav_dynamic_task_allocation\checkpoints\strike_order_dqn\latest.pt,,
1582,1,"[5, 7, 8, 6]",164.60582761657668,30.135987974687502,4,4,0.005821016849949956,1,3,0.25,0,True,False,0.050000000000000044,30.135987974687502,6328,6328,F:\项目\专利\uav_dynamic_task_allocation\checkpoints\strike_order_dqn\latest.pt,,
1583,2,"[12, 10, 11, 9]",209.3632227065794,18.486365510503862,4,4,0.004237394023220986,0,4,0.0,0,True,False,0.050000000000000044,30.135987974687502,6332,6332,F:\项目\专利\uav_dynamic_task_allocation\checkpoints\strike_order_dqn\latest.pt,,
1584,2,"[12, 10, 11, 9]",209.3632227065794,18.486365510503862,4,4,0.004389617533888668,0,4,0.0,0,True,False,0.050000000000000044,30.135987974687502,6336,6336,F:\项目\专利\uav_dynamic_task_allocation\checkpoints\strike_order_dqn\latest.pt,,
1585,3,"[15, 13, 16, 14]",110.72440362060973,26.524306284948956,4,4,0.00432243529940024,0,4,0.0,0,True,False,0.050000000000000044,30.135987974687502,6340,6340,F:\项目\专利\uav_dynamic_task_allocation\checkpoints\strike_order_dqn\latest.pt,,
1586,1,"[5, 7, 8, 6]",164.60582761657668,30.135987974687502,4,4,0.0041675076354295015,0,4,0.0,0,True,False,0.050000000000000044,30.135987974687502,6344,6344,F:\项目\专利\uav_dynamic_task_allocation\checkpoints\strike_order_dqn\latest.pt,,
1587,4,"[19, 18, 20, 17]",169.56104208358724,21.76935026904001,4,4,0.002380684163654223,1,3,0.25,0,True,False,0.050000000000000044,30.135987974687502,6348,6348,F:\项目\专利\uav_dynamic_task_allocation\checkpoints\strike_order_dqn\latest.pt,,
1588,0,"[4, 2, 3, 1]",184.447053556711,21.064568425993755,4,4,0.0022015784052200615,1,3,0.25,0,True,False,0.050000000000000044,30.135987974687502,6352,6352,F:\项目\专利\uav_dynamic_task_allocation\checkpoints\strike_order_dqn\latest.pt,,
1589,4,"[19, 18, 20, 17]",169.56104208358724,21.76935026904001,4,4,0.0036345086118672043,1,3,0.25,0,True,False,0.050000000000000044,30.135987974687502,6356,6356,F:\项目\专利\uav_dynamic_task_allocation\checkpoints\strike_order_dqn\latest.pt,,
1590,0,"[4, 3, 2, 1]",143.75447345561832,27.15430895066569,4,4,0.002594875462818891,0,4,0.0,0,True,False,0.050000000000000044,30.135987974687502,6360,6360,F:\项目\专利\uav_dynamic_task_allocation\checkpoints\strike_order_dqn\latest.pt,,
1591,3,"[15, 13, 16, 14]",110.72440362060973,26.524306284948956,4,4,0.0029731869872193784,0,4,0.0,0,True,False,0.050000000000000044,30.135987974687502,6364,6364,F:\项目\专利\uav_dynamic_task_allocation\checkpoints\strike_order_dqn\latest.pt,,
1592,1,"[5, 7, 6, 8]",196.83620395644095,28.96805205102506,4,4,0.0042733074515126646,1,3,0.25,0,True,False,0.050000000000000044,30.135987974687502,6368,6368,F:\项目\专利\uav_dynamic_task_allocation\checkpoints\strike_order_dqn\latest.pt,,
1593,1,"[5, 7, 8, 6]",164.60582761657668,30.135987974687502,4,4,0.002870948694180697,0,4,0.0,0,True,False,0.050000000000000044,30.135987974687502,6372,6372,F:\项目\专利\uav_dynamic_task_allocation\checkpoints\strike_order_dqn\latest.pt,,
1594,0,"[4, 3, 2, 1]",143.75447345561832,27.15430895066569,4,4,0.0027977535501122475,0,4,0.0,0,True,False,0.050000000000000044,30.135987974687502,6376,6376,F:\项目\专利\uav_dynamic_task_allocation\checkpoints\strike_order_dqn\latest.pt,,
1595,3,"[15, 13, 16, 14]",110.72440362060973,26.524306284948956,4,4,0.002127319254213944,0,4,0.0,0,True,False,0.050000000000000044,30.135987974687502,6380,6380,F:\项目\专利\uav_dynamic_task_allocation\checkpoints\strike_order_dqn\latest.pt,,
1596,0,"[4, 3, 2, 1]",143.75447345561832,27.15430895066569,4,4,0.0014656128187198192,0,4,0.0,0,True,False,0.050000000000000044,30.135987974687502,6384,6384,F:\项目\专利\uav_dynamic_task_allocation\checkpoints\strike_order_dqn\latest.pt,,
1597,3,"[15, 13, 16, 14]",110.72440362060973,26.524306284948956,4,4,0.0015957095456542447,0,4,0.0,0,True,False,0.050000000000000044,30.135987974687502,6388,6388,F:\项目\专利\uav_dynamic_task_allocation\checkpoints\strike_order_dqn\latest.pt,,
1598,3,"[15, 13, 16, 14]",110.72440362060973,26.524306284948956,4,4,0.0014503123093163595,0,4,0.0,0,True,False,0.050000000000000044,30.135987974687502,6392,6392,F:\项目\专利\uav_dynamic_task_allocation\checkpoints\strike_order_dqn\latest.pt,,
1599,4,"[19, 18, 20, 17]",169.56104208358724,21.76935026904001,4,4,0.0020874293404631317,0,4,0.0,0,True,False,0.050000000000000044,30.135987974687502,6396,6396,F:\项目\专利\uav_dynamic_task_allocation\checkpoints\strike_order_dqn\latest.pt,,
1600,3,"[15, 13, 16, 14]",110.72440362060973,26.524306284948956,4,4,0.004435018519870937,1,3,0.25,0,True,False,0.050000000000000044,30.135987974687502,6400,6400,F:\项目\专利\uav_dynamic_task_allocation\checkpoints\strike_order_dqn\latest.pt,,
1601,1,"[5, 7, 8, 6]",164.60582761657668,30.135987974687502,4,4,0.00716253207065165,0,4,0.0,0,True,False,0.050000000000000044,30.135987974687502,6404,6404,F:\项目\专利\uav_dynamic_task_allocation\checkpoints\strike_order_dqn\latest.pt,,
1602,3,"[15, 13, 16, 14]",110.72440362060973,26.524306284948956,4,4,0.007698140456341207,0,4,0.0,0,True,False,0.050000000000000044,30.135987974687502,6408,6408,F:\项目\专利\uav_dynamic_task_allocation\checkpoints\strike_order_dqn\latest.pt,,
1603,4,"[19, 18, 20, 17]",169.56104208358724,21.76935026904001,4,4,0.005902250995859504,0,4,0.0,0,True,False,0.050000000000000044,30.135987974687502,6412,6412,F:\项目\专利\uav_dynamic_task_allocation\checkpoints\strike_order_dqn\latest.pt,,
1604,1,"[5, 7, 8, 6]",164.60582761657668,30.135987974687502,4,4,0.006862701324280351,0,4,0.0,0,True,False,0.050000000000000044,30.135987974687502,6416,6416,F:\项目\专利\uav_dynamic_task_allocation\checkpoints\strike_order_dqn\latest.pt,,
1605,0,"[4, 3, 2, 1]",143.75447345561832,27.15430895066569,4,4,0.00599022873211652,0,4,0.0,0,True,False,0.050000000000000044,30.135987974687502,6420,6420,F:\项目\专利\uav_dynamic_task_allocation\checkpoints\strike_order_dqn\latest.pt,,
1606,4,"[19, 18, 20, 17]",169.56104208358724,21.76935026904001,4,4,0.004120215307921171,0,4,0.0,0,True,False,0.050000000000000044,30.135987974687502,6424,6424,F:\项目\专利\uav_dynamic_task_allocation\checkpoints\strike_order_dqn\latest.pt,,
1607,0,"[4, 3, 2, 1]",143.75447345561832,27.15430895066569,4,4,0.004071927512995899,0,4,0.0,0,True,False,0.050000000000000044,30.135987974687502,6428,6428,F:\项目\专利\uav_dynamic_task_allocation\checkpoints\strike_order_dqn\latest.pt,,
1608,2,"[12, 10, 11, 9]",209.3632227065794,18.486365510503862,4,4,0.004128118569497019,0,4,0.0,0,True,False,0.050000000000000044,30.135987974687502,6432,6432,F:\项目\专利\uav_dynamic_task_allocation\checkpoints\strike_order_dqn\latest.pt,,
1609,1,"[5, 7, 6, 8]",196.83620395644095,28.96805205102506,4,4,0.003455551923252642,1,3,0.25,0,True,False,0.050000000000000044,30.135987974687502,6436,6436,F:\项目\专利\uav_dynamic_task_allocation\checkpoints\strike_order_dqn\latest.pt,,
1610,0,"[4, 3, 2, 1]",143.75447345561832,27.15430895066569,4,4,0.0021870280615985394,0,4,0.0,0,True,False,0.050000000000000044,30.135987974687502,6440,6440,F:\项目\专利\uav_dynamic_task_allocation\checkpoints\strike_order_dqn\latest.pt,,
1611,3,"[16, 13, 15, 14]",105.95058292191784,25.942538832616897,4,4,0.0026397225446999073,1,3,0.25,0,True,False,0.050000000000000044,30.135987974687502,6444,6444,F:\项目\专利\uav_dynamic_task_allocation\checkpoints\strike_order_dqn\latest.pt,,
1612,0,"[4, 3, 2, 1]",143.75447345561832,27.15430895066569,4,4,0.0029970332980155945,0,4,0.0,0,True,False,0.050000000000000044,30.135987974687502,6448,6448,F:\项目\专利\uav_dynamic_task_allocation\checkpoints\strike_order_dqn\latest.pt,,
1613,3,"[15, 13, 16, 14]",110.72440362060973,26.524306284948956,4,4,0.0023046997375786304,0,4,0.0,0,True,False,0.050000000000000044,30.135987974687502,6452,6452,F:\项目\专利\uav_dynamic_task_allocation\checkpoints\strike_order_dqn\latest.pt,,
1614,3,"[15, 13, 16, 14]",110.72440362060973,26.524306284948956,4,4,0.002493619656888768,1,3,0.25,0,True,False,0.050000000000000044,30.135987974687502,6456,6456,F:\项目\专利\uav_dynamic_task_allocation\checkpoints\strike_order_dqn\latest.pt,,
1615,0,"[4, 3, 2, 1]",143.75447345561832,27.15430895066569,4,4,0.0021177746821194887,0,4,0.0,0,True,False,0.050000000000000044,30.135987974687502,6460,6460,F:\项目\专利\uav_dynamic_task_allocation\checkpoints\strike_order_dqn\latest.pt,,
1616,0,"[4, 3, 2, 1]",143.75447345561832,27.15430895066569,4,4,0.0014763041108381003,0,4,0.0,0,True,False,0.050000000000000044,30.135987974687502,6464,6464,F:\项目\专利\uav_dynamic_task_allocation\checkpoints\strike_order_dqn\latest.pt,,
1617,3,"[15, 13, 16, 14]",110.72440362060973,26.524306284948956,4,4,0.0036758910573553294,0,4,0.0,0,True,False,0.050000000000000044,30.135987974687502,6468,6468,F:\项目\专利\uav_dynamic_task_allocation\checkpoints\strike_order_dqn\latest.pt,,
1618,2,"[12, 10, 11, 9]",209.3632227065794,18.486365510503862,4,4,0.002711292851017788,0,4,0.0,0,True,False,0.050000000000000044,30.135987974687502,6472,6472,F:\项目\专利\uav_dynamic_task_allocation\checkpoints\strike_order_dqn\latest.pt,,
1619,0,"[4, 3, 2, 1]",143.75447345561832,27.15430895066569,4,4,0.0020699392771348357,0,4,0.0,0,True,False,0.050000000000000044,30.135987974687502,6476,6476,F:\项目\专利\uav_dynamic_task_allocation\checkpoints\strike_order_dqn\latest.pt,,
1620,4,"[19, 18, 20, 17]",169.56104208358724,21.76935026904001,4,4,0.0024897453549783677,0,4,0.0,0,True,False,0.050000000000000044,30.135987974687502,6480,6480,F:\项目\专利\uav_dynamic_task_allocation\checkpoints\strike_order_dqn\latest.pt,,
1621,1,"[5, 7, 8, 6]",164.60582761657668,30.135987974687502,4,4,0.0011725262156687677,0,4,0.0,0,True,False,0.050000000000000044,30.135987974687502,6484,6484,F:\项目\专利\uav_dynamic_task_allocation\checkpoints\strike_order_dqn\latest.pt,,
1622,0,"[4, 3, 2, 1]",143.75447345561832,27.15430895066569,4,4,0.0011583602463360876,0,4,0.0,0,True,False,0.050000000000000044,30.135987974687502,6488,6488,F:\项目\专利\uav_dynamic_task_allocation\checkpoints\strike_order_dqn\latest.pt,,
1623,4,"[19, 18, 20, 17]",169.56104208358724,21.76935026904001,4,4,0.0013897804892621934,0,4,0.0,0,True,False,0.050000000000000044,30.135987974687502,6492,6492,F:\项目\专利\uav_dynamic_task_allocation\checkpoints\strike_order_dqn\latest.pt,,
1624,0,"[4, 3, 2, 1]",143.75447345561832,27.15430895066569,4,4,0.0013461218040902168,0,4,0.0,0,True,False,0.050000000000000044,30.135987974687502,6496,6496,F:\项目\专利\uav_dynamic_task_allocation\checkpoints\strike_order_dqn\latest.pt,,
1625,2,"[11, 9, 12, 10]",195.22686250124153,18.40278416071593,4,4,0.003176210622768849,0,4,0.0,0,True,False,0.050000000000000044,30.135987974687502,6500,6500,F:\项目\专利\uav_dynamic_task_allocation\checkpoints\strike_order_dqn\latest.pt,,
1626,4,"[19, 18, 20, 17]",169.56104208358724,21.76935026904001,4,4,0.005513290408998728,1,3,0.25,0,True,False,0.050000000000000044,30.135987974687502,6504,6504,F:\项目\专利\uav_dynamic_task_allocation\checkpoints\strike_order_dqn\latest.pt,,
1627,2,"[12, 10, 11, 9]",209.3632227065794,18.486365510503862,4,4,0.003401544177904725,0,4,0.0,0,True,False,0.050000000000000044,30.135987974687502,6508,6508,F:\项目\专利\uav_dynamic_task_allocation\checkpoints\strike_order_dqn\latest.pt,,
1628,2,"[12, 10, 11, 9]",209.3632227065794,18.486365510503862,4,4,0.00438589503755793,1,3,0.25,0,True,False,0.050000000000000044,30.135987974687502,6512,6512,F:\项目\专利\uav_dynamic_task_allocation\checkpoints\strike_order_dqn\latest.pt,,
1629,1,"[5, 7, 8, 6]",164.60582761657668,30.135987974687502,4,4,0.003916355664841831,0,4,0.0,0,True,False,0.050000000000000044,30.135987974687502,6516,6516,F:\项目\专利\uav_dynamic_task_allocation\checkpoints\strike_order_dqn\latest.pt,,
1630,0,"[4, 3, 2, 1]",143.75447345561832,27.15430895066569,4,4,0.0027488908963277936,0,4,0.0,0,True,False,0.050000000000000044,30.135987974687502,6520,6520,F:\项目\专利\uav_dynamic_task_allocation\checkpoints\strike_order_dqn\latest.pt,,
1631,2,"[12, 10, 11, 9]",209.3632227065794,18.486365510503862,4,4,0.002605843066703528,0,4,0.0,0,True,False,0.050000000000000044,30.135987974687502,6524,6524,F:\项目\专利\uav_dynamic_task_allocation\checkpoints\strike_order_dqn\latest.pt,,
1632,4,"[19, 18, 20, 17]",169.56104208358724,21.76935026904001,4,4,0.003070490958634764,0,4,0.0,0,True,False,0.050000000000000044,30.135987974687502,6528,6528,F:\项目\专利\uav_dynamic_task_allocation\checkpoints\strike_order_dqn\latest.pt,,
1633,0,"[4, 3, 2, 1]",143.75447345561832,27.15430895066569,4,4,0.003883430385030806,0,4,0.0,0,True,False,0.050000000000000044,30.135987974687502,6532,6532,F:\项目\专利\uav_dynamic_task_allocation\checkpoints\strike_order_dqn\latest.pt,,
1634,4,"[19, 18, 17, 20]",172.49892430786332,21.71901980128594,4,4,0.003696035477332771,0,4,0.0,0,True,False,0.050000000000000044,30.135987974687502,6536,6536,F:\项目\专利\uav_dynamic_task_allocation\checkpoints\strike_order_dqn\latest.pt,,
1635,2,"[11, 9, 12, 10]",195.22686250124153,18.40278416071593,4,4,0.0036801478127017617,1,3,0.25,0,True,False,0.050000000000000044,30.135987974687502,6540,6540,F:\项目\专利\uav_dynamic_task_allocation\checkpoints\strike_order_dqn\latest.pt,,
1636,2,"[12, 10, 11, 9]",209.3632227065794,18.486365510503862,4,4,0.004057930666022003,1,3,0.25,0,True,False,0.050000000000000044,30.135987974687502,6544,6544,F:\项目\专利\uav_dynamic_task_allocation\checkpoints\strike_order_dqn\latest.pt,,
1637,0,"[4, 3, 2, 1]",143.75447345561832,27.15430895066569,4,4,0.002883567998651415,0,4,0.0,0,True,False,0.050000000000000044,30.135987974687502,6548,6548,F:\项目\专利\uav_dynamic_task_allocation\checkpoints\strike_order_dqn\latest.pt,,
1638,3,"[15, 13, 16, 14]",110.72440362060973,26.524306284948956,4,4,0.0038575538783334196,0,4,0.0,0,True,False,0.050000000000000044,30.135987974687502,6552,6552,F:\项目\专利\uav_dynamic_task_allocation\checkpoints\strike_order_dqn\latest.pt,,
1639,0,"[4, 3, 2, 1]",143.75447345561832,27.15430895066569,4,4,0.004832600039662793,0,4,0.0,0,True,False,0.050000000000000044,30.135987974687502,6556,6556,F:\项目\专利\uav_dynamic_task_allocation\checkpoints\strike_order_dqn\latest.pt,,
1640,1,"[5, 7, 8, 6]",164.60582761657668,30.135987974687502,4,4,0.003990978031652048,1,3,0.25,0,True,False,0.050000000000000044,30.135987974687502,6560,6560,F:\项目\专利\uav_dynamic_task_allocation\checkpoints\strike_order_dqn\latest.pt,,
1641,3,"[15, 13, 16, 14]",110.72440362060973,26.524306284948956,4,4,0.003147952986182645,0,4,0.0,0,True,False,0.050000000000000044,30.135987974687502,6564,6564,F:\项目\专利\uav_dynamic_task_allocation\checkpoints\strike_order_dqn\latest.pt,,
1642,0,"[4, 3, 2, 1]",143.75447345561832,27.15430895066569,4,4,0.0033449797774665058,0,4,0.0,0,True,False,0.050000000000000044,30.135987974687502,6568,6568,F:\项目\专利\uav_dynamic_task_allocation\checkpoints\strike_order_dqn\latest.pt,,
1643,2,"[12, 10, 11, 9]",209.3632227065794,18.486365510503862,4,4,0.005326332175172865,0,4,0.0,0,True,False,0.050000000000000044,30.135987974687502,6572,6572,F:\项目\专利\uav_dynamic_task_allocation\checkpoints\strike_order_dqn\latest.pt,,
1644,2,"[12, 10, 11, 9]",209.3632227065794,18.486365510503862,4,4,0.005927004793193191,0,4,0.0,0,True,False,0.050000000000000044,30.135987974687502,6576,6576,F:\项目\专利\uav_dynamic_task_allocation\checkpoints\strike_order_dqn\latest.pt,,
1645,0,"[4, 3, 2, 1]",143.75447345561832,27.15430895066569,4,4,0.004484455683268607,0,4,0.0,0,True,False,0.050000000000000044,30.135987974687502,6580,6580,F:\项目\专利\uav_dynamic_task_allocation\checkpoints\strike_order_dqn\latest.pt,,
1646,1,"[5, 7, 8, 6]",164.60582761657668,30.135987974687502,4,4,0.004272691381629556,0,4,0.0,0,True,False,0.050000000000000044,30.135987974687502,6584,6584,F:\项目\专利\uav_dynamic_task_allocation\checkpoints\strike_order_dqn\latest.pt,,
1647,1,"[5, 7, 8, 6]",164.60582761657668,30.135987974687502,4,4,0.002958396216854453,0,4,0.0,0,True,False,0.050000000000000044,30.135987974687502,6588,6588,F:\项目\专利\uav_dynamic_task_allocation\checkpoints\strike_order_dqn\latest.pt,,
1648,3,"[14, 15, 13, 16]",111.82161863567384,25.152774105723537,4,4,0.0017234674596693367,1,3,0.25,0,True,False,0.050000000000000044,30.135987974687502,6592,6592,F:\项目\专利\uav_dynamic_task_allocation\checkpoints\strike_order_dqn\latest.pt,,
1649,4,"[19, 18, 17, 20]",172.49892430786332,21.71901980128594,4,4,0.0031919102475512773,1,3,0.25,0,True,False,0.050000000000000044,30.135987974687502,6596,6596,F:\项目\专利\uav_dynamic_task_allocation\checkpoints\strike_order_dqn\latest.pt,,
1650,4,"[19, 18, 17, 20]",172.49892430786332,21.71901980128594,4,4,0.003970330115407705,0,4,0.0,0,True,False,0.050000000000000044,30.135987974687502,6600,6600,F:\项目\专利\uav_dynamic_task_allocation\checkpoints\strike_order_dqn\latest.pt,,
1651,0,"[4, 3, 2, 1]",143.75447345561832,27.15430895066569,4,4,0.004178549628704786,0,4,0.0,0,True,False,0.050000000000000044,30.135987974687502,6604,6604,F:\项目\专利\uav_dynamic_task_allocation\checkpoints\strike_order_dqn\latest.pt,,
1652,0,"[2, 4, 3, 1]",155.79811037352016,26.295030053538895,4,4,0.004694007802754641,1,3,0.25,0,True,False,0.050000000000000044,30.135987974687502,6608,6608,F:\项目\专利\uav_dynamic_task_allocation\checkpoints\strike_order_dqn\latest.pt,,
1653,0,"[4, 3, 2, 1]",143.75447345561832,27.15430895066569,4,4,0.0030992127722129226,0,4,0.0,0,True,False,0.050000000000000044,30.135987974687502,6612,6612,F:\项目\专利\uav_dynamic_task_allocation\checkpoints\strike_order_dqn\latest.pt,,
1654,2,"[12, 10, 11, 9]",209.3632227065794,18.486365510503862,4,4,0.004528941120952368,0,4,0.0,0,True,False,0.050000000000000044,30.135987974687502,6616,6616,F:\项目\专利\uav_dynamic_task_allocation\checkpoints\strike_order_dqn\latest.pt,,
1655,0,"[4, 3, 2, 1]",143.75447345561832,27.15430895066569,4,4,0.0029388286056928337,0,4,0.0,0,True,False,0.050000000000000044,30.135987974687502,6620,6620,F:\项目\专利\uav_dynamic_task_allocation\checkpoints\strike_order_dqn\latest.pt,,
1656,1,"[5, 7, 8, 6]",164.60582761657668,30.135987974687502,4,4,0.003346643759869039,0,4,0.0,0,True,False,0.050000000000000044,30.135987974687502,6624,6624,F:\项目\专利\uav_dynamic_task_allocation\checkpoints\strike_order_dqn\latest.pt,,
1657,4,"[19, 18, 20, 17]",169.56104208358724,21.76935026904001,4,4,0.0028746518946718425,0,4,0.0,0,True,False,0.050000000000000044,30.135987974687502,6628,6628,F:\项目\专利\uav_dynamic_task_allocation\checkpoints\strike_order_dqn\latest.pt,,
1658,4,"[19, 18, 20, 17]",169.56104208358724,21.76935026904001,4,4,0.0028265610162634403,0,4,0.0,0,True,False,0.050000000000000044,30.135987974687502,6632,6632,F:\项目\专利\uav_dynamic_task_allocation\checkpoints\strike_order_dqn\latest.pt,,
1659,4,"[19, 18, 20, 17]",169.56104208358724,21.76935026904001,4,4,0.0038744602352380753,0,4,0.0,0,True,False,0.050000000000000044,30.135987974687502,6636,6636,F:\项目\专利\uav_dynamic_task_allocation\checkpoints\strike_order_dqn\latest.pt,,
1660,1,"[5, 7, 8, 6]",164.60582761657668,30.135987974687502,4,4,0.0023860366054577753,0,4,0.0,0,True,False,0.050000000000000044,30.135987974687502,6640,6640,F:\项目\专利\uav_dynamic_task_allocation\checkpoints\strike_order_dqn\latest.pt,,
1661,3,"[15, 13, 16, 14]",110.72440362060973,26.524306284948956,4,4,0.002318039332749322,0,4,0.0,0,True,False,0.050000000000000044,30.135987974687502,6644,6644,F:\项目\专利\uav_dynamic_task_allocation\checkpoints\strike_order_dqn\latest.pt,,
1662,3,"[15, 13, 16, 14]",110.72440362060973,26.524306284948956,4,4,0.0015717149944975972,0,4,0.0,0,True,False,0.050000000000000044,30.135987974687502,6648,6648,F:\项目\专利\uav_dynamic_task_allocation\checkpoints\strike_order_dqn\latest.pt,,
1663,0,"[4, 3, 2, 1]",143.75447345561832,27.15430895066569,4,4,0.000975391420070082,0,4,0.0,0,True,False,0.050000000000000044,30.135987974687502,6652,6652,F:\项目\专利\uav_dynamic_task_allocation\checkpoints\strike_order_dqn\latest.pt,,
1664,2,"[11, 9, 12, 10]",195.22686250124153,18.40278416071593,4,4,0.0018721430096775293,1,3,0.25,0,True,False,0.050000000000000044,30.135987974687502,6656,6656,F:\项目\专利\uav_dynamic_task_allocation\checkpoints\strike_order_dqn\latest.pt,,
1665,2,"[12, 10, 11, 9]",209.3632227065794,18.486365510503862,4,4,0.0014878882502671331,0,4,0.0,0,True,False,0.050000000000000044,30.135987974687502,6660,6660,F:\项目\专利\uav_dynamic_task_allocation\checkpoints\strike_order_dqn\latest.pt,,
1666,1,"[5, 7, 8, 6]",164.60582761657668,30.135987974687502,4,4,0.001242531492607668,0,4,0.0,0,True,False,0.050000000000000044,30.135987974687502,6664,6664,F:\项目\专利\uav_dynamic_task_allocation\checkpoints\strike_order_dqn\latest.pt,,
1667,3,"[15, 13, 16, 14]",110.72440362060973,26.524306284948956,4,4,0.0014248104125726968,0,4,0.0,0,True,False,0.050000000000000044,30.135987974687502,6668,6668,F:\项目\专利\uav_dynamic_task_allocation\checkpoints\strike_order_dqn\latest.pt,,
1668,3,"[15, 13, 16, 14]",110.72440362060973,26.524306284948956,4,4,0.0014528780884575099,0,4,0.0,0,True,False,0.050000000000000044,30.135987974687502,6672,6672,F:\项目\专利\uav_dynamic_task_allocation\checkpoints\strike_order_dqn\latest.pt,,
1669,2,"[12, 10, 11, 9]",209.3632227065794,18.486365510503862,4,4,0.0007075320318108425,0,4,0.0,0,True,False,0.050000000000000044,30.135987974687502,6676,6676,F:\项目\专利\uav_dynamic_task_allocation\checkpoints\strike_order_dqn\latest.pt,,
1670,3,"[15, 13, 16, 14]",110.72440362060973,26.524306284948956,4,4,0.0010940562060568482,0,4,0.0,0,True,False,0.050000000000000044,30.135987974687502,6680,6680,F:\项目\专利\uav_dynamic_task_allocation\checkpoints\strike_order_dqn\latest.pt,,
1671,3,"[15, 13, 16, 14]",110.72440362060973,26.524306284948956,4,4,0.0011678919836413115,1,3,0.25,0,True,False,0.050000000000000044,30.135987974687502,6684,6684,F:\项目\专利\uav_dynamic_task_allocation\checkpoints\strike_order_dqn\latest.pt,,
1672,2,"[12, 10, 11, 9]",209.3632227065794,18.486365510503862,4,4,0.0005218550650170073,0,4,0.0,0,True,False,0.050000000000000044,30.135987974687502,6688,6688,F:\项目\专利\uav_dynamic_task_allocation\checkpoints\strike_order_dqn\latest.pt,,
1673,1,"[5, 7, 8, 6]",164.60582761657668,30.135987974687502,4,4,0.0016302925650961697,0,4,0.0,0,True,False,0.050000000000000044,30.135987974687502,6692,6692,F:\项目\专利\uav_dynamic_task_allocation\checkpoints\strike_order_dqn\latest.pt,,
1674,3,"[15, 13, 16, 14]",110.72440362060973,26.524306284948956,4,4,0.0016098797786980867,0,4,0.0,0,True,False,0.050000000000000044,30.135987974687502,6696,6696,F:\项目\专利\uav_dynamic_task_allocation\checkpoints\strike_order_dqn\latest.pt,,
1675,3,"[15, 13, 16, 14]",110.72440362060973,26.524306284948956,4,4,0.0030361508979694918,0,4,0.0,0,True,False,0.050000000000000044,30.135987974687502,6700,6700,F:\项目\专利\uav_dynamic_task_allocation\checkpoints\strike_order_dqn\latest.pt,,
1676,4,"[19, 18, 17, 20]",172.49892430786332,21.71901980128594,4,4,0.005520127771887928,0,4,0.0,0,True,False,0.050000000000000044,30.135987974687502,6704,6704,F:\项目\专利\uav_dynamic_task_allocation\checkpoints\strike_order_dqn\latest.pt,,
1677,0,"[4, 3, 2, 1]",143.75447345561832,27.15430895066569,4,4,0.002691473375307396,0,4,0.0,0,True,False,0.050000000000000044,30.135987974687502,6708,6708,F:\项目\专利\uav_dynamic_task_allocation\checkpoints\strike_order_dqn\latest.pt,,
1678,2,"[12, 10, 11, 9]",209.3632227065794,18.486365510503862,4,4,0.0026329633546993136,0,4,0.0,0,True,False,0.050000000000000044,30.135987974687502,6712,6712,F:\项目\专利\uav_dynamic_task_allocation\checkpoints\strike_order_dqn\latest.pt,,
1679,4,"[19, 18, 20, 17]",169.56104208358724,21.76935026904001,4,4,0.0034138125483877957,0,4,0.0,0,True,False,0.050000000000000044,30.135987974687502,6716,6716,F:\项目\专利\uav_dynamic_task_allocation\checkpoints\strike_order_dqn\latest.pt,,
1680,2,"[12, 10, 11, 9]",209.3632227065794,18.486365510503862,4,4,0.003680152236483991,1,3,0.25,0,True,False,0.050000000000000044,30.135987974687502,6720,6720,F:\项目\专利\uav_dynamic_task_allocation\checkpoints\strike_order_dqn\latest.pt,,
1681,4,"[19, 18, 17, 20]",172.49892430786332,21.71901980128594,4,4,0.0030930181383155286,1,3,0.25,0,True,False,0.050000000000000044,30.135987974687502,6724,6724,F:\项目\专利\uav_dynamic_task_allocation\checkpoints\strike_order_dqn\latest.pt,,
1682,0,"[4, 3, 2, 1]",143.75447345561832,27.15430895066569,4,4,0.0034401818411424756,0,4,0.0,0,True,False,0.050000000000000044,30.135987974687502,6728,6728,F:\项目\专利\uav_dynamic_task_allocation\checkpoints\strike_order_dqn\latest.pt,,
1683,0,"[4, 3, 2, 1]",143.75447345561832,27.15430895066569,4,4,0.0028791335644200444,0,4,0.0,0,True,False,0.050000000000000044,30.135987974687502,6732,6732,F:\项目\专利\uav_dynamic_task_allocation\checkpoints\strike_order_dqn\latest.pt,,
1684,3,"[15, 13, 16, 14]",110.72440362060973,26.524306284948956,4,4,0.002512031569494866,1,3,0.25,0,True,False,0.050000000000000044,30.135987974687502,6736,6736,F:\项目\专利\uav_dynamic_task_allocation\checkpoints\strike_order_dqn\latest.pt,,
1685,1,"[5, 7, 8, 6]",164.60582761657668,30.135987974687502,4,4,0.002848962030839175,0,4,0.0,0,True,False,0.050000000000000044,30.135987974687502,6740,6740,F:\项目\专利\uav_dynamic_task_allocation\checkpoints\strike_order_dqn\latest.pt,,
1686,2,"[12, 10, 11, 9]",209.3632227065794,18.486365510503862,4,4,0.0027982458705082536,0,4,0.0,0,True,False,0.050000000000000044,30.135987974687502,6744,6744,F:\项目\专利\uav_dynamic_task_allocation\checkpoints\strike_order_dqn\latest.pt,,
1687,2,"[12, 10, 11, 9]",209.3632227065794,18.486365510503862,4,4,0.0024365950375795364,0,4,0.0,0,True,False,0.050000000000000044,30.135987974687502,6748,6748,F:\项目\专利\uav_dynamic_task_allocation\checkpoints\strike_order_dqn\latest.pt,,
1688,2,"[12, 10, 11, 9]",209.3632227065794,18.486365510503862,4,4,0.0020105172006879,0,4,0.0,0,True,False,0.050000000000000044,30.135987974687502,6752,6752,F:\项目\专利\uav_dynamic_task_allocation\checkpoints\strike_order_dqn\latest.pt,,
1689,4,"[19, 18, 20, 17]",169.56104208358724,21.76935026904001,4,4,0.001969637378351763,0,4,0.0,0,True,False,0.050000000000000044,30.135987974687502,6756,6756,F:\项目\专利\uav_dynamic_task_allocation\checkpoints\strike_order_dqn\latest.pt,,
1690,0,"[4, 3, 2, 1]",143.75447345561832,27.15430895066569,4,4,0.0014734052529092878,0,4,0.0,0,True,False,0.050000000000000044,30.135987974687502,6760,6760,F:\项目\专利\uav_dynamic_task_allocation\checkpoints\strike_order_dqn\latest.pt,,
1691,3,"[15, 13, 16, 14]",110.72440362060973,26.524306284948956,4,4,0.0014151370851323009,0,4,0.0,0,True,False,0.050000000000000044,30.135987974687502,6764,6764,F:\项目\专利\uav_dynamic_task_allocation\checkpoints\strike_order_dqn\latest.pt,,
1692,4,"[17, 20, 19, 18]",170.67585144740272,20.153977949194896,4,4,0.0013971251610200852,1,3,0.25,0,True,False,0.050000000000000044,30.135987974687502,6768,6768,F:\项目\专利\uav_dynamic_task_allocation\checkpoints\strike_order_dqn\latest.pt,,
1693,3,"[15, 13, 16, 14]",110.72440362060973,26.524306284948956,4,4,0.0014340090565383434,0,4,0.0,0,True,False,0.050000000000000044,30.135987974687502,6772,6772,F:\项目\专利\uav_dynamic_task_allocation\checkpoints\strike_order_dqn\latest.pt,,
1694,1,"[5, 7, 8, 6]",164.60582761657668,30.135987974687502,4,4,0.0023608941701240838,1,3,0.25,0,True,False,0.050000000000000044,30.135987974687502,6776,6776,F:\项目\专利\uav_dynamic_task_allocation\checkpoints\strike_order_dqn\latest.pt,,
1695,0,"[4, 3, 2, 1]",143.75447345561832,27.15430895066569,4,4,0.0016418688173871487,0,4,0.0,0,True,False,0.050000000000000044,30.135987974687502,6780,6780,F:\项目\专利\uav_dynamic_task_allocation\checkpoints\strike_order_dqn\latest.pt,,
1696,3,"[15, 13, 16, 14]",110.72440362060973,26.524306284948956,4,4,0.0014439822116401047,0,4,0.0,0,True,False,0.050000000000000044,30.135987974687502,6784,6784,F:\项目\专利\uav_dynamic_task_allocation\checkpoints\strike_order_dqn\latest.pt,,
1697,2,"[12, 10, 11, 9]",209.3632227065794,18.486365510503862,4,4,0.0020729408715851605,0,4,0.0,0,True,False,0.050000000000000044,30.135987974687502,6788,6788,F:\项目\专利\uav_dynamic_task_allocation\checkpoints\strike_order_dqn\latest.pt,,
1698,0,"[4, 3, 2, 1]",143.75447345561832,27.15430895066569,4,4,0.0023663777974434197,1,3,0.25,0,True,False,0.050000000000000044,30.135987974687502,6792,6792,F:\项目\专利\uav_dynamic_task_allocation\checkpoints\strike_order_dqn\latest.pt,,
1699,1,"[5, 7, 8, 6]",164.60582761657668,30.135987974687502,4,4,0.00293405624688603,1,3,0.25,0,True,False,0.050000000000000044,30.135987974687502,6796,6796,F:\项目\专利\uav_dynamic_task_allocation\checkpoints\strike_order_dqn\latest.pt,,
1700,4,"[19, 18, 20, 17]",169.56104208358724,21.76935026904001,4,4,0.003120364766800776,0,4,0.0,0,True,False,0.050000000000000044,30.135987974687502,6800,6800,F:\项目\专利\uav_dynamic_task_allocation\checkpoints\strike_order_dqn\latest.pt,,
1701,1,"[5, 7, 8, 6]",164.60582761657668,30.135987974687502,4,4,0.006273447070270777,0,4,0.0,0,True,False,0.050000000000000044,30.135987974687502,6804,6804,F:\项目\专利\uav_dynamic_task_allocation\checkpoints\strike_order_dqn\latest.pt,,
1702,0,"[4, 3, 2, 1]",143.75447345561832,27.15430895066569,4,4,0.008569281199015677,0,4,0.0,0,True,False,0.050000000000000044,30.135987974687502,6808,6808,F:\项目\专利\uav_dynamic_task_allocation\checkpoints\strike_order_dqn\latest.pt,,
1703,3,"[15, 13, 16, 14]",110.72440362060973,26.524306284948956,4,4,0.007290549692697823,0,4,0.0,0,True,False,0.050000000000000044,30.135987974687502,6812,6812,F:\项目\专利\uav_dynamic_task_allocation\checkpoints\strike_order_dqn\latest.pt,,
1704,0,"[4, 3, 2, 1]",143.75447345561832,27.15430895066569,4,4,0.004667802480980754,0,4,0.0,0,True,False,0.050000000000000044,30.135987974687502,6816,6816,F:\项目\专利\uav_dynamic_task_allocation\checkpoints\strike_order_dqn\latest.pt,,
1705,4,"[18, 17, 20, 19]",226.09088850786196,17.504009638393,4,4,0.003766887850360945,2,2,0.5,0,True,False,0.050000000000000044,30.135987974687502,6820,6820,F:\项目\专利\uav_dynamic_task_allocation\checkpoints\strike_order_dqn\latest.pt,,
1706,4,"[19, 18, 20, 17]",169.56104208358724,21.76935026904001,4,4,0.0034504292416386306,0,4,0.0,0,True,False,0.050000000000000044,30.135987974687502,6824,6824,F:\项目\专利\uav_dynamic_task_allocation\checkpoints\strike_order_dqn\latest.pt,,
1707,4,"[19, 18, 20, 17]",169.56104208358724,21.76935026904001,4,4,0.0013315375545062125,1,3,0.25,0,True,False,0.050000000000000044,30.135987974687502,6828,6828,F:\项目\专利\uav_dynamic_task_allocation\checkpoints\strike_order_dqn\latest.pt,,
1708,4,"[19, 18, 20, 17]",169.56104208358724,21.76935026904001,4,4,0.0018659896159078926,0,4,0.0,0,True,False,0.050000000000000044,30.135987974687502,6832,6832,F:\项目\专利\uav_dynamic_task_allocation\checkpoints\strike_order_dqn\latest.pt,,
1709,1,"[5, 7, 8, 6]",164.60582761657668,30.135987974687502,4,4,0.0016963218804448843,0,4,0.0,0,True,False,0.050000000000000044,30.135987974687502,6836,6836,F:\项目\专利\uav_dynamic_task_allocation\checkpoints\strike_order_dqn\latest.pt,,
1710,1,"[5, 7, 8, 6]",164.60582761657668,30.135987974687502,4,4,0.0013478933979058638,0,4,0.0,0,True,False,0.050000000000000044,30.135987974687502,6840,6840,F:\项目\专利\uav_dynamic_task_allocation\checkpoints\strike_order_dqn\latest.pt,,
1711,1,"[5, 7, 8, 6]",164.60582761657668,30.135987974687502,4,4,0.0024651080602779984,0,4,0.0,0,True,False,0.050000000000000044,30.135987974687502,6844,6844,F:\项目\专利\uav_dynamic_task_allocation\checkpoints\strike_order_dqn\latest.pt,,
1712,2,"[12, 10, 11, 9]",209.3632227065794,18.486365510503862,4,4,0.003220418293494731,1,3,0.25,0,True,False,0.050000000000000044,30.135987974687502,6848,6848,F:\项目\专利\uav_dynamic_task_allocation\checkpoints\strike_order_dqn\latest.pt,,
1713,4,"[19, 18, 20, 17]",169.56104208358724,21.76935026904001,4,4,0.003222928469767794,0,4,0.0,0,True,False,0.050000000000000044,30.135987974687502,6852,6852,F:\项目\专利\uav_dynamic_task_allocation\checkpoints\strike_order_dqn\latest.pt,,
1714,3,"[13, 16, 15, 14]",116.10182393712081,26.366462669072508,4,4,0.0032199599663726985,0,4,0.0,0,True,False,0.050000000000000044,30.135987974687502,6856,6856,F:\项目\专利\uav_dynamic_task_allocation\checkpoints\strike_order_dqn\latest.pt,,
1715,3,"[15, 13, 16, 14]",110.72440362060973,26.524306284948956,4,4,0.002073353884043172,0,4,0.0,0,True,False,0.050000000000000044,30.135987974687502,6860,6860,F:\项目\专利\uav_dynamic_task_allocation\checkpoints\strike_order_dqn\latest.pt,,
1716,4,"[19, 17, 20, 18]",193.25430480962262,20.112843240011067,4,4,0.0020616219262592494,1,3,0.25,0,True,False,0.050000000000000044,30.135987974687502,6864,6864,F:\项目\专利\uav_dynamic_task_allocation\checkpoints\strike_order_dqn\latest.pt,,
1717,3,"[15, 13, 16, 14]",110.72440362060973,26.524306284948956,4,4,0.0029343534260988235,0,4,0.0,0,True,False,0.050000000000000044,30.135987974687502,6868,6868,F:\项目\专利\uav_dynamic_task_allocation\checkpoints\strike_order_dqn\latest.pt,,
1718,1,"[5, 7, 8, 6]",164.60582761657668,30.135987974687502,4,4,0.0028275063377805054,0,4,0.0,0,True,False,0.050000000000000044,30.135987974687502,6872,6872,F:\项目\专利\uav_dynamic_task_allocation\checkpoints\strike_order_dqn\latest.pt,,
1719,2,"[12, 10, 11, 9]",209.3632227065794,18.486365510503862,4,4,0.00204022487741895,0,4,0.0,0,True,False,0.050000000000000044,30.135987974687502,6876,6876,F:\项目\专利\uav_dynamic_task_allocation\checkpoints\strike_order_dqn\latest.pt,,
1720,2,"[10, 12, 9, 11]",205.11603076518864,17.944549681546867,4,4,0.0019384061743039638,1,3,0.25,0,True,False,0.050000000000000044,30.135987974687502,6880,6880,F:\项目\专利\uav_dynamic_task_allocation\checkpoints\strike_order_dqn\latest.pt,,
1721,0,"[4, 3, 2, 1]",143.75447345561832,27.15430895066569,4,4,0.003375448635779321,0,4,0.0,0,True,False,0.050000000000000044,30.135987974687502,6884,6884,F:\项目\专利\uav_dynamic_task_allocation\checkpoints\strike_order_dqn\latest.pt,,
1722,3,"[15, 13, 16, 14]",110.72440362060973,26.524306284948956,4,4,0.0015036126715131104,0,4,0.0,0,True,False,0.050000000000000044,30.135987974687502,6888,6888,F:\项目\专利\uav_dynamic_task_allocation\checkpoints\strike_order_dqn\latest.pt,,
1723,3,"[15, 13, 16, 14]",110.72440362060973,26.524306284948956,4,4,0.0013102510856697336,0,4,0.0,0,True,False,0.050000000000000044,30.135987974687502,6892,6892,F:\项目\专利\uav_dynamic_task_allocation\checkpoints\strike_order_dqn\latest.pt,,
1724,3,"[15, 14, 16, 13]",127.77947310830064,24.393920000598463,4,4,0.001370233134366572,1,3,0.25,0,True,False,0.050000000000000044,30.135987974687502,6896,6896,F:\项目\专利\uav_dynamic_task_allocation\checkpoints\strike_order_dqn\latest.pt,,
1725,2,"[12, 10, 11, 9]",209.3632227065794,18.486365510503862,4,4,0.0018124314374290407,0,4,0.0,0,True,False,0.050000000000000044,30.135987974687502,6900,6900,F:\项目\专利\uav_dynamic_task_allocation\checkpoints\strike_order_dqn\latest.pt,,
1726,3,"[15, 13, 16, 14]",110.72440362060973,26.524306284948956,4,4,0.0020192477968521416,2,2,0.5,0,True,False,0.050000000000000044,30.135987974687502,6904,6904,F:\项目\专利\uav_dynamic_task_allocation\checkpoints\strike_order_dqn\latest.pt,,
1727,4,"[20, 17, 19, 18]",163.52770884030468,20.317524759490777,4,4,0.0011463241971796378,1,3,0.25,0,True,False,0.050000000000000044,30.135987974687502,6908,6908,F:\项目\专利\uav_dynamic_task_allocation\checkpoints\strike_order_dqn\latest.pt,,
1728,2,"[12, 10, 11, 9]",209.3632227065794,18.486365510503862,4,4,0.0014231126406230032,0,4,0.0,0,True,False,0.050000000000000044,30.135987974687502,6912,6912,F:\项目\专利\uav_dynamic_task_allocation\checkpoints\strike_order_dqn\latest.pt,,
1729,2,"[12, 10, 11, 9]",209.3632227065794,18.486365510503862,4,4,0.0011885896528838202,0,4,0.0,0,True,False,0.050000000000000044,30.135987974687502,6916,6916,F:\项目\专利\uav_dynamic_task_allocation\checkpoints\strike_order_dqn\latest.pt,,
1730,0,"[4, 3, 2, 1]",143.75447345561832,27.15430895066569,4,4,0.0019163528850185685,0,4,0.0,0,True,False,0.050000000000000044,30.135987974687502,6920,6920,F:\项目\专利\uav_dynamic_task_allocation\checkpoints\strike_order_dqn\latest.pt,,
1731,3,"[15, 13, 16, 14]",110.72440362060973,26.524306284948956,4,4,0.0017756942397681996,0,4,0.0,0,True,False,0.050000000000000044,30.135987974687502,6924,6924,F:\项目\专利\uav_dynamic_task_allocation\checkpoints\strike_order_dqn\latest.pt,,
1732,4,"[19, 18, 20, 17]",169.56104208358724,21.76935026904001,4,4,0.001223751256475225,0,4,0.0,0,True,False,0.050000000000000044,30.135987974687502,6928,6928,F:\项目\专利\uav_dynamic_task_allocation\checkpoints\strike_order_dqn\latest.pt,,
1733,3,"[15, 13, 16, 14]",110.72440362060973,26.524306284948956,4,4,0.0016891678387764841,0,4,0.0,0,True,False,0.050000000000000044,30.135987974687502,6932,6932,F:\项目\专利\uav_dynamic_task_allocation\checkpoints\strike_order_dqn\latest.pt,,
1734,4,"[19, 18, 20, 17]",169.56104208358724,21.76935026904001,4,4,0.0017914051713887602,0,4,0.0,0,True,False,0.050000000000000044,30.135987974687502,6936,6936,F:\项目\专利\uav_dynamic_task_allocation\checkpoints\strike_order_dqn\latest.pt,,
1735,4,"[19, 18, 20, 17]",169.56104208358724,21.76935026904001,4,4,0.0016411406104452908,0,4,0.0,0,True,False,0.050000000000000044,30.135987974687502,6940,6940,F:\项目\专利\uav_dynamic_task_allocation\checkpoints\strike_order_dqn\latest.pt,,
1736,3,"[15, 13, 16, 14]",110.72440362060973,26.524306284948956,4,4,0.0011215389822609723,0,4,0.0,0,True,False,0.050000000000000044,30.135987974687502,6944,6944,F:\项目\专利\uav_dynamic_task_allocation\checkpoints\strike_order_dqn\latest.pt,,
1737,2,"[12, 10, 11, 9]",209.3632227065794,18.486365510503862,4,4,0.0012477229756768793,0,4,0.0,0,True,False,0.050000000000000044,30.135987974687502,6948,6948,F:\项目\专利\uav_dynamic_task_allocation\checkpoints\strike_order_dqn\latest.pt,,
1738,0,"[4, 3, 2, 1]",143.75447345561832,27.15430895066569,4,4,0.001416534068994224,0,4,0.0,0,True,False,0.050000000000000044,30.135987974687502,6952,6952,F:\项目\专利\uav_dynamic_task_allocation\checkpoints\strike_order_dqn\latest.pt,,
1739,0,"[4, 2, 3, 1]",184.447053556711,21.064568425993755,4,4,0.001709137432044372,1,3,0.25,0,True,False,0.050000000000000044,30.135987974687502,6956,6956,F:\项目\专利\uav_dynamic_task_allocation\checkpoints\strike_order_dqn\latest.pt,,
1740,1,"[5, 7, 8, 6]",164.60582761657668,30.135987974687502,4,4,0.000896452838787809,0,4,0.0,0,True,False,0.050000000000000044,30.135987974687502,6960,6960,F:\项目\专利\uav_dynamic_task_allocation\checkpoints\strike_order_dqn\latest.pt,,
1741,2,"[11, 9, 12, 10]",195.22686250124153,18.40278416071593,4,4,0.0010834549029823393,1,3,0.25,0,True,False,0.050000000000000044,30.135987974687502,6964,6964,F:\项目\专利\uav_dynamic_task_allocation\checkpoints\strike_order_dqn\latest.pt,,
1742,3,"[14, 15, 13, 16]",111.82161863567384,25.152774105723537,4,4,0.0007841609040042385,1,3,0.25,0,True,False,0.050000000000000044,30.135987974687502,6968,6968,F:\项目\专利\uav_dynamic_task_allocation\checkpoints\strike_order_dqn\latest.pt,,
1743,2,"[12, 10, 11, 9]",209.3632227065794,18.486365510503862,4,4,0.0013854235876351595,0,4,0.0,0,True,False,0.050000000000000044,30.135987974687502,6972,6972,F:\项目\专利\uav_dynamic_task_allocation\checkpoints\strike_order_dqn\latest.pt,,
1744,0,"[4, 3, 2, 1]",143.75447345561832,27.15430895066569,4,4,0.0006565193179994822,0,4,0.0,0,True,False,0.050000000000000044,30.135987974687502,6976,6976,F:\项目\专利\uav_dynamic_task_allocation\checkpoints\strike_order_dqn\latest.pt,,
1745,1,"[5, 7, 8, 6]",164.60582761657668,30.135987974687502,4,4,0.0006268089709919877,1,3,0.25,0,True,False,0.050000000000000044,30.135987974687502,6980,6980,F:\项目\专利\uav_dynamic_task_allocation\checkpoints\strike_order_dqn\latest.pt,,
1746,4,"[19, 18, 20, 17]",169.56104208358724,21.76935026904001,4,4,0.0005476073711179197,0,4,0.0,0,True,False,0.050000000000000044,30.135987974687502,6984,6984,F:\项目\专利\uav_dynamic_task_allocation\checkpoints\strike_order_dqn\latest.pt,,
1747,4,"[19, 18, 20, 17]",169.56104208358724,21.76935026904001,4,4,0.0006925956404302269,0,4,0.0,0,True,False,0.050000000000000044,30.135987974687502,6988,6988,F:\项目\专利\uav_dynamic_task_allocation\checkpoints\strike_order_dqn\latest.pt,,
1748,1,"[5, 7, 8, 6]",164.60582761657668,30.135987974687502,4,4,0.0007179038075264543,0,4,0.0,0,True,False,0.050000000000000044,30.135987974687502,6992,6992,F:\项目\专利\uav_dynamic_task_allocation\checkpoints\strike_order_dqn\latest.pt,,
1749,4,"[19, 18, 20, 17]",169.56104208358724,21.76935026904001,4,4,0.0007651788910152391,0,4,0.0,0,True,False,0.050000000000000044,30.135987974687502,6996,6996,F:\项目\专利\uav_dynamic_task_allocation\checkpoints\strike_order_dqn\latest.pt,,
1750,3,"[15, 13, 16, 14]",110.72440362060973,26.524306284948956,4,4,0.0008295295192510821,0,4,0.0,0,True,False,0.050000000000000044,30.135987974687502,7000,7000,F:\项目\专利\uav_dynamic_task_allocation\checkpoints\strike_order_dqn\latest.pt,,
1751,4,"[19, 18, 20, 17]",169.56104208358724,21.76935026904001,4,4,0.002001352288061753,0,4,0.0,0,True,False,0.050000000000000044,30.135987974687502,7004,7004,F:\项目\专利\uav_dynamic_task_allocation\checkpoints\strike_order_dqn\latest.pt,,
1752,4,"[19, 18, 20, 17]",169.56104208358724,21.76935026904001,4,4,0.002283314854139462,1,3,0.25,0,True,False,0.050000000000000044,30.135987974687502,7008,7008,F:\项目\专利\uav_dynamic_task_allocation\checkpoints\strike_order_dqn\latest.pt,,
1753,3,"[15, 13, 16, 14]",110.72440362060973,26.524306284948956,4,4,0.0018606827652547508,0,4,0.0,0,True,False,0.050000000000000044,30.135987974687502,7012,7012,F:\项目\专利\uav_dynamic_task_allocation\checkpoints\strike_order_dqn\latest.pt,,
1754,1,"[5, 6, 7, 8]",176.18593953275735,28.57149701761014,4,4,0.001588438724866137,1,3,0.25,0,True,False,0.050000000000000044,30.135987974687502,7016,7016,F:\项目\专利\uav_dynamic_task_allocation\checkpoints\strike_order_dqn\latest.pt,,
1755,3,"[15, 13, 16, 14]",110.72440362060973,26.524306284948956,4,4,0.0028379595605656505,0,4,0.0,0,True,False,0.050000000000000044,30.135987974687502,7020,7020,F:\项目\专利\uav_dynamic_task_allocation\checkpoints\strike_order_dqn\latest.pt,,
1756,1,"[5, 7, 8, 6]",164.60582761657668,30.135987974687502,4,4,0.003165071306284517,0,4,0.0,0,True,False,0.050000000000000044,30.135987974687502,7024,7024,F:\项目\专利\uav_dynamic_task_allocation\checkpoints\strike_order_dqn\latest.pt,,
1757,1,"[5, 7, 8, 6]",164.60582761657668,30.135987974687502,4,4,0.002932298113591969,0,4,0.0,0,True,False,0.050000000000000044,30.135987974687502,7028,7028,F:\项目\专利\uav_dynamic_task_allocation\checkpoints\strike_order_dqn\latest.pt,,
1758,3,"[15, 13, 16, 14]",110.72440362060973,26.524306284948956,4,4,0.002203291849582456,0,4,0.0,0,True,False,0.050000000000000044,30.135987974687502,7032,7032,F:\项目\专利\uav_dynamic_task_allocation\checkpoints\strike_order_dqn\latest.pt,,
1759,2,"[12, 10, 11, 9]",209.3632227065794,18.486365510503862,4,4,0.0021003079891670495,0,4,0.0,0,True,False,0.050000000000000044,30.135987974687502,7036,7036,F:\项目\专利\uav_dynamic_task_allocation\checkpoints\strike_order_dqn\latest.pt,,
1760,2,"[11, 9, 10, 12]",227.06994610847113,17.83864149511276,4,4,0.0032513277255930007,1,3,0.25,0,True,False,0.050000000000000044,30.135987974687502,7040,7040,F:\项目\专利\uav_dynamic_task_allocation\checkpoints\strike_order_dqn\latest.pt,,
1761,1,"[5, 7, 8, 6]",164.60582761657668,30.135987974687502,4,4,0.002030272764386609,0,4,0.0,0,True,False,0.050000000000000044,30.135987974687502,7044,7044,F:\项目\专利\uav_dynamic_task_allocation\checkpoints\strike_order_dqn\latest.pt,,
1762,2,"[11, 9, 12, 10]",195.22686250124153,18.40278416071593,4,4,0.0019548156851669773,0,4,0.0,0,True,False,0.050000000000000044,30.135987974687502,7048,7048,F:\项目\专利\uav_dynamic_task_allocation\checkpoints\strike_order_dqn\latest.pt,,
1763,0,"[4, 3, 2, 1]",143.75447345561832,27.15430895066569,4,4,0.002246635966002941,0,4,0.0,0,True,False,0.050000000000000044,30.135987974687502,7052,7052,F:\项目\专利\uav_dynamic_task_allocation\checkpoints\strike_order_dqn\latest.pt,,
1764,3,"[15, 13, 16, 14]",110.72440362060973,26.524306284948956,4,4,0.0017968259926419705,0,4,0.0,0,True,False,0.050000000000000044,30.135987974687502,7056,7056,F:\项目\专利\uav_dynamic_task_allocation\checkpoints\strike_order_dqn\latest.pt,,
1765,2,"[12, 10, 11, 9]",209.3632227065794,18.486365510503862,4,4,0.001898334186989814,0,4,0.0,0,True,False,0.050000000000000044,30.135987974687502,7060,7060,F:\项目\专利\uav_dynamic_task_allocation\checkpoints\strike_order_dqn\latest.pt,,
1766,4,"[19, 18, 17, 20]",172.49892430786332,21.71901980128594,4,4,0.0021980254678055644,0,4,0.0,0,True,False,0.050000000000000044,30.135987974687502,7064,7064,F:\项目\专利\uav_dynamic_task_allocation\checkpoints\strike_order_dqn\latest.pt,,
1767,2,"[12, 10, 11, 9]",209.3632227065794,18.486365510503862,4,4,0.0015518859727308154,0,4,0.0,0,True,False,0.050000000000000044,30.135987974687502,7068,7068,F:\项目\专利\uav_dynamic_task_allocation\checkpoints\strike_order_dqn\latest.pt,,
1768,2,"[12, 10, 11, 9]",209.3632227065794,18.486365510503862,4,4,0.0022770438226871192,0,4,0.0,0,True,False,0.050000000000000044,30.135987974687502,7072,7072,F:\项目\专利\uav_dynamic_task_allocation\checkpoints\strike_order_dqn\latest.pt,,
1769,0,"[4, 3, 2, 1]",143.75447345561832,27.15430895066569,4,4,0.0016815945564303547,0,4,0.0,0,True,False,0.050000000000000044,30.135987974687502,7076,7076,F:\项目\专利\uav_dynamic_task_allocation\checkpoints\strike_order_dqn\latest.pt,,
1770,0,"[4, 3, 2, 1]",143.75447345561832,27.15430895066569,4,4,0.0021529476944124326,1,3,0.25,0,True,False,0.050000000000000044,30.135987974687502,7080,7080,F:\项目\专利\uav_dynamic_task_allocation\checkpoints\strike_order_dqn\latest.pt,,
1771,1,"[5, 7, 8, 6]",164.60582761657668,30.135987974687502,4,4,0.002094987314194441,0,4,0.0,0,True,False,0.050000000000000044,30.135987974687502,7084,7084,F:\项目\专利\uav_dynamic_task_allocation\checkpoints\strike_order_dqn\latest.pt,,
1772,1,"[5, 7, 8, 6]",164.60582761657668,30.135987974687502,4,4,0.002519638743251562,1,3,0.25,0,True,False,0.050000000000000044,30.135987974687502,7088,7088,F:\项目\专利\uav_dynamic_task_allocation\checkpoints\strike_order_dqn\latest.pt,,
1773,1,"[5, 7, 8, 6]",164.60582761657668,30.135987974687502,4,4,0.0022091777354944497,0,4,0.0,0,True,False,0.050000000000000044,30.135987974687502,7092,7092,F:\项目\专利\uav_dynamic_task_allocation\checkpoints\strike_order_dqn\latest.pt,,
1774,1,"[5, 7, 8, 6]",164.60582761657668,30.135987974687502,4,4,0.00233089760877192,0,4,0.0,0,True,False,0.050000000000000044,30.135987974687502,7096,7096,F:\项目\专利\uav_dynamic_task_allocation\checkpoints\strike_order_dqn\latest.pt,,
1775,3,"[15, 13, 16, 14]",110.72440362060973,26.524306284948956,4,4,0.0026093401247635484,0,4,0.0,0,True,False,0.050000000000000044,30.135987974687502,7100,7100,F:\项目\专利\uav_dynamic_task_allocation\checkpoints\strike_order_dqn\latest.pt,,
1776,0,"[4, 3, 2, 1]",143.75447345561832,27.15430895066569,4,4,0.0026750058750621974,0,4,0.0,0,True,False,0.050000000000000044,30.135987974687502,7104,7104,F:\项目\专利\uav_dynamic_task_allocation\checkpoints\strike_order_dqn\latest.pt,,
1777,1,"[5, 7, 8, 6]",164.60582761657668,30.135987974687502,4,4,0.0032384900259785354,0,4,0.0,0,True,False,0.050000000000000044,30.135987974687502,7108,7108,F:\项目\专利\uav_dynamic_task_allocation\checkpoints\strike_order_dqn\latest.pt,,
1778,0,"[4, 3, 2, 1]",143.75447345561832,27.15430895066569,4,4,0.005424173781648278,0,4,0.0,0,True,False,0.050000000000000044,30.135987974687502,7112,7112,F:\项目\专利\uav_dynamic_task_allocation\checkpoints\strike_order_dqn\latest.pt,,
1779,1,"[5, 7, 8, 6]",164.60582761657668,30.135987974687502,4,4,0.006178566021844745,0,4,0.0,0,True,False,0.050000000000000044,30.135987974687502,7116,7116,F:\项目\专利\uav_dynamic_task_allocation\checkpoints\strike_order_dqn\latest.pt,,
1780,3,"[15, 13, 16, 14]",110.72440362060973,26.524306284948956,4,4,0.006087680114433169,0,4,0.0,0,True,False,0.050000000000000044,30.135987974687502,7120,7120,F:\项目\专利\uav_dynamic_task_allocation\checkpoints\strike_order_dqn\latest.pt,,
1781,0,"[4, 3, 2, 1]",143.75447345561832,27.15430895066569,4,4,0.005107879580464214,0,4,0.0,0,True,False,0.050000000000000044,30.135987974687502,7124,7124,F:\项目\专利\uav_dynamic_task_allocation\checkpoints\strike_order_dqn\latest.pt,,
1782,1,"[5, 8, 7, 6]",149.2377467868531,30.0298134782743,4,4,0.00411138340132311,0,4,0.0,0,True,False,0.050000000000000044,30.135987974687502,7128,7128,F:\项目\专利\uav_dynamic_task_allocation\checkpoints\strike_order_dqn\latest.pt,,
1783,0,"[4, 3, 2, 1]",143.75447345561832,27.15430895066569,4,4,0.0034400458680465817,1,3,0.25,0,True,False,0.050000000000000044,30.135987974687502,7132,7132,F:\项目\专利\uav_dynamic_task_allocation\checkpoints\strike_order_dqn\latest.pt,,
1784,4,"[19, 18, 20, 17]",169.56104208358724,21.76935026904001,4,4,0.0030327606946229935,0,4,0.0,0,True,False,0.050000000000000044,30.135987974687502,7136,7136,F:\项目\专利\uav_dynamic_task_allocation\checkpoints\strike_order_dqn\latest.pt,,
1785,3,"[15, 13, 16, 14]",110.72440362060973,26.524306284948956,4,4,0.0028480093460530043,0,4,0.0,0,True,False,0.050000000000000044,30.135987974687502,7140,7140,F:\项目\专利\uav_dynamic_task_allocation\checkpoints\strike_order_dqn\latest.pt,,
1786,1,"[5, 7, 8, 6]",164.60582761657668,30.135987974687502,4,4,0.002007819595746696,0,4,0.0,0,True,False,0.050000000000000044,30.135987974687502,7144,7144,F:\项目\专利\uav_dynamic_task_allocation\checkpoints\strike_order_dqn\latest.pt,,
1787,0,"[4, 3, 2, 1]",143.75447345561832,27.15430895066569,4,4,0.0026719818415585905,0,4,0.0,0,True,False,0.050000000000000044,30.135987974687502,7148,7148,F:\项目\专利\uav_dynamic_task_allocation\checkpoints\strike_order_dqn\latest.pt,,
1788,0,"[4, 3, 2, 1]",143.75447345561832,27.15430895066569,4,4,0.003237288852687925,0,4,0.0,0,True,False,0.050000000000000044,30.135987974687502,7152,7152,F:\项目\专利\uav_dynamic_task_allocation\checkpoints\strike_order_dqn\latest.pt,,
1789,2,"[12, 10, 11, 9]",209.3632227065794,18.486365510503862,4,4,0.0017109470209106803,0,4,0.0,0,True,False,0.050000000000000044,30.135987974687502,7156,7156,F:\项目\专利\uav_dynamic_task_allocation\checkpoints\strike_order_dqn\latest.pt,,
1790,3,"[15, 13, 16, 14]",110.72440362060973,26.524306284948956,4,4,0.002684954524738714,0,4,0.0,0,True,False,0.050000000000000044,30.135987974687502,7160,7160,F:\项目\专利\uav_dynamic_task_allocation\checkpoints\strike_order_dqn\latest.pt,,
1791,2,"[12, 10, 11, 9]",209.3632227065794,18.486365510503862,4,4,0.0029725910862907767,0,4,0.0,0,True,False,0.050000000000000044,30.135987974687502,7164,7164,F:\项目\专利\uav_dynamic_task_allocation\checkpoints\strike_order_dqn\latest.pt,,
1792,4,"[19, 18, 20, 17]",169.56104208358724,21.76935026904001,4,4,0.002973267575725913,0,4,0.0,0,True,False,0.050000000000000044,30.135987974687502,7168,7168,F:\项目\专利\uav_dynamic_task_allocation\checkpoints\strike_order_dqn\latest.pt,,
1793,1,"[5, 7, 8, 6]",164.60582761657668,30.135987974687502,4,4,0.003870290645863861,0,4,0.0,0,True,False,0.050000000000000044,30.135987974687502,7172,7172,F:\项目\专利\uav_dynamic_task_allocation\checkpoints\strike_order_dqn\latest.pt,,
1794,1,"[5, 7, 8, 6]",164.60582761657668,30.135987974687502,4,4,0.0027586072392296046,0,4,0.0,0,True,False,0.050000000000000044,30.135987974687502,7176,7176,F:\项目\专利\uav_dynamic_task_allocation\checkpoints\strike_order_dqn\latest.pt,,
1795,2,"[12, 10, 11, 9]",209.3632227065794,18.486365510503862,4,4,0.0019131771696265787,0,4,0.0,0,True,False,0.050000000000000044,30.135987974687502,7180,7180,F:\项目\专利\uav_dynamic_task_allocation\checkpoints\strike_order_dqn\latest.pt,,
1796,1,"[5, 7, 8, 6]",164.60582761657668,30.135987974687502,4,4,0.0019797944696620107,1,3,0.25,0,True,False,0.050000000000000044,30.135987974687502,7184,7184,F:\项目\专利\uav_dynamic_task_allocation\checkpoints\strike_order_dqn\latest.pt,,
1797,4,"[19, 18, 20, 17]",169.56104208358724,21.76935026904001,4,4,0.0023000993533059955,0,4,0.0,0,True,False,0.050000000000000044,30.135987974687502,7188,7188,F:\项目\专利\uav_dynamic_task_allocation\checkpoints\strike_order_dqn\latest.pt,,
1798,0,"[3, 4, 2, 1]",144.72417449833796,25.999062732197913,4,4,0.0027467060717754066,1,3,0.25,0,True,False,0.050000000000000044,30.135987974687502,7192,7192,F:\项目\专利\uav_dynamic_task_allocation\checkpoints\strike_order_dqn\latest.pt,,
1799,2,"[12, 10, 11, 9]",209.3632227065794,18.486365510503862,4,4,0.0022263532446231693,1,3,0.25,0,True,False,0.050000000000000044,30.135987974687502,7196,7196,F:\项目\专利\uav_dynamic_task_allocation\checkpoints\strike_order_dqn\latest.pt,,
1800,2,"[12, 10, 11, 9]",209.3632227065794,18.486365510503862,4,4,0.0014239606098271906,0,4,0.0,0,True,False,0.050000000000000044,30.135987974687502,7200,7200,F:\项目\专利\uav_dynamic_task_allocation\checkpoints\strike_order_dqn\latest.pt,,
1801,0,"[4, 3, 1, 2]",178.27976535289113,26.243832350219726,4,4,0.0026585364539641887,1,3,0.25,0,True,False,0.050000000000000044,30.135987974687502,7204,7204,F:\项目\专利\uav_dynamic_task_allocation\checkpoints\strike_order_dqn\latest.pt,,
1802,2,"[12, 10, 11, 9]",209.3632227065794,18.486365510503862,4,4,0.0019910085247829556,0,4,0.0,0,True,False,0.050000000000000044,30.135987974687502,7208,7208,F:\项目\专利\uav_dynamic_task_allocation\checkpoints\strike_order_dqn\latest.pt,,
1803,2,"[12, 10, 11, 9]",209.3632227065794,18.486365510503862,4,4,0.00247624478652142,0,4,0.0,0,True,False,0.050000000000000044,30.135987974687502,7212,7212,F:\项目\专利\uav_dynamic_task_allocation\checkpoints\strike_order_dqn\latest.pt,,
1804,1,"[5, 7, 8, 6]",164.60582761657668,30.135987974687502,4,4,0.0021778937079943717,0,4,0.0,0,True,False,0.050000000000000044,30.135987974687502,7216,7216,F:\项目\专利\uav_dynamic_task_allocation\checkpoints\strike_order_dqn\latest.pt,,
1805,0,"[4, 3, 2, 1]",143.75447345561832,27.15430895066569,4,4,0.0012534466804936528,0,4,0.0,0,True,False,0.050000000000000044,30.135987974687502,7220,7220,F:\项目\专利\uav_dynamic_task_allocation\checkpoints\strike_order_dqn\latest.pt,,
1806,0,"[4, 3, 2, 1]",143.75447345561832,27.15430895066569,4,4,0.001508710818598047,0,4,0.0,0,True,False,0.050000000000000044,30.135987974687502,7224,7224,F:\项目\专利\uav_dynamic_task_allocation\checkpoints\strike_order_dqn\latest.pt,,
1807,0,"[4, 3, 2, 1]",143.75447345561832,27.15430895066569,4,4,0.0022573115420527756,0,4,0.0,0,True,False,0.050000000000000044,30.135987974687502,7228,7228,F:\项目\专利\uav_dynamic_task_allocation\checkpoints\strike_order_dqn\latest.pt,,
1808,2,"[12, 10, 11, 9]",209.3632227065794,18.486365510503862,4,4,0.0019274273654446006,0,4,0.0,0,True,False,0.050000000000000044,30.135987974687502,7232,7232,F:\项目\专利\uav_dynamic_task_allocation\checkpoints\strike_order_dqn\latest.pt,,
1809,0,"[4, 3, 2, 1]",143.75447345561832,27.15430895066569,4,4,0.0018082175811287016,0,4,0.0,0,True,False,0.050000000000000044,30.135987974687502,7236,7236,F:\项目\专利\uav_dynamic_task_allocation\checkpoints\strike_order_dqn\latest.pt,,
1810,4,"[19, 18, 20, 17]",169.56104208358724,21.76935026904001,4,4,0.002140367607353255,0,4,0.0,0,True,False,0.050000000000000044,30.135987974687502,7240,7240,F:\项目\专利\uav_dynamic_task_allocation\checkpoints\strike_order_dqn\latest.pt,,
1811,1,"[5, 7, 8, 6]",164.60582761657668,30.135987974687502,4,4,0.0028076139569748193,0,4,0.0,0,True,False,0.050000000000000044,30.135987974687502,7244,7244,F:\项目\专利\uav_dynamic_task_allocation\checkpoints\strike_order_dqn\latest.pt,,
1812,3,"[15, 13, 16, 14]",110.72440362060973,26.524306284948956,4,4,0.0036840179818682373,0,4,0.0,0,True,False,0.050000000000000044,30.135987974687502,7248,7248,F:\项目\专利\uav_dynamic_task_allocation\checkpoints\strike_order_dqn\latest.pt,,
1813,3,"[15, 13, 16, 14]",110.72440362060973,26.524306284948956,4,4,0.002317806996870786,1,3,0.25,0,True,False,0.050000000000000044,30.135987974687502,7252,7252,F:\项目\专利\uav_dynamic_task_allocation\checkpoints\strike_order_dqn\latest.pt,,
1814,2,"[12, 10, 11, 9]",209.3632227065794,18.486365510503862,4,4,0.002622824104037136,0,4,0.0,0,True,False,0.050000000000000044,30.135987974687502,7256,7256,F:\项目\专利\uav_dynamic_task_allocation\checkpoints\strike_order_dqn\latest.pt,,
1815,4,"[19, 18, 20, 17]",169.56104208358724,21.76935026904001,4,4,0.0034744839649647474,0,4,0.0,0,True,False,0.050000000000000044,30.135987974687502,7260,7260,F:\项目\专利\uav_dynamic_task_allocation\checkpoints\strike_order_dqn\latest.pt,,
1816,0,"[4, 3, 2, 1]",143.75447345561832,27.15430895066569,4,4,0.003176442813128233,0,4,0.0,0,True,False,0.050000000000000044,30.135987974687502,7264,7264,F:\项目\专利\uav_dynamic_task_allocation\checkpoints\strike_order_dqn\latest.pt,,
1817,1,"[5, 7, 8, 6]",164.60582761657668,30.135987974687502,4,4,0.00263141404138878,0,4,0.0,0,True,False,0.050000000000000044,30.135987974687502,7268,7268,F:\项目\专利\uav_dynamic_task_allocation\checkpoints\strike_order_dqn\latest.pt,,
1818,1,"[5, 7, 8, 6]",164.60582761657668,30.135987974687502,4,4,0.002662920916918665,0,4,0.0,0,True,False,0.050000000000000044,30.135987974687502,7272,7272,F:\项目\专利\uav_dynamic_task_allocation\checkpoints\strike_order_dqn\latest.pt,,
1819,0,"[4, 3, 2, 1]",143.75447345561832,27.15430895066569,4,4,0.003574367263354361,0,4,0.0,0,True,False,0.050000000000000044,30.135987974687502,7276,7276,F:\项目\专利\uav_dynamic_task_allocation\checkpoints\strike_order_dqn\latest.pt,,
1820,1,"[5, 7, 8, 6]",164.60582761657668,30.135987974687502,4,4,0.004160176846198738,0,4,0.0,0,True,False,0.050000000000000044,30.135987974687502,7280,7280,F:\项目\专利\uav_dynamic_task_allocation\checkpoints\strike_order_dqn\latest.pt,,
1821,1,"[5, 7, 8, 6]",164.60582761657668,30.135987974687502,4,4,0.003912428917828947,0,4,0.0,0,True,False,0.050000000000000044,30.135987974687502,7284,7284,F:\项目\专利\uav_dynamic_task_allocation\checkpoints\strike_order_dqn\latest.pt,,
1822,3,"[15, 13, 16, 14]",110.72440362060973,26.524306284948956,4,4,0.003973653190769255,0,4,0.0,0,True,False,0.050000000000000044,30.135987974687502,7288,7288,F:\项目\专利\uav_dynamic_task_allocation\checkpoints\strike_order_dqn\latest.pt,,
1823,1,"[5, 8, 7, 6]",149.2377467868531,30.0298134782743,4,4,0.005262497463263571,1,3,0.25,0,True,False,0.050000000000000044,30.135987974687502,7292,7292,F:\项目\专利\uav_dynamic_task_allocation\checkpoints\strike_order_dqn\latest.pt,,
1824,4,"[19, 17, 20, 18]",193.25430480962262,20.112843240011067,4,4,0.0043846258777193725,1,3,0.25,0,True,False,0.050000000000000044,30.135987974687502,7296,7296,F:\项目\专利\uav_dynamic_task_allocation\checkpoints\strike_order_dqn\latest.pt,,
1825,3,"[15, 13, 16, 14]",110.72440362060973,26.524306284948956,4,4,0.0032153058564290404,0,4,0.0,0,True,False,0.050000000000000044,30.135987974687502,7300,7300,F:\项目\专利\uav_dynamic_task_allocation\checkpoints\strike_order_dqn\latest.pt,,
1826,4,"[19, 18, 20, 17]",169.56104208358724,21.76935026904001,4,4,0.00566463905852288,0,4,0.0,0,True,False,0.050000000000000044,30.135987974687502,7304,7304,F:\项目\专利\uav_dynamic_task_allocation\checkpoints\strike_order_dqn\latest.pt,,
1827,0,"[4, 3, 2, 1]",143.75447345561832,27.15430895066569,4,4,0.007381519884802401,0,4,0.0,0,True,False,0.050000000000000044,30.135987974687502,7308,7308,F:\项目\专利\uav_dynamic_task_allocation\checkpoints\strike_order_dqn\latest.pt,,
1828,4,"[19, 18, 20, 17]",169.56104208358724,21.76935026904001,4,4,0.0061412653885781765,0,4,0.0,0,True,False,0.050000000000000044,30.135987974687502,7312,7312,F:\项目\专利\uav_dynamic_task_allocation\checkpoints\strike_order_dqn\latest.pt,,
1829,3,"[13, 16, 15, 14]",116.10182393712081,26.366462669072508,4,4,0.006613516830839217,0,4,0.0,0,True,False,0.050000000000000044,30.135987974687502,7316,7316,F:\项目\专利\uav_dynamic_task_allocation\checkpoints\strike_order_dqn\latest.pt,,
1830,4,"[19, 18, 20, 17]",169.56104208358724,21.76935026904001,4,4,0.005481647211126983,0,4,0.0,0,True,False,0.050000000000000044,30.135987974687502,7320,7320,F:\项目\专利\uav_dynamic_task_allocation\checkpoints\strike_order_dqn\latest.pt,,
1831,1,"[5, 8, 7, 6]",149.2377467868531,30.0298134782743,4,4,0.005300817196257412,1,3,0.25,0,True,False,0.050000000000000044,30.135987974687502,7324,7324,F:\项目\专利\uav_dynamic_task_allocation\checkpoints\strike_order_dqn\latest.pt,,
1832,4,"[19, 18, 20, 17]",169.56104208358724,21.76935026904001,4,4,0.007118304900359362,0,4,0.0,0,True,False,0.050000000000000044,30.135987974687502,7328,7328,F:\项目\专利\uav_dynamic_task_allocation\checkpoints\strike_order_dqn\latest.pt,,
1833,2,"[12, 10, 11, 9]",209.3632227065794,18.486365510503862,4,4,0.008886347059160471,0,4,0.0,0,True,False,0.050000000000000044,30.135987974687502,7332,7332,F:\项目\专利\uav_dynamic_task_allocation\checkpoints\strike_order_dqn\latest.pt,,
1834,0,"[4, 2, 3, 1]",184.447053556711,21.064568425993755,4,4,0.010186485480517149,1,3,0.25,0,True,False,0.050000000000000044,30.135987974687502,7336,7336,F:\项目\专利\uav_dynamic_task_allocation\checkpoints\strike_order_dqn\latest.pt,,
1835,2,"[12, 10, 11, 9]",209.3632227065794,18.486365510503862,4,4,0.008701282553374767,0,4,0.0,0,True,False,0.050000000000000044,30.135987974687502,7340,7340,F:\项目\专利\uav_dynamic_task_allocation\checkpoints\strike_order_dqn\latest.pt,,
1836,0,"[4, 3, 2, 1]",143.75447345561832,27.15430895066569,4,4,0.011691606603562832,0,4,0.0,0,True,False,0.050000000000000044,30.135987974687502,7344,7344,F:\项目\专利\uav_dynamic_task_allocation\checkpoints\strike_order_dqn\latest.pt,,
1837,4,"[19, 18, 20, 17]",169.56104208358724,21.76935026904001,4,4,0.011689686216413975,0,4,0.0,0,True,False,0.050000000000000044,30.135987974687502,7348,7348,F:\项目\专利\uav_dynamic_task_allocation\checkpoints\strike_order_dqn\latest.pt,,
1838,1,"[5, 7, 8, 6]",164.60582761657668,30.135987974687502,4,4,0.007036936702206731,0,4,0.0,0,True,False,0.050000000000000044,30.135987974687502,7352,7352,F:\项目\专利\uav_dynamic_task_allocation\checkpoints\strike_order_dqn\latest.pt,,
1839,1,"[5, 7, 8, 6]",164.60582761657668,30.135987974687502,4,4,0.010479120071977377,1,3,0.25,0,True,False,0.050000000000000044,30.135987974687502,7356,7356,F:\项目\专利\uav_dynamic_task_allocation\checkpoints\strike_order_dqn\latest.pt,,
1840,2,"[11, 9, 12, 10]",195.22686250124153,18.40278416071593,4,4,0.011976472567766905,0,4,0.0,0,True,False,0.050000000000000044,30.135987974687502,7360,7360,F:\项目\专利\uav_dynamic_task_allocation\checkpoints\strike_order_dqn\latest.pt,,
1841,2,"[12, 10, 11, 9]",209.3632227065794,18.486365510503862,4,4,0.00970024464186281,0,4,0.0,0,True,False,0.050000000000000044,30.135987974687502,7364,7364,F:\项目\专利\uav_dynamic_task_allocation\checkpoints\strike_order_dqn\latest.pt,,
1842,0,"[4, 3, 2, 1]",143.75447345561832,27.15430895066569,4,4,0.010156505974009633,0,4,0.0,0,True,False,0.050000000000000044,30.135987974687502,7368,7368,F:\项目\专利\uav_dynamic_task_allocation\checkpoints\strike_order_dqn\latest.pt,,
1843,4,"[19, 18, 20, 17]",169.56104208358724,21.76935026904001,4,4,0.011993063613772392,0,4,0.0,0,True,False,0.050000000000000044,30.135987974687502,7372,7372,F:\项目\专利\uav_dynamic_task_allocation\checkpoints\strike_order_dqn\latest.pt,,
1844,4,"[19, 18, 20, 17]",169.56104208358724,21.76935026904001,4,4,0.017409915453754365,0,4,0.0,0,True,False,0.050000000000000044,30.135987974687502,7376,7376,F:\项目\专利\uav_dynamic_task_allocation\checkpoints\strike_order_dqn\latest.pt,,
1845,3,"[15, 13, 16, 14]",110.72440362060973,26.524306284948956,4,4,0.02174336975440383,0,4,0.0,0,True,False,0.050000000000000044,30.135987974687502,7380,7380,F:\项目\专利\uav_dynamic_task_allocation\checkpoints\strike_order_dqn\latest.pt,,
1846,3,"[13, 15, 14, 16]",121.91912521010097,26.288679406490516,4,4,0.026836478849872947,0,4,0.0,0,True,False,0.050000000000000044,30.135987974687502,7384,7384,F:\项目\专利\uav_dynamic_task_allocation\checkpoints\strike_order_dqn\latest.pt,,
1847,2,"[12, 10, 11, 9]",209.3632227065794,18.486365510503862,4,4,0.0408727484755218,0,4,0.0,0,True,False,0.050000000000000044,30.135987974687502,7388,7388,F:\项目\专利\uav_dynamic_task_allocation\checkpoints\strike_order_dqn\latest.pt,,
1848,2,"[11, 9, 12, 10]",195.22686250124153,18.40278416071593,4,4,0.04212008393369615,0,4,0.0,0,True,False,0.050000000000000044,30.135987974687502,7392,7392,F:\项目\专利\uav_dynamic_task_allocation\checkpoints\strike_order_dqn\latest.pt,,
1849,2,"[11, 9, 12, 10]",195.22686250124153,18.40278416071593,4,4,0.046506513841450214,1,3,0.25,0,True,False,0.050000000000000044,30.135987974687502,7396,7396,F:\项目\专利\uav_dynamic_task_allocation\checkpoints\strike_order_dqn\latest.pt,,
1850,0,"[4, 3, 2, 1]",143.75447345561832,27.15430895066569,4,4,0.039752460084855556,0,4,0.0,0,True,False,0.050000000000000044,30.135987974687502,7400,7400,F:\项目\专利\uav_dynamic_task_allocation\checkpoints\strike_order_dqn\latest.pt,,
1851,0,"[4, 3, 2, 1]",143.75447345561832,27.15430895066569,4,4,0.022078401874750853,0,4,0.0,0,True,False,0.050000000000000044,30.135987974687502,7404,7404,F:\项目\专利\uav_dynamic_task_allocation\checkpoints\strike_order_dqn\latest.pt,,
1852,1,"[5, 7, 8, 6]",164.60582761657668,30.135987974687502,4,4,0.018306568497791886,0,4,0.0,0,True,False,0.050000000000000044,30.135987974687502,7408,7408,F:\项目\专利\uav_dynamic_task_allocation\checkpoints\strike_order_dqn\latest.pt,,
1853,2,"[11, 9, 12, 10]",195.22686250124153,18.40278416071593,4,4,0.016134097706526518,1,3,0.25,0,True,False,0.050000000000000044,30.135987974687502,7412,7412,F:\项目\专利\uav_dynamic_task_allocation\checkpoints\strike_order_dqn\latest.pt,,
1854,0,"[4, 3, 2, 1]",143.75447345561832,27.15430895066569,4,4,0.01340393372811377,0,4,0.0,0,True,False,0.050000000000000044,30.135987974687502,7416,7416,F:\项目\专利\uav_dynamic_task_allocation\checkpoints\strike_order_dqn\latest.pt,,
1855,0,"[4, 3, 2, 1]",143.75447345561832,27.15430895066569,4,4,0.01529599679633975,0,4,0.0,0,True,False,0.050000000000000044,30.135987974687502,7420,7420,F:\项目\专利\uav_dynamic_task_allocation\checkpoints\strike_order_dqn\latest.pt,,
1856,4,"[19, 18, 17, 20]",172.49892430786332,21.71901980128594,4,4,0.015138688031584024,1,3,0.25,0,True,False,0.050000000000000044,30.135987974687502,7424,7424,F:\项目\专利\uav_dynamic_task_allocation\checkpoints\strike_order_dqn\latest.pt,,
1857,1,"[5, 8, 7, 6]",149.2377467868531,30.0298134782743,4,4,0.009365326492115855,0,4,0.0,0,True,False,0.050000000000000044,30.135987974687502,7428,7428,F:\项目\专利\uav_dynamic_task_allocation\checkpoints\strike_order_dqn\latest.pt,,
1858,2,"[11, 9, 12, 10]",195.22686250124153,18.40278416071593,4,4,0.01367998612113297,0,4,0.0,0,True,False,0.050000000000000044,30.135987974687502,7432,7432,F:\项目\专利\uav_dynamic_task_allocation\checkpoints\strike_order_dqn\latest.pt,,
1859,2,"[11, 9, 12, 10]",195.22686250124153,18.40278416071593,4,4,0.014021302107721567,0,4,0.0,0,True,False,0.050000000000000044,30.135987974687502,7436,7436,F:\项目\专利\uav_dynamic_task_allocation\checkpoints\strike_order_dqn\latest.pt,,
1860,3,"[15, 13, 16, 14]",110.72440362060973,26.524306284948956,4,4,0.011331756133586168,0,4,0.0,0,True,False,0.050000000000000044,30.135987974687502,7440,7440,F:\项目\专利\uav_dynamic_task_allocation\checkpoints\strike_order_dqn\latest.pt,,
1861,3,"[15, 13, 16, 14]",110.72440362060973,26.524306284948956,4,4,0.015622983453795314,0,4,0.0,0,True,False,0.050000000000000044,30.135987974687502,7444,7444,F:\项目\专利\uav_dynamic_task_allocation\checkpoints\strike_order_dqn\latest.pt,,
1862,1,"[5, 8, 7, 6]",149.2377467868531,30.0298134782743,4,4,0.010530750965699553,0,4,0.0,0,True,False,0.050000000000000044,30.135987974687502,7448,7448,F:\项目\专利\uav_dynamic_task_allocation\checkpoints\strike_order_dqn\latest.pt,,
1863,4,"[19, 18, 20, 17]",169.56104208358724,21.76935026904001,4,4,0.009202002547681332,0,4,0.0,0,True,False,0.050000000000000044,30.135987974687502,7452,7452,F:\项目\专利\uav_dynamic_task_allocation\checkpoints\strike_order_dqn\latest.pt,,
1864,1,"[5, 8, 6, 7]",200.39365931189104,28.565930775881494,4,4,0.008554012980312109,1,3,0.25,0,True,False,0.050000000000000044,30.135987974687502,7456,7456,F:\项目\专利\uav_dynamic_task_allocation\checkpoints\strike_order_dqn\latest.pt,,
1865,4,"[19, 18, 20, 17]",169.56104208358724,21.76935026904001,4,4,0.008979420992545784,0,4,0.0,0,True,False,0.050000000000000044,30.135987974687502,7460,7460,F:\项目\专利\uav_dynamic_task_allocation\checkpoints\strike_order_dqn\latest.pt,,
1866,2,"[11, 9, 12, 10]",195.22686250124153,18.40278416071593,4,4,0.009685898548923433,0,4,0.0,0,True,False,0.050000000000000044,30.135987974687502,7464,7464,F:\项目\专利\uav_dynamic_task_allocation\checkpoints\strike_order_dqn\latest.pt,,
1867,0,"[4, 3, 2, 1]",143.75447345561832,27.15430895066569,4,4,0.009307051310315728,0,4,0.0,0,True,False,0.050000000000000044,30.135987974687502,7468,7468,F:\项目\专利\uav_dynamic_task_allocation\checkpoints\strike_order_dqn\latest.pt,,
1868,3,"[15, 13, 16, 14]",110.72440362060973,26.524306284948956,4,4,0.012024324270896614,0,4,0.0,0,True,False,0.050000000000000044,30.135987974687502,7472,7472,F:\项目\专利\uav_dynamic_task_allocation\checkpoints\strike_order_dqn\latest.pt,,
1869,0,"[4, 3, 2, 1]",143.75447345561832,27.15430895066569,4,4,0.007545501925051212,0,4,0.0,0,True,False,0.050000000000000044,30.135987974687502,7476,7476,F:\项目\专利\uav_dynamic_task_allocation\checkpoints\strike_order_dqn\latest.pt,,
1870,3,"[15, 13, 16, 14]",110.72440362060973,26.524306284948956,4,4,0.006289727869443595,0,4,0.0,0,True,False,0.050000000000000044,30.135987974687502,7480,7480,F:\项目\专利\uav_dynamic_task_allocation\checkpoints\strike_order_dqn\latest.pt,,
1871,0,"[4, 3, 2, 1]",143.75447345561832,27.15430895066569,4,4,0.007000355049967766,0,4,0.0,0,True,False,0.050000000000000044,30.135987974687502,7484,7484,F:\项目\专利\uav_dynamic_task_allocation\checkpoints\strike_order_dqn\latest.pt,,
1872,1,"[5, 7, 8, 6]",164.60582761657668,30.135987974687502,4,4,0.0043199905776418746,0,4,0.0,0,True,False,0.050000000000000044,30.135987974687502,7488,7488,F:\项目\专利\uav_dynamic_task_allocation\checkpoints\strike_order_dqn\latest.pt,,
1873,3,"[15, 13, 16, 14]",110.72440362060973,26.524306284948956,4,4,0.0050924994284287095,0,4,0.0,0,True,False,0.050000000000000044,30.135987974687502,7492,7492,F:\项目\专利\uav_dynamic_task_allocation\checkpoints\strike_order_dqn\latest.pt,,
1874,4,"[19, 18, 20, 17]",169.56104208358724,21.76935026904001,4,4,0.003138030500849709,0,4,0.0,0,True,False,0.050000000000000044,30.135987974687502,7496,7496,F:\项目\专利\uav_dynamic_task_allocation\checkpoints\strike_order_dqn\latest.pt,,
1875,2,"[11, 9, 12, 10]",195.22686250124153,18.40278416071593,4,4,0.005588038824498653,1,3,0.25,0,True,False,0.050000000000000044,30.135987974687502,7500,7500,F:\项目\专利\uav_dynamic_task_allocation\checkpoints\strike_order_dqn\latest.pt,,
1876,0,"[4, 3, 2, 1]",143.75447345561832,27.15430895066569,4,4,0.009366625221446157,0,4,0.0,0,True,False,0.050000000000000044,30.135987974687502,7504,7504,F:\项目\专利\uav_dynamic_task_allocation\checkpoints\strike_order_dqn\latest.pt,,
1877,1,"[5, 8, 7, 6]",149.2377467868531,30.0298134782743,4,4,0.01082437695004046,0,4,0.0,0,True,False,0.050000000000000044,30.135987974687502,7508,7508,F:\项目\专利\uav_dynamic_task_allocation\checkpoints\strike_order_dqn\latest.pt,,
1878,4,"[19, 18, 17, 20]",172.49892430786332,21.71901980128594,4,4,0.010035829152911901,0,4,0.0,0,True,False,0.050000000000000044,30.135987974687502,7512,7512,F:\项目\专利\uav_dynamic_task_allocation\checkpoints\strike_order_dqn\latest.pt,,
1879,3,"[15, 13, 16, 14]",110.72440362060973,26.524306284948956,4,4,0.010399113409221172,0,4,0.0,0,True,False,0.050000000000000044,30.135987974687502,7516,7516,F:\项目\专利\uav_dynamic_task_allocation\checkpoints\strike_order_dqn\latest.pt,,
1880,0,"[4, 3, 2, 1]",143.75447345561832,27.15430895066569,4,4,0.008591519086621702,1,3,0.25,0,True,False,0.050000000000000044,30.135987974687502,7520,7520,F:\项目\专利\uav_dynamic_task_allocation\checkpoints\strike_order_dqn\latest.pt,,
1881,1,"[5, 7, 8, 6]",164.60582761657668,30.135987974687502,4,4,0.007314010581467301,0,4,0.0,0,True,False,0.050000000000000044,30.135987974687502,7524,7524,F:\项目\专利\uav_dynamic_task_allocation\checkpoints\strike_order_dqn\latest.pt,,
1882,1,"[5, 7, 8, 6]",164.60582761657668,30.135987974687502,4,4,0.006278177606873214,0,4,0.0,0,True,False,0.050000000000000044,30.135987974687502,7528,7528,F:\项目\专利\uav_dynamic_task_allocation\checkpoints\strike_order_dqn\latest.pt,,
1883,0,"[4, 3, 2, 1]",143.75447345561832,27.15430895066569,4,4,0.006530491402372718,0,4,0.0,0,True,False,0.050000000000000044,30.135987974687502,7532,7532,F:\项目\专利\uav_dynamic_task_allocation\checkpoints\strike_order_dqn\latest.pt,,
1884,4,"[19, 18, 20, 17]",169.56104208358724,21.76935026904001,4,4,0.007036275346763432,0,4,0.0,0,True,False,0.050000000000000044,30.135987974687502,7536,7536,F:\项目\专利\uav_dynamic_task_allocation\checkpoints\strike_order_dqn\latest.pt,,
1885,3,"[15, 13, 16, 14]",110.72440362060973,26.524306284948956,4,4,0.0058046417543664575,0,4,0.0,0,True,False,0.050000000000000044,30.135987974687502,7540,7540,F:\项目\专利\uav_dynamic_task_allocation\checkpoints\strike_order_dqn\latest.pt,,
1886,0,"[4, 3, 2, 1]",143.75447345561832,27.15430895066569,4,4,0.006127653177827597,0,4,0.0,0,True,False,0.050000000000000044,30.135987974687502,7544,7544,F:\项目\专利\uav_dynamic_task_allocation\checkpoints\strike_order_dqn\latest.pt,,
1887,3,"[15, 13, 16, 14]",110.72440362060973,26.524306284948956,4,4,0.004196538211544976,0,4,0.0,0,True,False,0.050000000000000044,30.135987974687502,7548,7548,F:\项目\专利\uav_dynamic_task_allocation\checkpoints\strike_order_dqn\latest.pt,,
1888,2,"[11, 9, 12, 10]",195.22686250124153,18.40278416071593,4,4,0.004919467028230429,0,4,0.0,0,True,False,0.050000000000000044,30.135987974687502,7552,7552,F:\项目\专利\uav_dynamic_task_allocation\checkpoints\strike_order_dqn\latest.pt,,
1889,0,"[4, 3, 2, 1]",143.75447345561832,27.15430895066569,4,4,0.008600691449828446,0,4,0.0,0,True,False,0.050000000000000044,30.135987974687502,7556,7556,F:\项目\专利\uav_dynamic_task_allocation\checkpoints\strike_order_dqn\latest.pt,,
1890,2,"[11, 9, 12, 10]",195.22686250124153,18.40278416071593,4,4,0.012796648079529405,0,4,0.0,0,True,False,0.050000000000000044,30.135987974687502,7560,7560,F:\项目\专利\uav_dynamic_task_allocation\checkpoints\strike_order_dqn\latest.pt,,
1891,0,"[4, 3, 2, 1]",143.75447345561832,27.15430895066569,4,4,0.008772139670327306,0,4,0.0,0,True,False,0.050000000000000044,30.135987974687502,7564,7564,F:\项目\专利\uav_dynamic_task_allocation\checkpoints\strike_order_dqn\latest.pt,,
1892,1,"[5, 7, 8, 6]",164.60582761657668,30.135987974687502,4,4,0.0054516136879101396,0,4,0.0,0,True,False,0.050000000000000044,30.135987974687502,7568,7568,F:\项目\专利\uav_dynamic_task_allocation\checkpoints\strike_order_dqn\latest.pt,,
1893,4,"[19, 18, 20, 17]",169.56104208358724,21.76935026904001,4,4,0.005170993506908417,0,4,0.0,0,True,False,0.050000000000000044,30.135987974687502,7572,7572,F:\项目\专利\uav_dynamic_task_allocation\checkpoints\strike_order_dqn\latest.pt,,
1894,3,"[15, 13, 16, 14]",110.72440362060973,26.524306284948956,4,4,0.004176593793090433,0,4,0.0,0,True,False,0.050000000000000044,30.135987974687502,7576,7576,F:\项目\专利\uav_dynamic_task_allocation\checkpoints\strike_order_dqn\latest.pt,,
1895,0,"[4, 3, 2, 1]",143.75447345561832,27.15430895066569,4,4,0.005039166426286101,0,4,0.0,0,True,False,0.050000000000000044,30.135987974687502,7580,7580,F:\项目\专利\uav_dynamic_task_allocation\checkpoints\strike_order_dqn\latest.pt,,
1896,4,"[19, 18, 17, 20]",172.49892430786332,21.71901980128594,4,4,0.0031992015428841114,0,4,0.0,0,True,False,0.050000000000000044,30.135987974687502,7584,7584,F:\项目\专利\uav_dynamic_task_allocation\checkpoints\strike_order_dqn\latest.pt,,
1897,2,"[11, 9, 12, 10]",195.22686250124153,18.40278416071593,4,4,0.005095792468637228,0,4,0.0,0,True,False,0.050000000000000044,30.135987974687502,7588,7588,F:\项目\专利\uav_dynamic_task_allocation\checkpoints\strike_order_dqn\latest.pt,,
1898,4,"[19, 18, 20, 17]",169.56104208358724,21.76935026904001,4,4,0.004217988287564367,0,4,0.0,0,True,False,0.050000000000000044,30.135987974687502,7592,7592,F:\项目\专利\uav_dynamic_task_allocation\checkpoints\strike_order_dqn\latest.pt,,
1899,3,"[15, 13, 16, 14]",110.72440362060973,26.524306284948956,4,4,0.003749829949811101,0,4,0.0,0,True,False,0.050000000000000044,30.135987974687502,7596,7596,F:\项目\专利\uav_dynamic_task_allocation\checkpoints\strike_order_dqn\latest.pt,,
1900,1,"[5, 7, 8, 6]",164.60582761657668,30.135987974687502,4,4,0.004155088565312326,0,4,0.0,0,True,False,0.050000000000000044,30.135987974687502,7600,7600,F:\项目\专利\uav_dynamic_task_allocation\checkpoints\strike_order_dqn\latest.pt,,
1901,2,"[12, 10, 11, 9]",209.3632227065794,18.486365510503862,4,4,0.01100344373844564,0,4,0.0,0,True,False,0.050000000000000044,30.135987974687502,7604,7604,F:\项目\专利\uav_dynamic_task_allocation\checkpoints\strike_order_dqn\latest.pt,,
1902,2,"[11, 9, 12, 10]",195.22686250124153,18.40278416071593,4,4,0.006835559383034706,0,4,0.0,0,True,False,0.050000000000000044,30.135987974687502,7608,7608,F:\项目\专利\uav_dynamic_task_allocation\checkpoints\strike_order_dqn\latest.pt,,
1903,3,"[15, 14, 16, 13]",127.77947310830064,24.393920000598463,4,4,0.006691465270705521,1,3,0.25,0,True,False,0.050000000000000044,30.135987974687502,7612,7612,F:\项目\专利\uav_dynamic_task_allocation\checkpoints\strike_order_dqn\latest.pt,,
1904,1,"[5, 8, 7, 6]",149.2377467868531,30.0298134782743,4,4,0.006576673244126141,1,3,0.25,0,True,False,0.050000000000000044,30.135987974687502,7616,7616,F:\项目\专利\uav_dynamic_task_allocation\checkpoints\strike_order_dqn\latest.pt,,
1905,1,"[5, 7, 8, 6]",164.60582761657668,30.135987974687502,4,4,0.006402273429557681,0,4,0.0,0,True,False,0.050000000000000044,30.135987974687502,7620,7620,F:\项目\专利\uav_dynamic_task_allocation\checkpoints\strike_order_dqn\latest.pt,,
1906,1,"[5, 7, 8, 6]",164.60582761657668,30.135987974687502,4,4,0.00819091172888875,0,4,0.0,0,True,False,0.050000000000000044,30.135987974687502,7624,7624,F:\项目\专利\uav_dynamic_task_allocation\checkpoints\strike_order_dqn\latest.pt,,
1907,1,"[5, 7, 8, 6]",164.60582761657668,30.135987974687502,4,4,0.0074832632089965045,1,3,0.25,0,True,False,0.050000000000000044,30.135987974687502,7628,7628,F:\项目\专利\uav_dynamic_task_allocation\checkpoints\strike_order_dqn\latest.pt,,
1908,0,"[4, 3, 2, 1]",143.75447345561832,27.15430895066569,4,4,0.008155336487106979,0,4,0.0,0,True,False,0.050000000000000044,30.135987974687502,7632,7632,F:\项目\专利\uav_dynamic_task_allocation\checkpoints\strike_order_dqn\latest.pt,,
1909,0,"[4, 3, 2, 1]",143.75447345561832,27.15430895066569,4,4,0.005017871619202197,1,3,0.25,0,True,False,0.050000000000000044,30.135987974687502,7636,7636,F:\项目\专利\uav_dynamic_task_allocation\checkpoints\strike_order_dqn\latest.pt,,
1910,4,"[19, 18, 20, 17]",169.56104208358724,21.76935026904001,4,4,0.006560286274179816,0,4,0.0,0,True,False,0.050000000000000044,30.135987974687502,7640,7640,F:\项目\专利\uav_dynamic_task_allocation\checkpoints\strike_order_dqn\latest.pt,,
1911,0,"[4, 3, 2, 1]",143.75447345561832,27.15430895066569,4,4,0.0073111181845888495,0,4,0.0,0,True,False,0.050000000000000044,30.135987974687502,7644,7644,F:\项目\专利\uav_dynamic_task_allocation\checkpoints\strike_order_dqn\latest.pt,,
1912,4,"[19, 18, 20, 17]",169.56104208358724,21.76935026904001,4,4,0.0070907913614064455,0,4,0.0,0,True,False,0.050000000000000044,30.135987974687502,7648,7648,F:\项目\专利\uav_dynamic_task_allocation\checkpoints\strike_order_dqn\latest.pt,,
1913,0,"[4, 3, 2, 1]",143.75447345561832,27.15430895066569,4,4,0.004813111387193203,0,4,0.0,0,True,False,0.050000000000000044,30.135987974687502,7652,7652,F:\项目\专利\uav_dynamic_task_allocation\checkpoints\strike_order_dqn\latest.pt,,
1914,3,"[15, 13, 16, 14]",110.72440362060973,26.524306284948956,4,4,0.003982132475357503,0,4,0.0,0,True,False,0.050000000000000044,30.135987974687502,7656,7656,F:\项目\专利\uav_dynamic_task_allocation\checkpoints\strike_order_dqn\latest.pt,,
1915,1,"[5, 7, 8, 6]",164.60582761657668,30.135987974687502,4,4,0.0025725882151164114,0,4,0.0,0,True,False,0.050000000000000044,30.135987974687502,7660,7660,F:\项目\专利\uav_dynamic_task_allocation\checkpoints\strike_order_dqn\latest.pt,,
1916,2,"[12, 10, 11, 9]",209.3632227065794,18.486365510503862,4,4,0.002544485469115898,1,3,0.25,0,True,False,0.050000000000000044,30.135987974687502,7664,7664,F:\项目\专利\uav_dynamic_task_allocation\checkpoints\strike_order_dqn\latest.pt,,
1917,1,"[5, 7, 8, 6]",164.60582761657668,30.135987974687502,4,4,0.0019642901024781168,0,4,0.0,0,True,False,0.050000000000000044,30.135987974687502,7668,7668,F:\项目\专利\uav_dynamic_task_allocation\checkpoints\strike_order_dqn\latest.pt,,
1918,2,"[12, 10, 11, 9]",209.3632227065794,18.486365510503862,4,4,0.0025312527432106435,0,4,0.0,0,True,False,0.050000000000000044,30.135987974687502,7672,7672,F:\项目\专利\uav_dynamic_task_allocation\checkpoints\strike_order_dqn\latest.pt,,
1919,2,"[12, 10, 11, 9]",209.3632227065794,18.486365510503862,4,4,0.0020059119269717485,0,4,0.0,0,True,False,0.050000000000000044,30.135987974687502,7676,7676,F:\项目\专利\uav_dynamic_task_allocation\checkpoints\strike_order_dqn\latest.pt,,
1920,2,"[12, 10, 11, 9]",209.3632227065794,18.486365510503862,4,4,0.0034050579415634274,0,4,0.0,0,True,False,0.050000000000000044,30.135987974687502,7680,7680,F:\项目\专利\uav_dynamic_task_allocation\checkpoints\strike_order_dqn\latest.pt,,
1921,1,"[5, 7, 8, 6]",164.60582761657668,30.135987974687502,4,4,0.0031086227972991765,0,4,0.0,0,True,False,0.050000000000000044,30.135987974687502,7684,7684,F:\项目\专利\uav_dynamic_task_allocation\checkpoints\strike_order_dqn\latest.pt,,
1922,2,"[12, 10, 11, 9]",209.3632227065794,18.486365510503862,4,4,0.002451208245474845,0,4,0.0,0,True,False,0.050000000000000044,30.135987974687502,7688,7688,F:\项目\专利\uav_dynamic_task_allocation\checkpoints\strike_order_dqn\latest.pt,,
1923,4,"[19, 18, 20, 17]",169.56104208358724,21.76935026904001,4,4,0.0019058571197092533,0,4,0.0,0,True,False,0.050000000000000044,30.135987974687502,7692,7692,F:\项目\专利\uav_dynamic_task_allocation\checkpoints\strike_order_dqn\latest.pt,,
1924,2,"[12, 10, 11, 9]",209.3632227065794,18.486365510503862,4,4,0.0021854152728337795,0,4,0.0,0,True,False,0.050000000000000044,30.135987974687502,7696,7696,F:\项目\专利\uav_dynamic_task_allocation\checkpoints\strike_order_dqn\latest.pt,,
1925,1,"[5, 7, 8, 6]",164.60582761657668,30.135987974687502,4,4,0.0030963036988396198,0,4,0.0,0,True,False,0.050000000000000044,30.135987974687502,7700,7700,F:\项目\专利\uav_dynamic_task_allocation\checkpoints\strike_order_dqn\latest.pt,,
1926,0,"[4, 3, 2, 1]",143.75447345561832,27.15430895066569,4,4,0.004511591396294534,0,4,0.0,0,True,False,0.050000000000000044,30.135987974687502,7704,7704,F:\项目\专利\uav_dynamic_task_allocation\checkpoints\strike_order_dqn\latest.pt,,
1927,1,"[5, 7, 8, 6]",164.60582761657668,30.135987974687502,4,4,0.0042039648978970945,0,4,0.0,0,True,False,0.050000000000000044,30.135987974687502,7708,7708,F:\项目\专利\uav_dynamic_task_allocation\checkpoints\strike_order_dqn\latest.pt,,
1928,0,"[4, 3, 2, 1]",143.75447345561832,27.15430895066569,4,4,0.005624584562610835,0,4,0.0,0,True,False,0.050000000000000044,30.135987974687502,7712,7712,F:\项目\专利\uav_dynamic_task_allocation\checkpoints\strike_order_dqn\latest.pt,,
1929,0,"[4, 3, 2, 1]",143.75447345561832,27.15430895066569,4,4,0.006336364429444075,0,4,0.0,0,True,False,0.050000000000000044,30.135987974687502,7716,7716,F:\项目\专利\uav_dynamic_task_allocation\checkpoints\strike_order_dqn\latest.pt,,
1930,4,"[19, 18, 20, 17]",169.56104208358724,21.76935026904001,4,4,0.004361175233498216,0,4,0.0,0,True,False,0.050000000000000044,30.135987974687502,7720,7720,F:\项目\专利\uav_dynamic_task_allocation\checkpoints\strike_order_dqn\latest.pt,,
1931,0,"[4, 3, 2, 1]",143.75447345561832,27.15430895066569,4,4,0.003952421364374459,0,4,0.0,0,True,False,0.050000000000000044,30.135987974687502,7724,7724,F:\项目\专利\uav_dynamic_task_allocation\checkpoints\strike_order_dqn\latest.pt,,
1932,2,"[12, 10, 11, 9]",209.3632227065794,18.486365510503862,4,4,0.003081716626184061,0,4,0.0,0,True,False,0.050000000000000044,30.135987974687502,7728,7728,F:\项目\专利\uav_dynamic_task_allocation\checkpoints\strike_order_dqn\latest.pt,,
1933,4,"[19, 18, 20, 17]",169.56104208358724,21.76935026904001,4,4,0.004196171794319525,0,4,0.0,0,True,False,0.050000000000000044,30.135987974687502,7732,7732,F:\项目\专利\uav_dynamic_task_allocation\checkpoints\strike_order_dqn\latest.pt,,
1934,4,"[19, 18, 20, 17]",169.56104208358724,21.76935026904001,4,4,0.003654846048448235,0,4,0.0,0,True,False,0.050000000000000044,30.135987974687502,7736,7736,F:\项目\专利\uav_dynamic_task_allocation\checkpoints\strike_order_dqn\latest.pt,,
1935,0,"[4, 3, 2, 1]",143.75447345561832,27.15430895066569,4,4,0.003904611454345286,0,4,0.0,0,True,False,0.050000000000000044,30.135987974687502,7740,7740,F:\项目\专利\uav_dynamic_task_allocation\checkpoints\strike_order_dqn\latest.pt,,
1936,0,"[4, 3, 2, 1]",143.75447345561832,27.15430895066569,4,4,0.002652045979630202,0,4,0.0,0,True,False,0.050000000000000044,30.135987974687502,7744,7744,F:\项目\专利\uav_dynamic_task_allocation\checkpoints\strike_order_dqn\latest.pt,,
1937,1,"[5, 6, 7, 8]",176.18593953275735,28.57149701761014,4,4,0.002414868416963145,1,3,0.25,0,True,False,0.050000000000000044,30.135987974687502,7748,7748,F:\项目\专利\uav_dynamic_task_allocation\checkpoints\strike_order_dqn\latest.pt,,
1938,2,"[12, 10, 11, 9]",209.3632227065794,18.486365510503862,4,4,0.001741464773658663,0,4,0.0,0,True,False,0.050000000000000044,30.135987974687502,7752,7752,F:\项目\专利\uav_dynamic_task_allocation\checkpoints\strike_order_dqn\latest.pt,,
1939,4,"[19, 18, 20, 17]",169.56104208358724,21.76935026904001,4,4,0.002479381684679538,0,4,0.0,0,True,False,0.050000000000000044,30.135987974687502,7756,7756,F:\项目\专利\uav_dynamic_task_allocation\checkpoints\strike_order_dqn\latest.pt,,
1940,1,"[5, 7, 8, 6]",164.60582761657668,30.135987974687502,4,4,0.0049064490012824535,1,3,0.25,0,True,False,0.050000000000000044,30.135987974687502,7760,7760,F:\项目\专利\uav_dynamic_task_allocation\checkpoints\strike_order_dqn\latest.pt,,
1941,0,"[4, 3, 2, 1]",143.75447345561832,27.15430895066569,4,4,0.004086379485670477,0,4,0.0,0,True,False,0.050000000000000044,30.135987974687502,7764,7764,F:\项目\专利\uav_dynamic_task_allocation\checkpoints\strike_order_dqn\latest.pt,,
1942,1,"[5, 7, 8, 6]",164.60582761657668,30.135987974687502,4,4,0.0064205589005723596,0,4,0.0,0,True,False,0.050000000000000044,30.135987974687502,7768,7768,F:\项目\专利\uav_dynamic_task_allocation\checkpoints\strike_order_dqn\latest.pt,,
1943,4,"[19, 18, 20, 17]",169.56104208358724,21.76935026904001,4,4,0.0035293730325065553,0,4,0.0,0,True,False,0.050000000000000044,30.135987974687502,7772,7772,F:\项目\专利\uav_dynamic_task_allocation\checkpoints\strike_order_dqn\latest.pt,,
1944,0,"[4, 3, 2, 1]",143.75447345561832,27.15430895066569,4,4,0.002390280773397535,0,4,0.0,0,True,False,0.050000000000000044,30.135987974687502,7776,7776,F:\项目\专利\uav_dynamic_task_allocation\checkpoints\strike_order_dqn\latest.pt,,
1945,1,"[5, 7, 8, 6]",164.60582761657668,30.135987974687502,4,4,0.002974933508085087,0,4,0.0,0,True,False,0.050000000000000044,30.135987974687502,7780,7780,F:\项目\专利\uav_dynamic_task_allocation\checkpoints\strike_order_dqn\latest.pt,,
1946,0,"[4, 3, 2, 1]",143.75447345561832,27.15430895066569,4,4,0.00234463979722932,0,4,0.0,0,True,False,0.050000000000000044,30.135987974687502,7784,7784,F:\项目\专利\uav_dynamic_task_allocation\checkpoints\strike_order_dqn\latest.pt,,
1947,0,"[4, 3, 2, 1]",143.75447345561832,27.15430895066569,4,4,0.003533635870553553,1,3,0.25,0,True,False,0.050000000000000044,30.135987974687502,7788,7788,F:\项目\专利\uav_dynamic_task_allocation\checkpoints\strike_order_dqn\latest.pt,,
1948,4,"[19, 18, 20, 17]",169.56104208358724,21.76935026904001,4,4,0.002657793666003272,0,4,0.0,0,True,False,0.050000000000000044,30.135987974687502,7792,7792,F:\项目\专利\uav_dynamic_task_allocation\checkpoints\strike_order_dqn\latest.pt,,
1949,0,"[4, 3, 1, 2]",178.27976535289113,26.243832350219726,4,4,0.0030590746318921447,1,3,0.25,0,True,False,0.050000000000000044,30.135987974687502,7796,7796,F:\项目\专利\uav_dynamic_task_allocation\checkpoints\strike_order_dqn\latest.pt,,
1950,1,"[5, 7, 8, 6]",164.60582761657668,30.135987974687502,4,4,0.0024973151739686728,0,4,0.0,0,True,False,0.050000000000000044,30.135987974687502,7800,7800,F:\项目\专利\uav_dynamic_task_allocation\checkpoints\strike_order_dqn\latest.pt,,
1951,4,"[19, 18, 20, 17]",169.56104208358724,21.76935026904001,4,4,0.004893377423286438,0,4,0.0,0,True,False,0.050000000000000044,30.135987974687502,7804,7804,F:\项目\专利\uav_dynamic_task_allocation\checkpoints\strike_order_dqn\latest.pt,,
1952,3,"[15, 13, 16, 14]",110.72440362060973,26.524306284948956,4,4,0.0038731401436962187,0,4,0.0,0,True,False,0.050000000000000044,30.135987974687502,7808,7808,F:\项目\专利\uav_dynamic_task_allocation\checkpoints\strike_order_dqn\latest.pt,,
1953,0,"[4, 3, 2, 1]",143.75447345561832,27.15430895066569,4,4,0.00356706470483914,0,4,0.0,0,True,False,0.050000000000000044,30.135987974687502,7812,7812,F:\项目\专利\uav_dynamic_task_allocation\checkpoints\strike_order_dqn\latest.pt,,
1954,2,"[12, 11, 9, 10]",244.64549331870504,17.702840575655934,4,4,0.004032973840367049,1,3,0.25,0,True,False,0.050000000000000044,30.135987974687502,7816,7816,F:\项目\专利\uav_dynamic_task_allocation\checkpoints\strike_order_dqn\latest.pt,,
1955,4,"[19, 18, 20, 17]",169.56104208358724,21.76935026904001,4,4,0.002468166232574731,0,4,0.0,0,True,False,0.050000000000000044,30.135987974687502,7820,7820,F:\项目\专利\uav_dynamic_task_allocation\checkpoints\strike_order_dqn\latest.pt,,
1956,2,"[12, 10, 11, 9]",209.3632227065794,18.486365510503862,4,4,0.0018730398151092231,0,4,0.0,0,True,False,0.050000000000000044,30.135987974687502,7824,7824,F:\项目\专利\uav_dynamic_task_allocation\checkpoints\strike_order_dqn\latest.pt,,
1957,2,"[12, 10, 11, 9]",209.3632227065794,18.486365510503862,4,4,0.001863389101345092,0,4,0.0,0,True,False,0.050000000000000044,30.135987974687502,7828,7828,F:\项目\专利\uav_dynamic_task_allocation\checkpoints\strike_order_dqn\latest.pt,,
1958,2,"[12, 10, 11, 9]",209.3632227065794,18.486365510503862,4,4,0.002132178924512118,0,4,0.0,0,True,False,0.050000000000000044,30.135987974687502,7832,7832,F:\项目\专利\uav_dynamic_task_allocation\checkpoints\strike_order_dqn\latest.pt,,
1959,3,"[15, 13, 16, 14]",110.72440362060973,26.524306284948956,4,4,0.002126215083990246,0,4,0.0,0,True,False,0.050000000000000044,30.135987974687502,7836,7836,F:\项目\专利\uav_dynamic_task_allocation\checkpoints\strike_order_dqn\latest.pt,,
1960,0,"[4, 3, 2, 1]",143.75447345561832,27.15430895066569,4,4,0.0017681089229881763,0,4,0.0,0,True,False,0.050000000000000044,30.135987974687502,7840,7840,F:\项目\专利\uav_dynamic_task_allocation\checkpoints\strike_order_dqn\latest.pt,,
1961,4,"[19, 18, 20, 17]",169.56104208358724,21.76935026904001,4,4,0.0015143518394324929,0,4,0.0,0,True,False,0.050000000000000044,30.135987974687502,7844,7844,F:\项目\专利\uav_dynamic_task_allocation\checkpoints\strike_order_dqn\latest.pt,,
1962,4,"[17, 20, 19, 18]",170.67585144740272,20.153977949194896,4,4,0.0028300375561229885,1,3,0.25,0,True,False,0.050000000000000044,30.135987974687502,7848,7848,F:\项目\专利\uav_dynamic_task_allocation\checkpoints\strike_order_dqn\latest.pt,,
1963,0,"[4, 3, 2, 1]",143.75447345561832,27.15430895066569,4,4,0.0024854528601281345,0,4,0.0,0,True,False,0.050000000000000044,30.135987974687502,7852,7852,F:\项目\专利\uav_dynamic_task_allocation\checkpoints\strike_order_dqn\latest.pt,,
1964,4,"[19, 18, 17, 20]",172.49892430786332,21.71901980128594,4,4,0.0017009648290695623,1,3,0.25,0,True,False,0.050000000000000044,30.135987974687502,7856,7856,F:\项目\专利\uav_dynamic_task_allocation\checkpoints\strike_order_dqn\latest.pt,,
1965,4,"[19, 18, 20, 17]",169.56104208358724,21.76935026904001,4,4,0.0011461180110927671,0,4,0.0,0,True,False,0.050000000000000044,30.135987974687502,7860,7860,F:\项目\专利\uav_dynamic_task_allocation\checkpoints\strike_order_dqn\latest.pt,,
1966,3,"[15, 13, 16, 14]",110.72440362060973,26.524306284948956,4,4,0.0012117172009311616,0,4,0.0,0,True,False,0.050000000000000044,30.135987974687502,7864,7864,F:\项目\专利\uav_dynamic_task_allocation\checkpoints\strike_order_dqn\latest.pt,,
1967,1,"[5, 7, 8, 6]",164.60582761657668,30.135987974687502,4,4,0.0009520475723547861,0,4,0.0,0,True,False,0.050000000000000044,30.135987974687502,7868,7868,F:\项目\专利\uav_dynamic_task_allocation\checkpoints\strike_order_dqn\latest.pt,,
1968,2,"[12, 10, 11, 9]",209.3632227065794,18.486365510503862,4,4,0.0007718842971371487,0,4,0.0,0,True,False,0.050000000000000044,30.135987974687502,7872,7872,F:\项目\专利\uav_dynamic_task_allocation\checkpoints\strike_order_dqn\latest.pt,,
1969,4,"[19, 18, 20, 17]",169.56104208358724,21.76935026904001,4,4,0.0006339670217130333,0,4,0.0,0,True,False,0.050000000000000044,30.135987974687502,7876,7876,F:\项目\专利\uav_dynamic_task_allocation\checkpoints\strike_order_dqn\latest.pt,,
1970,0,"[4, 3, 2, 1]",143.75447345561832,27.15430895066569,4,4,0.0007896772149251774,0,4,0.0,0,True,False,0.050000000000000044,30.135987974687502,7880,7880,F:\项目\专利\uav_dynamic_task_allocation\checkpoints\strike_order_dqn\latest.pt,,
1971,4,"[19, 18, 20, 17]",169.56104208358724,21.76935026904001,4,4,0.0013161701790522784,0,4,0.0,0,True,False,0.050000000000000044,30.135987974687502,7884,7884,F:\项目\专利\uav_dynamic_task_allocation\checkpoints\strike_order_dqn\latest.pt,,
1972,4,"[19, 18, 20, 17]",169.56104208358724,21.76935026904001,4,4,0.0007440523040713742,0,4,0.0,0,True,False,0.050000000000000044,30.135987974687502,7888,7888,F:\项目\专利\uav_dynamic_task_allocation\checkpoints\strike_order_dqn\latest.pt,,
1973,3,"[14, 15, 13, 16]",111.82161863567384,25.152774105723537,4,4,0.0008780883363215253,1,3,0.25,0,True,False,0.050000000000000044,30.135987974687502,7892,7892,F:\项目\专利\uav_dynamic_task_allocation\checkpoints\strike_order_dqn\latest.pt,,
1974,1,"[5, 7, 8, 6]",164.60582761657668,30.135987974687502,4,4,0.0012438493722584099,1,3,0.25,0,True,False,0.050000000000000044,30.135987974687502,7896,7896,F:\项目\专利\uav_dynamic_task_allocation\checkpoints\strike_order_dqn\latest.pt,,
1975,2,"[12, 10, 11, 9]",209.3632227065794,18.486365510503862,4,4,0.0012740409147227183,0,4,0.0,0,True,False,0.050000000000000044,30.135987974687502,7900,7900,F:\项目\专利\uav_dynamic_task_allocation\checkpoints\strike_order_dqn\latest.pt,,
1976,0,"[4, 3, 2, 1]",143.75447345561832,27.15430895066569,4,4,0.0037907410878688097,1,3,0.25,0,True,False,0.050000000000000044,30.135987974687502,7904,7904,F:\项目\专利\uav_dynamic_task_allocation\checkpoints\strike_order_dqn\latest.pt,,
1977,4,"[19, 18, 20, 17]",169.56104208358724,21.76935026904001,4,4,0.003719833621289581,0,4,0.0,0,True,False,0.050000000000000044,30.135987974687502,7908,7908,F:\项目\专利\uav_dynamic_task_allocation\checkpoints\strike_order_dqn\latest.pt,,
1978,1,"[5, 7, 8, 6]",164.60582761657668,30.135987974687502,4,4,0.0037520680343732238,0,4,0.0,0,True,False,0.050000000000000044,30.135987974687502,7912,7912,F:\项目\专利\uav_dynamic_task_allocation\checkpoints\strike_order_dqn\latest.pt,,
1979,0,"[4, 3, 2, 1]",143.75447345561832,27.15430895066569,4,4,0.0033140511077363044,0,4,0.0,0,True,False,0.050000000000000044,30.135987974687502,7916,7916,F:\项目\专利\uav_dynamic_task_allocation\checkpoints\strike_order_dqn\latest.pt,,
1980,3,"[15, 13, 16, 14]",110.72440362060973,26.524306284948956,4,4,0.0052686105482280254,0,4,0.0,0,True,False,0.050000000000000044,30.135987974687502,7920,7920,F:\项目\专利\uav_dynamic_task_allocation\checkpoints\strike_order_dqn\latest.pt,,
1981,3,"[15, 13, 16, 14]",110.72440362060973,26.524306284948956,4,4,0.00804152456112206,0,4,0.0,0,True,False,0.050000000000000044,30.135987974687502,7924,7924,F:\项目\专利\uav_dynamic_task_allocation\checkpoints\strike_order_dqn\latest.pt,,
1982,3,"[15, 13, 16, 14]",110.72440362060973,26.524306284948956,4,4,0.00378548662411049,0,4,0.0,0,True,False,0.050000000000000044,30.135987974687502,7928,7928,F:\项目\专利\uav_dynamic_task_allocation\checkpoints\strike_order_dqn\latest.pt,,
1983,0,"[4, 3, 2, 1]",143.75447345561832,27.15430895066569,4,4,0.0039685366791673005,0,4,0.0,0,True,False,0.050000000000000044,30.135987974687502,7932,7932,F:\项目\专利\uav_dynamic_task_allocation\checkpoints\strike_order_dqn\latest.pt,,
1984,3,"[15, 13, 16, 14]",110.72440362060973,26.524306284948956,4,4,0.002695091679925099,0,4,0.0,0,True,False,0.050000000000000044,30.135987974687502,7936,7936,F:\项目\专利\uav_dynamic_task_allocation\checkpoints\strike_order_dqn\latest.pt,,
1985,3,"[15, 16, 13, 14]",127.49083268112011,24.354924389981292,4,4,0.002091941249091178,1,3,0.25,0,True,False,0.050000000000000044,30.135987974687502,7940,7940,F:\项目\专利\uav_dynamic_task_allocation\checkpoints\strike_order_dqn\latest.pt,,
1986,3,"[13, 16, 15, 14]",116.10182393712081,26.366462669072508,4,4,0.002304528112290427,1,3,0.25,0,True,False,0.050000000000000044,30.135987974687502,7944,7944,F:\项目\专利\uav_dynamic_task_allocation\checkpoints\strike_order_dqn\latest.pt,,
1987,4,"[19, 18, 20, 17]",169.56104208358724,21.76935026904001,4,4,0.0022776187397539616,0,4,0.0,0,True,False,0.050000000000000044,30.135987974687502,7948,7948,F:\项目\专利\uav_dynamic_task_allocation\checkpoints\strike_order_dqn\latest.pt,,
1988,1,"[5, 8, 6, 7]",200.39365931189104,28.565930775881494,4,4,0.0023122671991586685,1,3,0.25,0,True,False,0.050000000000000044,30.135987974687502,7952,7952,F:\项目\专利\uav_dynamic_task_allocation\checkpoints\strike_order_dqn\latest.pt,,
1989,1,"[5, 7, 8, 6]",164.60582761657668,30.135987974687502,4,4,0.0019913254654966295,0,4,0.0,0,True,False,0.050000000000000044,30.135987974687502,7956,7956,F:\项目\专利\uav_dynamic_task_allocation\checkpoints\strike_order_dqn\latest.pt,,
1990,4,"[19, 18, 20, 17]",169.56104208358724,21.76935026904001,4,4,0.0013885893276892602,0,4,0.0,0,True,False,0.050000000000000044,30.135987974687502,7960,7960,F:\项目\专利\uav_dynamic_task_allocation\checkpoints\strike_order_dqn\latest.pt,,
1991,2,"[12, 10, 11, 9]",209.3632227065794,18.486365510503862,4,4,0.0016636965447105467,0,4,0.0,0,True,False,0.050000000000000044,30.135987974687502,7964,7964,F:\项目\专利\uav_dynamic_task_allocation\checkpoints\strike_order_dqn\latest.pt,,
1992,2,"[12, 10, 11, 9]",209.3632227065794,18.486365510503862,4,4,0.0024459887063130736,0,4,0.0,0,True,False,0.050000000000000044,30.135987974687502,7968,7968,F:\项目\专利\uav_dynamic_task_allocation\checkpoints\strike_order_dqn\latest.pt,,
1993,1,"[5, 7, 8, 6]",164.60582761657668,30.135987974687502,4,4,0.0020705632341559976,0,4,0.0,0,True,False,0.050000000000000044,30.135987974687502,7972,7972,F:\项目\专利\uav_dynamic_task_allocation\checkpoints\strike_order_dqn\latest.pt,,
1994,3,"[15, 13, 16, 14]",110.72440362060973,26.524306284948956,4,4,0.0017457805515732616,0,4,0.0,0,True,False,0.050000000000000044,30.135987974687502,7976,7976,F:\项目\专利\uav_dynamic_task_allocation\checkpoints\strike_order_dqn\latest.pt,,
1995,3,"[15, 13, 16, 14]",110.72440362060973,26.524306284948956,4,4,0.0012239426141604781,0,4,0.0,0,True,False,0.050000000000000044,30.135987974687502,7980,7980,F:\项目\专利\uav_dynamic_task_allocation\checkpoints\strike_order_dqn\latest.pt,,
1996,0,"[4, 3, 2, 1]",143.75447345561832,27.15430895066569,4,4,0.0016783754690550268,0,4,0.0,0,True,False,0.050000000000000044,30.135987974687502,7984,7984,F:\项目\专利\uav_dynamic_task_allocation\checkpoints\strike_order_dqn\latest.pt,,
1997,2,"[12, 10, 11, 9]",209.3632227065794,18.486365510503862,4,4,0.0027771614986704662,0,4,0.0,0,True,False,0.050000000000000044,30.135987974687502,7988,7988,F:\项目\专利\uav_dynamic_task_allocation\checkpoints\strike_order_dqn\latest.pt,,
1998,4,"[19, 18, 20, 17]",169.56104208358724,21.76935026904001,4,4,0.003124703245703131,0,4,0.0,0,True,False,0.050000000000000044,30.135987974687502,7992,7992,F:\项目\专利\uav_dynamic_task_allocation\checkpoints\strike_order_dqn\latest.pt,,
1999,1,"[5, 7, 8, 6]",164.60582761657668,30.135987974687502,4,4,0.002545408846344799,0,4,0.0,0,True,False,0.050000000000000044,30.135987974687502,7996,7996,F:\项目\专利\uav_dynamic_task_allocation\checkpoints\strike_order_dqn\latest.pt,,
2000,1,"[5, 7, 8, 6]",164.60582761657668,30.135987974687502,4,4,0.0022832754184491932,1,3,0.25,0,True,False,0.050000000000000044,30.135987974687502,8000,8000,F:\项目\专利\uav_dynamic_task_allocation\checkpoints\strike_order_dqn\latest.pt,,
