time,uav_id,status,assigned_cluster_id,x,y,is_damaged
30.0,1,en_route,2,9.428500005073102,-137600.00003825256,False
30.0,2,en_route,0,2.3829570654434393,-137600.00007932124,False
30.0,3,en_route,1,7.880063395212372,-137600.00000299682,False
30.0,4,available,,10.0,-140000.0,False
30.0,5,available,,5.0,-140000.0,False
30.0,6,available,,4.0,-140000.0,False
30.0,7,available,,4.0,-140000.0,False
30.0,8,available,,4.0,-140000.0,False
30.0,9,available,,4.0,-140000.0,False
30.0,10,available,,4.0,-140000.0,False
30.0,11,available,,4.0,-140000.0,False
30.0,12,en_route,2,0.5827599990080321,-137600.00007075194,False
30.0,13,en_route,2,1.5656200000036338,-137600.00006665124,False
30.0,14,en_route,0,5.331536824732659,-137600.0000930923,False
30.0,15,en_route,1,7.880063395212372,-137600.00000299682,False
30.0,16,available,,2.0,-140000.0,False
30.0,17,available,,7.0,-140000.0,False
30.0,18,available,,7.0,-140000.0,False
30.0,19,available,,7.0,-140000.0,False
30.0,20,available,,7.0,-140000.0,False
30.0,21,available,,7.0,-140000.0,False
30.0,22,available,,7.0,-140000.0,False
30.0,23,available,,7.0,-140000.0,False
30.0,24,available,,7.0,-140000.0,False
30.0,25,available,,7.0,-140000.0,False
30.0,26,available,,7.0,-140000.0,False
30.0,27,available,,7.0,-140000.0,False
30.0,28,available,,7.0,-140000.0,False
30.0,29,available,,7.0,-140000.0,False
30.0,30,available,,7.0,-140000.0,False
30.0,31,available,,7.0,-140000.0,False
30.0,32,available,,7.0,-140000.0,False
30.0,33,available,,7.0,-140000.0,False
30.0,34,available,,7.0,-140000.0,False
30.0,35,available,,7.0,-140000.0,False
30.0,36,available,,7.0,-140000.0,False
30.0,37,available,,7.0,-140000.0,False
30.0,38,available,,7.0,-140000.0,False
30.0,39,available,,7.0,-140000.0,False
30.0,40,available,,7.0,-140000.0,False
30.0,41,available,,7.0,-140000.0,False
60.0,1,en_route,2,9.857000010146205,-135200.00007650512,False
60.0,2,en_route,0,1.7659141308868787,-135200.00015864248,False
60.0,3,en_route,1,7.760126790424744,-135200.00000599364,False
60.0,4,available,,10.0,-140000.0,False
60.0,5,available,,5.0,-140000.0,False
60.0,6,available,,4.0,-140000.0,False
60.0,7,available,,4.0,-140000.0,False
60.0,8,available,,4.0,-140000.0,False
60.0,9,available,,4.0,-140000.0,False
60.0,10,available,,4.0,-140000.0,False
60.0,11,available,,4.0,-140000.0,False
60.0,12,en_route,2,1.1655199980160642,-135200.00014150387,False
60.0,13,en_route,2,2.131240000007268,-135200.00013330247,False
60.0,14,en_route,0,4.663073649465318,-135200.0001861846,False
60.0,15,en_route,1,7.760126790424744,-135200.00000599364,False
60.0,16,available,,2.0,-140000.0,False
60.0,17,available,,7.0,-140000.0,False
60.0,18,available,,7.0,-140000.0,False
60.0,19,available,,7.0,-140000.0,False
60.0,20,available,,7.0,-140000.0,False
60.0,21,available,,7.0,-140000.0,False
60.0,22,available,,7.0,-140000.0,False
60.0,23,available,,7.0,-140000.0,False
60.0,24,available,,7.0,-140000.0,False
60.0,25,available,,7.0,-140000.0,False
60.0,26,available,,7.0,-140000.0,False
60.0,27,available,,7.0,-140000.0,False
60.0,28,available,,7.0,-140000.0,False
60.0,29,available,,7.0,-140000.0,False
60.0,30,available,,7.0,-140000.0,False
60.0,31,available,,7.0,-140000.0,False
60.0,32,available,,7.0,-140000.0,False
60.0,33,available,,7.0,-140000.0,False
60.0,34,available,,7.0,-140000.0,False
60.0,35,available,,7.0,-140000.0,False
60.0,36,available,,7.0,-140000.0,False
60.0,37,available,,7.0,-140000.0,False
60.0,38,available,,7.0,-140000.0,False
60.0,39,available,,7.0,-140000.0,False
60.0,40,available,,7.0,-140000.0,False
60.0,41,available,,7.0,-140000.0,False
90.0,1,en_route,2,10.285500015219307,-132800.00011475768,False
90.0,2,en_route,0,1.148871196330318,-132800.00023796372,False
90.0,3,en_route,1,7.640190185637116,-132800.00000899046,False
90.0,4,available,,10.0,-140000.0,False
90.0,5,available,,5.0,-140000.0,False
90.0,6,available,,4.0,-140000.0,False
90.0,7,available,,4.0,-140000.0,False
90.0,8,available,,4.0,-140000.0,False
90.0,9,available,,4.0,-140000.0,False
90.0,10,available,,4.0,-140000.0,False
90.0,11,available,,4.0,-140000.0,False
90.0,12,en_route,2,1.748279997024096,-132800.0002122558,False
90.0,13,en_route,2,2.696860000010902,-132800.0001999537,False
90.0,14,en_route,0,3.994610474197977,-132800.0002792769,False
90.0,15,en_route,1,7.640190185637116,-132800.00000899046,False
90.0,16,available,,2.0,-140000.0,False
90.0,17,available,,7.0,-140000.0,False
90.0,18,available,,7.0,-140000.0,False
90.0,19,available,,7.0,-140000.0,False
90.0,20,available,,7.0,-140000.0,False
90.0,21,available,,7.0,-140000.0,False
90.0,22,available,,7.0,-140000.0,False
90.0,23,available,,7.0,-140000.0,False
90.0,24,available,,7.0,-140000.0,False
90.0,25,available,,7.0,-140000.0,False
90.0,26,available,,7.0,-140000.0,False
90.0,27,available,,7.0,-140000.0,False
90.0,28,available,,7.0,-140000.0,False
90.0,29,available,,7.0,-140000.0,False
90.0,30,available,,7.0,-140000.0,False
90.0,31,available,,7.0,-140000.0,False
90.0,32,available,,7.0,-140000.0,False
90.0,33,available,,7.0,-140000.0,False
90.0,34,available,,7.0,-140000.0,False
90.0,35,available,,7.0,-140000.0,False
90.0,36,available,,7.0,-140000.0,False
90.0,37,available,,7.0,-140000.0,False
90.0,38,available,,7.0,-140000.0,False
90.0,39,available,,7.0,-140000.0,False
90.0,40,available,,7.0,-140000.0,False
90.0,41,available,,7.0,-140000.0,False
120.0,1,en_route,2,10.71400002029241,-130400.00015301023,False
120.0,2,en_route,0,0.5318282617737574,-130400.00031728497,False
120.0,3,en_route,1,7.520253580849488,-130400.0000119873,False
120.0,4,available,,10.0,-140000.0,False
120.0,5,available,,5.0,-140000.0,False
120.0,6,available,,4.0,-140000.0,False
120.0,7,available,,4.0,-140000.0,False
120.0,8,available,,4.0,-140000.0,False
120.0,9,available,,4.0,-140000.0,False
120.0,10,available,,4.0,-140000.0,False
120.0,11,available,,4.0,-140000.0,False
120.0,12,en_route,2,2.331039996032128,-130400.00028300773,False
120.0,13,en_route,2,3.262480000014536,-130400.00026660495,False
120.0,14,en_route,0,3.3261472989306364,-130400.00037236919,False
120.0,15,en_route,1,7.520253580849488,-130400.0000119873,False
120.0,16,available,,2.0,-140000.0,False
120.0,17,available,,7.0,-140000.0,False
120.0,18,available,,7.0,-140000.0,False
120.0,19,available,,7.0,-140000.0,False
120.0,20,available,,7.0,-140000.0,False
120.0,21,available,,7.0,-140000.0,False
120.0,22,available,,7.0,-140000.0,False
120.0,23,available,,7.0,-140000.0,False
120.0,24,available,,7.0,-140000.0,False
120.0,25,available,,7.0,-140000.0,False
120.0,26,available,,7.0,-140000.0,False
120.0,27,available,,7.0,-140000.0,False
120.0,28,available,,7.0,-140000.0,False
120.0,29,available,,7.0,-140000.0,False
120.0,30,available,,7.0,-140000.0,False
120.0,31,available,,7.0,-140000.0,False
120.0,32,available,,7.0,-140000.0,False
120.0,33,available,,7.0,-140000.0,False
120.0,34,available,,7.0,-140000.0,False
120.0,35,available,,7.0,-140000.0,False
120.0,36,available,,7.0,-140000.0,False
120.0,37,available,,7.0,-140000.0,False
120.0,38,available,,7.0,-140000.0,False
120.0,39,available,,7.0,-140000.0,False
120.0,40,available,,7.0,-140000.0,False
120.0,41,available,,7.0,-140000.0,False
150.0,1,en_route,2,11.142500025365512,-128000.00019126278,False
150.0,2,en_route,0,-0.08521467278280315,-128000.00039660622,False
150.0,3,en_route,1,7.40031697606186,-128000.00001498414,False
150.0,4,available,,10.0,-140000.0,False
150.0,5,available,,5.0,-140000.0,False
150.0,6,available,,4.0,-140000.0,False
150.0,7,available,,4.0,-140000.0,False
150.0,8,available,,4.0,-140000.0,False
150.0,9,available,,4.0,-140000.0,False
150.0,10,available,,4.0,-140000.0,False
150.0,11,available,,4.0,-140000.0,False
150.0,12,en_route,2,2.91379999504016,-128000.00035375965,False
150.0,13,en_route,2,3.82810000001817,-128000.0003332562,False
150.0,14,en_route,0,2.6576841236632958,-128000.00046546149,False
150.0,15,en_route,1,7.40031697606186,-128000.00001498414,False
150.0,16,available,,2.0,-140000.0,False
150.0,17,available,,7.0,-140000.0,False
150.0,18,available,,7.0,-140000.0,False
150.0,19,available,,7.0,-140000.0,False
150.0,20,available,,7.0,-140000.0,False
150.0,21,available,,7.0,-140000.0,False
150.0,22,available,,7.0,-140000.0,False
150.0,23,available,,7.0,-140000.0,False
150.0,24,available,,7.0,-140000.0,False
150.0,25,available,,7.0,-140000.0,False
150.0,26,available,,7.0,-140000.0,False
150.0,27,available,,7.0,-140000.0,False
150.0,28,available,,7.0,-140000.0,False
150.0,29,available,,7.0,-140000.0,False
150.0,30,available,,7.0,-140000.0,False
150.0,31,available,,7.0,-140000.0,False
150.0,32,available,,7.0,-140000.0,False
150.0,33,available,,7.0,-140000.0,False
150.0,34,available,,7.0,-140000.0,False
150.0,35,available,,7.0,-140000.0,False
150.0,36,available,,7.0,-140000.0,False
150.0,37,available,,7.0,-140000.0,False
150.0,38,available,,7.0,-140000.0,False
150.0,39,available,,7.0,-140000.0,False
150.0,40,available,,7.0,-140000.0,False
150.0,41,available,,7.0,-140000.0,False
180.0,1,en_route,2,11.571000030438615,-125600.00022951532,False
180.0,2,en_route,0,-0.7022576073393637,-125600.00047592747,False
180.0,3,en_route,1,7.280380371274232,-125600.00001798097,False
180.0,4,available,,10.0,-140000.0,False
180.0,5,available,,5.0,-140000.0,False
180.0,6,available,,4.0,-140000.0,False
180.0,7,available,,4.0,-140000.0,False
180.0,8,available,,4.0,-140000.0,False
180.0,9,available,,4.0,-140000.0,False
180.0,10,available,,4.0,-140000.0,False
180.0,11,available,,4.0,-140000.0,False
180.0,12,en_route,2,3.4965599940481917,-125600.00042451157,False
180.0,13,en_route,2,4.393720000021804,-125600.00039990745,False
180.0,14,en_route,0,1.989220948395955,-125600.00055855379,False
180.0,15,en_route,1,7.280380371274232,-125600.00001798097,False
180.0,16,available,,2.0,-140000.0,False
180.0,17,available,,7.0,-140000.0,False
180.0,18,available,,7.0,-140000.0,False
180.0,19,available,,7.0,-140000.0,False
180.0,20,available,,7.0,-140000.0,False
180.0,21,available,,7.0,-140000.0,False
180.0,22,available,,7.0,-140000.0,False
180.0,23,available,,7.0,-140000.0,False
180.0,24,available,,7.0,-140000.0,False
180.0,25,available,,7.0,-140000.0,False
180.0,26,available,,7.0,-140000.0,False
180.0,27,available,,7.0,-140000.0,False
180.0,28,available,,7.0,-140000.0,False
180.0,29,available,,7.0,-140000.0,False
180.0,30,available,,7.0,-140000.0,False
180.0,31,available,,7.0,-140000.0,False
180.0,32,available,,7.0,-140000.0,False
180.0,33,available,,7.0,-140000.0,False
180.0,34,available,,7.0,-140000.0,False
180.0,35,available,,7.0,-140000.0,False
180.0,36,available,,7.0,-140000.0,False
180.0,37,available,,7.0,-140000.0,False
180.0,38,available,,7.0,-140000.0,False
180.0,39,available,,7.0,-140000.0,False
180.0,40,available,,7.0,-140000.0,False
180.0,41,available,,7.0,-140000.0,False
210.0,1,en_route,2,11.99950003551172,-123200.00026776787,False
210.0,2,en_route,0,-1.3193005418959243,-123200.00055524873,False
210.0,3,en_route,1,7.160443766486604,-123200.00002097781,False
210.0,4,available,,10.0,-140000.0,False
210.0,5,available,,5.0,-140000.0,False
210.0,6,available,,4.0,-140000.0,False
210.0,7,available,,4.0,-140000.0,False
210.0,8,available,,4.0,-140000.0,False
210.0,9,available,,4.0,-140000.0,False
210.0,10,available,,4.0,-140000.0,False
210.0,11,available,,4.0,-140000.0,False
210.0,12,en_route,2,4.079319993056224,-123200.00049526349,False
210.0,13,en_route,2,4.959340000025438,-123200.0004665587,False
210.0,14,en_route,0,1.3207577731286144,-123200.00065164609,False
210.0,15,en_route,1,7.160443766486604,-123200.00002097781,False
210.0,16,available,,2.0,-140000.0,False
210.0,17,available,,7.0,-140000.0,False
210.0,18,available,,7.0,-140000.0,False
210.0,19,available,,7.0,-140000.0,False
210.0,20,available,,7.0,-140000.0,False
210.0,21,available,,7.0,-140000.0,False
210.0,22,available,,7.0,-140000.0,False
210.0,23,available,,7.0,-140000.0,False
210.0,24,available,,7.0,-140000.0,False
210.0,25,available,,7.0,-140000.0,False
210.0,26,available,,7.0,-140000.0,False
210.0,27,available,,7.0,-140000.0,False
210.0,28,available,,7.0,-140000.0,False
210.0,29,available,,7.0,-140000.0,False
210.0,30,available,,7.0,-140000.0,False
210.0,31,available,,7.0,-140000.0,False
210.0,32,available,,7.0,-140000.0,False
210.0,33,available,,7.0,-140000.0,False
210.0,34,available,,7.0,-140000.0,False
210.0,35,available,,7.0,-140000.0,False
210.0,36,available,,7.0,-140000.0,False
210.0,37,available,,7.0,-140000.0,False
210.0,38,available,,7.0,-140000.0,False
210.0,39,available,,7.0,-140000.0,False
210.0,40,available,,7.0,-140000.0,False
210.0,41,available,,7.0,-140000.0,False
240.0,1,en_route,2,12.428000040584823,-120800.00030602042,False
240.0,2,en_route,0,-1.936343476452485,-120800.00063456998,False
240.0,3,en_route,1,7.040507161698976,-120800.00002397464,False
240.0,4,available,,10.0,-140000.0,False
240.0,5,available,,5.0,-140000.0,False
240.0,6,available,,4.0,-140000.0,False
240.0,7,available,,4.0,-140000.0,False
240.0,8,available,,4.0,-140000.0,False
240.0,9,available,,4.0,-140000.0,False
240.0,10,available,,4.0,-140000.0,False
240.0,11,available,,4.0,-140000.0,False
240.0,12,en_route,2,4.662079992064256,-120800.00056601541,False
240.0,13,en_route,2,5.524960000029072,-120800.00053320995,False
240.0,14,en_route,0,0.6522945978612739,-120800.00074473838,False
240.0,15,en_route,1,7.040507161698976,-120800.00002397464,False
240.0,16,available,,2.0,-140000.0,False
240.0,17,available,,7.0,-140000.0,False
240.0,18,available,,7.0,-140000.0,False
240.0,19,available,,7.0,-140000.0,False
240.0,20,available,,7.0,-140000.0,False
240.0,21,available,,7.0,-140000.0,False
240.0,22,available,,7.0,-140000.0,False
240.0,23,available,,7.0,-140000.0,False
240.0,24,available,,7.0,-140000.0,False
240.0,25,available,,7.0,-140000.0,False
240.0,26,available,,7.0,-140000.0,False
240.0,27,available,,7.0,-140000.0,False
240.0,28,available,,7.0,-140000.0,False
240.0,29,available,,7.0,-140000.0,False
240.0,30,available,,7.0,-140000.0,False
240.0,31,available,,7.0,-140000.0,False
240.0,32,available,,7.0,-140000.0,False
240.0,33,available,,7.0,-140000.0,False
240.0,34,available,,7.0,-140000.0,False
240.0,35,available,,7.0,-140000.0,False
240.0,36,available,,7.0,-140000.0,False
240.0,37,available,,7.0,-140000.0,False
240.0,38,available,,7.0,-140000.0,False
240.0,39,available,,7.0,-140000.0,False
240.0,40,available,,7.0,-140000.0,False
240.0,41,available,,7.0,-140000.0,False
270.0,1,en_route,2,12.856500045657928,-118400.00034427296,False
270.0,2,en_route,0,-2.553386411009045,-118400.00071389123,False
270.0,3,en_route,1,6.920570556911348,-118400.00002697148,False
270.0,4,available,,10.0,-140000.0,False
270.0,5,available,,5.0,-140000.0,False
270.0,6,available,,4.0,-140000.0,False
270.0,7,available,,4.0,-140000.0,False
270.0,8,available,,4.0,-140000.0,False
270.0,9,available,,4.0,-140000.0,False
270.0,10,available,,4.0,-140000.0,False
270.0,11,available,,4.0,-140000.0,False
270.0,12,en_route,2,5.244839991072288,-118400.00063676733,False
270.0,13,en_route,2,6.0905800000327055,-118400.0005998612,False
270.0,14,en_route,0,-0.016168577406066587,-118400.00083783068,False
270.0,15,en_route,1,6.920570556911348,-118400.00002697148,False
270.0,16,available,,2.0,-140000.0,False
270.0,17,available,,7.0,-140000.0,False
270.0,18,available,,7.0,-140000.0,False
270.0,19,available,,7.0,-140000.0,False
270.0,20,available,,7.0,-140000.0,False
270.0,21,available,,7.0,-140000.0,False
270.0,22,available,,7.0,-140000.0,False
270.0,23,available,,7.0,-140000.0,False
270.0,24,available,,7.0,-140000.0,False
270.0,25,available,,7.0,-140000.0,False
270.0,26,available,,7.0,-140000.0,False
270.0,27,available,,7.0,-140000.0,False
270.0,28,available,,7.0,-140000.0,False
270.0,29,available,,7.0,-140000.0,False
270.0,30,available,,7.0,-140000.0,False
270.0,31,available,,7.0,-140000.0,False
270.0,32,available,,7.0,-140000.0,False
270.0,33,available,,7.0,-140000.0,False
270.0,34,available,,7.0,-140000.0,False
270.0,35,available,,7.0,-140000.0,False
270.0,36,available,,7.0,-140000.0,False
270.0,37,available,,7.0,-140000.0,False
270.0,38,available,,7.0,-140000.0,False
270.0,39,available,,7.0,-140000.0,False
270.0,40,available,,7.0,-140000.0,False
270.0,41,available,,7.0,-140000.0,False
300.0,1,assigned,1,13.285000050731032,-116000.00038252551,False
300.0,2,assigned,0,-3.170429345565606,-116000.00079321249,False
300.0,3,assigned,2,6.80063395212372,-116000.00002996832,False
300.0,4,available,,10.0,-140000.0,False
300.0,5,available,,5.0,-140000.0,False
300.0,6,available,,4.0,-140000.0,False
300.0,7,available,,4.0,-140000.0,False
300.0,8,available,,4.0,-140000.0,False
300.0,9,available,,4.0,-140000.0,False
300.0,10,available,,4.0,-140000.0,False
300.0,11,available,,4.0,-140000.0,False
300.0,12,assigned,1,5.82759999008032,-116000.00070751926,False
300.0,13,assigned,0,6.65620000003634,-116000.00066651245,False
300.0,14,assigned,2,-0.684631752673407,-116000.00093092298,False
300.0,15,available,,6.80063395212372,-116000.00002996832,False
300.0,16,available,,2.0,-140000.0,False
300.0,17,available,,7.0,-140000.0,False
300.0,18,available,,7.0,-140000.0,False
300.0,19,available,,7.0,-140000.0,False
300.0,20,available,,7.0,-140000.0,False
300.0,21,available,,7.0,-140000.0,False
300.0,22,available,,7.0,-140000.0,False
300.0,23,available,,7.0,-140000.0,False
300.0,24,available,,7.0,-140000.0,False
300.0,25,available,,7.0,-140000.0,False
300.0,26,available,,7.0,-140000.0,False
300.0,27,available,,7.0,-140000.0,False
300.0,28,available,,7.0,-140000.0,False
300.0,29,available,,7.0,-140000.0,False
300.0,30,available,,7.0,-140000.0,False
300.0,31,available,,7.0,-140000.0,False
300.0,32,available,,7.0,-140000.0,False
300.0,33,available,,7.0,-140000.0,False
300.0,34,available,,7.0,-140000.0,False
300.0,35,available,,7.0,-140000.0,False
300.0,36,available,,7.0,-140000.0,False
300.0,37,available,,7.0,-140000.0,False
300.0,38,available,,7.0,-140000.0,False
300.0,39,available,,7.0,-140000.0,False
300.0,40,available,,7.0,-140000.0,False
300.0,41,available,,7.0,-140000.0,False
330.0,1,en_route,1,12.327566524096206,-113600.0005735003,False
330.0,2,en_route,0,-2.4118224064797396,-113600.00091310509,False
330.0,3,en_route,2,6.680697347336092,-113600.00003296515,False
330.0,4,available,,10.0,-140000.0,False
330.0,5,available,,5.0,-140000.0,False
330.0,6,available,,4.0,-140000.0,False
330.0,7,available,,4.0,-140000.0,False
330.0,8,available,,4.0,-140000.0,False
330.0,9,available,,4.0,-140000.0,False
330.0,10,available,,4.0,-140000.0,False
330.0,11,available,,4.0,-140000.0,False
330.0,12,en_route,1,5.024427326780832,-113600.00084191225,False
330.0,13,en_route,0,7.211521925882943,-113600.0007307588,False
330.0,14,en_route,2,-0.6497995234613162,-113600.00093117575,False
330.0,15,available,,6.80063395212372,-116000.00002996832,False
330.0,16,available,,2.0,-140000.0,False
330.0,17,available,,7.0,-140000.0,False
330.0,18,available,,7.0,-140000.0,False
330.0,19,available,,7.0,-140000.0,False
330.0,20,available,,7.0,-140000.0,False
330.0,21,available,,7.0,-140000.0,False
330.0,22,available,,7.0,-140000.0,False
330.0,23,available,,7.0,-140000.0,False
330.0,24,available,,7.0,-140000.0,False
330.0,25,available,,7.0,-140000.0,False
330.0,26,available,,7.0,-140000.0,False
330.0,27,available,,7.0,-140000.0,False
330.0,28,available,,7.0,-140000.0,False
330.0,29,available,,7.0,-140000.0,False
330.0,30,available,,7.0,-140000.0,False
330.0,31,available,,7.0,-140000.0,False
330.0,32,available,,7.0,-140000.0,False
330.0,33,available,,7.0,-140000.0,False
330.0,34,available,,7.0,-140000.0,False
330.0,35,available,,7.0,-140000.0,False
330.0,36,available,,7.0,-140000.0,False
330.0,37,available,,7.0,-140000.0,False
330.0,38,available,,7.0,-140000.0,False
330.0,39,available,,7.0,-140000.0,False
330.0,40,available,,7.0,-140000.0,False
330.0,41,available,,7.0,-140000.0,False
360.0,1,en_route,1,11.37013299746138,-111200.0007644751,False
360.0,2,en_route,0,-1.6532154673938733,-111200.0010329977,False
360.0,3,en_route,2,6.560760742548464,-111200.00003596199,False
360.0,4,available,,10.0,-140000.0,False
360.0,5,available,,5.0,-140000.0,False
360.0,6,available,,4.0,-140000.0,False
360.0,7,available,,4.0,-140000.0,False
360.0,8,available,,4.0,-140000.0,False
360.0,9,available,,4.0,-140000.0,False
360.0,10,available,,4.0,-140000.0,False
360.0,11,available,,4.0,-140000.0,False
360.0,12,en_route,1,4.221254663481344,-111200.00097630524,False
360.0,13,en_route,0,7.766843851729546,-111200.00079500514,False
360.0,14,en_route,2,-0.6149672942492254,-111200.00093142851,False
360.0,15,available,,6.80063395212372,-116000.00002996832,False
360.0,16,available,,2.0,-140000.0,False
360.0,17,available,,7.0,-140000.0,False
360.0,18,available,,7.0,-140000.0,False
360.0,19,available,,7.0,-140000.0,False
360.0,20,available,,7.0,-140000.0,False
360.0,21,available,,7.0,-140000.0,False
360.0,22,available,,7.0,-140000.0,False
360.0,23,available,,7.0,-140000.0,False
360.0,24,available,,7.0,-140000.0,False
360.0,25,available,,7.0,-140000.0,False
360.0,26,available,,7.0,-140000.0,False
360.0,27,available,,7.0,-140000.0,False
360.0,28,available,,7.0,-140000.0,False
360.0,29,available,,7.0,-140000.0,False
360.0,30,available,,7.0,-140000.0,False
360.0,31,available,,7.0,-140000.0,False
360.0,32,available,,7.0,-140000.0,False
360.0,33,available,,7.0,-140000.0,False
360.0,34,available,,7.0,-140000.0,False
360.0,35,available,,7.0,-140000.0,False
360.0,36,available,,7.0,-140000.0,False
360.0,37,available,,7.0,-140000.0,False
360.0,38,available,,7.0,-140000.0,False
360.0,39,available,,7.0,-140000.0,False
360.0,40,available,,7.0,-140000.0,False
360.0,41,available,,7.0,-140000.0,False
390.0,1,en_route,1,10.412699470826553,-108800.0009554499,False
390.0,2,en_route,0,-0.8946085283080073,-108800.0011528903,False
390.0,3,en_route,2,6.440824137760836,-108800.00003895882,False
390.0,4,available,,10.0,-140000.0,False
390.0,5,available,,5.0,-140000.0,False
390.0,6,available,,4.0,-140000.0,False
390.0,7,available,,4.0,-140000.0,False
390.0,8,available,,4.0,-140000.0,False
390.0,9,available,,4.0,-140000.0,False
390.0,10,available,,4.0,-140000.0,False
390.0,11,available,,4.0,-140000.0,False
390.0,12,en_route,1,3.4180820001818555,-108800.00111069823,False
390.0,13,en_route,0,8.32216577757615,-108800.00085925148,False
390.0,14,en_route,2,-0.5801350650371345,-108800.00093168128,False
390.0,15,available,,6.80063395212372,-116000.00002996832,False
390.0,16,available,,2.0,-140000.0,False
390.0,17,available,,7.0,-140000.0,False
390.0,18,available,,7.0,-140000.0,False
390.0,19,available,,7.0,-140000.0,False
390.0,20,available,,7.0,-140000.0,False
390.0,21,available,,7.0,-140000.0,False
390.0,22,available,,7.0,-140000.0,False
390.0,23,available,,7.0,-140000.0,False
390.0,24,available,,7.0,-140000.0,False
390.0,25,available,,7.0,-140000.0,False
390.0,26,available,,7.0,-140000.0,False
390.0,27,available,,7.0,-140000.0,False
390.0,28,available,,7.0,-140000.0,False
390.0,29,available,,7.0,-140000.0,False
390.0,30,available,,7.0,-140000.0,False
390.0,31,available,,7.0,-140000.0,False
390.0,32,available,,7.0,-140000.0,False
390.0,33,available,,7.0,-140000.0,False
390.0,34,available,,7.0,-140000.0,False
390.0,35,available,,7.0,-140000.0,False
390.0,36,available,,7.0,-140000.0,False
390.0,37,available,,7.0,-140000.0,False
390.0,38,available,,7.0,-140000.0,False
390.0,39,available,,7.0,-140000.0,False
390.0,40,available,,7.0,-140000.0,False
390.0,41,available,,7.0,-140000.0,False
420.0,1,en_route,1,9.455265944191726,-106400.00114642469,False
420.0,2,en_route,0,-0.13600158922214123,-106400.0012727829,False
420.0,3,en_route,2,6.320887532973208,-106400.00004195566,False
420.0,4,available,,10.0,-140000.0,False
420.0,5,available,,5.0,-140000.0,False
420.0,6,available,,4.0,-140000.0,False
420.0,7,available,,4.0,-140000.0,False
420.0,8,available,,4.0,-140000.0,False
420.0,9,available,,4.0,-140000.0,False
420.0,10,available,,4.0,-140000.0,False
420.0,11,available,,4.0,-140000.0,False
420.0,12,en_route,1,2.6149093368823673,-106400.00124509122,False
420.0,13,en_route,0,8.877487703422753,-106400.00092349782,False
420.0,14,en_route,2,-0.5453028358250437,-106400.00093193405,False
420.0,15,available,,6.80063395212372,-116000.00002996832,False
420.0,16,available,,2.0,-140000.0,False
420.0,17,available,,7.0,-140000.0,False
420.0,18,available,,7.0,-140000.0,False
420.0,19,available,,7.0,-140000.0,False
420.0,20,available,,7.0,-140000.0,False
420.0,21,available,,7.0,-140000.0,False
420.0,22,available,,7.0,-140000.0,False
420.0,23,available,,7.0,-140000.0,False
420.0,24,available,,7.0,-140000.0,False
420.0,25,available,,7.0,-140000.0,False
420.0,26,available,,7.0,-140000.0,False
420.0,27,available,,7.0,-140000.0,False
420.0,28,available,,7.0,-140000.0,False
420.0,29,available,,7.0,-140000.0,False
420.0,30,available,,7.0,-140000.0,False
420.0,31,available,,7.0,-140000.0,False
420.0,32,available,,7.0,-140000.0,False
420.0,33,available,,7.0,-140000.0,False
420.0,34,available,,7.0,-140000.0,False
420.0,35,available,,7.0,-140000.0,False
420.0,36,available,,7.0,-140000.0,False
420.0,37,available,,7.0,-140000.0,False
420.0,38,available,,7.0,-140000.0,False
420.0,39,available,,7.0,-140000.0,False
420.0,40,available,,7.0,-140000.0,False
420.0,41,available,,7.0,-140000.0,False
450.0,1,en_route,1,8.4978324175569,-104000.00133739949,False
450.0,2,en_route,0,0.6226053498637247,-104000.0013926755,False
450.0,3,en_route,2,6.20095092818558,-104000.0000449525,False
450.0,4,available,,10.0,-140000.0,False
450.0,5,available,,5.0,-140000.0,False
450.0,6,available,,4.0,-140000.0,False
450.0,7,available,,4.0,-140000.0,False
450.0,8,available,,4.0,-140000.0,False
450.0,9,available,,4.0,-140000.0,False
450.0,10,available,,4.0,-140000.0,False
450.0,11,available,,4.0,-140000.0,False
450.0,12,en_route,1,1.8117366735828788,-104000.00137948421,False
450.0,13,en_route,0,9.432809629269357,-104000.00098774416,False
450.0,14,en_route,2,-0.5104706066129528,-104000.00093218681,False
450.0,15,available,,6.80063395212372,-116000.00002996832,False
450.0,16,available,,2.0,-140000.0,False
450.0,17,available,,7.0,-140000.0,False
450.0,18,available,,7.0,-140000.0,False
450.0,19,available,,7.0,-140000.0,False
450.0,20,available,,7.0,-140000.0,False
450.0,21,available,,7.0,-140000.0,False
450.0,22,available,,7.0,-140000.0,False
450.0,23,available,,7.0,-140000.0,False
450.0,24,available,,7.0,-140000.0,False
450.0,25,available,,7.0,-140000.0,False
450.0,26,available,,7.0,-140000.0,False
450.0,27,available,,7.0,-140000.0,False
450.0,28,available,,7.0,-140000.0,False
450.0,29,available,,7.0,-140000.0,False
450.0,30,available,,7.0,-140000.0,False
450.0,31,available,,7.0,-140000.0,False
450.0,32,available,,7.0,-140000.0,False
450.0,33,available,,7.0,-140000.0,False
450.0,34,available,,7.0,-140000.0,False
450.0,35,available,,7.0,-140000.0,False
450.0,36,available,,7.0,-140000.0,False
450.0,37,available,,7.0,-140000.0,False
450.0,38,available,,7.0,-140000.0,False
450.0,39,available,,7.0,-140000.0,False
450.0,40,available,,7.0,-140000.0,False
450.0,41,available,,7.0,-140000.0,False
480.0,1,en_route,1,7.5403988909220745,-101600.00152837428,False
480.0,2,en_route,0,1.3812122889495908,-101600.00151256811,False
480.0,3,en_route,2,6.081014323397952,-101600.00004794933,False
480.0,4,available,,10.0,-140000.0,False
480.0,5,available,,5.0,-140000.0,False
480.0,6,available,,4.0,-140000.0,False
480.0,7,available,,4.0,-140000.0,False
480.0,8,available,,4.0,-140000.0,False
480.0,9,available,,4.0,-140000.0,False
480.0,10,available,,4.0,-140000.0,False
480.0,11,available,,4.0,-140000.0,False
480.0,12,en_route,1,1.0085640102833904,-101600.0015138772,False
480.0,13,en_route,0,9.988131555115961,-101600.0010519905,False
480.0,14,en_route,2,-0.475638377400862,-101600.00093243958,False
480.0,15,available,,6.80063395212372,-116000.00002996832,False
480.0,16,available,,2.0,-140000.0,False
480.0,17,available,,7.0,-140000.0,False
480.0,18,available,,7.0,-140000.0,False
480.0,19,available,,7.0,-140000.0,False
480.0,20,available,,7.0,-140000.0,False
480.0,21,available,,7.0,-140000.0,False
480.0,22,available,,7.0,-140000.0,False
480.0,23,available,,7.0,-140000.0,False
480.0,24,available,,7.0,-140000.0,False
480.0,25,available,,7.0,-140000.0,False
480.0,26,available,,7.0,-140000.0,False
480.0,27,available,,7.0,-140000.0,False
480.0,28,available,,7.0,-140000.0,False
480.0,29,available,,7.0,-140000.0,False
480.0,30,available,,7.0,-140000.0,False
480.0,31,available,,7.0,-140000.0,False
480.0,32,available,,7.0,-140000.0,False
480.0,33,available,,7.0,-140000.0,False
480.0,34,available,,7.0,-140000.0,False
480.0,35,available,,7.0,-140000.0,False
480.0,36,available,,7.0,-140000.0,False
480.0,37,available,,7.0,-140000.0,False
480.0,38,available,,7.0,-140000.0,False
480.0,39,available,,7.0,-140000.0,False
480.0,40,available,,7.0,-140000.0,False
480.0,41,available,,7.0,-140000.0,False
510.0,1,en_route,1,6.582965364287249,-99200.00171934908,False
510.0,2,en_route,0,2.139819228035457,-99200.00163246071,False
510.0,3,en_route,2,5.961077718610324,-99200.00005094617,False
510.0,4,available,,10.0,-140000.0,False
510.0,5,available,,5.0,-140000.0,False
510.0,6,available,,4.0,-140000.0,False
510.0,7,available,,4.0,-140000.0,False
510.0,8,available,,4.0,-140000.0,False
510.0,9,available,,4.0,-140000.0,False
510.0,10,available,,4.0,-140000.0,False
510.0,11,available,,4.0,-140000.0,False
510.0,12,en_route,1,0.20539134698390205,-99200.00164827019,False
510.0,13,en_route,0,10.543453480962565,-99200.00111623685,False
510.0,14,en_route,2,-0.4408061481887712,-99200.00093269235,False
510.0,15,available,,6.80063395212372,-116000.00002996832,False
510.0,16,available,,2.0,-140000.0,False
510.0,17,available,,7.0,-140000.0,False
510.0,18,available,,7.0,-140000.0,False
510.0,19,available,,7.0,-140000.0,False
510.0,20,available,,7.0,-140000.0,False
510.0,21,available,,7.0,-140000.0,False
510.0,22,available,,7.0,-140000.0,False
510.0,23,available,,7.0,-140000.0,False
510.0,24,available,,7.0,-140000.0,False
510.0,25,available,,7.0,-140000.0,False
510.0,26,available,,7.0,-140000.0,False
510.0,27,available,,7.0,-140000.0,False
510.0,28,available,,7.0,-140000.0,False
510.0,29,available,,7.0,-140000.0,False
510.0,30,available,,7.0,-140000.0,False
510.0,31,available,,7.0,-140000.0,False
510.0,32,available,,7.0,-140000.0,False
510.0,33,available,,7.0,-140000.0,False
510.0,34,available,,7.0,-140000.0,False
510.0,35,available,,7.0,-140000.0,False
510.0,36,available,,7.0,-140000.0,False
510.0,37,available,,7.0,-140000.0,False
510.0,38,available,,7.0,-140000.0,False
510.0,39,available,,7.0,-140000.0,False
510.0,40,available,,7.0,-140000.0,False
510.0,41,available,,7.0,-140000.0,False
540.0,1,en_route,1,5.6255318376524235,-96800.00191032387,False
540.0,2,en_route,0,2.898426167121323,-96800.00175235332,False
540.0,3,en_route,2,5.841141113822696,-96800.000053943,False
540.0,4,available,,10.0,-140000.0,False
540.0,5,available,,5.0,-140000.0,False
540.0,6,available,,4.0,-140000.0,False
540.0,7,available,,4.0,-140000.0,False
540.0,8,available,,4.0,-140000.0,False
540.0,9,available,,4.0,-140000.0,False
540.0,10,available,,4.0,-140000.0,False
540.0,11,available,,4.0,-140000.0,False
540.0,12,en_route,1,-0.5977813163155862,-96800.00178266318,False
540.0,13,en_route,0,11.09877540680917,-96800.00118048319,False
540.0,14,en_route,2,-0.4059739189766803,-96800.00093294511,False
540.0,15,available,,6.80063395212372,-116000.00002996832,False
540.0,16,available,,2.0,-140000.0,False
540.0,17,available,,7.0,-140000.0,False
540.0,18,available,,7.0,-140000.0,False
540.0,19,available,,7.0,-140000.0,False
540.0,20,available,,7.0,-140000.0,False
540.0,21,available,,7.0,-140000.0,False
540.0,22,available,,7.0,-140000.0,False
540.0,23,available,,7.0,-140000.0,False
540.0,24,available,,7.0,-140000.0,False
540.0,25,available,,7.0,-140000.0,False
540.0,26,available,,7.0,-140000.0,False
540.0,27,available,,7.0,-140000.0,False
540.0,28,available,,7.0,-140000.0,False
540.0,29,available,,7.0,-140000.0,False
540.0,30,available,,7.0,-140000.0,False
540.0,31,available,,7.0,-140000.0,False
540.0,32,available,,7.0,-140000.0,False
540.0,33,available,,7.0,-140000.0,False
540.0,34,available,,7.0,-140000.0,False
540.0,35,available,,7.0,-140000.0,False
540.0,36,available,,7.0,-140000.0,False
540.0,37,available,,7.0,-140000.0,False
540.0,38,available,,7.0,-140000.0,False
540.0,39,available,,7.0,-140000.0,False
540.0,40,available,,7.0,-140000.0,False
540.0,41,available,,7.0,-140000.0,False
570.0,1,en_route,1,4.668098311017598,-94400.00210129867,False
570.0,2,en_route,0,3.6570331062071895,-94400.00187224592,False
570.0,3,en_route,2,5.721204509035068,-94400.00005693984,False
570.0,4,available,,10.0,-140000.0,False
570.0,5,available,,5.0,-140000.0,False
570.0,6,available,,4.0,-140000.0,False
570.0,7,available,,4.0,-140000.0,False
570.0,8,available,,4.0,-140000.0,False
570.0,9,available,,4.0,-140000.0,False
570.0,10,available,,4.0,-140000.0,False
570.0,11,available,,4.0,-140000.0,False
570.0,12,en_route,1,-1.4009539796150743,-94400.00191705617,False
570.0,13,en_route,0,11.654097332655773,-94400.00124472953,False
570.0,14,en_route,2,-0.37114168976458944,-94400.00093319788,False
570.0,15,available,,6.80063395212372,-116000.00002996832,False
570.0,16,available,,2.0,-140000.0,False
570.0,17,available,,7.0,-140000.0,False
570.0,18,available,,7.0,-140000.0,False
570.0,19,available,,7.0,-140000.0,False
570.0,20,available,,7.0,-140000.0,False
570.0,21,available,,7.0,-140000.0,False
570.0,22,available,,7.0,-140000.0,False
570.0,23,available,,7.0,-140000.0,False
570.0,24,available,,7.0,-140000.0,False
570.0,25,available,,7.0,-140000.0,False
570.0,26,available,,7.0,-140000.0,False
570.0,27,available,,7.0,-140000.0,False
570.0,28,available,,7.0,-140000.0,False
570.0,29,available,,7.0,-140000.0,False
570.0,30,available,,7.0,-140000.0,False
570.0,31,available,,7.0,-140000.0,False
570.0,32,available,,7.0,-140000.0,False
570.0,33,available,,7.0,-140000.0,False
570.0,34,available,,7.0,-140000.0,False
570.0,35,available,,7.0,-140000.0,False
570.0,36,available,,7.0,-140000.0,False
570.0,37,available,,7.0,-140000.0,False
570.0,38,available,,7.0,-140000.0,False
570.0,39,available,,7.0,-140000.0,False
570.0,40,available,,7.0,-140000.0,False
570.0,41,available,,7.0,-140000.0,False
600.0,1,assigned,0,3.7106647843827725,-92000.00229227346,False
600.0,2,available,,4.415640045293055,-92000.00199213852,False
600.0,3,available,,5.60126790424744,-92000.00005993668,False
600.0,4,available,,10.0,-140000.0,False
600.0,5,available,,5.0,-140000.0,False
600.0,6,available,,4.0,-140000.0,False
600.0,7,available,,4.0,-140000.0,False
600.0,8,available,,4.0,-140000.0,False
600.0,9,available,,4.0,-140000.0,False
600.0,10,available,,4.0,-140000.0,False
600.0,11,available,,4.0,-140000.0,False
600.0,12,assigned,0,-2.2041266429145625,-92000.00205144916,False
600.0,13,assigned,0,12.209419258502376,-92000.00130897587,False
600.0,14,available,,-0.3363094605524986,-92000.00093345065,False
600.0,15,available,,6.80063395212372,-116000.00002996832,False
600.0,16,available,,2.0,-140000.0,False
600.0,17,available,,7.0,-140000.0,False
600.0,18,available,,7.0,-140000.0,False
600.0,19,available,,7.0,-140000.0,False
600.0,20,available,,7.0,-140000.0,False
600.0,21,available,,7.0,-140000.0,False
600.0,22,available,,7.0,-140000.0,False
600.0,23,available,,7.0,-140000.0,False
600.0,24,available,,7.0,-140000.0,False
600.0,25,available,,7.0,-140000.0,False
600.0,26,available,,7.0,-140000.0,False
600.0,27,available,,7.0,-140000.0,False
600.0,28,available,,7.0,-140000.0,False
600.0,29,available,,7.0,-140000.0,False
600.0,30,available,,7.0,-140000.0,False
600.0,31,available,,7.0,-140000.0,False
600.0,32,available,,7.0,-140000.0,False
600.0,33,available,,7.0,-140000.0,False
600.0,34,available,,7.0,-140000.0,False
600.0,35,available,,7.0,-140000.0,False
600.0,36,available,,7.0,-140000.0,False
600.0,37,available,,7.0,-140000.0,False
600.0,38,available,,7.0,-140000.0,False
600.0,39,available,,7.0,-140000.0,False
600.0,40,available,,7.0,-140000.0,False
600.0,41,available,,7.0,-140000.0,False
630.0,1,en_route,0,1917.346070022819,-90551.55500782783,False
630.0,2,available,,4.415640045293055,-92000.00199213852,False
630.0,3,available,,5.60126790424744,-92000.00005993668,False
630.0,4,available,,10.0,-140000.0,False
630.0,5,available,,5.0,-140000.0,False
630.0,6,available,,4.0,-140000.0,False
630.0,7,available,,4.0,-140000.0,False
630.0,8,available,,4.0,-140000.0,False
630.0,9,available,,4.0,-140000.0,False
630.0,10,available,,4.0,-140000.0,False
630.0,11,available,,4.0,-140000.0,False
630.0,12,en_route,0,1911.654115879178,-90551.84921851673,False
630.0,13,en_route,0,1925.5244656596174,-90551.13087542597,False
630.0,14,available,,-0.3363094605524986,-92000.00093345065,False
630.0,15,available,,6.80063395212372,-116000.00002996832,False
630.0,16,available,,2.0,-140000.0,False
630.0,17,available,,7.0,-140000.0,False
630.0,18,available,,7.0,-140000.0,False
630.0,19,available,,7.0,-140000.0,False
630.0,20,available,,7.0,-140000.0,False
630.0,21,available,,7.0,-140000.0,False
630.0,22,available,,7.0,-140000.0,False
630.0,23,available,,7.0,-140000.0,False
630.0,24,available,,7.0,-140000.0,False
630.0,25,available,,7.0,-140000.0,False
630.0,26,available,,7.0,-140000.0,False
630.0,27,available,,7.0,-140000.0,False
630.0,28,available,,7.0,-140000.0,False
630.0,29,available,,7.0,-140000.0,False
630.0,30,available,,7.0,-140000.0,False
630.0,31,available,,7.0,-140000.0,False
630.0,32,available,,7.0,-140000.0,False
630.0,33,available,,7.0,-140000.0,False
630.0,34,available,,7.0,-140000.0,False
630.0,35,available,,7.0,-140000.0,False
630.0,36,available,,7.0,-140000.0,False
630.0,37,available,,7.0,-140000.0,False
630.0,38,available,,7.0,-140000.0,False
630.0,39,available,,7.0,-140000.0,False
630.0,40,available,,7.0,-140000.0,False
630.0,41,available,,7.0,-140000.0,False
660.0,1,en_route,0,3830.981475261255,-89103.1077233822,False
660.0,2,available,,4.415640045293055,-92000.00199213852,False
660.0,3,available,,5.60126790424744,-92000.00005993668,False
660.0,4,available,,10.0,-140000.0,False
660.0,5,available,,5.0,-140000.0,False
660.0,6,available,,4.0,-140000.0,False
660.0,7,available,,4.0,-140000.0,False
660.0,8,available,,4.0,-140000.0,False
660.0,9,available,,4.0,-140000.0,False
660.0,10,available,,4.0,-140000.0,False
660.0,11,available,,4.0,-140000.0,False
660.0,12,en_route,0,3825.512358401271,-89103.69638558429,False
660.0,13,en_route,0,3838.839512060732,-89102.26044187606,False
660.0,14,available,,-0.3363094605524986,-92000.00093345065,False
660.0,15,available,,6.80063395212372,-116000.00002996832,False
660.0,16,available,,2.0,-140000.0,False
660.0,17,available,,7.0,-140000.0,False
660.0,18,available,,7.0,-140000.0,False
660.0,19,available,,7.0,-140000.0,False
660.0,20,available,,7.0,-140000.0,False
660.0,21,available,,7.0,-140000.0,False
660.0,22,available,,7.0,-140000.0,False
660.0,23,available,,7.0,-140000.0,False
660.0,24,available,,7.0,-140000.0,False
660.0,25,available,,7.0,-140000.0,False
660.0,26,available,,7.0,-140000.0,False
660.0,27,available,,7.0,-140000.0,False
660.0,28,available,,7.0,-140000.0,False
660.0,29,available,,7.0,-140000.0,False
660.0,30,available,,7.0,-140000.0,False
660.0,31,available,,7.0,-140000.0,False
660.0,32,available,,7.0,-140000.0,False
660.0,33,available,,7.0,-140000.0,False
660.0,34,available,,7.0,-140000.0,False
660.0,35,available,,7.0,-140000.0,False
660.0,36,available,,7.0,-140000.0,False
660.0,37,available,,7.0,-140000.0,False
660.0,38,available,,7.0,-140000.0,False
660.0,39,available,,7.0,-140000.0,False
660.0,40,available,,7.0,-140000.0,False
660.0,41,available,,7.0,-140000.0,False
690.0,1,en_route,0,5744.616880499691,-87654.66043893657,False
690.0,2,available,,4.415640045293055,-92000.00199213852,False
690.0,3,available,,5.60126790424744,-92000.00005993668,False
690.0,4,available,,10.0,-140000.0,False
690.0,5,available,,5.0,-140000.0,False
690.0,6,available,,4.0,-140000.0,False
690.0,7,available,,4.0,-140000.0,False
690.0,8,available,,4.0,-140000.0,False
690.0,9,available,,4.0,-140000.0,False
690.0,10,available,,4.0,-140000.0,False
690.0,11,available,,4.0,-140000.0,False
690.0,12,en_route,0,5739.370600923363,-87655.54355265186,False
690.0,13,en_route,0,5752.154558461847,-87653.39000832615,False
690.0,14,available,,-0.3363094605524986,-92000.00093345065,False
690.0,15,available,,6.80063395212372,-116000.00002996832,False
690.0,16,available,,2.0,-140000.0,False
690.0,17,available,,7.0,-140000.0,False
690.0,18,available,,7.0,-140000.0,False
690.0,19,available,,7.0,-140000.0,False
690.0,20,available,,7.0,-140000.0,False
690.0,21,available,,7.0,-140000.0,False
690.0,22,available,,7.0,-140000.0,False
690.0,23,available,,7.0,-140000.0,False
690.0,24,available,,7.0,-140000.0,False
690.0,25,available,,7.0,-140000.0,False
690.0,26,available,,7.0,-140000.0,False
690.0,27,available,,7.0,-140000.0,False
690.0,28,available,,7.0,-140000.0,False
690.0,29,available,,7.0,-140000.0,False
690.0,30,available,,7.0,-140000.0,False
690.0,31,available,,7.0,-140000.0,False
690.0,32,available,,7.0,-140000.0,False
690.0,33,available,,7.0,-140000.0,False
690.0,34,available,,7.0,-140000.0,False
690.0,35,available,,7.0,-140000.0,False
690.0,36,available,,7.0,-140000.0,False
690.0,37,available,,7.0,-140000.0,False
690.0,38,available,,7.0,-140000.0,False
690.0,39,available,,7.0,-140000.0,False
690.0,40,available,,7.0,-140000.0,False
690.0,41,available,,7.0,-140000.0,False
720.0,1,en_route,0,7658.252285738128,-86206.21315449094,False
720.0,2,available,,4.415640045293055,-92000.00199213852,False
720.0,3,available,,5.60126790424744,-92000.00005993668,False
720.0,4,available,,10.0,-140000.0,False
720.0,5,available,,5.0,-140000.0,False
720.0,6,available,,4.0,-140000.0,False
720.0,7,available,,4.0,-140000.0,False
720.0,8,available,,4.0,-140000.0,False
720.0,9,available,,4.0,-140000.0,False
720.0,10,available,,4.0,-140000.0,False
720.0,11,available,,4.0,-140000.0,False
720.0,12,en_route,0,7653.228843445455,-86207.39071971942,False
720.0,13,en_route,0,7665.469604862961,-86204.51957477625,False
720.0,14,available,,-0.3363094605524986,-92000.00093345065,False
720.0,15,available,,6.80063395212372,-116000.00002996832,False
720.0,16,available,,2.0,-140000.0,False
720.0,17,available,,7.0,-140000.0,False
720.0,18,available,,7.0,-140000.0,False
720.0,19,available,,7.0,-140000.0,False
720.0,20,available,,7.0,-140000.0,False
720.0,21,available,,7.0,-140000.0,False
720.0,22,available,,7.0,-140000.0,False
720.0,23,available,,7.0,-140000.0,False
720.0,24,available,,7.0,-140000.0,False
720.0,25,available,,7.0,-140000.0,False
720.0,26,available,,7.0,-140000.0,False
720.0,27,available,,7.0,-140000.0,False
720.0,28,available,,7.0,-140000.0,False
720.0,29,available,,7.0,-140000.0,False
720.0,30,available,,7.0,-140000.0,False
720.0,31,available,,7.0,-140000.0,False
720.0,32,available,,7.0,-140000.0,False
720.0,33,available,,7.0,-140000.0,False
720.0,34,available,,7.0,-140000.0,False
720.0,35,available,,7.0,-140000.0,False
720.0,36,available,,7.0,-140000.0,False
720.0,37,available,,7.0,-140000.0,False
720.0,38,available,,7.0,-140000.0,False
720.0,39,available,,7.0,-140000.0,False
720.0,40,available,,7.0,-140000.0,False
720.0,41,available,,7.0,-140000.0,False
750.0,1,en_route,0,9571.887690976564,-84757.7658700453,False
750.0,2,available,,4.415640045293055,-92000.00199213852,False
750.0,3,available,,5.60126790424744,-92000.00005993668,False
750.0,4,available,,10.0,-140000.0,False
750.0,5,available,,5.0,-140000.0,False
750.0,6,available,,4.0,-140000.0,False
750.0,7,available,,4.0,-140000.0,False
750.0,8,available,,4.0,-140000.0,False
750.0,9,available,,4.0,-140000.0,False
750.0,10,available,,4.0,-140000.0,False
750.0,11,available,,4.0,-140000.0,False
750.0,12,en_route,0,9567.087085967547,-84759.23788678698,False
750.0,13,en_route,0,9578.784651264075,-84755.64914122634,False
750.0,14,available,,-0.3363094605524986,-92000.00093345065,False
750.0,15,available,,6.80063395212372,-116000.00002996832,False
750.0,16,available,,2.0,-140000.0,False
750.0,17,available,,7.0,-140000.0,False
750.0,18,available,,7.0,-140000.0,False
750.0,19,available,,7.0,-140000.0,False
750.0,20,available,,7.0,-140000.0,False
750.0,21,available,,7.0,-140000.0,False
750.0,22,available,,7.0,-140000.0,False
750.0,23,available,,7.0,-140000.0,False
750.0,24,available,,7.0,-140000.0,False
750.0,25,available,,7.0,-140000.0,False
750.0,26,available,,7.0,-140000.0,False
750.0,27,available,,7.0,-140000.0,False
750.0,28,available,,7.0,-140000.0,False
750.0,29,available,,7.0,-140000.0,False
750.0,30,available,,7.0,-140000.0,False
750.0,31,available,,7.0,-140000.0,False
750.0,32,available,,7.0,-140000.0,False
750.0,33,available,,7.0,-140000.0,False
750.0,34,available,,7.0,-140000.0,False
750.0,35,available,,7.0,-140000.0,False
750.0,36,available,,7.0,-140000.0,False
750.0,37,available,,7.0,-140000.0,False
750.0,38,available,,7.0,-140000.0,False
750.0,39,available,,7.0,-140000.0,False
750.0,40,available,,7.0,-140000.0,False
750.0,41,available,,7.0,-140000.0,False
780.0,1,en_route,0,11485.523096215,-83309.31858559967,False
780.0,2,available,,4.415640045293055,-92000.00199213852,False
780.0,3,available,,5.60126790424744,-92000.00005993668,False
780.0,4,available,,10.0,-140000.0,False
780.0,5,available,,5.0,-140000.0,False
780.0,6,available,,4.0,-140000.0,False
780.0,7,available,,4.0,-140000.0,False
780.0,8,available,,4.0,-140000.0,False
780.0,9,available,,4.0,-140000.0,False
780.0,10,available,,4.0,-140000.0,False
780.0,11,available,,4.0,-140000.0,False
780.0,12,en_route,0,11480.945328489639,-83311.08505385455,False
780.0,13,en_route,0,11492.09969766519,-83306.77870767644,False
780.0,14,available,,-0.3363094605524986,-92000.00093345065,False
780.0,15,available,,6.80063395212372,-116000.00002996832,False
780.0,16,available,,2.0,-140000.0,False
780.0,17,available,,7.0,-140000.0,False
780.0,18,available,,7.0,-140000.0,False
780.0,19,available,,7.0,-140000.0,False
780.0,20,available,,7.0,-140000.0,False
780.0,21,available,,7.0,-140000.0,False
780.0,22,available,,7.0,-140000.0,False
780.0,23,available,,7.0,-140000.0,False
780.0,24,available,,7.0,-140000.0,False
780.0,25,available,,7.0,-140000.0,False
780.0,26,available,,7.0,-140000.0,False
780.0,27,available,,7.0,-140000.0,False
780.0,28,available,,7.0,-140000.0,False
780.0,29,available,,7.0,-140000.0,False
780.0,30,available,,7.0,-140000.0,False
780.0,31,available,,7.0,-140000.0,False
780.0,32,available,,7.0,-140000.0,False
780.0,33,available,,7.0,-140000.0,False
780.0,34,available,,7.0,-140000.0,False
780.0,35,available,,7.0,-140000.0,False
780.0,36,available,,7.0,-140000.0,False
780.0,37,available,,7.0,-140000.0,False
780.0,38,available,,7.0,-140000.0,False
780.0,39,available,,7.0,-140000.0,False
780.0,40,available,,7.0,-140000.0,False
780.0,41,available,,7.0,-140000.0,False
810.0,1,en_route,0,13399.158501453436,-81860.87130115404,False
810.0,2,available,,4.415640045293055,-92000.00199213852,False
810.0,3,available,,5.60126790424744,-92000.00005993668,False
810.0,4,available,,10.0,-140000.0,False
810.0,5,available,,5.0,-140000.0,False
810.0,6,available,,4.0,-140000.0,False
810.0,7,available,,4.0,-140000.0,False
810.0,8,available,,4.0,-140000.0,False
810.0,9,available,,4.0,-140000.0,False
810.0,10,available,,4.0,-140000.0,False
810.0,11,available,,4.0,-140000.0,False
810.0,12,en_route,0,13394.80357101173,-81862.93222092211,False
810.0,13,en_route,0,13405.414744066304,-81857.90827412653,False
810.0,14,available,,-0.3363094605524986,-92000.00093345065,False
810.0,15,available,,6.80063395212372,-116000.00002996832,False
810.0,16,available,,2.0,-140000.0,False
810.0,17,available,,7.0,-140000.0,False
810.0,18,available,,7.0,-140000.0,False
810.0,19,available,,7.0,-140000.0,False
810.0,20,available,,7.0,-140000.0,False
810.0,21,available,,7.0,-140000.0,False
810.0,22,available,,7.0,-140000.0,False
810.0,23,available,,7.0,-140000.0,False
810.0,24,available,,7.0,-140000.0,False
810.0,25,available,,7.0,-140000.0,False
810.0,26,available,,7.0,-140000.0,False
810.0,27,available,,7.0,-140000.0,False
810.0,28,available,,7.0,-140000.0,False
810.0,29,available,,7.0,-140000.0,False
810.0,30,available,,7.0,-140000.0,False
810.0,31,available,,7.0,-140000.0,False
810.0,32,available,,7.0,-140000.0,False
810.0,33,available,,7.0,-140000.0,False
810.0,34,available,,7.0,-140000.0,False
810.0,35,available,,7.0,-140000.0,False
810.0,36,available,,7.0,-140000.0,False
810.0,37,available,,7.0,-140000.0,False
810.0,38,available,,7.0,-140000.0,False
810.0,39,available,,7.0,-140000.0,False
810.0,40,available,,7.0,-140000.0,False
810.0,41,available,,7.0,-140000.0,False
840.0,1,en_route,0,15312.793906691873,-80412.4240167084,False
840.0,2,available,,4.415640045293055,-92000.00199213852,False
840.0,3,available,,5.60126790424744,-92000.00005993668,False
840.0,4,available,,10.0,-140000.0,False
840.0,5,available,,5.0,-140000.0,False
840.0,6,available,,4.0,-140000.0,False
840.0,7,available,,4.0,-140000.0,False
840.0,8,available,,4.0,-140000.0,False
840.0,9,available,,4.0,-140000.0,False
840.0,10,available,,4.0,-140000.0,False
840.0,11,available,,4.0,-140000.0,False
840.0,12,en_route,0,15308.66181353382,-80414.77938798968,False
840.0,13,en_route,0,15318.729790467416,-80409.03784057662,False
840.0,14,available,,-0.3363094605524986,-92000.00093345065,False
840.0,15,available,,6.80063395212372,-116000.00002996832,False
840.0,16,available,,2.0,-140000.0,False
840.0,17,available,,7.0,-140000.0,False
840.0,18,available,,7.0,-140000.0,False
840.0,19,available,,7.0,-140000.0,False
840.0,20,available,,7.0,-140000.0,False
840.0,21,available,,7.0,-140000.0,False
840.0,22,available,,7.0,-140000.0,False
840.0,23,available,,7.0,-140000.0,False
840.0,24,available,,7.0,-140000.0,False
840.0,25,available,,7.0,-140000.0,False
840.0,26,available,,7.0,-140000.0,False
840.0,27,available,,7.0,-140000.0,False
840.0,28,available,,7.0,-140000.0,False
840.0,29,available,,7.0,-140000.0,False
840.0,30,available,,7.0,-140000.0,False
840.0,31,available,,7.0,-140000.0,False
840.0,32,available,,7.0,-140000.0,False
840.0,33,available,,7.0,-140000.0,False
840.0,34,available,,7.0,-140000.0,False
840.0,35,available,,7.0,-140000.0,False
840.0,36,available,,7.0,-140000.0,False
840.0,37,available,,7.0,-140000.0,False
840.0,38,available,,7.0,-140000.0,False
840.0,39,available,,7.0,-140000.0,False
840.0,40,available,,7.0,-140000.0,False
840.0,41,available,,7.0,-140000.0,False
870.0,1,en_route,0,17226.42931193031,-78963.97673226277,False
870.0,2,available,,4.415640045293055,-92000.00199213852,False
870.0,3,available,,5.60126790424744,-92000.00005993668,False
870.0,4,available,,10.0,-140000.0,False
870.0,5,available,,5.0,-140000.0,False
870.0,6,available,,4.0,-140000.0,False
870.0,7,available,,4.0,-140000.0,False
870.0,8,available,,4.0,-140000.0,False
870.0,9,available,,4.0,-140000.0,False
870.0,10,available,,4.0,-140000.0,False
870.0,11,available,,4.0,-140000.0,False
870.0,12,en_route,0,17222.520056055906,-78966.62655505723,False
870.0,13,en_route,0,17232.04483686853,-78960.16740702672,False
870.0,14,available,,-0.3363094605524986,-92000.00093345065,False
870.0,15,available,,6.80063395212372,-116000.00002996832,False
870.0,16,available,,2.0,-140000.0,False
870.0,17,available,,7.0,-140000.0,False
870.0,18,available,,7.0,-140000.0,False
870.0,19,available,,7.0,-140000.0,False
870.0,20,available,,7.0,-140000.0,False
870.0,21,available,,7.0,-140000.0,False
870.0,22,available,,7.0,-140000.0,False
870.0,23,available,,7.0,-140000.0,False
870.0,24,available,,7.0,-140000.0,False
870.0,25,available,,7.0,-140000.0,False
870.0,26,available,,7.0,-140000.0,False
870.0,27,available,,7.0,-140000.0,False
870.0,28,available,,7.0,-140000.0,False
870.0,29,available,,7.0,-140000.0,False
870.0,30,available,,7.0,-140000.0,False
870.0,31,available,,7.0,-140000.0,False
870.0,32,available,,7.0,-140000.0,False
870.0,33,available,,7.0,-140000.0,False
870.0,34,available,,7.0,-140000.0,False
870.0,35,available,,7.0,-140000.0,False
870.0,36,available,,7.0,-140000.0,False
870.0,37,available,,7.0,-140000.0,False
870.0,38,available,,7.0,-140000.0,False
870.0,39,available,,7.0,-140000.0,False
870.0,40,available,,7.0,-140000.0,False
870.0,41,available,,7.0,-140000.0,False
900.0,1,assigned,0,18500.0,-78000.0,False
900.0,2,available,,4.415640045293055,-92000.00199213852,False
900.0,3,available,,5.60126790424744,-92000.00005993668,False
900.0,4,available,,10.0,-140000.0,False
900.0,5,available,,5.0,-140000.0,False
900.0,6,available,,4.0,-140000.0,False
900.0,7,available,,4.0,-140000.0,False
900.0,8,available,,4.0,-140000.0,False
900.0,9,available,,4.0,-140000.0,False
900.0,10,available,,4.0,-140000.0,False
900.0,11,damaged,,4.0,-140000.0,True
900.0,12,assigned,0,18500.0,-78000.0,False
900.0,13,assigned,0,18500.0,-78000.0,False
900.0,14,available,,-0.3363094605524986,-92000.00093345065,False
900.0,15,available,,6.80063395212372,-116000.00002996832,False
900.0,16,available,,2.0,-140000.0,False
900.0,17,available,,7.0,-140000.0,False
900.0,18,available,,7.0,-140000.0,False
900.0,19,available,,7.0,-140000.0,False
900.0,20,available,,7.0,-140000.0,False
900.0,21,available,,7.0,-140000.0,False
900.0,22,available,,7.0,-140000.0,False
900.0,23,available,,7.0,-140000.0,False
900.0,24,available,,7.0,-140000.0,False
900.0,25,available,,7.0,-140000.0,False
900.0,26,available,,7.0,-140000.0,False
900.0,27,available,,7.0,-140000.0,False
900.0,28,available,,7.0,-140000.0,False
900.0,29,available,,7.0,-140000.0,False
900.0,30,available,,7.0,-140000.0,False
900.0,31,available,,7.0,-140000.0,False
900.0,32,available,,7.0,-140000.0,False
900.0,33,available,,7.0,-140000.0,False
900.0,34,available,,7.0,-140000.0,False
900.0,35,available,,7.0,-140000.0,False
900.0,36,available,,7.0,-140000.0,False
900.0,37,available,,7.0,-140000.0,False
900.0,38,available,,7.0,-140000.0,False
900.0,39,available,,7.0,-140000.0,False
900.0,40,available,,7.0,-140000.0,False
900.0,41,available,,7.0,-140000.0,False
930.0,1,assigned,0,18500.0,-78000.0,False
930.0,2,available,,4.415640045293055,-92000.00199213852,False
930.0,3,available,,5.60126790424744,-92000.00005993668,False
930.0,4,available,,10.0,-140000.0,False
930.0,5,available,,5.0,-140000.0,False
930.0,6,available,,4.0,-140000.0,False
930.0,7,available,,4.0,-140000.0,False
930.0,8,available,,4.0,-140000.0,False
930.0,9,available,,4.0,-140000.0,False
930.0,10,available,,4.0,-140000.0,False
930.0,11,damaged,,4.0,-140000.0,True
930.0,12,assigned,0,18500.0,-78000.0,False
930.0,13,assigned,0,18500.0,-78000.0,False
930.0,14,available,,-0.3363094605524986,-92000.00093345065,False
930.0,15,available,,6.80063395212372,-116000.00002996832,False
930.0,16,available,,2.0,-140000.0,False
930.0,17,available,,7.0,-140000.0,False
930.0,18,available,,7.0,-140000.0,False
930.0,19,available,,7.0,-140000.0,False
930.0,20,available,,7.0,-140000.0,False
930.0,21,available,,7.0,-140000.0,False
930.0,22,available,,7.0,-140000.0,False
930.0,23,available,,7.0,-140000.0,False
930.0,24,available,,7.0,-140000.0,False
930.0,25,available,,7.0,-140000.0,False
930.0,26,available,,7.0,-140000.0,False
930.0,27,available,,7.0,-140000.0,False
930.0,28,available,,7.0,-140000.0,False
930.0,29,available,,7.0,-140000.0,False
930.0,30,available,,7.0,-140000.0,False
930.0,31,available,,7.0,-140000.0,False
930.0,32,available,,7.0,-140000.0,False
930.0,33,available,,7.0,-140000.0,False
930.0,34,available,,7.0,-140000.0,False
930.0,35,available,,7.0,-140000.0,False
930.0,36,available,,7.0,-140000.0,False
930.0,37,available,,7.0,-140000.0,False
930.0,38,available,,7.0,-140000.0,False
930.0,39,available,,7.0,-140000.0,False
930.0,40,available,,7.0,-140000.0,False
930.0,41,available,,7.0,-140000.0,False
960.0,1,assigned,0,18500.0,-78000.0,False
960.0,2,available,,4.415640045293055,-92000.00199213852,False
960.0,3,available,,5.60126790424744,-92000.00005993668,False
960.0,4,available,,10.0,-140000.0,False
960.0,5,available,,5.0,-140000.0,False
960.0,6,available,,4.0,-140000.0,False
960.0,7,available,,4.0,-140000.0,False
960.0,8,available,,4.0,-140000.0,False
960.0,9,available,,4.0,-140000.0,False
960.0,10,available,,4.0,-140000.0,False
960.0,11,damaged,,4.0,-140000.0,True
960.0,12,assigned,0,18500.0,-78000.0,False
960.0,13,assigned,0,18500.0,-78000.0,False
960.0,14,available,,-0.3363094605524986,-92000.00093345065,False
960.0,15,available,,6.80063395212372,-116000.00002996832,False
960.0,16,available,,2.0,-140000.0,False
960.0,17,available,,7.0,-140000.0,False
960.0,18,available,,7.0,-140000.0,False
960.0,19,available,,7.0,-140000.0,False
960.0,20,available,,7.0,-140000.0,False
960.0,21,available,,7.0,-140000.0,False
960.0,22,available,,7.0,-140000.0,False
960.0,23,available,,7.0,-140000.0,False
960.0,24,available,,7.0,-140000.0,False
960.0,25,available,,7.0,-140000.0,False
960.0,26,available,,7.0,-140000.0,False
960.0,27,available,,7.0,-140000.0,False
960.0,28,available,,7.0,-140000.0,False
960.0,29,available,,7.0,-140000.0,False
960.0,30,available,,7.0,-140000.0,False
960.0,31,available,,7.0,-140000.0,False
960.0,32,available,,7.0,-140000.0,False
960.0,33,available,,7.0,-140000.0,False
960.0,34,available,,7.0,-140000.0,False
960.0,35,available,,7.0,-140000.0,False
960.0,36,available,,7.0,-140000.0,False
960.0,37,available,,7.0,-140000.0,False
960.0,38,available,,7.0,-140000.0,False
960.0,39,available,,7.0,-140000.0,False
960.0,40,available,,7.0,-140000.0,False
960.0,41,available,,7.0,-140000.0,False
990.0,1,assigned,0,18500.0,-78000.0,False
990.0,2,available,,4.415640045293055,-92000.00199213852,False
990.0,3,available,,5.60126790424744,-92000.00005993668,False
990.0,4,available,,10.0,-140000.0,False
990.0,5,available,,5.0,-140000.0,False
990.0,6,available,,4.0,-140000.0,False
990.0,7,available,,4.0,-140000.0,False
990.0,8,available,,4.0,-140000.0,False
990.0,9,available,,4.0,-140000.0,False
990.0,10,available,,4.0,-140000.0,False
990.0,11,damaged,,4.0,-140000.0,True
990.0,12,assigned,0,18500.0,-78000.0,False
990.0,13,assigned,0,18500.0,-78000.0,False
990.0,14,available,,-0.3363094605524986,-92000.00093345065,False
990.0,15,available,,6.80063395212372,-116000.00002996832,False
990.0,16,available,,2.0,-140000.0,False
990.0,17,available,,7.0,-140000.0,False
990.0,18,available,,7.0,-140000.0,False
990.0,19,available,,7.0,-140000.0,False
990.0,20,available,,7.0,-140000.0,False
990.0,21,available,,7.0,-140000.0,False
990.0,22,available,,7.0,-140000.0,False
990.0,23,available,,7.0,-140000.0,False
990.0,24,available,,7.0,-140000.0,False
990.0,25,available,,7.0,-140000.0,False
990.0,26,available,,7.0,-140000.0,False
990.0,27,available,,7.0,-140000.0,False
990.0,28,available,,7.0,-140000.0,False
990.0,29,available,,7.0,-140000.0,False
990.0,30,available,,7.0,-140000.0,False
990.0,31,available,,7.0,-140000.0,False
990.0,32,available,,7.0,-140000.0,False
990.0,33,available,,7.0,-140000.0,False
990.0,34,available,,7.0,-140000.0,False
990.0,35,available,,7.0,-140000.0,False
990.0,36,available,,7.0,-140000.0,False
990.0,37,available,,7.0,-140000.0,False
990.0,38,available,,7.0,-140000.0,False
990.0,39,available,,7.0,-140000.0,False
990.0,40,available,,7.0,-140000.0,False
990.0,41,available,,7.0,-140000.0,False
1020.0,1,assigned,0,18500.0,-78000.0,False
1020.0,2,available,,4.415640045293055,-92000.00199213852,False
1020.0,3,available,,5.60126790424744,-92000.00005993668,False
1020.0,4,available,,10.0,-140000.0,False
1020.0,5,available,,5.0,-140000.0,False
1020.0,6,available,,4.0,-140000.0,False
1020.0,7,available,,4.0,-140000.0,False
1020.0,8,available,,4.0,-140000.0,False
1020.0,9,available,,4.0,-140000.0,False
1020.0,10,available,,4.0,-140000.0,False
1020.0,11,damaged,,4.0,-140000.0,True
1020.0,12,assigned,0,18500.0,-78000.0,False
1020.0,13,assigned,0,18500.0,-78000.0,False
1020.0,14,available,,-0.3363094605524986,-92000.00093345065,False
1020.0,15,available,,6.80063395212372,-116000.00002996832,False
1020.0,16,available,,2.0,-140000.0,False
1020.0,17,available,,7.0,-140000.0,False
1020.0,18,available,,7.0,-140000.0,False
1020.0,19,available,,7.0,-140000.0,False
1020.0,20,available,,7.0,-140000.0,False
1020.0,21,available,,7.0,-140000.0,False
1020.0,22,available,,7.0,-140000.0,False
1020.0,23,available,,7.0,-140000.0,False
1020.0,24,available,,7.0,-140000.0,False
1020.0,25,available,,7.0,-140000.0,False
1020.0,26,available,,7.0,-140000.0,False
1020.0,27,available,,7.0,-140000.0,False
1020.0,28,available,,7.0,-140000.0,False
1020.0,29,available,,7.0,-140000.0,False
1020.0,30,available,,7.0,-140000.0,False
1020.0,31,available,,7.0,-140000.0,False
1020.0,32,available,,7.0,-140000.0,False
1020.0,33,available,,7.0,-140000.0,False
1020.0,34,available,,7.0,-140000.0,False
1020.0,35,available,,7.0,-140000.0,False
1020.0,36,available,,7.0,-140000.0,False
1020.0,37,available,,7.0,-140000.0,False
1020.0,38,available,,7.0,-140000.0,False
1020.0,39,available,,7.0,-140000.0,False
1020.0,40,available,,7.0,-140000.0,False
1020.0,41,available,,7.0,-140000.0,False
1050.0,1,assigned,0,18500.0,-78000.0,False
1050.0,2,available,,4.415640045293055,-92000.00199213852,False
1050.0,3,available,,5.60126790424744,-92000.00005993668,False
1050.0,4,available,,10.0,-140000.0,False
1050.0,5,available,,5.0,-140000.0,False
1050.0,6,available,,4.0,-140000.0,False
1050.0,7,available,,4.0,-140000.0,False
1050.0,8,available,,4.0,-140000.0,False
1050.0,9,available,,4.0,-140000.0,False
1050.0,10,available,,4.0,-140000.0,False
1050.0,11,damaged,,4.0,-140000.0,True
1050.0,12,assigned,0,18500.0,-78000.0,False
1050.0,13,assigned,0,18500.0,-78000.0,False
1050.0,14,available,,-0.3363094605524986,-92000.00093345065,False
1050.0,15,available,,6.80063395212372,-116000.00002996832,False
1050.0,16,available,,2.0,-140000.0,False
1050.0,17,available,,7.0,-140000.0,False
1050.0,18,available,,7.0,-140000.0,False
1050.0,19,available,,7.0,-140000.0,False
1050.0,20,available,,7.0,-140000.0,False
1050.0,21,available,,7.0,-140000.0,False
1050.0,22,available,,7.0,-140000.0,False
1050.0,23,available,,7.0,-140000.0,False
1050.0,24,available,,7.0,-140000.0,False
1050.0,25,available,,7.0,-140000.0,False
1050.0,26,available,,7.0,-140000.0,False
1050.0,27,available,,7.0,-140000.0,False
1050.0,28,available,,7.0,-140000.0,False
1050.0,29,available,,7.0,-140000.0,False
1050.0,30,available,,7.0,-140000.0,False
1050.0,31,available,,7.0,-140000.0,False
1050.0,32,available,,7.0,-140000.0,False
1050.0,33,available,,7.0,-140000.0,False
1050.0,34,available,,7.0,-140000.0,False
1050.0,35,available,,7.0,-140000.0,False
1050.0,36,available,,7.0,-140000.0,False
1050.0,37,available,,7.0,-140000.0,False
1050.0,38,available,,7.0,-140000.0,False
1050.0,39,available,,7.0,-140000.0,False
1050.0,40,available,,7.0,-140000.0,False
1050.0,41,available,,7.0,-140000.0,False
1080.0,1,assigned,0,18500.0,-78000.0,False
1080.0,2,available,,4.415640045293055,-92000.00199213852,False
1080.0,3,available,,5.60126790424744,-92000.00005993668,False
1080.0,4,available,,10.0,-140000.0,False
1080.0,5,available,,5.0,-140000.0,False
1080.0,6,available,,4.0,-140000.0,False
1080.0,7,available,,4.0,-140000.0,False
1080.0,8,available,,4.0,-140000.0,False
1080.0,9,available,,4.0,-140000.0,False
1080.0,10,available,,4.0,-140000.0,False
1080.0,11,damaged,,4.0,-140000.0,True
1080.0,12,assigned,0,18500.0,-78000.0,False
1080.0,13,assigned,0,18500.0,-78000.0,False
1080.0,14,available,,-0.3363094605524986,-92000.00093345065,False
1080.0,15,available,,6.80063395212372,-116000.00002996832,False
1080.0,16,available,,2.0,-140000.0,False
1080.0,17,available,,7.0,-140000.0,False
1080.0,18,available,,7.0,-140000.0,False
1080.0,19,available,,7.0,-140000.0,False
1080.0,20,available,,7.0,-140000.0,False
1080.0,21,available,,7.0,-140000.0,False
1080.0,22,available,,7.0,-140000.0,False
1080.0,23,available,,7.0,-140000.0,False
1080.0,24,available,,7.0,-140000.0,False
1080.0,25,available,,7.0,-140000.0,False
1080.0,26,available,,7.0,-140000.0,False
1080.0,27,available,,7.0,-140000.0,False
1080.0,28,available,,7.0,-140000.0,False
1080.0,29,available,,7.0,-140000.0,False
1080.0,30,available,,7.0,-140000.0,False
1080.0,31,available,,7.0,-140000.0,False
1080.0,32,available,,7.0,-140000.0,False
1080.0,33,available,,7.0,-140000.0,False
1080.0,34,available,,7.0,-140000.0,False
1080.0,35,available,,7.0,-140000.0,False
1080.0,36,available,,7.0,-140000.0,False
1080.0,37,available,,7.0,-140000.0,False
1080.0,38,available,,7.0,-140000.0,False
1080.0,39,available,,7.0,-140000.0,False
1080.0,40,available,,7.0,-140000.0,False
1080.0,41,available,,7.0,-140000.0,False
1110.0,1,assigned,0,18500.0,-78000.0,False
1110.0,2,available,,4.415640045293055,-92000.00199213852,False
1110.0,3,available,,5.60126790424744,-92000.00005993668,False
1110.0,4,available,,10.0,-140000.0,False
1110.0,5,available,,5.0,-140000.0,False
1110.0,6,available,,4.0,-140000.0,False
1110.0,7,available,,4.0,-140000.0,False
1110.0,8,available,,4.0,-140000.0,False
1110.0,9,available,,4.0,-140000.0,False
1110.0,10,available,,4.0,-140000.0,False
1110.0,11,damaged,,4.0,-140000.0,True
1110.0,12,assigned,0,18500.0,-78000.0,False
1110.0,13,assigned,0,18500.0,-78000.0,False
1110.0,14,available,,-0.3363094605524986,-92000.00093345065,False
1110.0,15,available,,6.80063395212372,-116000.00002996832,False
1110.0,16,available,,2.0,-140000.0,False
1110.0,17,available,,7.0,-140000.0,False
1110.0,18,available,,7.0,-140000.0,False
1110.0,19,available,,7.0,-140000.0,False
1110.0,20,available,,7.0,-140000.0,False
1110.0,21,available,,7.0,-140000.0,False
1110.0,22,available,,7.0,-140000.0,False
1110.0,23,available,,7.0,-140000.0,False
1110.0,24,available,,7.0,-140000.0,False
1110.0,25,available,,7.0,-140000.0,False
1110.0,26,available,,7.0,-140000.0,False
1110.0,27,available,,7.0,-140000.0,False
1110.0,28,available,,7.0,-140000.0,False
1110.0,29,available,,7.0,-140000.0,False
1110.0,30,available,,7.0,-140000.0,False
1110.0,31,available,,7.0,-140000.0,False
1110.0,32,available,,7.0,-140000.0,False
1110.0,33,available,,7.0,-140000.0,False
1110.0,34,available,,7.0,-140000.0,False
1110.0,35,available,,7.0,-140000.0,False
1110.0,36,available,,7.0,-140000.0,False
1110.0,37,available,,7.0,-140000.0,False
1110.0,38,available,,7.0,-140000.0,False
1110.0,39,available,,7.0,-140000.0,False
1110.0,40,available,,7.0,-140000.0,False
1110.0,41,available,,7.0,-140000.0,False
1140.0,1,assigned,0,18500.0,-78000.0,False
1140.0,2,available,,4.415640045293055,-92000.00199213852,False
1140.0,3,available,,5.60126790424744,-92000.00005993668,False
1140.0,4,available,,10.0,-140000.0,False
1140.0,5,available,,5.0,-140000.0,False
1140.0,6,available,,4.0,-140000.0,False
1140.0,7,available,,4.0,-140000.0,False
1140.0,8,available,,4.0,-140000.0,False
1140.0,9,available,,4.0,-140000.0,False
1140.0,10,available,,4.0,-140000.0,False
1140.0,11,damaged,,4.0,-140000.0,True
1140.0,12,assigned,0,18500.0,-78000.0,False
1140.0,13,assigned,0,18500.0,-78000.0,False
1140.0,14,available,,-0.3363094605524986,-92000.00093345065,False
1140.0,15,available,,6.80063395212372,-116000.00002996832,False
1140.0,16,available,,2.0,-140000.0,False
1140.0,17,available,,7.0,-140000.0,False
1140.0,18,available,,7.0,-140000.0,False
1140.0,19,available,,7.0,-140000.0,False
1140.0,20,available,,7.0,-140000.0,False
1140.0,21,available,,7.0,-140000.0,False
1140.0,22,available,,7.0,-140000.0,False
1140.0,23,available,,7.0,-140000.0,False
1140.0,24,available,,7.0,-140000.0,False
1140.0,25,available,,7.0,-140000.0,False
1140.0,26,available,,7.0,-140000.0,False
1140.0,27,available,,7.0,-140000.0,False
1140.0,28,available,,7.0,-140000.0,False
1140.0,29,available,,7.0,-140000.0,False
1140.0,30,available,,7.0,-140000.0,False
1140.0,31,available,,7.0,-140000.0,False
1140.0,32,available,,7.0,-140000.0,False
1140.0,33,available,,7.0,-140000.0,False
1140.0,34,available,,7.0,-140000.0,False
1140.0,35,available,,7.0,-140000.0,False
1140.0,36,available,,7.0,-140000.0,False
1140.0,37,available,,7.0,-140000.0,False
1140.0,38,available,,7.0,-140000.0,False
1140.0,39,available,,7.0,-140000.0,False
1140.0,40,available,,7.0,-140000.0,False
1140.0,41,available,,7.0,-140000.0,False
1170.0,1,assigned,0,18500.0,-78000.0,False
1170.0,2,available,,4.415640045293055,-92000.00199213852,False
1170.0,3,available,,5.60126790424744,-92000.00005993668,False
1170.0,4,available,,10.0,-140000.0,False
1170.0,5,available,,5.0,-140000.0,False
1170.0,6,available,,4.0,-140000.0,False
1170.0,7,available,,4.0,-140000.0,False
1170.0,8,available,,4.0,-140000.0,False
1170.0,9,available,,4.0,-140000.0,False
1170.0,10,available,,4.0,-140000.0,False
1170.0,11,damaged,,4.0,-140000.0,True
1170.0,12,assigned,0,18500.0,-78000.0,False
1170.0,13,assigned,0,18500.0,-78000.0,False
1170.0,14,available,,-0.3363094605524986,-92000.00093345065,False
1170.0,15,available,,6.80063395212372,-116000.00002996832,False
1170.0,16,available,,2.0,-140000.0,False
1170.0,17,available,,7.0,-140000.0,False
1170.0,18,available,,7.0,-140000.0,False
1170.0,19,available,,7.0,-140000.0,False
1170.0,20,available,,7.0,-140000.0,False
1170.0,21,available,,7.0,-140000.0,False
1170.0,22,available,,7.0,-140000.0,False
1170.0,23,available,,7.0,-140000.0,False
1170.0,24,available,,7.0,-140000.0,False
1170.0,25,available,,7.0,-140000.0,False
1170.0,26,available,,7.0,-140000.0,False
1170.0,27,available,,7.0,-140000.0,False
1170.0,28,available,,7.0,-140000.0,False
1170.0,29,available,,7.0,-140000.0,False
1170.0,30,available,,7.0,-140000.0,False
1170.0,31,available,,7.0,-140000.0,False
1170.0,32,available,,7.0,-140000.0,False
1170.0,33,available,,7.0,-140000.0,False
1170.0,34,available,,7.0,-140000.0,False
1170.0,35,available,,7.0,-140000.0,False
1170.0,36,available,,7.0,-140000.0,False
1170.0,37,available,,7.0,-140000.0,False
1170.0,38,available,,7.0,-140000.0,False
1170.0,39,available,,7.0,-140000.0,False
1170.0,40,available,,7.0,-140000.0,False
1170.0,41,available,,7.0,-140000.0,False
1200.0,1,assigned,0,18500.0,-78000.0,False
1200.0,2,available,,4.415640045293055,-92000.00199213852,False
1200.0,3,available,,5.60126790424744,-92000.00005993668,False
1200.0,4,available,,10.0,-140000.0,False
1200.0,5,available,,5.0,-140000.0,False
1200.0,6,damaged,,4.0,-140000.0,True
1200.0,7,available,,4.0,-140000.0,False
1200.0,8,available,,4.0,-140000.0,False
1200.0,9,available,,4.0,-140000.0,False
1200.0,10,available,,4.0,-140000.0,False
1200.0,11,damaged,,4.0,-140000.0,True
1200.0,12,assigned,0,18500.0,-78000.0,False
1200.0,13,assigned,0,18500.0,-78000.0,False
1200.0,14,available,,-0.3363094605524986,-92000.00093345065,False
1200.0,15,available,,6.80063395212372,-116000.00002996832,False
1200.0,16,available,,2.0,-140000.0,False
1200.0,17,available,,7.0,-140000.0,False
1200.0,18,available,,7.0,-140000.0,False
1200.0,19,available,,7.0,-140000.0,False
1200.0,20,available,,7.0,-140000.0,False
1200.0,21,available,,7.0,-140000.0,False
1200.0,22,available,,7.0,-140000.0,False
1200.0,23,available,,7.0,-140000.0,False
1200.0,24,available,,7.0,-140000.0,False
1200.0,25,available,,7.0,-140000.0,False
1200.0,26,available,,7.0,-140000.0,False
1200.0,27,available,,7.0,-140000.0,False
1200.0,28,available,,7.0,-140000.0,False
1200.0,29,available,,7.0,-140000.0,False
1200.0,30,available,,7.0,-140000.0,False
1200.0,31,available,,7.0,-140000.0,False
1200.0,32,available,,7.0,-140000.0,False
1200.0,33,available,,7.0,-140000.0,False
1200.0,34,available,,7.0,-140000.0,False
1200.0,35,available,,7.0,-140000.0,False
1200.0,36,available,,7.0,-140000.0,False
1200.0,37,available,,7.0,-140000.0,False
1200.0,38,available,,7.0,-140000.0,False
1200.0,39,available,,7.0,-140000.0,False
1200.0,40,available,,7.0,-140000.0,False
1200.0,41,available,,7.0,-140000.0,False
1230.0,1,assigned,0,18500.0,-78000.0,False
1230.0,2,available,,4.415640045293055,-92000.00199213852,False
1230.0,3,available,,5.60126790424744,-92000.00005993668,False
1230.0,4,available,,10.0,-140000.0,False
1230.0,5,available,,5.0,-140000.0,False
1230.0,6,damaged,,4.0,-140000.0,True
1230.0,7,available,,4.0,-140000.0,False
1230.0,8,available,,4.0,-140000.0,False
1230.0,9,available,,4.0,-140000.0,False
1230.0,10,available,,4.0,-140000.0,False
1230.0,11,damaged,,4.0,-140000.0,True
1230.0,12,assigned,0,18500.0,-78000.0,False
1230.0,13,assigned,0,18500.0,-78000.0,False
1230.0,14,available,,-0.3363094605524986,-92000.00093345065,False
1230.0,15,available,,6.80063395212372,-116000.00002996832,False
1230.0,16,available,,2.0,-140000.0,False
1230.0,17,available,,7.0,-140000.0,False
1230.0,18,available,,7.0,-140000.0,False
1230.0,19,available,,7.0,-140000.0,False
1230.0,20,available,,7.0,-140000.0,False
1230.0,21,available,,7.0,-140000.0,False
1230.0,22,available,,7.0,-140000.0,False
1230.0,23,available,,7.0,-140000.0,False
1230.0,24,available,,7.0,-140000.0,False
1230.0,25,available,,7.0,-140000.0,False
1230.0,26,available,,7.0,-140000.0,False
1230.0,27,available,,7.0,-140000.0,False
1230.0,28,available,,7.0,-140000.0,False
1230.0,29,available,,7.0,-140000.0,False
1230.0,30,available,,7.0,-140000.0,False
1230.0,31,available,,7.0,-140000.0,False
1230.0,32,available,,7.0,-140000.0,False
1230.0,33,available,,7.0,-140000.0,False
1230.0,34,available,,7.0,-140000.0,False
1230.0,35,available,,7.0,-140000.0,False
1230.0,36,available,,7.0,-140000.0,False
1230.0,37,available,,7.0,-140000.0,False
1230.0,38,available,,7.0,-140000.0,False
1230.0,39,available,,7.0,-140000.0,False
1230.0,40,available,,7.0,-140000.0,False
1230.0,41,available,,7.0,-140000.0,False
1260.0,1,assigned,0,18500.0,-78000.0,False
1260.0,2,available,,4.415640045293055,-92000.00199213852,False
1260.0,3,available,,5.60126790424744,-92000.00005993668,False
1260.0,4,available,,10.0,-140000.0,False
1260.0,5,available,,5.0,-140000.0,False
1260.0,6,damaged,,4.0,-140000.0,True
1260.0,7,available,,4.0,-140000.0,False
1260.0,8,available,,4.0,-140000.0,False
1260.0,9,available,,4.0,-140000.0,False
1260.0,10,available,,4.0,-140000.0,False
1260.0,11,damaged,,4.0,-140000.0,True
1260.0,12,assigned,0,18500.0,-78000.0,False
1260.0,13,assigned,0,18500.0,-78000.0,False
1260.0,14,available,,-0.3363094605524986,-92000.00093345065,False
1260.0,15,available,,6.80063395212372,-116000.00002996832,False
1260.0,16,available,,2.0,-140000.0,False
1260.0,17,available,,7.0,-140000.0,False
1260.0,18,available,,7.0,-140000.0,False
1260.0,19,available,,7.0,-140000.0,False
1260.0,20,available,,7.0,-140000.0,False
1260.0,21,available,,7.0,-140000.0,False
1260.0,22,available,,7.0,-140000.0,False
1260.0,23,available,,7.0,-140000.0,False
1260.0,24,available,,7.0,-140000.0,False
1260.0,25,available,,7.0,-140000.0,False
1260.0,26,available,,7.0,-140000.0,False
1260.0,27,available,,7.0,-140000.0,False
1260.0,28,available,,7.0,-140000.0,False
1260.0,29,available,,7.0,-140000.0,False
1260.0,30,available,,7.0,-140000.0,False
1260.0,31,available,,7.0,-140000.0,False
1260.0,32,available,,7.0,-140000.0,False
1260.0,33,available,,7.0,-140000.0,False
1260.0,34,available,,7.0,-140000.0,False
1260.0,35,available,,7.0,-140000.0,False
1260.0,36,available,,7.0,-140000.0,False
1260.0,37,available,,7.0,-140000.0,False
1260.0,38,available,,7.0,-140000.0,False
1260.0,39,available,,7.0,-140000.0,False
1260.0,40,available,,7.0,-140000.0,False
1260.0,41,available,,7.0,-140000.0,False
1290.0,1,assigned,0,18500.0,-78000.0,False
1290.0,2,available,,4.415640045293055,-92000.00199213852,False
1290.0,3,available,,5.60126790424744,-92000.00005993668,False
1290.0,4,available,,10.0,-140000.0,False
1290.0,5,available,,5.0,-140000.0,False
1290.0,6,damaged,,4.0,-140000.0,True
1290.0,7,available,,4.0,-140000.0,False
1290.0,8,available,,4.0,-140000.0,False
1290.0,9,available,,4.0,-140000.0,False
1290.0,10,available,,4.0,-140000.0,False
1290.0,11,damaged,,4.0,-140000.0,True
1290.0,12,assigned,0,18500.0,-78000.0,False
1290.0,13,assigned,0,18500.0,-78000.0,False
1290.0,14,available,,-0.3363094605524986,-92000.00093345065,False
1290.0,15,available,,6.80063395212372,-116000.00002996832,False
1290.0,16,available,,2.0,-140000.0,False
1290.0,17,available,,7.0,-140000.0,False
1290.0,18,available,,7.0,-140000.0,False
1290.0,19,available,,7.0,-140000.0,False
1290.0,20,available,,7.0,-140000.0,False
1290.0,21,available,,7.0,-140000.0,False
1290.0,22,available,,7.0,-140000.0,False
1290.0,23,available,,7.0,-140000.0,False
1290.0,24,available,,7.0,-140000.0,False
1290.0,25,available,,7.0,-140000.0,False
1290.0,26,available,,7.0,-140000.0,False
1290.0,27,available,,7.0,-140000.0,False
1290.0,28,available,,7.0,-140000.0,False
1290.0,29,available,,7.0,-140000.0,False
1290.0,30,available,,7.0,-140000.0,False
1290.0,31,available,,7.0,-140000.0,False
1290.0,32,available,,7.0,-140000.0,False
1290.0,33,available,,7.0,-140000.0,False
1290.0,34,available,,7.0,-140000.0,False
1290.0,35,available,,7.0,-140000.0,False
1290.0,36,available,,7.0,-140000.0,False
1290.0,37,available,,7.0,-140000.0,False
1290.0,38,available,,7.0,-140000.0,False
1290.0,39,available,,7.0,-140000.0,False
1290.0,40,available,,7.0,-140000.0,False
1290.0,41,available,,7.0,-140000.0,False
1320.0,1,assigned,0,18500.0,-78000.0,False
1320.0,2,available,,4.415640045293055,-92000.00199213852,False
1320.0,3,available,,5.60126790424744,-92000.00005993668,False
1320.0,4,available,,10.0,-140000.0,False
1320.0,5,available,,5.0,-140000.0,False
1320.0,6,damaged,,4.0,-140000.0,True
1320.0,7,available,,4.0,-140000.0,False
1320.0,8,available,,4.0,-140000.0,False
1320.0,9,available,,4.0,-140000.0,False
1320.0,10,available,,4.0,-140000.0,False
1320.0,11,damaged,,4.0,-140000.0,True
1320.0,12,assigned,0,18500.0,-78000.0,False
1320.0,13,assigned,0,18500.0,-78000.0,False
1320.0,14,available,,-0.3363094605524986,-92000.00093345065,False
1320.0,15,available,,6.80063395212372,-116000.00002996832,False
1320.0,16,available,,2.0,-140000.0,False
1320.0,17,available,,7.0,-140000.0,False
1320.0,18,available,,7.0,-140000.0,False
1320.0,19,available,,7.0,-140000.0,False
1320.0,20,available,,7.0,-140000.0,False
1320.0,21,available,,7.0,-140000.0,False
1320.0,22,available,,7.0,-140000.0,False
1320.0,23,available,,7.0,-140000.0,False
1320.0,24,available,,7.0,-140000.0,False
1320.0,25,available,,7.0,-140000.0,False
1320.0,26,available,,7.0,-140000.0,False
1320.0,27,available,,7.0,-140000.0,False
1320.0,28,available,,7.0,-140000.0,False
1320.0,29,available,,7.0,-140000.0,False
1320.0,30,available,,7.0,-140000.0,False
1320.0,31,available,,7.0,-140000.0,False
1320.0,32,available,,7.0,-140000.0,False
1320.0,33,available,,7.0,-140000.0,False
1320.0,34,available,,7.0,-140000.0,False
1320.0,35,available,,7.0,-140000.0,False
1320.0,36,available,,7.0,-140000.0,False
1320.0,37,available,,7.0,-140000.0,False
1320.0,38,available,,7.0,-140000.0,False
1320.0,39,available,,7.0,-140000.0,False
1320.0,40,available,,7.0,-140000.0,False
1320.0,41,available,,7.0,-140000.0,False
1350.0,1,assigned,0,18500.0,-78000.0,False
1350.0,2,available,,4.415640045293055,-92000.00199213852,False
1350.0,3,available,,5.60126790424744,-92000.00005993668,False
1350.0,4,available,,10.0,-140000.0,False
1350.0,5,available,,5.0,-140000.0,False
1350.0,6,damaged,,4.0,-140000.0,True
1350.0,7,available,,4.0,-140000.0,False
1350.0,8,available,,4.0,-140000.0,False
1350.0,9,available,,4.0,-140000.0,False
1350.0,10,available,,4.0,-140000.0,False
1350.0,11,damaged,,4.0,-140000.0,True
1350.0,12,assigned,0,18500.0,-78000.0,False
1350.0,13,assigned,0,18500.0,-78000.0,False
1350.0,14,available,,-0.3363094605524986,-92000.00093345065,False
1350.0,15,available,,6.80063395212372,-116000.00002996832,False
1350.0,16,available,,2.0,-140000.0,False
1350.0,17,available,,7.0,-140000.0,False
1350.0,18,available,,7.0,-140000.0,False
1350.0,19,available,,7.0,-140000.0,False
1350.0,20,available,,7.0,-140000.0,False
1350.0,21,available,,7.0,-140000.0,False
1350.0,22,available,,7.0,-140000.0,False
1350.0,23,available,,7.0,-140000.0,False
1350.0,24,available,,7.0,-140000.0,False
1350.0,25,available,,7.0,-140000.0,False
1350.0,26,available,,7.0,-140000.0,False
1350.0,27,available,,7.0,-140000.0,False
1350.0,28,available,,7.0,-140000.0,False
1350.0,29,available,,7.0,-140000.0,False
1350.0,30,available,,7.0,-140000.0,False
1350.0,31,available,,7.0,-140000.0,False
1350.0,32,available,,7.0,-140000.0,False
1350.0,33,available,,7.0,-140000.0,False
1350.0,34,available,,7.0,-140000.0,False
1350.0,35,available,,7.0,-140000.0,False
1350.0,36,available,,7.0,-140000.0,False
1350.0,37,available,,7.0,-140000.0,False
1350.0,38,available,,7.0,-140000.0,False
1350.0,39,available,,7.0,-140000.0,False
1350.0,40,available,,7.0,-140000.0,False
1350.0,41,available,,7.0,-140000.0,False
1380.0,1,assigned,0,18500.0,-78000.0,False
1380.0,2,available,,4.415640045293055,-92000.00199213852,False
1380.0,3,available,,5.60126790424744,-92000.00005993668,False
1380.0,4,available,,10.0,-140000.0,False
1380.0,5,available,,5.0,-140000.0,False
1380.0,6,damaged,,4.0,-140000.0,True
1380.0,7,available,,4.0,-140000.0,False
1380.0,8,available,,4.0,-140000.0,False
1380.0,9,available,,4.0,-140000.0,False
1380.0,10,available,,4.0,-140000.0,False
1380.0,11,damaged,,4.0,-140000.0,True
1380.0,12,assigned,0,18500.0,-78000.0,False
1380.0,13,assigned,0,18500.0,-78000.0,False
1380.0,14,available,,-0.3363094605524986,-92000.00093345065,False
1380.0,15,available,,6.80063395212372,-116000.00002996832,False
1380.0,16,available,,2.0,-140000.0,False
1380.0,17,available,,7.0,-140000.0,False
1380.0,18,available,,7.0,-140000.0,False
1380.0,19,available,,7.0,-140000.0,False
1380.0,20,available,,7.0,-140000.0,False
1380.0,21,available,,7.0,-140000.0,False
1380.0,22,available,,7.0,-140000.0,False
1380.0,23,available,,7.0,-140000.0,False
1380.0,24,available,,7.0,-140000.0,False
1380.0,25,available,,7.0,-140000.0,False
1380.0,26,available,,7.0,-140000.0,False
1380.0,27,available,,7.0,-140000.0,False
1380.0,28,available,,7.0,-140000.0,False
1380.0,29,available,,7.0,-140000.0,False
1380.0,30,available,,7.0,-140000.0,False
1380.0,31,available,,7.0,-140000.0,False
1380.0,32,available,,7.0,-140000.0,False
1380.0,33,available,,7.0,-140000.0,False
1380.0,34,available,,7.0,-140000.0,False
1380.0,35,available,,7.0,-140000.0,False
1380.0,36,available,,7.0,-140000.0,False
1380.0,37,available,,7.0,-140000.0,False
1380.0,38,available,,7.0,-140000.0,False
1380.0,39,available,,7.0,-140000.0,False
1380.0,40,available,,7.0,-140000.0,False
1380.0,41,available,,7.0,-140000.0,False
1410.0,1,assigned,0,18500.0,-78000.0,False
1410.0,2,available,,4.415640045293055,-92000.00199213852,False
1410.0,3,available,,5.60126790424744,-92000.00005993668,False
1410.0,4,available,,10.0,-140000.0,False
1410.0,5,available,,5.0,-140000.0,False
1410.0,6,damaged,,4.0,-140000.0,True
1410.0,7,available,,4.0,-140000.0,False
1410.0,8,available,,4.0,-140000.0,False
1410.0,9,available,,4.0,-140000.0,False
1410.0,10,available,,4.0,-140000.0,False
1410.0,11,damaged,,4.0,-140000.0,True
1410.0,12,assigned,0,18500.0,-78000.0,False
1410.0,13,assigned,0,18500.0,-78000.0,False
1410.0,14,available,,-0.3363094605524986,-92000.00093345065,False
1410.0,15,available,,6.80063395212372,-116000.00002996832,False
1410.0,16,available,,2.0,-140000.0,False
1410.0,17,available,,7.0,-140000.0,False
1410.0,18,available,,7.0,-140000.0,False
1410.0,19,available,,7.0,-140000.0,False
1410.0,20,available,,7.0,-140000.0,False
1410.0,21,available,,7.0,-140000.0,False
1410.0,22,available,,7.0,-140000.0,False
1410.0,23,available,,7.0,-140000.0,False
1410.0,24,available,,7.0,-140000.0,False
1410.0,25,available,,7.0,-140000.0,False
1410.0,26,available,,7.0,-140000.0,False
1410.0,27,available,,7.0,-140000.0,False
1410.0,28,available,,7.0,-140000.0,False
1410.0,29,available,,7.0,-140000.0,False
1410.0,30,available,,7.0,-140000.0,False
1410.0,31,available,,7.0,-140000.0,False
1410.0,32,available,,7.0,-140000.0,False
1410.0,33,available,,7.0,-140000.0,False
1410.0,34,available,,7.0,-140000.0,False
1410.0,35,available,,7.0,-140000.0,False
1410.0,36,available,,7.0,-140000.0,False
1410.0,37,available,,7.0,-140000.0,False
1410.0,38,available,,7.0,-140000.0,False
1410.0,39,available,,7.0,-140000.0,False
1410.0,40,available,,7.0,-140000.0,False
1410.0,41,available,,7.0,-140000.0,False
1440.0,1,assigned,0,18500.0,-78000.0,False
1440.0,2,available,,4.415640045293055,-92000.00199213852,False
1440.0,3,available,,5.60126790424744,-92000.00005993668,False
1440.0,4,available,,10.0,-140000.0,False
1440.0,5,available,,5.0,-140000.0,False
1440.0,6,damaged,,4.0,-140000.0,True
1440.0,7,available,,4.0,-140000.0,False
1440.0,8,available,,4.0,-140000.0,False
1440.0,9,available,,4.0,-140000.0,False
1440.0,10,available,,4.0,-140000.0,False
1440.0,11,damaged,,4.0,-140000.0,True
1440.0,12,assigned,0,18500.0,-78000.0,False
1440.0,13,assigned,0,18500.0,-78000.0,False
1440.0,14,available,,-0.3363094605524986,-92000.00093345065,False
1440.0,15,available,,6.80063395212372,-116000.00002996832,False
1440.0,16,available,,2.0,-140000.0,False
1440.0,17,available,,7.0,-140000.0,False
1440.0,18,available,,7.0,-140000.0,False
1440.0,19,available,,7.0,-140000.0,False
1440.0,20,available,,7.0,-140000.0,False
1440.0,21,available,,7.0,-140000.0,False
1440.0,22,available,,7.0,-140000.0,False
1440.0,23,available,,7.0,-140000.0,False
1440.0,24,available,,7.0,-140000.0,False
1440.0,25,available,,7.0,-140000.0,False
1440.0,26,available,,7.0,-140000.0,False
1440.0,27,available,,7.0,-140000.0,False
1440.0,28,available,,7.0,-140000.0,False
1440.0,29,available,,7.0,-140000.0,False
1440.0,30,available,,7.0,-140000.0,False
1440.0,31,available,,7.0,-140000.0,False
1440.0,32,available,,7.0,-140000.0,False
1440.0,33,available,,7.0,-140000.0,False
1440.0,34,available,,7.0,-140000.0,False
1440.0,35,available,,7.0,-140000.0,False
1440.0,36,available,,7.0,-140000.0,False
1440.0,37,available,,7.0,-140000.0,False
1440.0,38,available,,7.0,-140000.0,False
1440.0,39,available,,7.0,-140000.0,False
1440.0,40,available,,7.0,-140000.0,False
1440.0,41,available,,7.0,-140000.0,False
1470.0,1,assigned,0,18500.0,-78000.0,False
1470.0,2,available,,4.415640045293055,-92000.00199213852,False
1470.0,3,available,,5.60126790424744,-92000.00005993668,False
1470.0,4,available,,10.0,-140000.0,False
1470.0,5,available,,5.0,-140000.0,False
1470.0,6,damaged,,4.0,-140000.0,True
1470.0,7,available,,4.0,-140000.0,False
1470.0,8,available,,4.0,-140000.0,False
1470.0,9,available,,4.0,-140000.0,False
1470.0,10,available,,4.0,-140000.0,False
1470.0,11,damaged,,4.0,-140000.0,True
1470.0,12,assigned,0,18500.0,-78000.0,False
1470.0,13,assigned,0,18500.0,-78000.0,False
1470.0,14,available,,-0.3363094605524986,-92000.00093345065,False
1470.0,15,available,,6.80063395212372,-116000.00002996832,False
1470.0,16,available,,2.0,-140000.0,False
1470.0,17,available,,7.0,-140000.0,False
1470.0,18,available,,7.0,-140000.0,False
1470.0,19,available,,7.0,-140000.0,False
1470.0,20,available,,7.0,-140000.0,False
1470.0,21,available,,7.0,-140000.0,False
1470.0,22,available,,7.0,-140000.0,False
1470.0,23,available,,7.0,-140000.0,False
1470.0,24,available,,7.0,-140000.0,False
1470.0,25,available,,7.0,-140000.0,False
1470.0,26,available,,7.0,-140000.0,False
1470.0,27,available,,7.0,-140000.0,False
1470.0,28,available,,7.0,-140000.0,False
1470.0,29,available,,7.0,-140000.0,False
1470.0,30,available,,7.0,-140000.0,False
1470.0,31,available,,7.0,-140000.0,False
1470.0,32,available,,7.0,-140000.0,False
1470.0,33,available,,7.0,-140000.0,False
1470.0,34,available,,7.0,-140000.0,False
1470.0,35,available,,7.0,-140000.0,False
1470.0,36,available,,7.0,-140000.0,False
1470.0,37,available,,7.0,-140000.0,False
1470.0,38,available,,7.0,-140000.0,False
1470.0,39,available,,7.0,-140000.0,False
1470.0,40,available,,7.0,-140000.0,False
1470.0,41,available,,7.0,-140000.0,False
1500.0,1,assigned,0,18500.0,-78000.0,False
1500.0,2,available,,4.415640045293055,-92000.00199213852,False
1500.0,3,available,,5.60126790424744,-92000.00005993668,False
1500.0,4,available,,10.0,-140000.0,False
1500.0,5,available,,5.0,-140000.0,False
1500.0,6,damaged,,4.0,-140000.0,True
1500.0,7,available,,4.0,-140000.0,False
1500.0,8,available,,4.0,-140000.0,False
1500.0,9,available,,4.0,-140000.0,False
1500.0,10,available,,4.0,-140000.0,False
1500.0,11,damaged,,4.0,-140000.0,True
1500.0,12,assigned,0,18500.0,-78000.0,False
1500.0,13,assigned,0,18500.0,-78000.0,False
1500.0,14,available,,-0.3363094605524986,-92000.00093345065,False
1500.0,15,available,,6.80063395212372,-116000.00002996832,False
1500.0,16,available,,2.0,-140000.0,False
1500.0,17,available,,7.0,-140000.0,False
1500.0,18,available,,7.0,-140000.0,False
1500.0,19,available,,7.0,-140000.0,False
1500.0,20,available,,7.0,-140000.0,False
1500.0,21,available,,7.0,-140000.0,False
1500.0,22,available,,7.0,-140000.0,False
1500.0,23,available,,7.0,-140000.0,False
1500.0,24,available,,7.0,-140000.0,False
1500.0,25,available,,7.0,-140000.0,False
1500.0,26,available,,7.0,-140000.0,False
1500.0,27,available,,7.0,-140000.0,False
1500.0,28,available,,7.0,-140000.0,False
1500.0,29,available,,7.0,-140000.0,False
1500.0,30,available,,7.0,-140000.0,False
1500.0,31,available,,7.0,-140000.0,False
1500.0,32,available,,7.0,-140000.0,False
1500.0,33,available,,7.0,-140000.0,False
1500.0,34,available,,7.0,-140000.0,False
1500.0,35,available,,7.0,-140000.0,False
1500.0,36,available,,7.0,-140000.0,False
1500.0,37,available,,7.0,-140000.0,False
1500.0,38,available,,7.0,-140000.0,False
1500.0,39,available,,7.0,-140000.0,False
1500.0,40,available,,7.0,-140000.0,False
1500.0,41,available,,7.0,-140000.0,False
1530.0,1,assigned,0,18500.0,-78000.0,False
1530.0,2,available,,4.415640045293055,-92000.00199213852,False
1530.0,3,available,,5.60126790424744,-92000.00005993668,False
1530.0,4,available,,10.0,-140000.0,False
1530.0,5,available,,5.0,-140000.0,False
1530.0,6,damaged,,4.0,-140000.0,True
1530.0,7,available,,4.0,-140000.0,False
1530.0,8,available,,4.0,-140000.0,False
1530.0,9,available,,4.0,-140000.0,False
1530.0,10,available,,4.0,-140000.0,False
1530.0,11,damaged,,4.0,-140000.0,True
1530.0,12,assigned,0,18500.0,-78000.0,False
1530.0,13,assigned,0,18500.0,-78000.0,False
1530.0,14,available,,-0.3363094605524986,-92000.00093345065,False
1530.0,15,available,,6.80063395212372,-116000.00002996832,False
1530.0,16,available,,2.0,-140000.0,False
1530.0,17,available,,7.0,-140000.0,False
1530.0,18,available,,7.0,-140000.0,False
1530.0,19,available,,7.0,-140000.0,False
1530.0,20,available,,7.0,-140000.0,False
1530.0,21,available,,7.0,-140000.0,False
1530.0,22,available,,7.0,-140000.0,False
1530.0,23,available,,7.0,-140000.0,False
1530.0,24,available,,7.0,-140000.0,False
1530.0,25,available,,7.0,-140000.0,False
1530.0,26,available,,7.0,-140000.0,False
1530.0,27,available,,7.0,-140000.0,False
1530.0,28,available,,7.0,-140000.0,False
1530.0,29,available,,7.0,-140000.0,False
1530.0,30,available,,7.0,-140000.0,False
1530.0,31,available,,7.0,-140000.0,False
1530.0,32,available,,7.0,-140000.0,False
1530.0,33,available,,7.0,-140000.0,False
1530.0,34,available,,7.0,-140000.0,False
1530.0,35,available,,7.0,-140000.0,False
1530.0,36,available,,7.0,-140000.0,False
1530.0,37,available,,7.0,-140000.0,False
1530.0,38,available,,7.0,-140000.0,False
1530.0,39,available,,7.0,-140000.0,False
1530.0,40,available,,7.0,-140000.0,False
1530.0,41,available,,7.0,-140000.0,False
1560.0,1,assigned,0,18500.0,-78000.0,False
1560.0,2,available,,4.415640045293055,-92000.00199213852,False
1560.0,3,available,,5.60126790424744,-92000.00005993668,False
1560.0,4,available,,10.0,-140000.0,False
1560.0,5,available,,5.0,-140000.0,False
1560.0,6,damaged,,4.0,-140000.0,True
1560.0,7,available,,4.0,-140000.0,False
1560.0,8,available,,4.0,-140000.0,False
1560.0,9,available,,4.0,-140000.0,False
1560.0,10,available,,4.0,-140000.0,False
1560.0,11,damaged,,4.0,-140000.0,True
1560.0,12,assigned,0,18500.0,-78000.0,False
1560.0,13,assigned,0,18500.0,-78000.0,False
1560.0,14,available,,-0.3363094605524986,-92000.00093345065,False
1560.0,15,available,,6.80063395212372,-116000.00002996832,False
1560.0,16,available,,2.0,-140000.0,False
1560.0,17,available,,7.0,-140000.0,False
1560.0,18,available,,7.0,-140000.0,False
1560.0,19,available,,7.0,-140000.0,False
1560.0,20,available,,7.0,-140000.0,False
1560.0,21,available,,7.0,-140000.0,False
1560.0,22,available,,7.0,-140000.0,False
1560.0,23,available,,7.0,-140000.0,False
1560.0,24,available,,7.0,-140000.0,False
1560.0,25,available,,7.0,-140000.0,False
1560.0,26,available,,7.0,-140000.0,False
1560.0,27,available,,7.0,-140000.0,False
1560.0,28,available,,7.0,-140000.0,False
1560.0,29,available,,7.0,-140000.0,False
1560.0,30,available,,7.0,-140000.0,False
1560.0,31,available,,7.0,-140000.0,False
1560.0,32,available,,7.0,-140000.0,False
1560.0,33,available,,7.0,-140000.0,False
1560.0,34,available,,7.0,-140000.0,False
1560.0,35,available,,7.0,-140000.0,False
1560.0,36,available,,7.0,-140000.0,False
1560.0,37,available,,7.0,-140000.0,False
1560.0,38,available,,7.0,-140000.0,False
1560.0,39,available,,7.0,-140000.0,False
1560.0,40,available,,7.0,-140000.0,False
1560.0,41,available,,7.0,-140000.0,False
1590.0,1,assigned,0,18500.0,-78000.0,False
1590.0,2,available,,4.415640045293055,-92000.00199213852,False
1590.0,3,available,,5.60126790424744,-92000.00005993668,False
1590.0,4,available,,10.0,-140000.0,False
1590.0,5,available,,5.0,-140000.0,False
1590.0,6,damaged,,4.0,-140000.0,True
1590.0,7,available,,4.0,-140000.0,False
1590.0,8,available,,4.0,-140000.0,False
1590.0,9,available,,4.0,-140000.0,False
1590.0,10,available,,4.0,-140000.0,False
1590.0,11,damaged,,4.0,-140000.0,True
1590.0,12,assigned,0,18500.0,-78000.0,False
1590.0,13,assigned,0,18500.0,-78000.0,False
1590.0,14,available,,-0.3363094605524986,-92000.00093345065,False
1590.0,15,available,,6.80063395212372,-116000.00002996832,False
1590.0,16,available,,2.0,-140000.0,False
1590.0,17,available,,7.0,-140000.0,False
1590.0,18,available,,7.0,-140000.0,False
1590.0,19,available,,7.0,-140000.0,False
1590.0,20,available,,7.0,-140000.0,False
1590.0,21,available,,7.0,-140000.0,False
1590.0,22,available,,7.0,-140000.0,False
1590.0,23,available,,7.0,-140000.0,False
1590.0,24,available,,7.0,-140000.0,False
1590.0,25,available,,7.0,-140000.0,False
1590.0,26,available,,7.0,-140000.0,False
1590.0,27,available,,7.0,-140000.0,False
1590.0,28,available,,7.0,-140000.0,False
1590.0,29,available,,7.0,-140000.0,False
1590.0,30,available,,7.0,-140000.0,False
1590.0,31,available,,7.0,-140000.0,False
1590.0,32,available,,7.0,-140000.0,False
1590.0,33,available,,7.0,-140000.0,False
1590.0,34,available,,7.0,-140000.0,False
1590.0,35,available,,7.0,-140000.0,False
1590.0,36,available,,7.0,-140000.0,False
1590.0,37,available,,7.0,-140000.0,False
1590.0,38,available,,7.0,-140000.0,False
1590.0,39,available,,7.0,-140000.0,False
1590.0,40,available,,7.0,-140000.0,False
1590.0,41,available,,7.0,-140000.0,False
1620.0,1,assigned,0,18500.0,-78000.0,False
1620.0,2,available,,4.415640045293055,-92000.00199213852,False
1620.0,3,available,,5.60126790424744,-92000.00005993668,False
1620.0,4,available,,10.0,-140000.0,False
1620.0,5,available,,5.0,-140000.0,False
1620.0,6,damaged,,4.0,-140000.0,True
1620.0,7,available,,4.0,-140000.0,False
1620.0,8,available,,4.0,-140000.0,False
1620.0,9,available,,4.0,-140000.0,False
1620.0,10,available,,4.0,-140000.0,False
1620.0,11,damaged,,4.0,-140000.0,True
1620.0,12,assigned,0,18500.0,-78000.0,False
1620.0,13,assigned,0,18500.0,-78000.0,False
1620.0,14,available,,-0.3363094605524986,-92000.00093345065,False
1620.0,15,available,,6.80063395212372,-116000.00002996832,False
1620.0,16,available,,2.0,-140000.0,False
1620.0,17,available,,7.0,-140000.0,False
1620.0,18,available,,7.0,-140000.0,False
1620.0,19,available,,7.0,-140000.0,False
1620.0,20,available,,7.0,-140000.0,False
1620.0,21,available,,7.0,-140000.0,False
1620.0,22,available,,7.0,-140000.0,False
1620.0,23,available,,7.0,-140000.0,False
1620.0,24,available,,7.0,-140000.0,False
1620.0,25,available,,7.0,-140000.0,False
1620.0,26,available,,7.0,-140000.0,False
1620.0,27,available,,7.0,-140000.0,False
1620.0,28,available,,7.0,-140000.0,False
1620.0,29,available,,7.0,-140000.0,False
1620.0,30,available,,7.0,-140000.0,False
1620.0,31,available,,7.0,-140000.0,False
1620.0,32,available,,7.0,-140000.0,False
1620.0,33,available,,7.0,-140000.0,False
1620.0,34,available,,7.0,-140000.0,False
1620.0,35,available,,7.0,-140000.0,False
1620.0,36,available,,7.0,-140000.0,False
1620.0,37,available,,7.0,-140000.0,False
1620.0,38,available,,7.0,-140000.0,False
1620.0,39,available,,7.0,-140000.0,False
1620.0,40,available,,7.0,-140000.0,False
1620.0,41,available,,7.0,-140000.0,False
1650.0,1,assigned,0,18500.0,-78000.0,False
1650.0,2,available,,4.415640045293055,-92000.00199213852,False
1650.0,3,available,,5.60126790424744,-92000.00005993668,False
1650.0,4,available,,10.0,-140000.0,False
1650.0,5,available,,5.0,-140000.0,False
1650.0,6,damaged,,4.0,-140000.0,True
1650.0,7,available,,4.0,-140000.0,False
1650.0,8,available,,4.0,-140000.0,False
1650.0,9,available,,4.0,-140000.0,False
1650.0,10,available,,4.0,-140000.0,False
1650.0,11,damaged,,4.0,-140000.0,True
1650.0,12,assigned,0,18500.0,-78000.0,False
1650.0,13,assigned,0,18500.0,-78000.0,False
1650.0,14,available,,-0.3363094605524986,-92000.00093345065,False
1650.0,15,available,,6.80063395212372,-116000.00002996832,False
1650.0,16,available,,2.0,-140000.0,False
1650.0,17,available,,7.0,-140000.0,False
1650.0,18,available,,7.0,-140000.0,False
1650.0,19,available,,7.0,-140000.0,False
1650.0,20,available,,7.0,-140000.0,False
1650.0,21,available,,7.0,-140000.0,False
1650.0,22,available,,7.0,-140000.0,False
1650.0,23,available,,7.0,-140000.0,False
1650.0,24,available,,7.0,-140000.0,False
1650.0,25,available,,7.0,-140000.0,False
1650.0,26,available,,7.0,-140000.0,False
1650.0,27,available,,7.0,-140000.0,False
1650.0,28,available,,7.0,-140000.0,False
1650.0,29,available,,7.0,-140000.0,False
1650.0,30,available,,7.0,-140000.0,False
1650.0,31,available,,7.0,-140000.0,False
1650.0,32,available,,7.0,-140000.0,False
1650.0,33,available,,7.0,-140000.0,False
1650.0,34,available,,7.0,-140000.0,False
1650.0,35,available,,7.0,-140000.0,False
1650.0,36,available,,7.0,-140000.0,False
1650.0,37,available,,7.0,-140000.0,False
1650.0,38,available,,7.0,-140000.0,False
1650.0,39,available,,7.0,-140000.0,False
1650.0,40,available,,7.0,-140000.0,False
1650.0,41,available,,7.0,-140000.0,False
1680.0,1,assigned,0,18500.0,-78000.0,False
1680.0,2,available,,4.415640045293055,-92000.00199213852,False
1680.0,3,available,,5.60126790424744,-92000.00005993668,False
1680.0,4,available,,10.0,-140000.0,False
1680.0,5,available,,5.0,-140000.0,False
1680.0,6,damaged,,4.0,-140000.0,True
1680.0,7,available,,4.0,-140000.0,False
1680.0,8,available,,4.0,-140000.0,False
1680.0,9,available,,4.0,-140000.0,False
1680.0,10,available,,4.0,-140000.0,False
1680.0,11,damaged,,4.0,-140000.0,True
1680.0,12,assigned,0,18500.0,-78000.0,False
1680.0,13,assigned,0,18500.0,-78000.0,False
1680.0,14,available,,-0.3363094605524986,-92000.00093345065,False
1680.0,15,available,,6.80063395212372,-116000.00002996832,False
1680.0,16,available,,2.0,-140000.0,False
1680.0,17,available,,7.0,-140000.0,False
1680.0,18,available,,7.0,-140000.0,False
1680.0,19,available,,7.0,-140000.0,False
1680.0,20,available,,7.0,-140000.0,False
1680.0,21,available,,7.0,-140000.0,False
1680.0,22,available,,7.0,-140000.0,False
1680.0,23,available,,7.0,-140000.0,False
1680.0,24,available,,7.0,-140000.0,False
1680.0,25,available,,7.0,-140000.0,False
1680.0,26,available,,7.0,-140000.0,False
1680.0,27,available,,7.0,-140000.0,False
1680.0,28,available,,7.0,-140000.0,False
1680.0,29,available,,7.0,-140000.0,False
1680.0,30,available,,7.0,-140000.0,False
1680.0,31,available,,7.0,-140000.0,False
1680.0,32,available,,7.0,-140000.0,False
1680.0,33,available,,7.0,-140000.0,False
1680.0,34,available,,7.0,-140000.0,False
1680.0,35,available,,7.0,-140000.0,False
1680.0,36,available,,7.0,-140000.0,False
1680.0,37,available,,7.0,-140000.0,False
1680.0,38,available,,7.0,-140000.0,False
1680.0,39,available,,7.0,-140000.0,False
1680.0,40,available,,7.0,-140000.0,False
1680.0,41,available,,7.0,-140000.0,False
1710.0,1,assigned,0,18500.0,-78000.0,False
1710.0,2,available,,4.415640045293055,-92000.00199213852,False
1710.0,3,available,,5.60126790424744,-92000.00005993668,False
1710.0,4,available,,10.0,-140000.0,False
1710.0,5,available,,5.0,-140000.0,False
1710.0,6,damaged,,4.0,-140000.0,True
1710.0,7,available,,4.0,-140000.0,False
1710.0,8,available,,4.0,-140000.0,False
1710.0,9,available,,4.0,-140000.0,False
1710.0,10,available,,4.0,-140000.0,False
1710.0,11,damaged,,4.0,-140000.0,True
1710.0,12,assigned,0,18500.0,-78000.0,False
1710.0,13,assigned,0,18500.0,-78000.0,False
1710.0,14,available,,-0.3363094605524986,-92000.00093345065,False
1710.0,15,available,,6.80063395212372,-116000.00002996832,False
1710.0,16,available,,2.0,-140000.0,False
1710.0,17,available,,7.0,-140000.0,False
1710.0,18,available,,7.0,-140000.0,False
1710.0,19,available,,7.0,-140000.0,False
1710.0,20,available,,7.0,-140000.0,False
1710.0,21,available,,7.0,-140000.0,False
1710.0,22,available,,7.0,-140000.0,False
1710.0,23,available,,7.0,-140000.0,False
1710.0,24,available,,7.0,-140000.0,False
1710.0,25,available,,7.0,-140000.0,False
1710.0,26,available,,7.0,-140000.0,False
1710.0,27,available,,7.0,-140000.0,False
1710.0,28,available,,7.0,-140000.0,False
1710.0,29,available,,7.0,-140000.0,False
1710.0,30,available,,7.0,-140000.0,False
1710.0,31,available,,7.0,-140000.0,False
1710.0,32,available,,7.0,-140000.0,False
1710.0,33,available,,7.0,-140000.0,False
1710.0,34,available,,7.0,-140000.0,False
1710.0,35,available,,7.0,-140000.0,False
1710.0,36,available,,7.0,-140000.0,False
1710.0,37,available,,7.0,-140000.0,False
1710.0,38,available,,7.0,-140000.0,False
1710.0,39,available,,7.0,-140000.0,False
1710.0,40,available,,7.0,-140000.0,False
1710.0,41,available,,7.0,-140000.0,False
1740.0,1,assigned,0,18500.0,-78000.0,False
1740.0,2,available,,4.415640045293055,-92000.00199213852,False
1740.0,3,available,,5.60126790424744,-92000.00005993668,False
1740.0,4,available,,10.0,-140000.0,False
1740.0,5,available,,5.0,-140000.0,False
1740.0,6,damaged,,4.0,-140000.0,True
1740.0,7,available,,4.0,-140000.0,False
1740.0,8,available,,4.0,-140000.0,False
1740.0,9,available,,4.0,-140000.0,False
1740.0,10,available,,4.0,-140000.0,False
1740.0,11,damaged,,4.0,-140000.0,True
1740.0,12,assigned,0,18500.0,-78000.0,False
1740.0,13,assigned,0,18500.0,-78000.0,False
1740.0,14,available,,-0.3363094605524986,-92000.00093345065,False
1740.0,15,available,,6.80063395212372,-116000.00002996832,False
1740.0,16,available,,2.0,-140000.0,False
1740.0,17,available,,7.0,-140000.0,False
1740.0,18,available,,7.0,-140000.0,False
1740.0,19,available,,7.0,-140000.0,False
1740.0,20,available,,7.0,-140000.0,False
1740.0,21,available,,7.0,-140000.0,False
1740.0,22,available,,7.0,-140000.0,False
1740.0,23,available,,7.0,-140000.0,False
1740.0,24,available,,7.0,-140000.0,False
1740.0,25,available,,7.0,-140000.0,False
1740.0,26,available,,7.0,-140000.0,False
1740.0,27,available,,7.0,-140000.0,False
1740.0,28,available,,7.0,-140000.0,False
1740.0,29,available,,7.0,-140000.0,False
1740.0,30,available,,7.0,-140000.0,False
1740.0,31,available,,7.0,-140000.0,False
1740.0,32,available,,7.0,-140000.0,False
1740.0,33,available,,7.0,-140000.0,False
1740.0,34,available,,7.0,-140000.0,False
1740.0,35,available,,7.0,-140000.0,False
1740.0,36,available,,7.0,-140000.0,False
1740.0,37,available,,7.0,-140000.0,False
1740.0,38,available,,7.0,-140000.0,False
1740.0,39,available,,7.0,-140000.0,False
1740.0,40,available,,7.0,-140000.0,False
1740.0,41,available,,7.0,-140000.0,False
1770.0,1,assigned,0,18500.0,-78000.0,False
1770.0,2,available,,4.415640045293055,-92000.00199213852,False
1770.0,3,available,,5.60126790424744,-92000.00005993668,False
1770.0,4,available,,10.0,-140000.0,False
1770.0,5,available,,5.0,-140000.0,False
1770.0,6,damaged,,4.0,-140000.0,True
1770.0,7,available,,4.0,-140000.0,False
1770.0,8,available,,4.0,-140000.0,False
1770.0,9,available,,4.0,-140000.0,False
1770.0,10,available,,4.0,-140000.0,False
1770.0,11,damaged,,4.0,-140000.0,True
1770.0,12,assigned,0,18500.0,-78000.0,False
1770.0,13,assigned,0,18500.0,-78000.0,False
1770.0,14,available,,-0.3363094605524986,-92000.00093345065,False
1770.0,15,available,,6.80063395212372,-116000.00002996832,False
1770.0,16,available,,2.0,-140000.0,False
1770.0,17,available,,7.0,-140000.0,False
1770.0,18,available,,7.0,-140000.0,False
1770.0,19,available,,7.0,-140000.0,False
1770.0,20,available,,7.0,-140000.0,False
1770.0,21,available,,7.0,-140000.0,False
1770.0,22,available,,7.0,-140000.0,False
1770.0,23,available,,7.0,-140000.0,False
1770.0,24,available,,7.0,-140000.0,False
1770.0,25,available,,7.0,-140000.0,False
1770.0,26,available,,7.0,-140000.0,False
1770.0,27,available,,7.0,-140000.0,False
1770.0,28,available,,7.0,-140000.0,False
1770.0,29,available,,7.0,-140000.0,False
1770.0,30,available,,7.0,-140000.0,False
1770.0,31,available,,7.0,-140000.0,False
1770.0,32,available,,7.0,-140000.0,False
1770.0,33,available,,7.0,-140000.0,False
1770.0,34,available,,7.0,-140000.0,False
1770.0,35,available,,7.0,-140000.0,False
1770.0,36,available,,7.0,-140000.0,False
1770.0,37,available,,7.0,-140000.0,False
1770.0,38,available,,7.0,-140000.0,False
1770.0,39,available,,7.0,-140000.0,False
1770.0,40,available,,7.0,-140000.0,False
1770.0,41,available,,7.0,-140000.0,False
1800.0,1,assigned,0,18500.0,-78000.0,False
1800.0,2,available,,4.415640045293055,-92000.00199213852,False
1800.0,3,available,,5.60126790424744,-92000.00005993668,False
1800.0,4,available,,10.0,-140000.0,False
1800.0,5,available,,5.0,-140000.0,False
1800.0,6,damaged,,4.0,-140000.0,True
1800.0,7,available,,4.0,-140000.0,False
1800.0,8,available,,4.0,-140000.0,False
1800.0,9,available,,4.0,-140000.0,False
1800.0,10,available,,4.0,-140000.0,False
1800.0,11,damaged,,4.0,-140000.0,True
1800.0,12,assigned,0,18500.0,-78000.0,False
1800.0,13,assigned,0,18500.0,-78000.0,False
1800.0,14,available,,-0.3363094605524986,-92000.00093345065,False
1800.0,15,available,,6.80063395212372,-116000.00002996832,False
1800.0,16,available,,2.0,-140000.0,False
1800.0,17,available,,7.0,-140000.0,False
1800.0,18,available,,7.0,-140000.0,False
1800.0,19,available,,7.0,-140000.0,False
1800.0,20,available,,7.0,-140000.0,False
1800.0,21,available,,7.0,-140000.0,False
1800.0,22,available,,7.0,-140000.0,False
1800.0,23,available,,7.0,-140000.0,False
1800.0,24,available,,7.0,-140000.0,False
1800.0,25,available,,7.0,-140000.0,False
1800.0,26,available,,7.0,-140000.0,False
1800.0,27,available,,7.0,-140000.0,False
1800.0,28,available,,7.0,-140000.0,False
1800.0,29,available,,7.0,-140000.0,False
1800.0,30,available,,7.0,-140000.0,False
1800.0,31,available,,7.0,-140000.0,False
1800.0,32,available,,7.0,-140000.0,False
1800.0,33,available,,7.0,-140000.0,False
1800.0,34,available,,7.0,-140000.0,False
1800.0,35,available,,7.0,-140000.0,False
1800.0,36,available,,7.0,-140000.0,False
1800.0,37,available,,7.0,-140000.0,False
1800.0,38,available,,7.0,-140000.0,False
1800.0,39,available,,7.0,-140000.0,False
1800.0,40,available,,7.0,-140000.0,False
1800.0,41,available,,7.0,-140000.0,False
1830.0,1,assigned,0,18500.0,-78000.0,False
1830.0,2,available,,4.415640045293055,-92000.00199213852,False
1830.0,3,available,,5.60126790424744,-92000.00005993668,False
1830.0,4,available,,10.0,-140000.0,False
1830.0,5,available,,5.0,-140000.0,False
1830.0,6,damaged,,4.0,-140000.0,True
1830.0,7,available,,4.0,-140000.0,False
1830.0,8,available,,4.0,-140000.0,False
1830.0,9,available,,4.0,-140000.0,False
1830.0,10,available,,4.0,-140000.0,False
1830.0,11,damaged,,4.0,-140000.0,True
1830.0,12,assigned,0,18500.0,-78000.0,False
1830.0,13,assigned,0,18500.0,-78000.0,False
1830.0,14,available,,-0.3363094605524986,-92000.00093345065,False
1830.0,15,available,,6.80063395212372,-116000.00002996832,False
1830.0,16,available,,2.0,-140000.0,False
1830.0,17,available,,7.0,-140000.0,False
1830.0,18,available,,7.0,-140000.0,False
1830.0,19,available,,7.0,-140000.0,False
1830.0,20,available,,7.0,-140000.0,False
1830.0,21,available,,7.0,-140000.0,False
1830.0,22,available,,7.0,-140000.0,False
1830.0,23,available,,7.0,-140000.0,False
1830.0,24,available,,7.0,-140000.0,False
1830.0,25,available,,7.0,-140000.0,False
1830.0,26,available,,7.0,-140000.0,False
1830.0,27,available,,7.0,-140000.0,False
1830.0,28,available,,7.0,-140000.0,False
1830.0,29,available,,7.0,-140000.0,False
1830.0,30,available,,7.0,-140000.0,False
1830.0,31,available,,7.0,-140000.0,False
1830.0,32,available,,7.0,-140000.0,False
1830.0,33,available,,7.0,-140000.0,False
1830.0,34,available,,7.0,-140000.0,False
1830.0,35,available,,7.0,-140000.0,False
1830.0,36,available,,7.0,-140000.0,False
1830.0,37,available,,7.0,-140000.0,False
1830.0,38,available,,7.0,-140000.0,False
1830.0,39,available,,7.0,-140000.0,False
1830.0,40,available,,7.0,-140000.0,False
1830.0,41,available,,7.0,-140000.0,False
1860.0,1,assigned,0,18500.0,-78000.0,False
1860.0,2,available,,4.415640045293055,-92000.00199213852,False
1860.0,3,available,,5.60126790424744,-92000.00005993668,False
1860.0,4,available,,10.0,-140000.0,False
1860.0,5,available,,5.0,-140000.0,False
1860.0,6,damaged,,4.0,-140000.0,True
1860.0,7,available,,4.0,-140000.0,False
1860.0,8,available,,4.0,-140000.0,False
1860.0,9,available,,4.0,-140000.0,False
1860.0,10,available,,4.0,-140000.0,False
1860.0,11,damaged,,4.0,-140000.0,True
1860.0,12,assigned,0,18500.0,-78000.0,False
1860.0,13,assigned,0,18500.0,-78000.0,False
1860.0,14,available,,-0.3363094605524986,-92000.00093345065,False
1860.0,15,available,,6.80063395212372,-116000.00002996832,False
1860.0,16,available,,2.0,-140000.0,False
1860.0,17,available,,7.0,-140000.0,False
1860.0,18,available,,7.0,-140000.0,False
1860.0,19,available,,7.0,-140000.0,False
1860.0,20,available,,7.0,-140000.0,False
1860.0,21,available,,7.0,-140000.0,False
1860.0,22,available,,7.0,-140000.0,False
1860.0,23,available,,7.0,-140000.0,False
1860.0,24,available,,7.0,-140000.0,False
1860.0,25,available,,7.0,-140000.0,False
1860.0,26,available,,7.0,-140000.0,False
1860.0,27,available,,7.0,-140000.0,False
1860.0,28,available,,7.0,-140000.0,False
1860.0,29,available,,7.0,-140000.0,False
1860.0,30,available,,7.0,-140000.0,False
1860.0,31,available,,7.0,-140000.0,False
1860.0,32,available,,7.0,-140000.0,False
1860.0,33,available,,7.0,-140000.0,False
1860.0,34,available,,7.0,-140000.0,False
1860.0,35,available,,7.0,-140000.0,False
1860.0,36,available,,7.0,-140000.0,False
1860.0,37,available,,7.0,-140000.0,False
1860.0,38,available,,7.0,-140000.0,False
1860.0,39,available,,7.0,-140000.0,False
1860.0,40,available,,7.0,-140000.0,False
1860.0,41,available,,7.0,-140000.0,False
1890.0,1,assigned,0,18500.0,-78000.0,False
1890.0,2,available,,4.415640045293055,-92000.00199213852,False
1890.0,3,available,,5.60126790424744,-92000.00005993668,False
1890.0,4,available,,10.0,-140000.0,False
1890.0,5,available,,5.0,-140000.0,False
1890.0,6,damaged,,4.0,-140000.0,True
1890.0,7,available,,4.0,-140000.0,False
1890.0,8,available,,4.0,-140000.0,False
1890.0,9,available,,4.0,-140000.0,False
1890.0,10,available,,4.0,-140000.0,False
1890.0,11,damaged,,4.0,-140000.0,True
1890.0,12,assigned,0,18500.0,-78000.0,False
1890.0,13,assigned,0,18500.0,-78000.0,False
1890.0,14,available,,-0.3363094605524986,-92000.00093345065,False
1890.0,15,available,,6.80063395212372,-116000.00002996832,False
1890.0,16,available,,2.0,-140000.0,False
1890.0,17,available,,7.0,-140000.0,False
1890.0,18,available,,7.0,-140000.0,False
1890.0,19,available,,7.0,-140000.0,False
1890.0,20,available,,7.0,-140000.0,False
1890.0,21,available,,7.0,-140000.0,False
1890.0,22,available,,7.0,-140000.0,False
1890.0,23,available,,7.0,-140000.0,False
1890.0,24,available,,7.0,-140000.0,False
1890.0,25,available,,7.0,-140000.0,False
1890.0,26,available,,7.0,-140000.0,False
1890.0,27,available,,7.0,-140000.0,False
1890.0,28,available,,7.0,-140000.0,False
1890.0,29,available,,7.0,-140000.0,False
1890.0,30,available,,7.0,-140000.0,False
1890.0,31,available,,7.0,-140000.0,False
1890.0,32,available,,7.0,-140000.0,False
1890.0,33,available,,7.0,-140000.0,False
1890.0,34,available,,7.0,-140000.0,False
1890.0,35,available,,7.0,-140000.0,False
1890.0,36,available,,7.0,-140000.0,False
1890.0,37,available,,7.0,-140000.0,False
1890.0,38,available,,7.0,-140000.0,False
1890.0,39,available,,7.0,-140000.0,False
1890.0,40,available,,7.0,-140000.0,False
1890.0,41,available,,7.0,-140000.0,False
1920.0,1,assigned,0,18500.0,-78000.0,False
1920.0,2,available,,4.415640045293055,-92000.00199213852,False
1920.0,3,available,,5.60126790424744,-92000.00005993668,False
1920.0,4,available,,10.0,-140000.0,False
1920.0,5,available,,5.0,-140000.0,False
1920.0,6,damaged,,4.0,-140000.0,True
1920.0,7,available,,4.0,-140000.0,False
1920.0,8,available,,4.0,-140000.0,False
1920.0,9,available,,4.0,-140000.0,False
1920.0,10,available,,4.0,-140000.0,False
1920.0,11,damaged,,4.0,-140000.0,True
1920.0,12,assigned,0,18500.0,-78000.0,False
1920.0,13,assigned,0,18500.0,-78000.0,False
1920.0,14,available,,-0.3363094605524986,-92000.00093345065,False
1920.0,15,available,,6.80063395212372,-116000.00002996832,False
1920.0,16,available,,2.0,-140000.0,False
1920.0,17,available,,7.0,-140000.0,False
1920.0,18,available,,7.0,-140000.0,False
1920.0,19,available,,7.0,-140000.0,False
1920.0,20,available,,7.0,-140000.0,False
1920.0,21,available,,7.0,-140000.0,False
1920.0,22,available,,7.0,-140000.0,False
1920.0,23,available,,7.0,-140000.0,False
1920.0,24,available,,7.0,-140000.0,False
1920.0,25,available,,7.0,-140000.0,False
1920.0,26,available,,7.0,-140000.0,False
1920.0,27,available,,7.0,-140000.0,False
1920.0,28,available,,7.0,-140000.0,False
1920.0,29,available,,7.0,-140000.0,False
1920.0,30,available,,7.0,-140000.0,False
1920.0,31,available,,7.0,-140000.0,False
1920.0,32,available,,7.0,-140000.0,False
1920.0,33,available,,7.0,-140000.0,False
1920.0,34,available,,7.0,-140000.0,False
1920.0,35,available,,7.0,-140000.0,False
1920.0,36,available,,7.0,-140000.0,False
1920.0,37,available,,7.0,-140000.0,False
1920.0,38,available,,7.0,-140000.0,False
1920.0,39,available,,7.0,-140000.0,False
1920.0,40,available,,7.0,-140000.0,False
1920.0,41,available,,7.0,-140000.0,False
1950.0,1,assigned,0,18500.0,-78000.0,False
1950.0,2,available,,4.415640045293055,-92000.00199213852,False
1950.0,3,available,,5.60126790424744,-92000.00005993668,False
1950.0,4,available,,10.0,-140000.0,False
1950.0,5,available,,5.0,-140000.0,False
1950.0,6,damaged,,4.0,-140000.0,True
1950.0,7,available,,4.0,-140000.0,False
1950.0,8,available,,4.0,-140000.0,False
1950.0,9,available,,4.0,-140000.0,False
1950.0,10,available,,4.0,-140000.0,False
1950.0,11,damaged,,4.0,-140000.0,True
1950.0,12,assigned,0,18500.0,-78000.0,False
1950.0,13,assigned,0,18500.0,-78000.0,False
1950.0,14,available,,-0.3363094605524986,-92000.00093345065,False
1950.0,15,available,,6.80063395212372,-116000.00002996832,False
1950.0,16,available,,2.0,-140000.0,False
1950.0,17,available,,7.0,-140000.0,False
1950.0,18,available,,7.0,-140000.0,False
1950.0,19,available,,7.0,-140000.0,False
1950.0,20,available,,7.0,-140000.0,False
1950.0,21,available,,7.0,-140000.0,False
1950.0,22,available,,7.0,-140000.0,False
1950.0,23,available,,7.0,-140000.0,False
1950.0,24,available,,7.0,-140000.0,False
1950.0,25,available,,7.0,-140000.0,False
1950.0,26,available,,7.0,-140000.0,False
1950.0,27,available,,7.0,-140000.0,False
1950.0,28,available,,7.0,-140000.0,False
1950.0,29,available,,7.0,-140000.0,False
1950.0,30,available,,7.0,-140000.0,False
1950.0,31,available,,7.0,-140000.0,False
1950.0,32,available,,7.0,-140000.0,False
1950.0,33,available,,7.0,-140000.0,False
1950.0,34,available,,7.0,-140000.0,False
1950.0,35,available,,7.0,-140000.0,False
1950.0,36,available,,7.0,-140000.0,False
1950.0,37,available,,7.0,-140000.0,False
1950.0,38,available,,7.0,-140000.0,False
1950.0,39,available,,7.0,-140000.0,False
1950.0,40,available,,7.0,-140000.0,False
1950.0,41,available,,7.0,-140000.0,False
1980.0,1,assigned,0,18500.0,-78000.0,False
1980.0,2,available,,4.415640045293055,-92000.00199213852,False
1980.0,3,available,,5.60126790424744,-92000.00005993668,False
1980.0,4,available,,10.0,-140000.0,False
1980.0,5,available,,5.0,-140000.0,False
1980.0,6,damaged,,4.0,-140000.0,True
1980.0,7,available,,4.0,-140000.0,False
1980.0,8,available,,4.0,-140000.0,False
1980.0,9,available,,4.0,-140000.0,False
1980.0,10,available,,4.0,-140000.0,False
1980.0,11,damaged,,4.0,-140000.0,True
1980.0,12,assigned,0,18500.0,-78000.0,False
1980.0,13,assigned,0,18500.0,-78000.0,False
1980.0,14,available,,-0.3363094605524986,-92000.00093345065,False
1980.0,15,available,,6.80063395212372,-116000.00002996832,False
1980.0,16,available,,2.0,-140000.0,False
1980.0,17,available,,7.0,-140000.0,False
1980.0,18,available,,7.0,-140000.0,False
1980.0,19,available,,7.0,-140000.0,False
1980.0,20,available,,7.0,-140000.0,False
1980.0,21,available,,7.0,-140000.0,False
1980.0,22,available,,7.0,-140000.0,False
1980.0,23,available,,7.0,-140000.0,False
1980.0,24,available,,7.0,-140000.0,False
1980.0,25,available,,7.0,-140000.0,False
1980.0,26,available,,7.0,-140000.0,False
1980.0,27,available,,7.0,-140000.0,False
1980.0,28,available,,7.0,-140000.0,False
1980.0,29,available,,7.0,-140000.0,False
1980.0,30,available,,7.0,-140000.0,False
1980.0,31,available,,7.0,-140000.0,False
1980.0,32,available,,7.0,-140000.0,False
1980.0,33,available,,7.0,-140000.0,False
1980.0,34,available,,7.0,-140000.0,False
1980.0,35,available,,7.0,-140000.0,False
1980.0,36,available,,7.0,-140000.0,False
1980.0,37,available,,7.0,-140000.0,False
1980.0,38,available,,7.0,-140000.0,False
1980.0,39,available,,7.0,-140000.0,False
1980.0,40,available,,7.0,-140000.0,False
1980.0,41,available,,7.0,-140000.0,False
2010.0,1,assigned,0,18500.0,-78000.0,False
2010.0,2,available,,4.415640045293055,-92000.00199213852,False
2010.0,3,available,,5.60126790424744,-92000.00005993668,False
2010.0,4,available,,10.0,-140000.0,False
2010.0,5,available,,5.0,-140000.0,False
2010.0,6,damaged,,4.0,-140000.0,True
2010.0,7,available,,4.0,-140000.0,False
2010.0,8,available,,4.0,-140000.0,False
2010.0,9,available,,4.0,-140000.0,False
2010.0,10,available,,4.0,-140000.0,False
2010.0,11,damaged,,4.0,-140000.0,True
2010.0,12,assigned,0,18500.0,-78000.0,False
2010.0,13,assigned,0,18500.0,-78000.0,False
2010.0,14,available,,-0.3363094605524986,-92000.00093345065,False
2010.0,15,available,,6.80063395212372,-116000.00002996832,False
2010.0,16,available,,2.0,-140000.0,False
2010.0,17,available,,7.0,-140000.0,False
2010.0,18,available,,7.0,-140000.0,False
2010.0,19,available,,7.0,-140000.0,False
2010.0,20,available,,7.0,-140000.0,False
2010.0,21,available,,7.0,-140000.0,False
2010.0,22,available,,7.0,-140000.0,False
2010.0,23,available,,7.0,-140000.0,False
2010.0,24,available,,7.0,-140000.0,False
2010.0,25,available,,7.0,-140000.0,False
2010.0,26,available,,7.0,-140000.0,False
2010.0,27,available,,7.0,-140000.0,False
2010.0,28,available,,7.0,-140000.0,False
2010.0,29,available,,7.0,-140000.0,False
2010.0,30,available,,7.0,-140000.0,False
2010.0,31,available,,7.0,-140000.0,False
2010.0,32,available,,7.0,-140000.0,False
2010.0,33,available,,7.0,-140000.0,False
2010.0,34,available,,7.0,-140000.0,False
2010.0,35,available,,7.0,-140000.0,False
2010.0,36,available,,7.0,-140000.0,False
2010.0,37,available,,7.0,-140000.0,False
2010.0,38,available,,7.0,-140000.0,False
2010.0,39,available,,7.0,-140000.0,False
2010.0,40,available,,7.0,-140000.0,False
2010.0,41,available,,7.0,-140000.0,False
2040.0,1,assigned,0,18500.0,-78000.0,False
2040.0,2,available,,4.415640045293055,-92000.00199213852,False
2040.0,3,available,,5.60126790424744,-92000.00005993668,False
2040.0,4,available,,10.0,-140000.0,False
2040.0,5,available,,5.0,-140000.0,False
2040.0,6,damaged,,4.0,-140000.0,True
2040.0,7,available,,4.0,-140000.0,False
2040.0,8,available,,4.0,-140000.0,False
2040.0,9,available,,4.0,-140000.0,False
2040.0,10,available,,4.0,-140000.0,False
2040.0,11,damaged,,4.0,-140000.0,True
2040.0,12,assigned,0,18500.0,-78000.0,False
2040.0,13,assigned,0,18500.0,-78000.0,False
2040.0,14,available,,-0.3363094605524986,-92000.00093345065,False
2040.0,15,available,,6.80063395212372,-116000.00002996832,False
2040.0,16,available,,2.0,-140000.0,False
2040.0,17,available,,7.0,-140000.0,False
2040.0,18,available,,7.0,-140000.0,False
2040.0,19,available,,7.0,-140000.0,False
2040.0,20,available,,7.0,-140000.0,False
2040.0,21,available,,7.0,-140000.0,False
2040.0,22,available,,7.0,-140000.0,False
2040.0,23,available,,7.0,-140000.0,False
2040.0,24,available,,7.0,-140000.0,False
2040.0,25,available,,7.0,-140000.0,False
2040.0,26,available,,7.0,-140000.0,False
2040.0,27,available,,7.0,-140000.0,False
2040.0,28,available,,7.0,-140000.0,False
2040.0,29,available,,7.0,-140000.0,False
2040.0,30,available,,7.0,-140000.0,False
2040.0,31,available,,7.0,-140000.0,False
2040.0,32,available,,7.0,-140000.0,False
2040.0,33,available,,7.0,-140000.0,False
2040.0,34,available,,7.0,-140000.0,False
2040.0,35,available,,7.0,-140000.0,False
2040.0,36,available,,7.0,-140000.0,False
2040.0,37,available,,7.0,-140000.0,False
2040.0,38,available,,7.0,-140000.0,False
2040.0,39,available,,7.0,-140000.0,False
2040.0,40,available,,7.0,-140000.0,False
2040.0,41,available,,7.0,-140000.0,False
2070.0,1,assigned,0,18500.0,-78000.0,False
2070.0,2,available,,4.415640045293055,-92000.00199213852,False
2070.0,3,available,,5.60126790424744,-92000.00005993668,False
2070.0,4,available,,10.0,-140000.0,False
2070.0,5,available,,5.0,-140000.0,False
2070.0,6,damaged,,4.0,-140000.0,True
2070.0,7,available,,4.0,-140000.0,False
2070.0,8,available,,4.0,-140000.0,False
2070.0,9,available,,4.0,-140000.0,False
2070.0,10,available,,4.0,-140000.0,False
2070.0,11,damaged,,4.0,-140000.0,True
2070.0,12,assigned,0,18500.0,-78000.0,False
2070.0,13,assigned,0,18500.0,-78000.0,False
2070.0,14,available,,-0.3363094605524986,-92000.00093345065,False
2070.0,15,available,,6.80063395212372,-116000.00002996832,False
2070.0,16,available,,2.0,-140000.0,False
2070.0,17,available,,7.0,-140000.0,False
2070.0,18,available,,7.0,-140000.0,False
2070.0,19,available,,7.0,-140000.0,False
2070.0,20,available,,7.0,-140000.0,False
2070.0,21,available,,7.0,-140000.0,False
2070.0,22,available,,7.0,-140000.0,False
2070.0,23,available,,7.0,-140000.0,False
2070.0,24,available,,7.0,-140000.0,False
2070.0,25,available,,7.0,-140000.0,False
2070.0,26,available,,7.0,-140000.0,False
2070.0,27,available,,7.0,-140000.0,False
2070.0,28,available,,7.0,-140000.0,False
2070.0,29,available,,7.0,-140000.0,False
2070.0,30,available,,7.0,-140000.0,False
2070.0,31,available,,7.0,-140000.0,False
2070.0,32,available,,7.0,-140000.0,False
2070.0,33,available,,7.0,-140000.0,False
2070.0,34,available,,7.0,-140000.0,False
2070.0,35,available,,7.0,-140000.0,False
2070.0,36,available,,7.0,-140000.0,False
2070.0,37,available,,7.0,-140000.0,False
2070.0,38,available,,7.0,-140000.0,False
2070.0,39,available,,7.0,-140000.0,False
2070.0,40,available,,7.0,-140000.0,False
2070.0,41,available,,7.0,-140000.0,False
2100.0,1,assigned,0,18500.0,-78000.0,False
2100.0,2,available,,4.415640045293055,-92000.00199213852,False
2100.0,3,available,,5.60126790424744,-92000.00005993668,False
2100.0,4,available,,10.0,-140000.0,False
2100.0,5,available,,5.0,-140000.0,False
2100.0,6,damaged,,4.0,-140000.0,True
2100.0,7,available,,4.0,-140000.0,False
2100.0,8,available,,4.0,-140000.0,False
2100.0,9,available,,4.0,-140000.0,False
2100.0,10,available,,4.0,-140000.0,False
2100.0,11,damaged,,4.0,-140000.0,True
2100.0,12,assigned,0,18500.0,-78000.0,False
2100.0,13,assigned,0,18500.0,-78000.0,False
2100.0,14,available,,-0.3363094605524986,-92000.00093345065,False
2100.0,15,available,,6.80063395212372,-116000.00002996832,False
2100.0,16,available,,2.0,-140000.0,False
2100.0,17,available,,7.0,-140000.0,False
2100.0,18,available,,7.0,-140000.0,False
2100.0,19,available,,7.0,-140000.0,False
2100.0,20,available,,7.0,-140000.0,False
2100.0,21,available,,7.0,-140000.0,False
2100.0,22,available,,7.0,-140000.0,False
2100.0,23,available,,7.0,-140000.0,False
2100.0,24,available,,7.0,-140000.0,False
2100.0,25,available,,7.0,-140000.0,False
2100.0,26,available,,7.0,-140000.0,False
2100.0,27,available,,7.0,-140000.0,False
2100.0,28,available,,7.0,-140000.0,False
2100.0,29,available,,7.0,-140000.0,False
2100.0,30,available,,7.0,-140000.0,False
2100.0,31,available,,7.0,-140000.0,False
2100.0,32,available,,7.0,-140000.0,False
2100.0,33,available,,7.0,-140000.0,False
2100.0,34,available,,7.0,-140000.0,False
2100.0,35,available,,7.0,-140000.0,False
2100.0,36,available,,7.0,-140000.0,False
2100.0,37,available,,7.0,-140000.0,False
2100.0,38,available,,7.0,-140000.0,False
2100.0,39,available,,7.0,-140000.0,False
2100.0,40,available,,7.0,-140000.0,False
2100.0,41,available,,7.0,-140000.0,False
2130.0,1,assigned,0,18500.0,-78000.0,False
2130.0,2,available,,4.415640045293055,-92000.00199213852,False
2130.0,3,available,,5.60126790424744,-92000.00005993668,False
2130.0,4,available,,10.0,-140000.0,False
2130.0,5,available,,5.0,-140000.0,False
2130.0,6,damaged,,4.0,-140000.0,True
2130.0,7,available,,4.0,-140000.0,False
2130.0,8,available,,4.0,-140000.0,False
2130.0,9,available,,4.0,-140000.0,False
2130.0,10,available,,4.0,-140000.0,False
2130.0,11,damaged,,4.0,-140000.0,True
2130.0,12,assigned,0,18500.0,-78000.0,False
2130.0,13,assigned,0,18500.0,-78000.0,False
2130.0,14,available,,-0.3363094605524986,-92000.00093345065,False
2130.0,15,available,,6.80063395212372,-116000.00002996832,False
2130.0,16,available,,2.0,-140000.0,False
2130.0,17,available,,7.0,-140000.0,False
2130.0,18,available,,7.0,-140000.0,False
2130.0,19,available,,7.0,-140000.0,False
2130.0,20,available,,7.0,-140000.0,False
2130.0,21,available,,7.0,-140000.0,False
2130.0,22,available,,7.0,-140000.0,False
2130.0,23,available,,7.0,-140000.0,False
2130.0,24,available,,7.0,-140000.0,False
2130.0,25,available,,7.0,-140000.0,False
2130.0,26,available,,7.0,-140000.0,False
2130.0,27,available,,7.0,-140000.0,False
2130.0,28,available,,7.0,-140000.0,False
2130.0,29,available,,7.0,-140000.0,False
2130.0,30,available,,7.0,-140000.0,False
2130.0,31,available,,7.0,-140000.0,False
2130.0,32,available,,7.0,-140000.0,False
2130.0,33,available,,7.0,-140000.0,False
2130.0,34,available,,7.0,-140000.0,False
2130.0,35,available,,7.0,-140000.0,False
2130.0,36,available,,7.0,-140000.0,False
2130.0,37,available,,7.0,-140000.0,False
2130.0,38,available,,7.0,-140000.0,False
2130.0,39,available,,7.0,-140000.0,False
2130.0,40,available,,7.0,-140000.0,False
2130.0,41,available,,7.0,-140000.0,False
2160.0,1,assigned,0,18500.0,-78000.0,False
2160.0,2,available,,4.415640045293055,-92000.00199213852,False
2160.0,3,available,,5.60126790424744,-92000.00005993668,False
2160.0,4,available,,10.0,-140000.0,False
2160.0,5,available,,5.0,-140000.0,False
2160.0,6,damaged,,4.0,-140000.0,True
2160.0,7,available,,4.0,-140000.0,False
2160.0,8,available,,4.0,-140000.0,False
2160.0,9,available,,4.0,-140000.0,False
2160.0,10,available,,4.0,-140000.0,False
2160.0,11,damaged,,4.0,-140000.0,True
2160.0,12,assigned,0,18500.0,-78000.0,False
2160.0,13,assigned,0,18500.0,-78000.0,False
2160.0,14,available,,-0.3363094605524986,-92000.00093345065,False
2160.0,15,available,,6.80063395212372,-116000.00002996832,False
2160.0,16,available,,2.0,-140000.0,False
2160.0,17,available,,7.0,-140000.0,False
2160.0,18,available,,7.0,-140000.0,False
2160.0,19,available,,7.0,-140000.0,False
2160.0,20,available,,7.0,-140000.0,False
2160.0,21,available,,7.0,-140000.0,False
2160.0,22,available,,7.0,-140000.0,False
2160.0,23,available,,7.0,-140000.0,False
2160.0,24,available,,7.0,-140000.0,False
2160.0,25,available,,7.0,-140000.0,False
2160.0,26,available,,7.0,-140000.0,False
2160.0,27,available,,7.0,-140000.0,False
2160.0,28,available,,7.0,-140000.0,False
2160.0,29,available,,7.0,-140000.0,False
2160.0,30,available,,7.0,-140000.0,False
2160.0,31,available,,7.0,-140000.0,False
2160.0,32,available,,7.0,-140000.0,False
2160.0,33,available,,7.0,-140000.0,False
2160.0,34,available,,7.0,-140000.0,False
2160.0,35,available,,7.0,-140000.0,False
2160.0,36,available,,7.0,-140000.0,False
2160.0,37,available,,7.0,-140000.0,False
2160.0,38,available,,7.0,-140000.0,False
2160.0,39,available,,7.0,-140000.0,False
2160.0,40,available,,7.0,-140000.0,False
2160.0,41,available,,7.0,-140000.0,False
2190.0,1,assigned,0,18500.0,-78000.0,False
2190.0,2,available,,4.415640045293055,-92000.00199213852,False
2190.0,3,available,,5.60126790424744,-92000.00005993668,False
2190.0,4,available,,10.0,-140000.0,False
2190.0,5,available,,5.0,-140000.0,False
2190.0,6,damaged,,4.0,-140000.0,True
2190.0,7,available,,4.0,-140000.0,False
2190.0,8,available,,4.0,-140000.0,False
2190.0,9,available,,4.0,-140000.0,False
2190.0,10,available,,4.0,-140000.0,False
2190.0,11,damaged,,4.0,-140000.0,True
2190.0,12,assigned,0,18500.0,-78000.0,False
2190.0,13,assigned,0,18500.0,-78000.0,False
2190.0,14,available,,-0.3363094605524986,-92000.00093345065,False
2190.0,15,available,,6.80063395212372,-116000.00002996832,False
2190.0,16,available,,2.0,-140000.0,False
2190.0,17,available,,7.0,-140000.0,False
2190.0,18,available,,7.0,-140000.0,False
2190.0,19,available,,7.0,-140000.0,False
2190.0,20,available,,7.0,-140000.0,False
2190.0,21,available,,7.0,-140000.0,False
2190.0,22,available,,7.0,-140000.0,False
2190.0,23,available,,7.0,-140000.0,False
2190.0,24,available,,7.0,-140000.0,False
2190.0,25,available,,7.0,-140000.0,False
2190.0,26,available,,7.0,-140000.0,False
2190.0,27,available,,7.0,-140000.0,False
2190.0,28,available,,7.0,-140000.0,False
2190.0,29,available,,7.0,-140000.0,False
2190.0,30,available,,7.0,-140000.0,False
2190.0,31,available,,7.0,-140000.0,False
2190.0,32,available,,7.0,-140000.0,False
2190.0,33,available,,7.0,-140000.0,False
2190.0,34,available,,7.0,-140000.0,False
2190.0,35,available,,7.0,-140000.0,False
2190.0,36,available,,7.0,-140000.0,False
2190.0,37,available,,7.0,-140000.0,False
2190.0,38,available,,7.0,-140000.0,False
2190.0,39,available,,7.0,-140000.0,False
2190.0,40,available,,7.0,-140000.0,False
2190.0,41,available,,7.0,-140000.0,False
2200.0,1,assigned,0,18500.0,-78000.0,False
2200.0,2,available,,4.415640045293055,-92000.00199213852,False
2200.0,3,available,,5.60126790424744,-92000.00005993668,False
2200.0,4,available,,10.0,-140000.0,False
2200.0,5,available,,5.0,-140000.0,False
2200.0,6,damaged,,4.0,-140000.0,True
2200.0,7,available,,4.0,-140000.0,False
2200.0,8,available,,4.0,-140000.0,False
2200.0,9,available,,4.0,-140000.0,False
2200.0,10,available,,4.0,-140000.0,False
2200.0,11,damaged,,4.0,-140000.0,True
2200.0,12,assigned,0,18500.0,-78000.0,False
2200.0,13,assigned,0,18500.0,-78000.0,False
2200.0,14,available,,-0.3363094605524986,-92000.00093345065,False
2200.0,15,available,,6.80063395212372,-116000.00002996832,False
2200.0,16,available,,2.0,-140000.0,False
2200.0,17,available,,7.0,-140000.0,False
2200.0,18,available,,7.0,-140000.0,False
2200.0,19,available,,7.0,-140000.0,False
2200.0,20,available,,7.0,-140000.0,False
2200.0,21,available,,7.0,-140000.0,False
2200.0,22,available,,7.0,-140000.0,False
2200.0,23,available,,7.0,-140000.0,False
2200.0,24,available,,7.0,-140000.0,False
2200.0,25,available,,7.0,-140000.0,False
2200.0,26,available,,7.0,-140000.0,False
2200.0,27,available,,7.0,-140000.0,False
2200.0,28,available,,7.0,-140000.0,False
2200.0,29,available,,7.0,-140000.0,False
2200.0,30,available,,7.0,-140000.0,False
2200.0,31,available,,7.0,-140000.0,False
2200.0,32,available,,7.0,-140000.0,False
2200.0,33,available,,7.0,-140000.0,False
2200.0,34,available,,7.0,-140000.0,False
2200.0,35,available,,7.0,-140000.0,False
2200.0,36,available,,7.0,-140000.0,False
2200.0,37,available,,7.0,-140000.0,False
2200.0,38,available,,7.0,-140000.0,False
2200.0,39,available,,7.0,-140000.0,False
2200.0,40,available,,7.0,-140000.0,False
2200.0,41,available,,7.0,-140000.0,False
