time,uav_id,status,assigned_cluster_id,x,y,is_damaged
30.0,1,en_route,2,9.428500005073102,-137600.00003825256,False
30.0,2,en_route,0,2.3829570654434393,-137600.00007932124,False
30.0,3,en_route,1,7.880063395212372,-137600.00000299682,False
30.0,4,available,,10.0,-140000.0,False
30.0,5,available,,5.0,-140000.0,False
30.0,6,available,,4.0,-140000.0,False
30.0,7,available,,4.0,-140000.0,False
30.0,8,available,,4.0,-140000.0,False
30.0,9,available,,4.0,-140000.0,False
30.0,10,available,,4.0,-140000.0,False
30.0,11,available,,4.0,-140000.0,False
30.0,12,en_route,2,0.5827599990080321,-137600.00007075194,False
30.0,13,en_route,2,1.5656200000036338,-137600.00006665124,False
30.0,14,en_route,0,5.331536824732659,-137600.0000930923,False
30.0,15,en_route,1,7.880063395212372,-137600.00000299682,False
30.0,16,available,,2.0,-140000.0,False
30.0,17,available,,7.0,-140000.0,False
30.0,18,available,,7.0,-140000.0,False
30.0,19,available,,7.0,-140000.0,False
30.0,20,available,,7.0,-140000.0,False
30.0,21,available,,7.0,-140000.0,False
30.0,22,available,,7.0,-140000.0,False
30.0,23,available,,7.0,-140000.0,False
30.0,24,available,,7.0,-140000.0,False
30.0,25,available,,7.0,-140000.0,False
30.0,26,available,,7.0,-140000.0,False
30.0,27,available,,7.0,-140000.0,False
30.0,28,available,,7.0,-140000.0,False
30.0,29,available,,7.0,-140000.0,False
30.0,30,available,,7.0,-140000.0,False
30.0,31,available,,7.0,-140000.0,False
30.0,32,available,,7.0,-140000.0,False
30.0,33,available,,7.0,-140000.0,False
30.0,34,available,,7.0,-140000.0,False
30.0,35,available,,7.0,-140000.0,False
30.0,36,available,,7.0,-140000.0,False
30.0,37,available,,7.0,-140000.0,False
30.0,38,available,,7.0,-140000.0,False
30.0,39,available,,7.0,-140000.0,False
30.0,40,available,,7.0,-140000.0,False
30.0,41,available,,7.0,-140000.0,False
60.0,1,en_route,2,9.857000010146205,-135200.00007650512,False
60.0,2,en_route,0,1.7659141308868787,-135200.00015864248,False
60.0,3,en_route,1,7.760126790424744,-135200.00000599364,False
60.0,4,available,,10.0,-140000.0,False
60.0,5,available,,5.0,-140000.0,False
60.0,6,available,,4.0,-140000.0,False
60.0,7,available,,4.0,-140000.0,False
60.0,8,available,,4.0,-140000.0,False
60.0,9,available,,4.0,-140000.0,False
60.0,10,available,,4.0,-140000.0,False
60.0,11,available,,4.0,-140000.0,False
60.0,12,en_route,2,1.1655199980160642,-135200.00014150387,False
60.0,13,en_route,2,2.131240000007268,-135200.00013330247,False
60.0,14,en_route,0,4.663073649465318,-135200.0001861846,False
60.0,15,en_route,1,7.760126790424744,-135200.00000599364,False
60.0,16,available,,2.0,-140000.0,False
60.0,17,available,,7.0,-140000.0,False
60.0,18,available,,7.0,-140000.0,False
60.0,19,available,,7.0,-140000.0,False
60.0,20,available,,7.0,-140000.0,False
60.0,21,available,,7.0,-140000.0,False
60.0,22,available,,7.0,-140000.0,False
60.0,23,available,,7.0,-140000.0,False
60.0,24,available,,7.0,-140000.0,False
60.0,25,available,,7.0,-140000.0,False
60.0,26,available,,7.0,-140000.0,False
60.0,27,available,,7.0,-140000.0,False
60.0,28,available,,7.0,-140000.0,False
60.0,29,available,,7.0,-140000.0,False
60.0,30,available,,7.0,-140000.0,False
60.0,31,available,,7.0,-140000.0,False
60.0,32,available,,7.0,-140000.0,False
60.0,33,available,,7.0,-140000.0,False
60.0,34,available,,7.0,-140000.0,False
60.0,35,available,,7.0,-140000.0,False
60.0,36,available,,7.0,-140000.0,False
60.0,37,available,,7.0,-140000.0,False
60.0,38,available,,7.0,-140000.0,False
60.0,39,available,,7.0,-140000.0,False
60.0,40,available,,7.0,-140000.0,False
60.0,41,available,,7.0,-140000.0,False
90.0,1,en_route,2,10.285500015219307,-132800.00011475768,False
90.0,2,en_route,0,1.148871196330318,-132800.00023796372,False
90.0,3,en_route,1,7.640190185637116,-132800.00000899046,False
90.0,4,available,,10.0,-140000.0,False
90.0,5,available,,5.0,-140000.0,False
90.0,6,available,,4.0,-140000.0,False
90.0,7,available,,4.0,-140000.0,False
90.0,8,available,,4.0,-140000.0,False
90.0,9,available,,4.0,-140000.0,False
90.0,10,available,,4.0,-140000.0,False
90.0,11,available,,4.0,-140000.0,False
90.0,12,en_route,2,1.748279997024096,-132800.0002122558,False
90.0,13,en_route,2,2.696860000010902,-132800.0001999537,False
90.0,14,en_route,0,3.994610474197977,-132800.0002792769,False
90.0,15,en_route,1,7.640190185637116,-132800.00000899046,False
90.0,16,available,,2.0,-140000.0,False
90.0,17,available,,7.0,-140000.0,False
90.0,18,available,,7.0,-140000.0,False
90.0,19,available,,7.0,-140000.0,False
90.0,20,available,,7.0,-140000.0,False
90.0,21,available,,7.0,-140000.0,False
90.0,22,available,,7.0,-140000.0,False
90.0,23,available,,7.0,-140000.0,False
90.0,24,available,,7.0,-140000.0,False
90.0,25,available,,7.0,-140000.0,False
90.0,26,available,,7.0,-140000.0,False
90.0,27,available,,7.0,-140000.0,False
90.0,28,available,,7.0,-140000.0,False
90.0,29,available,,7.0,-140000.0,False
90.0,30,available,,7.0,-140000.0,False
90.0,31,available,,7.0,-140000.0,False
90.0,32,available,,7.0,-140000.0,False
90.0,33,available,,7.0,-140000.0,False
90.0,34,available,,7.0,-140000.0,False
90.0,35,available,,7.0,-140000.0,False
90.0,36,available,,7.0,-140000.0,False
90.0,37,available,,7.0,-140000.0,False
90.0,38,available,,7.0,-140000.0,False
90.0,39,available,,7.0,-140000.0,False
90.0,40,available,,7.0,-140000.0,False
90.0,41,available,,7.0,-140000.0,False
120.0,1,en_route,2,10.71400002029241,-130400.00015301023,False
120.0,2,en_route,0,0.5318282617737574,-130400.00031728497,False
120.0,3,en_route,1,7.520253580849488,-130400.0000119873,False
120.0,4,available,,10.0,-140000.0,False
120.0,5,available,,5.0,-140000.0,False
120.0,6,available,,4.0,-140000.0,False
120.0,7,available,,4.0,-140000.0,False
120.0,8,available,,4.0,-140000.0,False
120.0,9,available,,4.0,-140000.0,False
120.0,10,available,,4.0,-140000.0,False
120.0,11,available,,4.0,-140000.0,False
120.0,12,en_route,2,2.331039996032128,-130400.00028300773,False
120.0,13,en_route,2,3.262480000014536,-130400.00026660495,False
120.0,14,en_route,0,3.3261472989306364,-130400.00037236919,False
120.0,15,en_route,1,7.520253580849488,-130400.0000119873,False
120.0,16,available,,2.0,-140000.0,False
120.0,17,available,,7.0,-140000.0,False
120.0,18,available,,7.0,-140000.0,False
120.0,19,available,,7.0,-140000.0,False
120.0,20,available,,7.0,-140000.0,False
120.0,21,available,,7.0,-140000.0,False
120.0,22,available,,7.0,-140000.0,False
120.0,23,available,,7.0,-140000.0,False
120.0,24,available,,7.0,-140000.0,False
120.0,25,available,,7.0,-140000.0,False
120.0,26,available,,7.0,-140000.0,False
120.0,27,available,,7.0,-140000.0,False
120.0,28,available,,7.0,-140000.0,False
120.0,29,available,,7.0,-140000.0,False
120.0,30,available,,7.0,-140000.0,False
120.0,31,available,,7.0,-140000.0,False
120.0,32,available,,7.0,-140000.0,False
120.0,33,available,,7.0,-140000.0,False
120.0,34,available,,7.0,-140000.0,False
120.0,35,available,,7.0,-140000.0,False
120.0,36,available,,7.0,-140000.0,False
120.0,37,available,,7.0,-140000.0,False
120.0,38,available,,7.0,-140000.0,False
120.0,39,available,,7.0,-140000.0,False
120.0,40,available,,7.0,-140000.0,False
120.0,41,available,,7.0,-140000.0,False
150.0,1,assigned,0,11.142500025365512,-128000.00019126278,False
150.0,2,assigned,1,-0.08521467278280315,-128000.00039660622,False
150.0,3,assigned,2,7.40031697606186,-128000.00001498414,False
150.0,4,available,,10.0,-140000.0,False
150.0,5,available,,5.0,-140000.0,False
150.0,6,available,,4.0,-140000.0,False
150.0,7,available,,4.0,-140000.0,False
150.0,8,available,,4.0,-140000.0,False
150.0,9,available,,4.0,-140000.0,False
150.0,10,available,,4.0,-140000.0,False
150.0,11,available,,4.0,-140000.0,False
150.0,12,assigned,0,2.91379999504016,-128000.00035375965,False
150.0,13,assigned,1,3.82810000001817,-128000.0003332562,False
150.0,14,assigned,2,2.6576841236632958,-128000.00046546149,False
150.0,15,available,,7.40031697606186,-128000.00001498414,False
150.0,16,available,,2.0,-140000.0,False
150.0,17,available,,7.0,-140000.0,False
150.0,18,available,,7.0,-140000.0,False
150.0,19,available,,7.0,-140000.0,False
150.0,20,available,,7.0,-140000.0,False
150.0,21,available,,7.0,-140000.0,False
150.0,22,available,,7.0,-140000.0,False
150.0,23,available,,7.0,-140000.0,False
150.0,24,available,,7.0,-140000.0,False
150.0,25,available,,7.0,-140000.0,False
150.0,26,available,,7.0,-140000.0,False
150.0,27,available,,7.0,-140000.0,False
150.0,28,available,,7.0,-140000.0,False
150.0,29,available,,7.0,-140000.0,False
150.0,30,available,,7.0,-140000.0,False
150.0,31,available,,7.0,-140000.0,False
150.0,32,available,,7.0,-140000.0,False
150.0,33,available,,7.0,-140000.0,False
150.0,34,available,,7.0,-140000.0,False
150.0,35,available,,7.0,-140000.0,False
150.0,36,available,,7.0,-140000.0,False
150.0,37,available,,7.0,-140000.0,False
150.0,38,available,,7.0,-140000.0,False
150.0,39,available,,7.0,-140000.0,False
150.0,40,available,,7.0,-140000.0,False
150.0,41,available,,7.0,-140000.0,False
180.0,1,en_route,0,10.314974741262517,-125600.00033392906,False
180.0,2,en_route,1,-0.06487865449244104,-125600.00039669238,False
180.0,3,en_route,2,7.889632503646627,-125600.00006486532,False
180.0,4,available,,10.0,-140000.0,False
180.0,5,available,,5.0,-140000.0,False
180.0,6,available,,4.0,-140000.0,False
180.0,7,available,,4.0,-140000.0,False
180.0,8,available,,4.0,-140000.0,False
180.0,9,available,,4.0,-140000.0,False
180.0,10,available,,4.0,-140000.0,False
180.0,11,available,,4.0,-140000.0,False
180.0,12,en_route,0,2.2405354974114227,-125600.00044819404,False
180.0,13,en_route,1,3.7751037636179055,-125600.00033384134,False
180.0,14,en_route,2,3.2359142835341173,-125600.00053511777,False
180.0,15,available,,7.40031697606186,-128000.00001498414,False
180.0,16,available,,2.0,-140000.0,False
180.0,17,available,,7.0,-140000.0,False
180.0,18,available,,7.0,-140000.0,False
180.0,19,available,,7.0,-140000.0,False
180.0,20,available,,7.0,-140000.0,False
180.0,21,available,,7.0,-140000.0,False
180.0,22,available,,7.0,-140000.0,False
180.0,23,available,,7.0,-140000.0,False
180.0,24,available,,7.0,-140000.0,False
180.0,25,available,,7.0,-140000.0,False
180.0,26,available,,7.0,-140000.0,False
180.0,27,available,,7.0,-140000.0,False
180.0,28,available,,7.0,-140000.0,False
180.0,29,available,,7.0,-140000.0,False
180.0,30,available,,7.0,-140000.0,False
180.0,31,available,,7.0,-140000.0,False
180.0,32,available,,7.0,-140000.0,False
180.0,33,available,,7.0,-140000.0,False
180.0,34,available,,7.0,-140000.0,False
180.0,35,available,,7.0,-140000.0,False
180.0,36,available,,7.0,-140000.0,False
180.0,37,available,,7.0,-140000.0,False
180.0,38,available,,7.0,-140000.0,False
180.0,39,available,,7.0,-140000.0,False
180.0,40,available,,7.0,-140000.0,False
180.0,41,available,,7.0,-140000.0,False
210.0,1,assigned,0,9.487449457159522,-123200.00047659533,False
210.0,2,assigned,1,-0.04454263620207893,-123200.00039677855,False
210.0,3,assigned,2,8.378948031231396,-123200.00011474651,False
210.0,4,available,,10.0,-140000.0,False
210.0,5,available,,5.0,-140000.0,False
210.0,6,available,,4.0,-140000.0,False
210.0,7,available,,4.0,-140000.0,False
210.0,8,available,,4.0,-140000.0,False
210.0,9,available,,4.0,-140000.0,False
210.0,10,available,,4.0,-140000.0,False
210.0,11,damaged,,4.0,-140000.0,True
210.0,12,assigned,0,1.5672709997826852,-123200.00054262843,False
210.0,13,assigned,1,3.722107527217641,-123200.00033442647,False
210.0,14,assigned,2,3.814144443404939,-123200.00060477405,False
210.0,15,available,,7.40031697606186,-128000.00001498414,False
210.0,16,available,,2.0,-140000.0,False
210.0,17,available,,7.0,-140000.0,False
210.0,18,available,,7.0,-140000.0,False
210.0,19,available,,7.0,-140000.0,False
210.0,20,available,,7.0,-140000.0,False
210.0,21,available,,7.0,-140000.0,False
210.0,22,available,,7.0,-140000.0,False
210.0,23,available,,7.0,-140000.0,False
210.0,24,available,,7.0,-140000.0,False
210.0,25,available,,7.0,-140000.0,False
210.0,26,available,,7.0,-140000.0,False
210.0,27,available,,7.0,-140000.0,False
210.0,28,available,,7.0,-140000.0,False
210.0,29,available,,7.0,-140000.0,False
210.0,30,available,,7.0,-140000.0,False
210.0,31,available,,7.0,-140000.0,False
210.0,32,available,,7.0,-140000.0,False
210.0,33,available,,7.0,-140000.0,False
210.0,34,available,,7.0,-140000.0,False
210.0,35,available,,7.0,-140000.0,False
210.0,36,available,,7.0,-140000.0,False
210.0,37,available,,7.0,-140000.0,False
210.0,38,available,,7.0,-140000.0,False
210.0,39,available,,7.0,-140000.0,False
210.0,40,available,,7.0,-140000.0,False
210.0,41,available,,7.0,-140000.0,False
240.0,1,en_route,0,8.659924173056528,-120800.00061926161,False
240.0,2,en_route,1,-0.024206617911716816,-120800.0003968647,False
240.0,3,en_route,2,8.868263558816164,-120800.0001646277,False
240.0,4,available,,10.0,-140000.0,False
240.0,5,available,,5.0,-140000.0,False
240.0,6,available,,4.0,-140000.0,False
240.0,7,available,,4.0,-140000.0,False
240.0,8,available,,4.0,-140000.0,False
240.0,9,available,,4.0,-140000.0,False
240.0,10,available,,4.0,-140000.0,False
240.0,11,damaged,,4.0,-140000.0,True
240.0,12,en_route,0,0.8940065021539481,-120800.00063706283,False
240.0,13,en_route,1,3.6691112908173764,-120800.0003350116,False
240.0,14,en_route,2,4.392374603275761,-120800.00067443032,False
240.0,15,available,,7.40031697606186,-128000.00001498414,False
240.0,16,available,,2.0,-140000.0,False
240.0,17,available,,7.0,-140000.0,False
240.0,18,available,,7.0,-140000.0,False
240.0,19,available,,7.0,-140000.0,False
240.0,20,available,,7.0,-140000.0,False
240.0,21,available,,7.0,-140000.0,False
240.0,22,available,,7.0,-140000.0,False
240.0,23,available,,7.0,-140000.0,False
240.0,24,available,,7.0,-140000.0,False
240.0,25,available,,7.0,-140000.0,False
240.0,26,available,,7.0,-140000.0,False
240.0,27,available,,7.0,-140000.0,False
240.0,28,available,,7.0,-140000.0,False
240.0,29,available,,7.0,-140000.0,False
240.0,30,available,,7.0,-140000.0,False
240.0,31,available,,7.0,-140000.0,False
240.0,32,available,,7.0,-140000.0,False
240.0,33,available,,7.0,-140000.0,False
240.0,34,available,,7.0,-140000.0,False
240.0,35,available,,7.0,-140000.0,False
240.0,36,available,,7.0,-140000.0,False
240.0,37,available,,7.0,-140000.0,False
240.0,38,available,,7.0,-140000.0,False
240.0,39,available,,7.0,-140000.0,False
240.0,40,available,,7.0,-140000.0,False
240.0,41,available,,7.0,-140000.0,False
270.0,1,en_route,0,7.8323988889535325,-118400.00076192789,False
270.0,2,en_route,1,-0.003870599621354706,-118400.00039695087,False
270.0,3,en_route,2,9.357579086400932,-118400.00021450888,False
270.0,4,available,,10.0,-140000.0,False
270.0,5,available,,5.0,-140000.0,False
270.0,6,available,,4.0,-140000.0,False
270.0,7,available,,4.0,-140000.0,False
270.0,8,available,,4.0,-140000.0,False
270.0,9,available,,4.0,-140000.0,False
270.0,10,available,,4.0,-140000.0,False
270.0,11,damaged,,4.0,-140000.0,True
270.0,12,en_route,0,0.22074200452521076,-118400.00073149722,False
270.0,13,en_route,1,3.616115054417112,-118400.00033559673,False
270.0,14,en_route,2,4.970604763146583,-118400.0007440866,False
270.0,15,available,,7.40031697606186,-128000.00001498414,False
270.0,16,available,,2.0,-140000.0,False
270.0,17,available,,7.0,-140000.0,False
270.0,18,available,,7.0,-140000.0,False
270.0,19,available,,7.0,-140000.0,False
270.0,20,available,,7.0,-140000.0,False
270.0,21,available,,7.0,-140000.0,False
270.0,22,available,,7.0,-140000.0,False
270.0,23,available,,7.0,-140000.0,False
270.0,24,available,,7.0,-140000.0,False
270.0,25,available,,7.0,-140000.0,False
270.0,26,available,,7.0,-140000.0,False
270.0,27,available,,7.0,-140000.0,False
270.0,28,available,,7.0,-140000.0,False
270.0,29,available,,7.0,-140000.0,False
270.0,30,available,,7.0,-140000.0,False
270.0,31,available,,7.0,-140000.0,False
270.0,32,available,,7.0,-140000.0,False
270.0,33,available,,7.0,-140000.0,False
270.0,34,available,,7.0,-140000.0,False
270.0,35,available,,7.0,-140000.0,False
270.0,36,available,,7.0,-140000.0,False
270.0,37,available,,7.0,-140000.0,False
270.0,38,available,,7.0,-140000.0,False
270.0,39,available,,7.0,-140000.0,False
270.0,40,available,,7.0,-140000.0,False
270.0,41,available,,7.0,-140000.0,False
300.0,1,en_route,0,7.004873604850538,-116000.00090459417,False
300.0,2,en_route,1,0.0164654186690074,-116000.00039703703,False
300.0,3,en_route,2,9.8468946139857,-116000.00026439007,False
300.0,4,available,,10.0,-140000.0,False
300.0,5,available,,5.0,-140000.0,False
300.0,6,available,,4.0,-140000.0,False
300.0,7,available,,4.0,-140000.0,False
300.0,8,available,,4.0,-140000.0,False
300.0,9,available,,4.0,-140000.0,False
300.0,10,available,,4.0,-140000.0,False
300.0,11,damaged,,4.0,-140000.0,True
300.0,12,en_route,0,-0.45252249310352666,-116000.00082593161,False
300.0,13,en_route,1,3.5631188180168474,-116000.00033618187,False
300.0,14,en_route,2,5.548834923017405,-116000.00081374288,False
300.0,15,available,,7.40031697606186,-128000.00001498414,False
300.0,16,available,,2.0,-140000.0,False
300.0,17,available,,7.0,-140000.0,False
300.0,18,available,,7.0,-140000.0,False
300.0,19,available,,7.0,-140000.0,False
300.0,20,available,,7.0,-140000.0,False
300.0,21,available,,7.0,-140000.0,False
300.0,22,available,,7.0,-140000.0,False
300.0,23,available,,7.0,-140000.0,False
300.0,24,available,,7.0,-140000.0,False
300.0,25,available,,7.0,-140000.0,False
300.0,26,available,,7.0,-140000.0,False
300.0,27,available,,7.0,-140000.0,False
300.0,28,available,,7.0,-140000.0,False
300.0,29,available,,7.0,-140000.0,False
300.0,30,available,,7.0,-140000.0,False
300.0,31,available,,7.0,-140000.0,False
300.0,32,available,,7.0,-140000.0,False
300.0,33,available,,7.0,-140000.0,False
300.0,34,available,,7.0,-140000.0,False
300.0,35,available,,7.0,-140000.0,False
300.0,36,available,,7.0,-140000.0,False
300.0,37,available,,7.0,-140000.0,False
300.0,38,available,,7.0,-140000.0,False
300.0,39,available,,7.0,-140000.0,False
300.0,40,available,,7.0,-140000.0,False
300.0,41,available,,7.0,-140000.0,False
330.0,1,en_route,0,6.177348320747542,-113600.00104726045,False
330.0,2,en_route,1,0.03680143695936951,-113600.00039712319,False
330.0,3,en_route,2,10.336210141570469,-113600.00031427125,False
330.0,4,available,,10.0,-140000.0,False
330.0,5,available,,5.0,-140000.0,False
330.0,6,available,,4.0,-140000.0,False
330.0,7,available,,4.0,-140000.0,False
330.0,8,available,,4.0,-140000.0,False
330.0,9,available,,4.0,-140000.0,False
330.0,10,available,,4.0,-140000.0,False
330.0,11,damaged,,4.0,-140000.0,True
330.0,12,en_route,0,-1.125786990732264,-113600.000920366,False
330.0,13,en_route,1,3.510122581616583,-113600.000336767,False
330.0,14,en_route,2,6.127065082888227,-113600.00088339916,False
330.0,15,available,,7.40031697606186,-128000.00001498414,False
330.0,16,available,,2.0,-140000.0,False
330.0,17,available,,7.0,-140000.0,False
330.0,18,available,,7.0,-140000.0,False
330.0,19,available,,7.0,-140000.0,False
330.0,20,available,,7.0,-140000.0,False
330.0,21,available,,7.0,-140000.0,False
330.0,22,available,,7.0,-140000.0,False
330.0,23,available,,7.0,-140000.0,False
330.0,24,available,,7.0,-140000.0,False
330.0,25,available,,7.0,-140000.0,False
330.0,26,available,,7.0,-140000.0,False
330.0,27,available,,7.0,-140000.0,False
330.0,28,available,,7.0,-140000.0,False
330.0,29,available,,7.0,-140000.0,False
330.0,30,available,,7.0,-140000.0,False
330.0,31,available,,7.0,-140000.0,False
330.0,32,available,,7.0,-140000.0,False
330.0,33,available,,7.0,-140000.0,False
330.0,34,available,,7.0,-140000.0,False
330.0,35,available,,7.0,-140000.0,False
330.0,36,available,,7.0,-140000.0,False
330.0,37,available,,7.0,-140000.0,False
330.0,38,available,,7.0,-140000.0,False
330.0,39,available,,7.0,-140000.0,False
330.0,40,available,,7.0,-140000.0,False
330.0,41,available,,7.0,-140000.0,False
360.0,1,en_route,0,5.349823036644547,-111200.00118992673,False
360.0,2,en_route,1,0.057137455249731614,-111200.00039720935,False
360.0,3,en_route,2,10.825525669155237,-111200.00036415244,False
360.0,4,available,,10.0,-140000.0,False
360.0,5,available,,5.0,-140000.0,False
360.0,6,available,,4.0,-140000.0,False
360.0,7,available,,4.0,-140000.0,False
360.0,8,available,,4.0,-140000.0,False
360.0,9,available,,4.0,-140000.0,False
360.0,10,available,,4.0,-140000.0,False
360.0,11,damaged,,4.0,-140000.0,True
360.0,12,en_route,0,-1.7990514883610014,-111200.0010148004,False
360.0,13,en_route,1,3.4571263452163183,-111200.00033735213,False
360.0,14,en_route,2,6.705295242759048,-111200.00095305544,False
360.0,15,available,,7.40031697606186,-128000.00001498414,False
360.0,16,available,,2.0,-140000.0,False
360.0,17,available,,7.0,-140000.0,False
360.0,18,available,,7.0,-140000.0,False
360.0,19,available,,7.0,-140000.0,False
360.0,20,available,,7.0,-140000.0,False
360.0,21,available,,7.0,-140000.0,False
360.0,22,available,,7.0,-140000.0,False
360.0,23,available,,7.0,-140000.0,False
360.0,24,available,,7.0,-140000.0,False
360.0,25,available,,7.0,-140000.0,False
360.0,26,available,,7.0,-140000.0,False
360.0,27,available,,7.0,-140000.0,False
360.0,28,available,,7.0,-140000.0,False
360.0,29,available,,7.0,-140000.0,False
360.0,30,available,,7.0,-140000.0,False
360.0,31,available,,7.0,-140000.0,False
360.0,32,available,,7.0,-140000.0,False
360.0,33,available,,7.0,-140000.0,False
360.0,34,available,,7.0,-140000.0,False
360.0,35,available,,7.0,-140000.0,False
360.0,36,available,,7.0,-140000.0,False
360.0,37,available,,7.0,-140000.0,False
360.0,38,available,,7.0,-140000.0,False
360.0,39,available,,7.0,-140000.0,False
360.0,40,available,,7.0,-140000.0,False
360.0,41,available,,7.0,-140000.0,False
390.0,1,en_route,0,4.522297752541552,-108800.001332593,False
390.0,2,en_route,1,0.07747347354009372,-108800.00039729552,False
390.0,3,en_route,2,11.314841196740005,-108800.00041403362,False
390.0,4,available,,10.0,-140000.0,False
390.0,5,available,,5.0,-140000.0,False
390.0,6,available,,4.0,-140000.0,False
390.0,7,available,,4.0,-140000.0,False
390.0,8,available,,4.0,-140000.0,False
390.0,9,available,,4.0,-140000.0,False
390.0,10,available,,4.0,-140000.0,False
390.0,11,damaged,,4.0,-140000.0,True
390.0,12,en_route,0,-2.472315985989739,-108800.00110923478,False
390.0,13,en_route,1,3.404130108816054,-108800.00033793726,False
390.0,14,en_route,2,7.28352540262987,-108800.00102271172,False
390.0,15,available,,7.40031697606186,-128000.00001498414,False
390.0,16,available,,2.0,-140000.0,False
390.0,17,available,,7.0,-140000.0,False
390.0,18,available,,7.0,-140000.0,False
390.0,19,available,,7.0,-140000.0,False
390.0,20,available,,7.0,-140000.0,False
390.0,21,available,,7.0,-140000.0,False
390.0,22,available,,7.0,-140000.0,False
390.0,23,available,,7.0,-140000.0,False
390.0,24,available,,7.0,-140000.0,False
390.0,25,available,,7.0,-140000.0,False
390.0,26,available,,7.0,-140000.0,False
390.0,27,available,,7.0,-140000.0,False
390.0,28,available,,7.0,-140000.0,False
390.0,29,available,,7.0,-140000.0,False
390.0,30,available,,7.0,-140000.0,False
390.0,31,available,,7.0,-140000.0,False
390.0,32,available,,7.0,-140000.0,False
390.0,33,available,,7.0,-140000.0,False
390.0,34,available,,7.0,-140000.0,False
390.0,35,available,,7.0,-140000.0,False
390.0,36,available,,7.0,-140000.0,False
390.0,37,available,,7.0,-140000.0,False
390.0,38,available,,7.0,-140000.0,False
390.0,39,available,,7.0,-140000.0,False
390.0,40,available,,7.0,-140000.0,False
390.0,41,available,,7.0,-140000.0,False
420.0,1,en_route,0,3.6947724684385563,-106400.00147525928,False
420.0,2,en_route,1,0.09780949183045583,-106400.00039738168,False
420.0,3,en_route,2,11.804156724324773,-106400.00046391481,False
420.0,4,available,,10.0,-140000.0,False
420.0,5,available,,5.0,-140000.0,False
420.0,6,available,,4.0,-140000.0,False
420.0,7,available,,4.0,-140000.0,False
420.0,8,available,,4.0,-140000.0,False
420.0,9,available,,4.0,-140000.0,False
420.0,10,available,,4.0,-140000.0,False
420.0,11,damaged,,4.0,-140000.0,True
420.0,12,en_route,0,-3.145580483618476,-106400.00120366918,False
420.0,13,en_route,1,3.3511338724157893,-106400.0003385224,False
420.0,14,en_route,2,7.861755562500692,-106400.001092368,False
420.0,15,available,,7.40031697606186,-128000.00001498414,False
420.0,16,available,,2.0,-140000.0,False
420.0,17,available,,7.0,-140000.0,False
420.0,18,available,,7.0,-140000.0,False
420.0,19,available,,7.0,-140000.0,False
420.0,20,available,,7.0,-140000.0,False
420.0,21,available,,7.0,-140000.0,False
420.0,22,available,,7.0,-140000.0,False
420.0,23,available,,7.0,-140000.0,False
420.0,24,available,,7.0,-140000.0,False
420.0,25,available,,7.0,-140000.0,False
420.0,26,available,,7.0,-140000.0,False
420.0,27,available,,7.0,-140000.0,False
420.0,28,available,,7.0,-140000.0,False
420.0,29,available,,7.0,-140000.0,False
420.0,30,available,,7.0,-140000.0,False
420.0,31,available,,7.0,-140000.0,False
420.0,32,available,,7.0,-140000.0,False
420.0,33,available,,7.0,-140000.0,False
420.0,34,available,,7.0,-140000.0,False
420.0,35,available,,7.0,-140000.0,False
420.0,36,available,,7.0,-140000.0,False
420.0,37,available,,7.0,-140000.0,False
420.0,38,available,,7.0,-140000.0,False
420.0,39,available,,7.0,-140000.0,False
420.0,40,available,,7.0,-140000.0,False
420.0,41,available,,7.0,-140000.0,False
450.0,1,en_route,0,2.867247184335561,-104000.00161792556,False
450.0,2,en_route,1,0.11814551012081793,-104000.00039746784,False
450.0,3,en_route,2,12.293472251909542,-104000.000513796,False
450.0,4,available,,10.0,-140000.0,False
450.0,5,available,,5.0,-140000.0,False
450.0,6,available,,4.0,-140000.0,False
450.0,7,available,,4.0,-140000.0,False
450.0,8,available,,4.0,-140000.0,False
450.0,9,available,,4.0,-140000.0,False
450.0,10,available,,4.0,-140000.0,False
450.0,11,damaged,,4.0,-140000.0,True
450.0,12,en_route,0,-3.8188449812472136,-104000.00129810357,False
450.0,13,en_route,1,3.298137636015525,-104000.00033910753,False
450.0,14,en_route,2,8.439985722371514,-104000.00116202427,False
450.0,15,available,,7.40031697606186,-128000.00001498414,False
450.0,16,available,,2.0,-140000.0,False
450.0,17,available,,7.0,-140000.0,False
450.0,18,available,,7.0,-140000.0,False
450.0,19,available,,7.0,-140000.0,False
450.0,20,available,,7.0,-140000.0,False
450.0,21,available,,7.0,-140000.0,False
450.0,22,available,,7.0,-140000.0,False
450.0,23,available,,7.0,-140000.0,False
450.0,24,available,,7.0,-140000.0,False
450.0,25,available,,7.0,-140000.0,False
450.0,26,available,,7.0,-140000.0,False
450.0,27,available,,7.0,-140000.0,False
450.0,28,available,,7.0,-140000.0,False
450.0,29,available,,7.0,-140000.0,False
450.0,30,available,,7.0,-140000.0,False
450.0,31,available,,7.0,-140000.0,False
450.0,32,available,,7.0,-140000.0,False
450.0,33,available,,7.0,-140000.0,False
450.0,34,available,,7.0,-140000.0,False
450.0,35,available,,7.0,-140000.0,False
450.0,36,available,,7.0,-140000.0,False
450.0,37,available,,7.0,-140000.0,False
450.0,38,available,,7.0,-140000.0,False
450.0,39,available,,7.0,-140000.0,False
450.0,40,available,,7.0,-140000.0,False
450.0,41,available,,7.0,-140000.0,False
480.0,1,en_route,0,2.039721900232566,-101600.00176059184,False
480.0,2,en_route,1,0.13848152841118003,-101600.000397554,False
480.0,3,en_route,2,12.78278777949431,-101600.00056367718,False
480.0,4,available,,10.0,-140000.0,False
480.0,5,available,,5.0,-140000.0,False
480.0,6,available,,4.0,-140000.0,False
480.0,7,available,,4.0,-140000.0,False
480.0,8,available,,4.0,-140000.0,False
480.0,9,available,,4.0,-140000.0,False
480.0,10,available,,4.0,-140000.0,False
480.0,11,damaged,,4.0,-140000.0,True
480.0,12,en_route,0,-4.4921094788759515,-101600.00139253796,False
480.0,13,en_route,1,3.2451413996152603,-101600.00033969266,False
480.0,14,en_route,2,9.018215882242336,-101600.00123168055,False
480.0,15,available,,7.40031697606186,-128000.00001498414,False
480.0,16,available,,2.0,-140000.0,False
480.0,17,available,,7.0,-140000.0,False
480.0,18,available,,7.0,-140000.0,False
480.0,19,available,,7.0,-140000.0,False
480.0,20,available,,7.0,-140000.0,False
480.0,21,available,,7.0,-140000.0,False
480.0,22,available,,7.0,-140000.0,False
480.0,23,available,,7.0,-140000.0,False
480.0,24,available,,7.0,-140000.0,False
480.0,25,available,,7.0,-140000.0,False
480.0,26,available,,7.0,-140000.0,False
480.0,27,available,,7.0,-140000.0,False
480.0,28,available,,7.0,-140000.0,False
480.0,29,available,,7.0,-140000.0,False
480.0,30,available,,7.0,-140000.0,False
480.0,31,available,,7.0,-140000.0,False
480.0,32,available,,7.0,-140000.0,False
480.0,33,available,,7.0,-140000.0,False
480.0,34,available,,7.0,-140000.0,False
480.0,35,available,,7.0,-140000.0,False
480.0,36,available,,7.0,-140000.0,False
480.0,37,available,,7.0,-140000.0,False
480.0,38,available,,7.0,-140000.0,False
480.0,39,available,,7.0,-140000.0,False
480.0,40,available,,7.0,-140000.0,False
480.0,41,available,,7.0,-140000.0,False
510.0,1,en_route,0,1.2121966161295705,-99200.00190325812,False
510.0,2,en_route,1,0.15881754670154213,-99200.00039764016,False
510.0,3,en_route,2,13.272103307079078,-99200.00061355837,False
510.0,4,available,,10.0,-140000.0,False
510.0,5,available,,5.0,-140000.0,False
510.0,6,available,,4.0,-140000.0,False
510.0,7,available,,4.0,-140000.0,False
510.0,8,available,,4.0,-140000.0,False
510.0,9,available,,4.0,-140000.0,False
510.0,10,available,,4.0,-140000.0,False
510.0,11,damaged,,4.0,-140000.0,True
510.0,12,en_route,0,-5.165373976504689,-99200.00148697235,False
510.0,13,en_route,1,3.1921451632149958,-99200.00034027778,False
510.0,14,en_route,2,9.596446042113158,-99200.00130133683,False
510.0,15,available,,7.40031697606186,-128000.00001498414,False
510.0,16,available,,2.0,-140000.0,False
510.0,17,available,,7.0,-140000.0,False
510.0,18,available,,7.0,-140000.0,False
510.0,19,available,,7.0,-140000.0,False
510.0,20,available,,7.0,-140000.0,False
510.0,21,available,,7.0,-140000.0,False
510.0,22,available,,7.0,-140000.0,False
510.0,23,available,,7.0,-140000.0,False
510.0,24,available,,7.0,-140000.0,False
510.0,25,available,,7.0,-140000.0,False
510.0,26,available,,7.0,-140000.0,False
510.0,27,available,,7.0,-140000.0,False
510.0,28,available,,7.0,-140000.0,False
510.0,29,available,,7.0,-140000.0,False
510.0,30,available,,7.0,-140000.0,False
510.0,31,available,,7.0,-140000.0,False
510.0,32,available,,7.0,-140000.0,False
510.0,33,available,,7.0,-140000.0,False
510.0,34,available,,7.0,-140000.0,False
510.0,35,available,,7.0,-140000.0,False
510.0,36,available,,7.0,-140000.0,False
510.0,37,available,,7.0,-140000.0,False
510.0,38,available,,7.0,-140000.0,False
510.0,39,available,,7.0,-140000.0,False
510.0,40,available,,7.0,-140000.0,False
510.0,41,available,,7.0,-140000.0,False
540.0,1,en_route,0,0.38467133202657544,-96800.0020459244,False
540.0,2,en_route,1,0.17915356499190424,-96800.00039772633,False
540.0,3,en_route,2,13.761418834663846,-96800.00066343955,False
540.0,4,available,,10.0,-140000.0,False
540.0,5,available,,5.0,-140000.0,False
540.0,6,available,,4.0,-140000.0,False
540.0,7,available,,4.0,-140000.0,False
540.0,8,available,,4.0,-140000.0,False
540.0,9,available,,4.0,-140000.0,False
540.0,10,available,,4.0,-140000.0,False
540.0,11,damaged,,4.0,-140000.0,True
540.0,12,en_route,0,-5.838638474133427,-96800.00158140674,False
540.0,13,en_route,1,3.1391489268147312,-96800.0003408629,False
540.0,14,en_route,2,10.17467620198398,-96800.00137099311,False
540.0,15,available,,7.40031697606186,-128000.00001498414,False
540.0,16,available,,2.0,-140000.0,False
540.0,17,available,,7.0,-140000.0,False
540.0,18,available,,7.0,-140000.0,False
540.0,19,available,,7.0,-140000.0,False
540.0,20,available,,7.0,-140000.0,False
540.0,21,available,,7.0,-140000.0,False
540.0,22,available,,7.0,-140000.0,False
540.0,23,available,,7.0,-140000.0,False
540.0,24,available,,7.0,-140000.0,False
540.0,25,available,,7.0,-140000.0,False
540.0,26,available,,7.0,-140000.0,False
540.0,27,available,,7.0,-140000.0,False
540.0,28,available,,7.0,-140000.0,False
540.0,29,available,,7.0,-140000.0,False
540.0,30,available,,7.0,-140000.0,False
540.0,31,available,,7.0,-140000.0,False
540.0,32,available,,7.0,-140000.0,False
540.0,33,available,,7.0,-140000.0,False
540.0,34,available,,7.0,-140000.0,False
540.0,35,available,,7.0,-140000.0,False
540.0,36,available,,7.0,-140000.0,False
540.0,37,available,,7.0,-140000.0,False
540.0,38,available,,7.0,-140000.0,False
540.0,39,available,,7.0,-140000.0,False
540.0,40,available,,7.0,-140000.0,False
540.0,41,available,,7.0,-140000.0,False
570.0,1,en_route,0,-0.44285395207641987,-94400.00218859068,False
570.0,2,en_route,1,0.19948958328226635,-94400.00039781249,False
570.0,3,en_route,2,14.250734362248615,-94400.00071332074,False
570.0,4,available,,10.0,-140000.0,False
570.0,5,available,,5.0,-140000.0,False
570.0,6,available,,4.0,-140000.0,False
570.0,7,available,,4.0,-140000.0,False
570.0,8,available,,4.0,-140000.0,False
570.0,9,available,,4.0,-140000.0,False
570.0,10,available,,4.0,-140000.0,False
570.0,11,damaged,,4.0,-140000.0,True
570.0,12,en_route,0,-6.511902971762165,-94400.00167584114,False
570.0,13,en_route,1,3.0861526904144667,-94400.00034144803,False
570.0,14,en_route,2,10.752906361854802,-94400.00144064939,False
570.0,15,available,,7.40031697606186,-128000.00001498414,False
570.0,16,available,,2.0,-140000.0,False
570.0,17,available,,7.0,-140000.0,False
570.0,18,available,,7.0,-140000.0,False
570.0,19,available,,7.0,-140000.0,False
570.0,20,available,,7.0,-140000.0,False
570.0,21,available,,7.0,-140000.0,False
570.0,22,available,,7.0,-140000.0,False
570.0,23,available,,7.0,-140000.0,False
570.0,24,available,,7.0,-140000.0,False
570.0,25,available,,7.0,-140000.0,False
570.0,26,available,,7.0,-140000.0,False
570.0,27,available,,7.0,-140000.0,False
570.0,28,available,,7.0,-140000.0,False
570.0,29,available,,7.0,-140000.0,False
570.0,30,available,,7.0,-140000.0,False
570.0,31,available,,7.0,-140000.0,False
570.0,32,available,,7.0,-140000.0,False
570.0,33,available,,7.0,-140000.0,False
570.0,34,available,,7.0,-140000.0,False
570.0,35,available,,7.0,-140000.0,False
570.0,36,available,,7.0,-140000.0,False
570.0,37,available,,7.0,-140000.0,False
570.0,38,available,,7.0,-140000.0,False
570.0,39,available,,7.0,-140000.0,False
570.0,40,available,,7.0,-140000.0,False
570.0,41,available,,7.0,-140000.0,False
600.0,1,en_route,0,-1.270379236179415,-92000.00233125695,False
600.0,2,en_route,1,0.21982560157262845,-92000.00039789865,False
600.0,3,en_route,2,14.740049889833383,-92000.00076320193,False
600.0,4,available,,10.0,-140000.0,False
600.0,5,available,,5.0,-140000.0,False
600.0,6,available,,4.0,-140000.0,False
600.0,7,available,,4.0,-140000.0,False
600.0,8,available,,4.0,-140000.0,False
600.0,9,available,,4.0,-140000.0,False
600.0,10,available,,4.0,-140000.0,False
600.0,11,damaged,,4.0,-140000.0,True
600.0,12,en_route,0,-7.185167469390903,-92000.00177027553,False
600.0,13,en_route,1,3.033156454014202,-92000.00034203316,False
600.0,14,en_route,2,11.331136521725623,-92000.00151030566,False
600.0,15,available,,7.40031697606186,-128000.00001498414,False
600.0,16,available,,2.0,-140000.0,False
600.0,17,available,,7.0,-140000.0,False
600.0,18,available,,7.0,-140000.0,False
600.0,19,available,,7.0,-140000.0,False
600.0,20,available,,7.0,-140000.0,False
600.0,21,available,,7.0,-140000.0,False
600.0,22,available,,7.0,-140000.0,False
600.0,23,available,,7.0,-140000.0,False
600.0,24,available,,7.0,-140000.0,False
600.0,25,available,,7.0,-140000.0,False
600.0,26,available,,7.0,-140000.0,False
600.0,27,available,,7.0,-140000.0,False
600.0,28,available,,7.0,-140000.0,False
600.0,29,available,,7.0,-140000.0,False
600.0,30,available,,7.0,-140000.0,False
600.0,31,available,,7.0,-140000.0,False
600.0,32,available,,7.0,-140000.0,False
600.0,33,available,,7.0,-140000.0,False
600.0,34,available,,7.0,-140000.0,False
600.0,35,available,,7.0,-140000.0,False
600.0,36,available,,7.0,-140000.0,False
600.0,37,available,,7.0,-140000.0,False
600.0,38,available,,7.0,-140000.0,False
600.0,39,available,,7.0,-140000.0,False
600.0,40,available,,7.0,-140000.0,False
600.0,41,available,,7.0,-140000.0,False
630.0,1,en_route,0,-2.0979045202824103,-89600.00247392323,False
630.0,2,en_route,1,0.24016161986299056,-89600.00039798481,False
630.0,3,en_route,2,15.229365417418151,-89600.00081308311,False
630.0,4,available,,10.0,-140000.0,False
630.0,5,available,,5.0,-140000.0,False
630.0,6,available,,4.0,-140000.0,False
630.0,7,available,,4.0,-140000.0,False
630.0,8,available,,4.0,-140000.0,False
630.0,9,available,,4.0,-140000.0,False
630.0,10,available,,4.0,-140000.0,False
630.0,11,damaged,,4.0,-140000.0,True
630.0,12,en_route,0,-7.85843196701964,-89600.00186470992,False
630.0,13,en_route,1,2.9801602176139377,-89600.0003426183,False
630.0,14,en_route,2,11.909366681596445,-89600.00157996194,False
630.0,15,available,,7.40031697606186,-128000.00001498414,False
630.0,16,available,,2.0,-140000.0,False
630.0,17,available,,7.0,-140000.0,False
630.0,18,available,,7.0,-140000.0,False
630.0,19,available,,7.0,-140000.0,False
630.0,20,available,,7.0,-140000.0,False
630.0,21,available,,7.0,-140000.0,False
630.0,22,available,,7.0,-140000.0,False
630.0,23,available,,7.0,-140000.0,False
630.0,24,available,,7.0,-140000.0,False
630.0,25,available,,7.0,-140000.0,False
630.0,26,available,,7.0,-140000.0,False
630.0,27,available,,7.0,-140000.0,False
630.0,28,available,,7.0,-140000.0,False
630.0,29,available,,7.0,-140000.0,False
630.0,30,available,,7.0,-140000.0,False
630.0,31,available,,7.0,-140000.0,False
630.0,32,available,,7.0,-140000.0,False
630.0,33,available,,7.0,-140000.0,False
630.0,34,available,,7.0,-140000.0,False
630.0,35,available,,7.0,-140000.0,False
630.0,36,available,,7.0,-140000.0,False
630.0,37,available,,7.0,-140000.0,False
630.0,38,available,,7.0,-140000.0,False
630.0,39,available,,7.0,-140000.0,False
630.0,40,available,,7.0,-140000.0,False
630.0,41,available,,7.0,-140000.0,False
660.0,1,en_route,0,-2.9254298043854052,-87200.00261658951,False
660.0,2,en_route,1,0.26049763815335264,-87200.00039807097,False
660.0,3,en_route,2,15.71868094500292,-87200.0008629643,False
660.0,4,available,,10.0,-140000.0,False
660.0,5,available,,5.0,-140000.0,False
660.0,6,available,,4.0,-140000.0,False
660.0,7,available,,4.0,-140000.0,False
660.0,8,available,,4.0,-140000.0,False
660.0,9,available,,4.0,-140000.0,False
660.0,10,available,,4.0,-140000.0,False
660.0,11,damaged,,4.0,-140000.0,True
660.0,12,en_route,0,-8.531696464648377,-87200.00195914431,False
660.0,13,en_route,1,2.927163981213673,-87200.00034320343,False
660.0,14,en_route,2,12.487596841467267,-87200.00164961822,False
660.0,15,available,,7.40031697606186,-128000.00001498414,False
660.0,16,available,,2.0,-140000.0,False
660.0,17,available,,7.0,-140000.0,False
660.0,18,available,,7.0,-140000.0,False
660.0,19,available,,7.0,-140000.0,False
660.0,20,available,,7.0,-140000.0,False
660.0,21,available,,7.0,-140000.0,False
660.0,22,available,,7.0,-140000.0,False
660.0,23,available,,7.0,-140000.0,False
660.0,24,available,,7.0,-140000.0,False
660.0,25,available,,7.0,-140000.0,False
660.0,26,available,,7.0,-140000.0,False
660.0,27,available,,7.0,-140000.0,False
660.0,28,available,,7.0,-140000.0,False
660.0,29,available,,7.0,-140000.0,False
660.0,30,available,,7.0,-140000.0,False
660.0,31,available,,7.0,-140000.0,False
660.0,32,available,,7.0,-140000.0,False
660.0,33,available,,7.0,-140000.0,False
660.0,34,available,,7.0,-140000.0,False
660.0,35,available,,7.0,-140000.0,False
660.0,36,available,,7.0,-140000.0,False
660.0,37,available,,7.0,-140000.0,False
660.0,38,available,,7.0,-140000.0,False
660.0,39,available,,7.0,-140000.0,False
660.0,40,available,,7.0,-140000.0,False
660.0,41,available,,7.0,-140000.0,False
690.0,1,en_route,0,-3.7529550884884,-84800.00275925579,False
690.0,2,en_route,1,0.2808336564437147,-84800.00039815714,False
690.0,3,en_route,2,16.207996472587688,-84800.00091284548,False
690.0,4,available,,10.0,-140000.0,False
690.0,5,available,,5.0,-140000.0,False
690.0,6,available,,4.0,-140000.0,False
690.0,7,available,,4.0,-140000.0,False
690.0,8,available,,4.0,-140000.0,False
690.0,9,available,,4.0,-140000.0,False
690.0,10,available,,4.0,-140000.0,False
690.0,11,damaged,,4.0,-140000.0,True
690.0,12,en_route,0,-9.204960962277115,-84800.0020535787,False
690.0,13,en_route,1,2.8741677448134086,-84800.00034378856,False
690.0,14,en_route,2,13.06582700133809,-84800.0017192745,False
690.0,15,available,,7.40031697606186,-128000.00001498414,False
690.0,16,available,,2.0,-140000.0,False
690.0,17,available,,7.0,-140000.0,False
690.0,18,available,,7.0,-140000.0,False
690.0,19,available,,7.0,-140000.0,False
690.0,20,available,,7.0,-140000.0,False
690.0,21,available,,7.0,-140000.0,False
690.0,22,available,,7.0,-140000.0,False
690.0,23,available,,7.0,-140000.0,False
690.0,24,available,,7.0,-140000.0,False
690.0,25,available,,7.0,-140000.0,False
690.0,26,available,,7.0,-140000.0,False
690.0,27,available,,7.0,-140000.0,False
690.0,28,available,,7.0,-140000.0,False
690.0,29,available,,7.0,-140000.0,False
690.0,30,available,,7.0,-140000.0,False
690.0,31,available,,7.0,-140000.0,False
690.0,32,available,,7.0,-140000.0,False
690.0,33,available,,7.0,-140000.0,False
690.0,34,available,,7.0,-140000.0,False
690.0,35,available,,7.0,-140000.0,False
690.0,36,available,,7.0,-140000.0,False
690.0,37,available,,7.0,-140000.0,False
690.0,38,available,,7.0,-140000.0,False
690.0,39,available,,7.0,-140000.0,False
690.0,40,available,,7.0,-140000.0,False
690.0,41,available,,7.0,-140000.0,False
720.0,1,en_route,0,-4.580480372591396,-82400.00290192207,False
720.0,2,en_route,1,0.3011696747340768,-82400.0003982433,False
720.0,3,en_route,2,16.697312000172456,-82400.00096272667,False
720.0,4,available,,10.0,-140000.0,False
720.0,5,available,,5.0,-140000.0,False
720.0,6,available,,4.0,-140000.0,False
720.0,7,available,,4.0,-140000.0,False
720.0,8,available,,4.0,-140000.0,False
720.0,9,available,,4.0,-140000.0,False
720.0,10,available,,4.0,-140000.0,False
720.0,11,damaged,,4.0,-140000.0,True
720.0,12,en_route,0,-9.878225459905853,-82400.0021480131,False
720.0,13,en_route,1,2.821171508413144,-82400.00034437368,False
720.0,14,en_route,2,13.644057161208911,-82400.00178893078,False
720.0,15,available,,7.40031697606186,-128000.00001498414,False
720.0,16,available,,2.0,-140000.0,False
720.0,17,available,,7.0,-140000.0,False
720.0,18,available,,7.0,-140000.0,False
720.0,19,available,,7.0,-140000.0,False
720.0,20,available,,7.0,-140000.0,False
720.0,21,available,,7.0,-140000.0,False
720.0,22,available,,7.0,-140000.0,False
720.0,23,available,,7.0,-140000.0,False
720.0,24,available,,7.0,-140000.0,False
720.0,25,available,,7.0,-140000.0,False
720.0,26,available,,7.0,-140000.0,False
720.0,27,available,,7.0,-140000.0,False
720.0,28,available,,7.0,-140000.0,False
720.0,29,available,,7.0,-140000.0,False
720.0,30,available,,7.0,-140000.0,False
720.0,31,available,,7.0,-140000.0,False
720.0,32,available,,7.0,-140000.0,False
720.0,33,available,,7.0,-140000.0,False
720.0,34,available,,7.0,-140000.0,False
720.0,35,available,,7.0,-140000.0,False
720.0,36,available,,7.0,-140000.0,False
720.0,37,available,,7.0,-140000.0,False
720.0,38,available,,7.0,-140000.0,False
720.0,39,available,,7.0,-140000.0,False
720.0,40,available,,7.0,-140000.0,False
720.0,41,available,,7.0,-140000.0,False
750.0,1,en_route,0,-5.408005656694391,-80000.00304458835,False
750.0,2,en_route,1,0.3215056930244389,-80000.00039832946,False
750.0,3,en_route,2,17.186627527757224,-80000.00101260786,False
750.0,4,available,,10.0,-140000.0,False
750.0,5,available,,5.0,-140000.0,False
750.0,6,available,,4.0,-140000.0,False
750.0,7,available,,4.0,-140000.0,False
750.0,8,available,,4.0,-140000.0,False
750.0,9,available,,4.0,-140000.0,False
750.0,10,available,,4.0,-140000.0,False
750.0,11,damaged,,4.0,-140000.0,True
750.0,12,en_route,0,-10.55148995753459,-80000.00224244749,False
750.0,13,en_route,1,2.7681752720128796,-80000.0003449588,False
750.0,14,en_route,2,14.222287321079733,-80000.00185858706,False
750.0,15,available,,7.40031697606186,-128000.00001498414,False
750.0,16,available,,2.0,-140000.0,False
750.0,17,available,,7.0,-140000.0,False
750.0,18,available,,7.0,-140000.0,False
750.0,19,available,,7.0,-140000.0,False
750.0,20,available,,7.0,-140000.0,False
750.0,21,available,,7.0,-140000.0,False
750.0,22,available,,7.0,-140000.0,False
750.0,23,available,,7.0,-140000.0,False
750.0,24,available,,7.0,-140000.0,False
750.0,25,available,,7.0,-140000.0,False
750.0,26,available,,7.0,-140000.0,False
750.0,27,available,,7.0,-140000.0,False
750.0,28,available,,7.0,-140000.0,False
750.0,29,available,,7.0,-140000.0,False
750.0,30,available,,7.0,-140000.0,False
750.0,31,available,,7.0,-140000.0,False
750.0,32,available,,7.0,-140000.0,False
750.0,33,available,,7.0,-140000.0,False
750.0,34,available,,7.0,-140000.0,False
750.0,35,available,,7.0,-140000.0,False
750.0,36,available,,7.0,-140000.0,False
750.0,37,available,,7.0,-140000.0,False
750.0,38,available,,7.0,-140000.0,False
750.0,39,available,,7.0,-140000.0,False
750.0,40,available,,7.0,-140000.0,False
750.0,41,available,,7.0,-140000.0,False
780.0,1,en_route,0,-6.235530940797386,-77600.00318725462,False
780.0,2,en_route,1,0.34184171131480096,-77600.00039841562,False
780.0,3,en_route,2,17.675943055341993,-77600.00106248904,False
780.0,4,available,,10.0,-140000.0,False
780.0,5,available,,5.0,-140000.0,False
780.0,6,available,,4.0,-140000.0,False
780.0,7,available,,4.0,-140000.0,False
780.0,8,available,,4.0,-140000.0,False
780.0,9,available,,4.0,-140000.0,False
780.0,10,available,,4.0,-140000.0,False
780.0,11,damaged,,4.0,-140000.0,True
780.0,12,en_route,0,-11.224754455163328,-77600.00233688188,False
780.0,13,en_route,1,2.715179035612615,-77600.00034554393,False
780.0,14,en_route,2,14.800517480950553,-77600.00192824333,False
780.0,15,available,,7.40031697606186,-128000.00001498414,False
780.0,16,available,,2.0,-140000.0,False
780.0,17,available,,7.0,-140000.0,False
780.0,18,available,,7.0,-140000.0,False
780.0,19,available,,7.0,-140000.0,False
780.0,20,available,,7.0,-140000.0,False
780.0,21,available,,7.0,-140000.0,False
780.0,22,available,,7.0,-140000.0,False
780.0,23,available,,7.0,-140000.0,False
780.0,24,available,,7.0,-140000.0,False
780.0,25,available,,7.0,-140000.0,False
780.0,26,available,,7.0,-140000.0,False
780.0,27,available,,7.0,-140000.0,False
780.0,28,available,,7.0,-140000.0,False
780.0,29,available,,7.0,-140000.0,False
780.0,30,available,,7.0,-140000.0,False
780.0,31,available,,7.0,-140000.0,False
780.0,32,available,,7.0,-140000.0,False
780.0,33,available,,7.0,-140000.0,False
780.0,34,available,,7.0,-140000.0,False
780.0,35,available,,7.0,-140000.0,False
780.0,36,available,,7.0,-140000.0,False
780.0,37,available,,7.0,-140000.0,False
780.0,38,available,,7.0,-140000.0,False
780.0,39,available,,7.0,-140000.0,False
780.0,40,available,,7.0,-140000.0,False
780.0,41,available,,7.0,-140000.0,False
810.0,1,en_route,0,-7.0630562249003805,-75200.0033299209,False
810.0,2,en_route,1,0.36217772960516303,-75200.00039850178,False
810.0,3,en_route,2,18.16525858292676,-75200.00111237023,False
810.0,4,available,,10.0,-140000.0,False
810.0,5,available,,5.0,-140000.0,False
810.0,6,available,,4.0,-140000.0,False
810.0,7,available,,4.0,-140000.0,False
810.0,8,available,,4.0,-140000.0,False
810.0,9,available,,4.0,-140000.0,False
810.0,10,available,,4.0,-140000.0,False
810.0,11,damaged,,4.0,-140000.0,True
810.0,12,en_route,0,-11.898018952792066,-75200.00243131627,False
810.0,13,en_route,1,2.6621827992123506,-75200.00034612906,False
810.0,14,en_route,2,15.378747640821373,-75200.00199789961,False
810.0,15,available,,7.40031697606186,-128000.00001498414,False
810.0,16,available,,2.0,-140000.0,False
810.0,17,available,,7.0,-140000.0,False
810.0,18,available,,7.0,-140000.0,False
810.0,19,available,,7.0,-140000.0,False
810.0,20,available,,7.0,-140000.0,False
810.0,21,available,,7.0,-140000.0,False
810.0,22,available,,7.0,-140000.0,False
810.0,23,available,,7.0,-140000.0,False
810.0,24,available,,7.0,-140000.0,False
810.0,25,available,,7.0,-140000.0,False
810.0,26,available,,7.0,-140000.0,False
810.0,27,available,,7.0,-140000.0,False
810.0,28,available,,7.0,-140000.0,False
810.0,29,available,,7.0,-140000.0,False
810.0,30,available,,7.0,-140000.0,False
810.0,31,available,,7.0,-140000.0,False
810.0,32,available,,7.0,-140000.0,False
810.0,33,available,,7.0,-140000.0,False
810.0,34,available,,7.0,-140000.0,False
810.0,35,available,,7.0,-140000.0,False
810.0,36,available,,7.0,-140000.0,False
810.0,37,available,,7.0,-140000.0,False
810.0,38,available,,7.0,-140000.0,False
810.0,39,available,,7.0,-140000.0,False
810.0,40,available,,7.0,-140000.0,False
810.0,41,available,,7.0,-140000.0,False
840.0,1,en_route,0,-7.8905815090033755,-72800.00347258718,False
840.0,2,en_route,1,0.3825137478955251,-72800.00039858794,False
840.0,3,en_route,2,18.65457411051153,-72800.00116225141,False
840.0,4,available,,10.0,-140000.0,False
840.0,5,available,,5.0,-140000.0,False
840.0,6,available,,4.0,-140000.0,False
840.0,7,available,,4.0,-140000.0,False
840.0,8,available,,4.0,-140000.0,False
840.0,9,available,,4.0,-140000.0,False
840.0,10,available,,4.0,-140000.0,False
840.0,11,damaged,,4.0,-140000.0,True
840.0,12,en_route,0,-12.571283450420804,-72800.00252575066,False
840.0,13,en_route,1,2.609186562812086,-72800.0003467142,False
840.0,14,en_route,2,15.956977800692195,-72800.00206755589,False
840.0,15,available,,7.40031697606186,-128000.00001498414,False
840.0,16,available,,2.0,-140000.0,False
840.0,17,available,,7.0,-140000.0,False
840.0,18,available,,7.0,-140000.0,False
840.0,19,available,,7.0,-140000.0,False
840.0,20,available,,7.0,-140000.0,False
840.0,21,available,,7.0,-140000.0,False
840.0,22,available,,7.0,-140000.0,False
840.0,23,available,,7.0,-140000.0,False
840.0,24,available,,7.0,-140000.0,False
840.0,25,available,,7.0,-140000.0,False
840.0,26,available,,7.0,-140000.0,False
840.0,27,available,,7.0,-140000.0,False
840.0,28,available,,7.0,-140000.0,False
840.0,29,available,,7.0,-140000.0,False
840.0,30,available,,7.0,-140000.0,False
840.0,31,available,,7.0,-140000.0,False
840.0,32,available,,7.0,-140000.0,False
840.0,33,available,,7.0,-140000.0,False
840.0,34,available,,7.0,-140000.0,False
840.0,35,available,,7.0,-140000.0,False
840.0,36,available,,7.0,-140000.0,False
840.0,37,available,,7.0,-140000.0,False
840.0,38,available,,7.0,-140000.0,False
840.0,39,available,,7.0,-140000.0,False
840.0,40,available,,7.0,-140000.0,False
840.0,41,available,,7.0,-140000.0,False
870.0,1,en_route,0,-8.71810679310637,-70400.00361525346,False
870.0,2,en_route,1,0.4028497661858872,-70400.0003986741,False
870.0,3,en_route,2,19.143889638096297,-70400.0012121326,False
870.0,4,available,,10.0,-140000.0,False
870.0,5,available,,5.0,-140000.0,False
870.0,6,available,,4.0,-140000.0,False
870.0,7,available,,4.0,-140000.0,False
870.0,8,available,,4.0,-140000.0,False
870.0,9,available,,4.0,-140000.0,False
870.0,10,available,,4.0,-140000.0,False
870.0,11,damaged,,4.0,-140000.0,True
870.0,12,en_route,0,-13.244547948049542,-70400.00262018506,False
870.0,13,en_route,1,2.5561903264118215,-70400.00034729933,False
870.0,14,en_route,2,16.535207960563017,-70400.00213721217,False
870.0,15,available,,7.40031697606186,-128000.00001498414,False
870.0,16,available,,2.0,-140000.0,False
870.0,17,available,,7.0,-140000.0,False
870.0,18,available,,7.0,-140000.0,False
870.0,19,available,,7.0,-140000.0,False
870.0,20,available,,7.0,-140000.0,False
870.0,21,available,,7.0,-140000.0,False
870.0,22,available,,7.0,-140000.0,False
870.0,23,available,,7.0,-140000.0,False
870.0,24,available,,7.0,-140000.0,False
870.0,25,available,,7.0,-140000.0,False
870.0,26,available,,7.0,-140000.0,False
870.0,27,available,,7.0,-140000.0,False
870.0,28,available,,7.0,-140000.0,False
870.0,29,available,,7.0,-140000.0,False
870.0,30,available,,7.0,-140000.0,False
870.0,31,available,,7.0,-140000.0,False
870.0,32,available,,7.0,-140000.0,False
870.0,33,available,,7.0,-140000.0,False
870.0,34,available,,7.0,-140000.0,False
870.0,35,available,,7.0,-140000.0,False
870.0,36,available,,7.0,-140000.0,False
870.0,37,available,,7.0,-140000.0,False
870.0,38,available,,7.0,-140000.0,False
870.0,39,available,,7.0,-140000.0,False
870.0,40,available,,7.0,-140000.0,False
870.0,41,available,,7.0,-140000.0,False
900.0,1,en_route,0,-9.545632077209365,-68000.00375791974,False
900.0,2,en_route,1,0.42318578447624927,-68000.00039876027,False
900.0,3,en_route,2,19.633205165681066,-68000.00126201379,False
900.0,4,available,,10.0,-140000.0,False
900.0,5,available,,5.0,-140000.0,False
900.0,6,available,,4.0,-140000.0,False
900.0,7,available,,4.0,-140000.0,False
900.0,8,available,,4.0,-140000.0,False
900.0,9,available,,4.0,-140000.0,False
900.0,10,available,,4.0,-140000.0,False
900.0,11,damaged,,4.0,-140000.0,True
900.0,12,en_route,0,-13.91781244567828,-68000.00271461945,False
900.0,13,en_route,1,2.503194090011557,-68000.00034788446,False
900.0,14,en_route,2,17.113438120433837,-68000.00220686845,False
900.0,15,available,,7.40031697606186,-128000.00001498414,False
900.0,16,available,,2.0,-140000.0,False
900.0,17,available,,7.0,-140000.0,False
900.0,18,available,,7.0,-140000.0,False
900.0,19,available,,7.0,-140000.0,False
900.0,20,available,,7.0,-140000.0,False
900.0,21,available,,7.0,-140000.0,False
900.0,22,available,,7.0,-140000.0,False
900.0,23,available,,7.0,-140000.0,False
900.0,24,available,,7.0,-140000.0,False
900.0,25,available,,7.0,-140000.0,False
900.0,26,available,,7.0,-140000.0,False
900.0,27,available,,7.0,-140000.0,False
900.0,28,available,,7.0,-140000.0,False
900.0,29,available,,7.0,-140000.0,False
900.0,30,available,,7.0,-140000.0,False
900.0,31,available,,7.0,-140000.0,False
900.0,32,available,,7.0,-140000.0,False
900.0,33,available,,7.0,-140000.0,False
900.0,34,available,,7.0,-140000.0,False
900.0,35,available,,7.0,-140000.0,False
900.0,36,available,,7.0,-140000.0,False
900.0,37,available,,7.0,-140000.0,False
900.0,38,available,,7.0,-140000.0,False
900.0,39,available,,7.0,-140000.0,False
900.0,40,available,,7.0,-140000.0,False
900.0,41,available,,7.0,-140000.0,False
930.0,1,en_route,0,-10.37315736131236,-65600.00390058602,False
930.0,2,en_route,1,0.44352180276661135,-65600.00039884643,False
930.0,3,en_route,2,20.122520693265834,-65600.00131189497,False
930.0,4,available,,10.0,-140000.0,False
930.0,5,available,,5.0,-140000.0,False
930.0,6,available,,4.0,-140000.0,False
930.0,7,available,,4.0,-140000.0,False
930.0,8,available,,4.0,-140000.0,False
930.0,9,available,,4.0,-140000.0,False
930.0,10,available,,4.0,-140000.0,False
930.0,11,damaged,,4.0,-140000.0,True
930.0,12,en_route,0,-14.591076943307018,-65600.00280905384,False
930.0,13,en_route,1,2.4501978536112925,-65600.00034846959,False
930.0,14,en_route,2,17.691668280304658,-65600.00227652473,False
930.0,15,available,,7.40031697606186,-128000.00001498414,False
930.0,16,available,,2.0,-140000.0,False
930.0,17,available,,7.0,-140000.0,False
930.0,18,available,,7.0,-140000.0,False
930.0,19,available,,7.0,-140000.0,False
930.0,20,available,,7.0,-140000.0,False
930.0,21,available,,7.0,-140000.0,False
930.0,22,available,,7.0,-140000.0,False
930.0,23,available,,7.0,-140000.0,False
930.0,24,available,,7.0,-140000.0,False
930.0,25,available,,7.0,-140000.0,False
930.0,26,available,,7.0,-140000.0,False
930.0,27,available,,7.0,-140000.0,False
930.0,28,available,,7.0,-140000.0,False
930.0,29,available,,7.0,-140000.0,False
930.0,30,available,,7.0,-140000.0,False
930.0,31,available,,7.0,-140000.0,False
930.0,32,available,,7.0,-140000.0,False
930.0,33,available,,7.0,-140000.0,False
930.0,34,available,,7.0,-140000.0,False
930.0,35,available,,7.0,-140000.0,False
930.0,36,available,,7.0,-140000.0,False
930.0,37,available,,7.0,-140000.0,False
930.0,38,available,,7.0,-140000.0,False
930.0,39,available,,7.0,-140000.0,False
930.0,40,available,,7.0,-140000.0,False
930.0,41,available,,7.0,-140000.0,False
960.0,1,en_route,0,-11.200682645415355,-63200.00404325229,False
960.0,2,en_route,1,0.46385782105697343,-63200.000398932585,False
960.0,3,en_route,2,20.611836220850602,-63200.00136177616,False
960.0,4,available,,10.0,-140000.0,False
960.0,5,available,,5.0,-140000.0,False
960.0,6,available,,4.0,-140000.0,False
960.0,7,available,,4.0,-140000.0,False
960.0,8,available,,4.0,-140000.0,False
960.0,9,available,,4.0,-140000.0,False
960.0,10,available,,4.0,-140000.0,False
960.0,11,damaged,,4.0,-140000.0,True
960.0,12,en_route,0,-15.264341440935755,-63200.00290348823,False
960.0,13,en_route,1,2.397201617211028,-63200.00034905472,False
960.0,14,en_route,2,18.269898440175478,-63200.002346181005,False
960.0,15,available,,7.40031697606186,-128000.00001498414,False
960.0,16,available,,2.0,-140000.0,False
960.0,17,available,,7.0,-140000.0,False
960.0,18,available,,7.0,-140000.0,False
960.0,19,available,,7.0,-140000.0,False
960.0,20,available,,7.0,-140000.0,False
960.0,21,available,,7.0,-140000.0,False
960.0,22,available,,7.0,-140000.0,False
960.0,23,available,,7.0,-140000.0,False
960.0,24,available,,7.0,-140000.0,False
960.0,25,available,,7.0,-140000.0,False
960.0,26,available,,7.0,-140000.0,False
960.0,27,available,,7.0,-140000.0,False
960.0,28,available,,7.0,-140000.0,False
960.0,29,available,,7.0,-140000.0,False
960.0,30,available,,7.0,-140000.0,False
960.0,31,available,,7.0,-140000.0,False
960.0,32,available,,7.0,-140000.0,False
960.0,33,available,,7.0,-140000.0,False
960.0,34,available,,7.0,-140000.0,False
960.0,35,available,,7.0,-140000.0,False
960.0,36,available,,7.0,-140000.0,False
960.0,37,available,,7.0,-140000.0,False
960.0,38,available,,7.0,-140000.0,False
960.0,39,available,,7.0,-140000.0,False
960.0,40,available,,7.0,-140000.0,False
960.0,41,available,,7.0,-140000.0,False
990.0,1,en_route,0,-12.02820792951835,-60800.00418591856,False
990.0,2,en_route,1,0.4841938393473355,-60800.00039901874,False
990.0,3,en_route,2,21.10115174843537,-60800.001411657344,False
990.0,4,available,,10.0,-140000.0,False
990.0,5,available,,5.0,-140000.0,False
990.0,6,available,,4.0,-140000.0,False
990.0,7,available,,4.0,-140000.0,False
990.0,8,available,,4.0,-140000.0,False
990.0,9,available,,4.0,-140000.0,False
990.0,10,available,,4.0,-140000.0,False
990.0,11,damaged,,4.0,-140000.0,True
990.0,12,en_route,0,-15.937605938564493,-60800.002997922624,False
990.0,13,en_route,1,2.3442053808107635,-60800.00034963984,False
990.0,14,en_route,2,18.848128600046298,-60800.00241583728,False
990.0,15,available,,7.40031697606186,-128000.00001498414,False
990.0,16,available,,2.0,-140000.0,False
990.0,17,available,,7.0,-140000.0,False
990.0,18,available,,7.0,-140000.0,False
990.0,19,available,,7.0,-140000.0,False
990.0,20,available,,7.0,-140000.0,False
990.0,21,available,,7.0,-140000.0,False
990.0,22,available,,7.0,-140000.0,False
990.0,23,available,,7.0,-140000.0,False
990.0,24,available,,7.0,-140000.0,False
990.0,25,available,,7.0,-140000.0,False
990.0,26,available,,7.0,-140000.0,False
990.0,27,available,,7.0,-140000.0,False
990.0,28,available,,7.0,-140000.0,False
990.0,29,available,,7.0,-140000.0,False
990.0,30,available,,7.0,-140000.0,False
990.0,31,available,,7.0,-140000.0,False
990.0,32,available,,7.0,-140000.0,False
990.0,33,available,,7.0,-140000.0,False
990.0,34,available,,7.0,-140000.0,False
990.0,35,available,,7.0,-140000.0,False
990.0,36,available,,7.0,-140000.0,False
990.0,37,available,,7.0,-140000.0,False
990.0,38,available,,7.0,-140000.0,False
990.0,39,available,,7.0,-140000.0,False
990.0,40,available,,7.0,-140000.0,False
990.0,41,available,,7.0,-140000.0,False
1020.0,1,en_route,0,-12.855733213621345,-58400.00432858483,False
1020.0,2,en_route,1,0.5045298576376976,-58400.000399104894,False
1020.0,3,en_route,2,21.59046727602014,-58400.00146153853,False
1020.0,4,available,,10.0,-140000.0,False
1020.0,5,available,,5.0,-140000.0,False
1020.0,6,available,,4.0,-140000.0,False
1020.0,7,available,,4.0,-140000.0,False
1020.0,8,available,,4.0,-140000.0,False
1020.0,9,available,,4.0,-140000.0,False
1020.0,10,available,,4.0,-140000.0,False
1020.0,11,damaged,,4.0,-140000.0,True
1020.0,12,en_route,0,-16.61087043619323,-58400.003092357016,False
1020.0,13,en_route,1,2.291209144410499,-58400.00035022497,False
1020.0,14,en_route,2,19.426358759917118,-58400.00248549356,False
1020.0,15,available,,7.40031697606186,-128000.00001498414,False
1020.0,16,available,,2.0,-140000.0,False
1020.0,17,available,,7.0,-140000.0,False
1020.0,18,available,,7.0,-140000.0,False
1020.0,19,available,,7.0,-140000.0,False
1020.0,20,available,,7.0,-140000.0,False
1020.0,21,available,,7.0,-140000.0,False
1020.0,22,available,,7.0,-140000.0,False
1020.0,23,available,,7.0,-140000.0,False
1020.0,24,available,,7.0,-140000.0,False
1020.0,25,available,,7.0,-140000.0,False
1020.0,26,available,,7.0,-140000.0,False
1020.0,27,available,,7.0,-140000.0,False
1020.0,28,available,,7.0,-140000.0,False
1020.0,29,available,,7.0,-140000.0,False
1020.0,30,available,,7.0,-140000.0,False
1020.0,31,available,,7.0,-140000.0,False
1020.0,32,available,,7.0,-140000.0,False
1020.0,33,available,,7.0,-140000.0,False
1020.0,34,available,,7.0,-140000.0,False
1020.0,35,available,,7.0,-140000.0,False
1020.0,36,available,,7.0,-140000.0,False
1020.0,37,available,,7.0,-140000.0,False
1020.0,38,available,,7.0,-140000.0,False
1020.0,39,available,,7.0,-140000.0,False
1020.0,40,available,,7.0,-140000.0,False
1020.0,41,available,,7.0,-140000.0,False
1050.0,1,en_route,0,-13.68325849772434,-56000.0044712511,False
1050.0,2,en_route,1,0.5248658759280598,-56000.00039919105,False
1050.0,3,en_route,2,22.079782803604907,-56000.001511419716,False
1050.0,4,available,,10.0,-140000.0,False
1050.0,5,available,,5.0,-140000.0,False
1050.0,6,available,,4.0,-140000.0,False
1050.0,7,available,,4.0,-140000.0,False
1050.0,8,available,,4.0,-140000.0,False
1050.0,9,available,,4.0,-140000.0,False
1050.0,10,available,,4.0,-140000.0,False
1050.0,11,damaged,,4.0,-140000.0,True
1050.0,12,en_route,0,-17.284134933821967,-56000.00318679141,False
1050.0,13,en_route,1,2.2382129080102344,-56000.00035081009,False
1050.0,14,en_route,2,20.00458891978794,-56000.00255514984,False
1050.0,15,available,,7.40031697606186,-128000.00001498414,False
1050.0,16,available,,2.0,-140000.0,False
1050.0,17,available,,7.0,-140000.0,False
1050.0,18,available,,7.0,-140000.0,False
1050.0,19,available,,7.0,-140000.0,False
1050.0,20,available,,7.0,-140000.0,False
1050.0,21,available,,7.0,-140000.0,False
1050.0,22,available,,7.0,-140000.0,False
1050.0,23,available,,7.0,-140000.0,False
1050.0,24,available,,7.0,-140000.0,False
1050.0,25,available,,7.0,-140000.0,False
1050.0,26,available,,7.0,-140000.0,False
1050.0,27,available,,7.0,-140000.0,False
1050.0,28,available,,7.0,-140000.0,False
1050.0,29,available,,7.0,-140000.0,False
1050.0,30,available,,7.0,-140000.0,False
1050.0,31,available,,7.0,-140000.0,False
1050.0,32,available,,7.0,-140000.0,False
1050.0,33,available,,7.0,-140000.0,False
1050.0,34,available,,7.0,-140000.0,False
1050.0,35,available,,7.0,-140000.0,False
1050.0,36,available,,7.0,-140000.0,False
1050.0,37,available,,7.0,-140000.0,False
1050.0,38,available,,7.0,-140000.0,False
1050.0,39,available,,7.0,-140000.0,False
1050.0,40,available,,7.0,-140000.0,False
1050.0,41,available,,7.0,-140000.0,False
1080.0,1,en_route,0,-14.510783781827335,-53600.00461391737,False
1080.0,2,en_route,1,0.5452018942184219,-53600.0003992772,False
1080.0,3,en_route,2,22.569098331189675,-53600.0015613009,False
1080.0,4,available,,10.0,-140000.0,False
1080.0,5,available,,5.0,-140000.0,False
1080.0,6,available,,4.0,-140000.0,False
1080.0,7,available,,4.0,-140000.0,False
1080.0,8,available,,4.0,-140000.0,False
1080.0,9,available,,4.0,-140000.0,False
1080.0,10,available,,4.0,-140000.0,False
1080.0,11,damaged,,4.0,-140000.0,True
1080.0,12,en_route,0,-17.957399431450703,-53600.0032812258,False
1080.0,13,en_route,1,2.18521667160997,-53600.00035139522,False
1080.0,14,en_route,2,20.58281907965876,-53600.00262480612,False
1080.0,15,available,,7.40031697606186,-128000.00001498414,False
1080.0,16,available,,2.0,-140000.0,False
1080.0,17,available,,7.0,-140000.0,False
1080.0,18,available,,7.0,-140000.0,False
1080.0,19,available,,7.0,-140000.0,False
1080.0,20,available,,7.0,-140000.0,False
1080.0,21,available,,7.0,-140000.0,False
1080.0,22,available,,7.0,-140000.0,False
1080.0,23,available,,7.0,-140000.0,False
1080.0,24,available,,7.0,-140000.0,False
1080.0,25,available,,7.0,-140000.0,False
1080.0,26,available,,7.0,-140000.0,False
1080.0,27,available,,7.0,-140000.0,False
1080.0,28,available,,7.0,-140000.0,False
1080.0,29,available,,7.0,-140000.0,False
1080.0,30,available,,7.0,-140000.0,False
1080.0,31,available,,7.0,-140000.0,False
1080.0,32,available,,7.0,-140000.0,False
1080.0,33,available,,7.0,-140000.0,False
1080.0,34,available,,7.0,-140000.0,False
1080.0,35,available,,7.0,-140000.0,False
1080.0,36,available,,7.0,-140000.0,False
1080.0,37,available,,7.0,-140000.0,False
1080.0,38,available,,7.0,-140000.0,False
1080.0,39,available,,7.0,-140000.0,False
1080.0,40,available,,7.0,-140000.0,False
1080.0,41,available,,7.0,-140000.0,False
1110.0,1,en_route,0,-15.33830906593033,-51200.00475658364,False
1110.0,2,en_route,1,0.565537912508784,-51200.00039936336,False
1110.0,3,en_route,2,23.058413858774443,-51200.00161118209,False
1110.0,4,available,,10.0,-140000.0,False
1110.0,5,available,,5.0,-140000.0,False
1110.0,6,available,,4.0,-140000.0,False
1110.0,7,available,,4.0,-140000.0,False
1110.0,8,available,,4.0,-140000.0,False
1110.0,9,available,,4.0,-140000.0,False
1110.0,10,available,,4.0,-140000.0,False
1110.0,11,damaged,,4.0,-140000.0,True
1110.0,12,en_route,0,-18.63066392907944,-51200.00337566019,False
1110.0,13,en_route,1,2.1322204352097054,-51200.00035198034,False
1110.0,14,en_route,2,21.16104923952958,-51200.0026944624,False
1110.0,15,available,,7.40031697606186,-128000.00001498414,False
1110.0,16,available,,2.0,-140000.0,False
1110.0,17,available,,7.0,-140000.0,False
1110.0,18,available,,7.0,-140000.0,False
1110.0,19,available,,7.0,-140000.0,False
1110.0,20,available,,7.0,-140000.0,False
1110.0,21,available,,7.0,-140000.0,False
1110.0,22,available,,7.0,-140000.0,False
1110.0,23,available,,7.0,-140000.0,False
1110.0,24,available,,7.0,-140000.0,False
1110.0,25,available,,7.0,-140000.0,False
1110.0,26,available,,7.0,-140000.0,False
1110.0,27,available,,7.0,-140000.0,False
1110.0,28,available,,7.0,-140000.0,False
1110.0,29,available,,7.0,-140000.0,False
1110.0,30,available,,7.0,-140000.0,False
1110.0,31,available,,7.0,-140000.0,False
1110.0,32,available,,7.0,-140000.0,False
1110.0,33,available,,7.0,-140000.0,False
1110.0,34,available,,7.0,-140000.0,False
1110.0,35,available,,7.0,-140000.0,False
1110.0,36,available,,7.0,-140000.0,False
1110.0,37,available,,7.0,-140000.0,False
1110.0,38,available,,7.0,-140000.0,False
1110.0,39,available,,7.0,-140000.0,False
1110.0,40,available,,7.0,-140000.0,False
1110.0,41,available,,7.0,-140000.0,False
1140.0,1,en_route,0,-16.165834350033325,-48800.004899249914,False
1140.0,2,en_route,1,0.5858739307991462,-48800.00039944951,False
1140.0,3,en_route,2,23.547729386359208,-48800.001661063274,False
1140.0,4,available,,10.0,-140000.0,False
1140.0,5,available,,5.0,-140000.0,False
1140.0,6,available,,4.0,-140000.0,False
1140.0,7,available,,4.0,-140000.0,False
1140.0,8,available,,4.0,-140000.0,False
1140.0,9,available,,4.0,-140000.0,False
1140.0,10,available,,4.0,-140000.0,False
1140.0,11,damaged,,4.0,-140000.0,True
1140.0,12,en_route,0,-19.30392842670818,-48800.00347009458,False
1140.0,13,en_route,1,2.079224198809441,-48800.00035256547,False
1140.0,14,en_route,2,21.7392793994004,-48800.002764118675,False
1140.0,15,available,,7.40031697606186,-128000.00001498414,False
1140.0,16,available,,2.0,-140000.0,False
1140.0,17,available,,7.0,-140000.0,False
1140.0,18,available,,7.0,-140000.0,False
1140.0,19,available,,7.0,-140000.0,False
1140.0,20,available,,7.0,-140000.0,False
1140.0,21,available,,7.0,-140000.0,False
1140.0,22,available,,7.0,-140000.0,False
1140.0,23,available,,7.0,-140000.0,False
1140.0,24,available,,7.0,-140000.0,False
1140.0,25,available,,7.0,-140000.0,False
1140.0,26,available,,7.0,-140000.0,False
1140.0,27,available,,7.0,-140000.0,False
1140.0,28,available,,7.0,-140000.0,False
1140.0,29,available,,7.0,-140000.0,False
1140.0,30,available,,7.0,-140000.0,False
1140.0,31,available,,7.0,-140000.0,False
1140.0,32,available,,7.0,-140000.0,False
1140.0,33,available,,7.0,-140000.0,False
1140.0,34,available,,7.0,-140000.0,False
1140.0,35,available,,7.0,-140000.0,False
1140.0,36,available,,7.0,-140000.0,False
1140.0,37,available,,7.0,-140000.0,False
1140.0,38,available,,7.0,-140000.0,False
1140.0,39,available,,7.0,-140000.0,False
1140.0,40,available,,7.0,-140000.0,False
1140.0,41,available,,7.0,-140000.0,False
1170.0,1,en_route,0,-16.99335963413632,-46400.005041916185,False
1170.0,2,en_route,1,0.6062099490895083,-46400.00039953567,False
1170.0,3,en_route,2,24.037044913943976,-46400.00171094446,False
1170.0,4,available,,10.0,-140000.0,False
1170.0,5,available,,5.0,-140000.0,False
1170.0,6,available,,4.0,-140000.0,False
1170.0,7,available,,4.0,-140000.0,False
1170.0,8,available,,4.0,-140000.0,False
1170.0,9,available,,4.0,-140000.0,False
1170.0,10,available,,4.0,-140000.0,False
1170.0,11,damaged,,4.0,-140000.0,True
1170.0,12,en_route,0,-19.97719292433692,-46400.003564528975,False
1170.0,13,en_route,1,2.0262279624091764,-46400.00035315059,False
1170.0,14,en_route,2,22.31750955927122,-46400.00283377495,False
1170.0,15,available,,7.40031697606186,-128000.00001498414,False
1170.0,16,available,,2.0,-140000.0,False
1170.0,17,available,,7.0,-140000.0,False
1170.0,18,available,,7.0,-140000.0,False
1170.0,19,available,,7.0,-140000.0,False
1170.0,20,available,,7.0,-140000.0,False
1170.0,21,available,,7.0,-140000.0,False
1170.0,22,available,,7.0,-140000.0,False
1170.0,23,available,,7.0,-140000.0,False
1170.0,24,available,,7.0,-140000.0,False
1170.0,25,available,,7.0,-140000.0,False
1170.0,26,available,,7.0,-140000.0,False
1170.0,27,available,,7.0,-140000.0,False
1170.0,28,available,,7.0,-140000.0,False
1170.0,29,available,,7.0,-140000.0,False
1170.0,30,available,,7.0,-140000.0,False
1170.0,31,available,,7.0,-140000.0,False
1170.0,32,available,,7.0,-140000.0,False
1170.0,33,available,,7.0,-140000.0,False
1170.0,34,available,,7.0,-140000.0,False
1170.0,35,available,,7.0,-140000.0,False
1170.0,36,available,,7.0,-140000.0,False
1170.0,37,available,,7.0,-140000.0,False
1170.0,38,available,,7.0,-140000.0,False
1170.0,39,available,,7.0,-140000.0,False
1170.0,40,available,,7.0,-140000.0,False
1170.0,41,available,,7.0,-140000.0,False
1200.0,1,en_route,0,-17.820884918239315,-44000.00518458246,False
1200.0,2,en_route,1,0.6265459673798704,-44000.00039962182,False
1200.0,3,en_route,2,24.526360441528745,-44000.001760825646,False
1200.0,4,available,,10.0,-140000.0,False
1200.0,5,available,,5.0,-140000.0,False
1200.0,6,available,,4.0,-140000.0,False
1200.0,7,available,,4.0,-140000.0,False
1200.0,8,available,,4.0,-140000.0,False
1200.0,9,available,,4.0,-140000.0,False
1200.0,10,available,,4.0,-140000.0,False
1200.0,11,damaged,,4.0,-140000.0,True
1200.0,12,en_route,0,-20.65045742196566,-44000.00365896337,False
1200.0,13,en_route,1,1.9732317260089116,-44000.00035373572,False
1200.0,14,en_route,2,22.89573971914204,-44000.00290343123,False
1200.0,15,available,,7.40031697606186,-128000.00001498414,False
1200.0,16,available,,2.0,-140000.0,False
1200.0,17,available,,7.0,-140000.0,False
1200.0,18,available,,7.0,-140000.0,False
1200.0,19,available,,7.0,-140000.0,False
1200.0,20,available,,7.0,-140000.0,False
1200.0,21,available,,7.0,-140000.0,False
1200.0,22,available,,7.0,-140000.0,False
1200.0,23,available,,7.0,-140000.0,False
1200.0,24,available,,7.0,-140000.0,False
1200.0,25,available,,7.0,-140000.0,False
1200.0,26,available,,7.0,-140000.0,False
1200.0,27,available,,7.0,-140000.0,False
1200.0,28,available,,7.0,-140000.0,False
1200.0,29,available,,7.0,-140000.0,False
1200.0,30,available,,7.0,-140000.0,False
1200.0,31,available,,7.0,-140000.0,False
1200.0,32,available,,7.0,-140000.0,False
1200.0,33,available,,7.0,-140000.0,False
1200.0,34,available,,7.0,-140000.0,False
1200.0,35,available,,7.0,-140000.0,False
1200.0,36,available,,7.0,-140000.0,False
1200.0,37,available,,7.0,-140000.0,False
1200.0,38,available,,7.0,-140000.0,False
1200.0,39,available,,7.0,-140000.0,False
1200.0,40,available,,7.0,-140000.0,False
1200.0,41,available,,7.0,-140000.0,False
1230.0,1,en_route,0,-18.648410202342312,-41600.00532724873,False
1230.0,2,en_route,1,0.6468819856702326,-41600.00039970798,False
1230.0,3,en_route,2,25.01567596911351,-41600.00181070683,False
1230.0,4,available,,10.0,-140000.0,False
1230.0,5,available,,5.0,-140000.0,False
1230.0,6,available,,4.0,-140000.0,False
1230.0,7,available,,4.0,-140000.0,False
1230.0,8,available,,4.0,-140000.0,False
1230.0,9,available,,4.0,-140000.0,False
1230.0,10,available,,4.0,-140000.0,False
1230.0,11,damaged,,4.0,-140000.0,True
1230.0,12,en_route,0,-21.323721919594394,-41600.00375339776,False
1230.0,13,en_route,1,1.9202354896086469,-41600.000354320844,False
1230.0,14,en_route,2,23.47396987901286,-41600.00297308751,False
1230.0,15,available,,7.40031697606186,-128000.00001498414,False
1230.0,16,available,,2.0,-140000.0,False
1230.0,17,available,,7.0,-140000.0,False
1230.0,18,available,,7.0,-140000.0,False
1230.0,19,available,,7.0,-140000.0,False
1230.0,20,available,,7.0,-140000.0,False
1230.0,21,available,,7.0,-140000.0,False
1230.0,22,available,,7.0,-140000.0,False
1230.0,23,available,,7.0,-140000.0,False
1230.0,24,available,,7.0,-140000.0,False
1230.0,25,available,,7.0,-140000.0,False
1230.0,26,available,,7.0,-140000.0,False
1230.0,27,available,,7.0,-140000.0,False
1230.0,28,available,,7.0,-140000.0,False
1230.0,29,available,,7.0,-140000.0,False
1230.0,30,available,,7.0,-140000.0,False
1230.0,31,available,,7.0,-140000.0,False
1230.0,32,available,,7.0,-140000.0,False
1230.0,33,available,,7.0,-140000.0,False
1230.0,34,available,,7.0,-140000.0,False
1230.0,35,available,,7.0,-140000.0,False
1230.0,36,available,,7.0,-140000.0,False
1230.0,37,available,,7.0,-140000.0,False
1230.0,38,available,,7.0,-140000.0,False
1230.0,39,available,,7.0,-140000.0,False
1230.0,40,available,,7.0,-140000.0,False
1230.0,41,available,,7.0,-140000.0,False
1260.0,1,en_route,0,-19.47593548644531,-39200.005469915,False
1260.0,2,en_route,1,0.6672180039605947,-39200.00039979413,False
1260.0,3,en_route,2,25.504991496698278,-39200.00186058802,False
1260.0,4,available,,10.0,-140000.0,False
1260.0,5,available,,5.0,-140000.0,False
1260.0,6,available,,4.0,-140000.0,False
1260.0,7,available,,4.0,-140000.0,False
1260.0,8,available,,4.0,-140000.0,False
1260.0,9,available,,4.0,-140000.0,False
1260.0,10,available,,4.0,-140000.0,False
1260.0,11,damaged,,4.0,-140000.0,True
1260.0,12,en_route,0,-21.996986417223134,-39200.00384783215,False
1260.0,13,en_route,1,1.8672392532083824,-39200.00035490597,False
1260.0,14,en_route,2,24.05220003888368,-39200.00304274379,False
1260.0,15,available,,7.40031697606186,-128000.00001498414,False
1260.0,16,available,,2.0,-140000.0,False
1260.0,17,available,,7.0,-140000.0,False
1260.0,18,available,,7.0,-140000.0,False
1260.0,19,available,,7.0,-140000.0,False
1260.0,20,available,,7.0,-140000.0,False
1260.0,21,available,,7.0,-140000.0,False
1260.0,22,available,,7.0,-140000.0,False
1260.0,23,available,,7.0,-140000.0,False
1260.0,24,available,,7.0,-140000.0,False
1260.0,25,available,,7.0,-140000.0,False
1260.0,26,available,,7.0,-140000.0,False
1260.0,27,available,,7.0,-140000.0,False
1260.0,28,available,,7.0,-140000.0,False
1260.0,29,available,,7.0,-140000.0,False
1260.0,30,available,,7.0,-140000.0,False
1260.0,31,available,,7.0,-140000.0,False
1260.0,32,available,,7.0,-140000.0,False
1260.0,33,available,,7.0,-140000.0,False
1260.0,34,available,,7.0,-140000.0,False
1260.0,35,available,,7.0,-140000.0,False
1260.0,36,available,,7.0,-140000.0,False
1260.0,37,available,,7.0,-140000.0,False
1260.0,38,available,,7.0,-140000.0,False
1260.0,39,available,,7.0,-140000.0,False
1260.0,40,available,,7.0,-140000.0,False
1260.0,41,available,,7.0,-140000.0,False
1290.0,1,en_route,0,-20.303460770548302,-36800.00561258127,False
1290.0,2,en_route,1,0.6875540222509569,-36800.000399880286,False
1290.0,3,en_route,2,25.994307024283042,-36800.001910469204,False
1290.0,4,available,,10.0,-140000.0,False
1290.0,5,available,,5.0,-140000.0,False
1290.0,6,available,,4.0,-140000.0,False
1290.0,7,available,,4.0,-140000.0,False
1290.0,8,available,,4.0,-140000.0,False
1290.0,9,available,,4.0,-140000.0,False
1290.0,10,available,,4.0,-140000.0,False
1290.0,11,damaged,,4.0,-140000.0,True
1290.0,12,en_route,0,-22.670250914851874,-36800.00394226654,False
1290.0,13,en_route,1,1.8142430168081176,-36800.000355491095,False
1290.0,14,en_route,2,24.6304301987545,-36800.00311240007,False
1290.0,15,available,,7.40031697606186,-128000.00001498414,False
1290.0,16,available,,2.0,-140000.0,False
1290.0,17,available,,7.0,-140000.0,False
1290.0,18,available,,7.0,-140000.0,False
1290.0,19,available,,7.0,-140000.0,False
1290.0,20,available,,7.0,-140000.0,False
1290.0,21,available,,7.0,-140000.0,False
1290.0,22,available,,7.0,-140000.0,False
1290.0,23,available,,7.0,-140000.0,False
1290.0,24,available,,7.0,-140000.0,False
1290.0,25,available,,7.0,-140000.0,False
1290.0,26,available,,7.0,-140000.0,False
1290.0,27,available,,7.0,-140000.0,False
1290.0,28,available,,7.0,-140000.0,False
1290.0,29,available,,7.0,-140000.0,False
1290.0,30,available,,7.0,-140000.0,False
1290.0,31,available,,7.0,-140000.0,False
1290.0,32,available,,7.0,-140000.0,False
1290.0,33,available,,7.0,-140000.0,False
1290.0,34,available,,7.0,-140000.0,False
1290.0,35,available,,7.0,-140000.0,False
1290.0,36,available,,7.0,-140000.0,False
1290.0,37,available,,7.0,-140000.0,False
1290.0,38,available,,7.0,-140000.0,False
1290.0,39,available,,7.0,-140000.0,False
1290.0,40,available,,7.0,-140000.0,False
1290.0,41,available,,7.0,-140000.0,False
1320.0,1,en_route,0,-21.1309860546513,-34400.00575524754,False
1320.0,2,en_route,1,0.7078900405413189,-34400.00039996644,False
1320.0,3,en_route,2,26.48362255186781,-34400.00196035039,False
1320.0,4,available,,10.0,-140000.0,False
1320.0,5,available,,5.0,-140000.0,False
1320.0,6,available,,4.0,-140000.0,False
1320.0,7,available,,4.0,-140000.0,False
1320.0,8,available,,4.0,-140000.0,False
1320.0,9,available,,4.0,-140000.0,False
1320.0,10,available,,4.0,-140000.0,False
1320.0,11,damaged,,4.0,-140000.0,True
1320.0,12,en_route,0,-23.343515412480613,-34400.004036700935,False
1320.0,13,en_route,1,1.7612467804078529,-34400.00035607622,False
1320.0,14,en_route,2,25.20866035862532,-34400.003182056345,False
1320.0,15,available,,7.40031697606186,-128000.00001498414,False
1320.0,16,available,,2.0,-140000.0,False
1320.0,17,available,,7.0,-140000.0,False
1320.0,18,available,,7.0,-140000.0,False
1320.0,19,available,,7.0,-140000.0,False
1320.0,20,available,,7.0,-140000.0,False
1320.0,21,available,,7.0,-140000.0,False
1320.0,22,available,,7.0,-140000.0,False
1320.0,23,available,,7.0,-140000.0,False
1320.0,24,available,,7.0,-140000.0,False
1320.0,25,available,,7.0,-140000.0,False
1320.0,26,available,,7.0,-140000.0,False
1320.0,27,available,,7.0,-140000.0,False
1320.0,28,available,,7.0,-140000.0,False
1320.0,29,available,,7.0,-140000.0,False
1320.0,30,available,,7.0,-140000.0,False
1320.0,31,available,,7.0,-140000.0,False
1320.0,32,available,,7.0,-140000.0,False
1320.0,33,available,,7.0,-140000.0,False
1320.0,34,available,,7.0,-140000.0,False
1320.0,35,available,,7.0,-140000.0,False
1320.0,36,available,,7.0,-140000.0,False
1320.0,37,available,,7.0,-140000.0,False
1320.0,38,available,,7.0,-140000.0,False
1320.0,39,available,,7.0,-140000.0,False
1320.0,40,available,,7.0,-140000.0,False
1320.0,41,available,,7.0,-140000.0,False
1350.0,1,en_route,0,-21.958511338754295,-32000.005897913816,False
1350.0,2,en_route,1,0.728226058831681,-32000.0004000526,False
1350.0,3,en_route,2,26.972938079452575,-32000.002010231576,False
1350.0,4,available,,10.0,-140000.0,False
1350.0,5,available,,5.0,-140000.0,False
1350.0,6,available,,4.0,-140000.0,False
1350.0,7,available,,4.0,-140000.0,False
1350.0,8,available,,4.0,-140000.0,False
1350.0,9,available,,4.0,-140000.0,False
1350.0,10,available,,4.0,-140000.0,False
1350.0,11,damaged,,4.0,-140000.0,True
1350.0,12,en_route,0,-24.01677991010935,-32000.00413113533,False
1350.0,13,en_route,1,1.7082505440075884,-32000.000356661345,False
1350.0,14,en_route,2,25.78689051849614,-32000.00325171262,False
1350.0,15,available,,7.40031697606186,-128000.00001498414,False
1350.0,16,available,,2.0,-140000.0,False
1350.0,17,available,,7.0,-140000.0,False
1350.0,18,available,,7.0,-140000.0,False
1350.0,19,available,,7.0,-140000.0,False
1350.0,20,available,,7.0,-140000.0,False
1350.0,21,available,,7.0,-140000.0,False
1350.0,22,available,,7.0,-140000.0,False
1350.0,23,available,,7.0,-140000.0,False
1350.0,24,available,,7.0,-140000.0,False
1350.0,25,available,,7.0,-140000.0,False
1350.0,26,available,,7.0,-140000.0,False
1350.0,27,available,,7.0,-140000.0,False
1350.0,28,available,,7.0,-140000.0,False
1350.0,29,available,,7.0,-140000.0,False
1350.0,30,available,,7.0,-140000.0,False
1350.0,31,available,,7.0,-140000.0,False
1350.0,32,available,,7.0,-140000.0,False
1350.0,33,available,,7.0,-140000.0,False
1350.0,34,available,,7.0,-140000.0,False
1350.0,35,available,,7.0,-140000.0,False
1350.0,36,available,,7.0,-140000.0,False
1350.0,37,available,,7.0,-140000.0,False
1350.0,38,available,,7.0,-140000.0,False
1350.0,39,available,,7.0,-140000.0,False
1350.0,40,available,,7.0,-140000.0,False
1350.0,41,available,,7.0,-140000.0,False
1380.0,1,en_route,0,-22.78603662285729,-29600.00604058009,False
1380.0,2,en_route,1,0.7485620771220431,-29600.000400138757,False
1380.0,3,en_route,2,27.46225360703734,-29600.00206011276,False
1380.0,4,available,,10.0,-140000.0,False
1380.0,5,available,,5.0,-140000.0,False
1380.0,6,available,,4.0,-140000.0,False
1380.0,7,available,,4.0,-140000.0,False
1380.0,8,available,,4.0,-140000.0,False
1380.0,9,available,,4.0,-140000.0,False
1380.0,10,available,,4.0,-140000.0,False
1380.0,11,damaged,,4.0,-140000.0,True
1380.0,12,en_route,0,-24.690044407738085,-29600.004225569726,False
1380.0,13,en_route,1,1.6552543076073236,-29600.00035724647,False
1380.0,14,en_route,2,26.36512067836696,-29600.003321368895,False
1380.0,15,available,,7.40031697606186,-128000.00001498414,False
1380.0,16,available,,2.0,-140000.0,False
1380.0,17,available,,7.0,-140000.0,False
1380.0,18,available,,7.0,-140000.0,False
1380.0,19,available,,7.0,-140000.0,False
1380.0,20,available,,7.0,-140000.0,False
1380.0,21,available,,7.0,-140000.0,False
1380.0,22,available,,7.0,-140000.0,False
1380.0,23,available,,7.0,-140000.0,False
1380.0,24,available,,7.0,-140000.0,False
1380.0,25,available,,7.0,-140000.0,False
1380.0,26,available,,7.0,-140000.0,False
1380.0,27,available,,7.0,-140000.0,False
1380.0,28,available,,7.0,-140000.0,False
1380.0,29,available,,7.0,-140000.0,False
1380.0,30,available,,7.0,-140000.0,False
1380.0,31,available,,7.0,-140000.0,False
1380.0,32,available,,7.0,-140000.0,False
1380.0,33,available,,7.0,-140000.0,False
1380.0,34,available,,7.0,-140000.0,False
1380.0,35,available,,7.0,-140000.0,False
1380.0,36,available,,7.0,-140000.0,False
1380.0,37,available,,7.0,-140000.0,False
1380.0,38,available,,7.0,-140000.0,False
1380.0,39,available,,7.0,-140000.0,False
1380.0,40,available,,7.0,-140000.0,False
1380.0,41,available,,7.0,-140000.0,False
1410.0,1,en_route,0,-23.613561906960282,-27200.006183246365,False
1410.0,2,en_route,1,0.7688980954124052,-27200.000400224915,False
1410.0,3,en_route,2,27.951569134622105,-27200.002109993948,False
1410.0,4,available,,10.0,-140000.0,False
1410.0,5,available,,5.0,-140000.0,False
1410.0,6,available,,4.0,-140000.0,False
1410.0,7,available,,4.0,-140000.0,False
1410.0,8,available,,4.0,-140000.0,False
1410.0,9,available,,4.0,-140000.0,False
1410.0,10,available,,4.0,-140000.0,False
1410.0,11,damaged,,4.0,-140000.0,True
1410.0,12,en_route,0,-25.36330890536682,-27200.004320004122,False
1410.0,13,en_route,1,1.602258071207059,-27200.000357831595,False
1410.0,14,en_route,2,26.94335083823778,-27200.00339102517,False
1410.0,15,available,,7.40031697606186,-128000.00001498414,False
1410.0,16,available,,2.0,-140000.0,False
1410.0,17,available,,7.0,-140000.0,False
1410.0,18,available,,7.0,-140000.0,False
1410.0,19,available,,7.0,-140000.0,False
1410.0,20,available,,7.0,-140000.0,False
1410.0,21,available,,7.0,-140000.0,False
1410.0,22,available,,7.0,-140000.0,False
1410.0,23,available,,7.0,-140000.0,False
1410.0,24,available,,7.0,-140000.0,False
1410.0,25,available,,7.0,-140000.0,False
1410.0,26,available,,7.0,-140000.0,False
1410.0,27,available,,7.0,-140000.0,False
1410.0,28,available,,7.0,-140000.0,False
1410.0,29,available,,7.0,-140000.0,False
1410.0,30,available,,7.0,-140000.0,False
1410.0,31,available,,7.0,-140000.0,False
1410.0,32,available,,7.0,-140000.0,False
1410.0,33,available,,7.0,-140000.0,False
1410.0,34,available,,7.0,-140000.0,False
1410.0,35,available,,7.0,-140000.0,False
1410.0,36,available,,7.0,-140000.0,False
1410.0,37,available,,7.0,-140000.0,False
1410.0,38,available,,7.0,-140000.0,False
1410.0,39,available,,7.0,-140000.0,False
1410.0,40,available,,7.0,-140000.0,False
1410.0,41,available,,7.0,-140000.0,False
1440.0,1,en_route,0,-24.44108719106328,-24800.00632591264,False
1440.0,2,en_route,1,0.7892341137027672,-24800.000400311073,False
1440.0,3,en_route,2,28.440884662206873,-24800.002159875134,False
1440.0,4,available,,10.0,-140000.0,False
1440.0,5,available,,5.0,-140000.0,False
1440.0,6,available,,4.0,-140000.0,False
1440.0,7,available,,4.0,-140000.0,False
1440.0,8,available,,4.0,-140000.0,False
1440.0,9,available,,4.0,-140000.0,False
1440.0,10,available,,4.0,-140000.0,False
1440.0,11,damaged,,4.0,-140000.0,True
1440.0,12,en_route,0,-26.03657340299556,-24800.004414438517,False
1440.0,13,en_route,1,1.5492618348067944,-24800.00035841672,False
1440.0,14,en_route,2,27.5215809981086,-24800.003460681444,False
1440.0,15,available,,7.40031697606186,-128000.00001498414,False
1440.0,16,available,,2.0,-140000.0,False
1440.0,17,available,,7.0,-140000.0,False
1440.0,18,available,,7.0,-140000.0,False
1440.0,19,available,,7.0,-140000.0,False
1440.0,20,available,,7.0,-140000.0,False
1440.0,21,available,,7.0,-140000.0,False
1440.0,22,available,,7.0,-140000.0,False
1440.0,23,available,,7.0,-140000.0,False
1440.0,24,available,,7.0,-140000.0,False
1440.0,25,available,,7.0,-140000.0,False
1440.0,26,available,,7.0,-140000.0,False
1440.0,27,available,,7.0,-140000.0,False
1440.0,28,available,,7.0,-140000.0,False
1440.0,29,available,,7.0,-140000.0,False
1440.0,30,available,,7.0,-140000.0,False
1440.0,31,available,,7.0,-140000.0,False
1440.0,32,available,,7.0,-140000.0,False
1440.0,33,available,,7.0,-140000.0,False
1440.0,34,available,,7.0,-140000.0,False
1440.0,35,available,,7.0,-140000.0,False
1440.0,36,available,,7.0,-140000.0,False
1440.0,37,available,,7.0,-140000.0,False
1440.0,38,available,,7.0,-140000.0,False
1440.0,39,available,,7.0,-140000.0,False
1440.0,40,available,,7.0,-140000.0,False
1440.0,41,available,,7.0,-140000.0,False
1470.0,1,en_route,0,-25.26861247516627,-22400.006468578915,False
1470.0,2,en_route,1,0.8095701319931293,-22400.00040039723,False
1470.0,3,en_route,2,28.93020018979164,-22400.00220975632,False
1470.0,4,available,,10.0,-140000.0,False
1470.0,5,available,,5.0,-140000.0,False
1470.0,6,available,,4.0,-140000.0,False
1470.0,7,available,,4.0,-140000.0,False
1470.0,8,available,,4.0,-140000.0,False
1470.0,9,available,,4.0,-140000.0,False
1470.0,10,available,,4.0,-140000.0,False
1470.0,11,damaged,,4.0,-140000.0,True
1470.0,12,en_route,0,-26.709837900624297,-22400.004508872913,False
1470.0,13,en_route,1,1.4962655984065298,-22400.000359001846,False
1470.0,14,en_route,2,28.09981115797942,-22400.00353033772,False
1470.0,15,available,,7.40031697606186,-128000.00001498414,False
1470.0,16,available,,2.0,-140000.0,False
1470.0,17,available,,7.0,-140000.0,False
1470.0,18,available,,7.0,-140000.0,False
1470.0,19,available,,7.0,-140000.0,False
1470.0,20,available,,7.0,-140000.0,False
1470.0,21,available,,7.0,-140000.0,False
1470.0,22,available,,7.0,-140000.0,False
1470.0,23,available,,7.0,-140000.0,False
1470.0,24,available,,7.0,-140000.0,False
1470.0,25,available,,7.0,-140000.0,False
1470.0,26,available,,7.0,-140000.0,False
1470.0,27,available,,7.0,-140000.0,False
1470.0,28,available,,7.0,-140000.0,False
1470.0,29,available,,7.0,-140000.0,False
1470.0,30,available,,7.0,-140000.0,False
1470.0,31,available,,7.0,-140000.0,False
1470.0,32,available,,7.0,-140000.0,False
1470.0,33,available,,7.0,-140000.0,False
1470.0,34,available,,7.0,-140000.0,False
1470.0,35,available,,7.0,-140000.0,False
1470.0,36,available,,7.0,-140000.0,False
1470.0,37,available,,7.0,-140000.0,False
1470.0,38,available,,7.0,-140000.0,False
1470.0,39,available,,7.0,-140000.0,False
1470.0,40,available,,7.0,-140000.0,False
1470.0,41,available,,7.0,-140000.0,False
1500.0,1,en_route,0,-26.09613775926927,-20000.00661124519,False
1500.0,2,en_route,1,0.8299061502834915,-20000.00040048339,False
1500.0,3,en_route,2,29.419515717376406,-20000.002259637506,False
1500.0,4,available,,10.0,-140000.0,False
1500.0,5,available,,5.0,-140000.0,False
1500.0,6,available,,4.0,-140000.0,False
1500.0,7,available,,4.0,-140000.0,False
1500.0,8,available,,4.0,-140000.0,False
1500.0,9,available,,4.0,-140000.0,False
1500.0,10,available,,4.0,-140000.0,False
1500.0,11,damaged,,4.0,-140000.0,True
1500.0,12,en_route,0,-27.383102398253037,-20000.00460330731,False
1500.0,13,en_route,1,1.4432693620062653,-20000.00035958697,False
1500.0,14,en_route,2,28.678041317850244,-20000.003599993994,False
1500.0,15,available,,7.40031697606186,-128000.00001498414,False
1500.0,16,available,,2.0,-140000.0,False
1500.0,17,available,,7.0,-140000.0,False
1500.0,18,available,,7.0,-140000.0,False
1500.0,19,available,,7.0,-140000.0,False
1500.0,20,available,,7.0,-140000.0,False
1500.0,21,available,,7.0,-140000.0,False
1500.0,22,available,,7.0,-140000.0,False
1500.0,23,available,,7.0,-140000.0,False
1500.0,24,available,,7.0,-140000.0,False
1500.0,25,available,,7.0,-140000.0,False
1500.0,26,available,,7.0,-140000.0,False
1500.0,27,available,,7.0,-140000.0,False
1500.0,28,available,,7.0,-140000.0,False
1500.0,29,available,,7.0,-140000.0,False
1500.0,30,available,,7.0,-140000.0,False
1500.0,31,available,,7.0,-140000.0,False
1500.0,32,available,,7.0,-140000.0,False
1500.0,33,available,,7.0,-140000.0,False
1500.0,34,available,,7.0,-140000.0,False
1500.0,35,available,,7.0,-140000.0,False
1500.0,36,available,,7.0,-140000.0,False
1500.0,37,available,,7.0,-140000.0,False
1500.0,38,available,,7.0,-140000.0,False
1500.0,39,available,,7.0,-140000.0,False
1500.0,40,available,,7.0,-140000.0,False
1500.0,41,available,,7.0,-140000.0,False
1530.0,1,en_route,0,-26.92366304337226,-17600.006753911464,False
1530.0,2,en_route,1,0.8502421685738535,-17600.00040056955,False
1530.0,3,en_route,2,29.90883124496117,-17600.00230951869,False
1530.0,4,available,,10.0,-140000.0,False
1530.0,5,available,,5.0,-140000.0,False
1530.0,6,available,,4.0,-140000.0,False
1530.0,7,available,,4.0,-140000.0,False
1530.0,8,available,,4.0,-140000.0,False
1530.0,9,available,,4.0,-140000.0,False
1530.0,10,available,,4.0,-140000.0,False
1530.0,11,damaged,,4.0,-140000.0,True
1530.0,12,en_route,0,-28.056366895881773,-17600.004697741704,False
1530.0,13,en_route,1,1.3902731256060006,-17600.000360172096,False
1530.0,14,en_route,2,29.256271477721064,-17600.00366965027,False
1530.0,15,available,,7.40031697606186,-128000.00001498414,False
1530.0,16,available,,2.0,-140000.0,False
1530.0,17,available,,7.0,-140000.0,False
1530.0,18,available,,7.0,-140000.0,False
1530.0,19,available,,7.0,-140000.0,False
1530.0,20,available,,7.0,-140000.0,False
1530.0,21,available,,7.0,-140000.0,False
1530.0,22,available,,7.0,-140000.0,False
1530.0,23,available,,7.0,-140000.0,False
1530.0,24,available,,7.0,-140000.0,False
1530.0,25,available,,7.0,-140000.0,False
1530.0,26,available,,7.0,-140000.0,False
1530.0,27,available,,7.0,-140000.0,False
1530.0,28,available,,7.0,-140000.0,False
1530.0,29,available,,7.0,-140000.0,False
1530.0,30,available,,7.0,-140000.0,False
1530.0,31,available,,7.0,-140000.0,False
1530.0,32,available,,7.0,-140000.0,False
1530.0,33,available,,7.0,-140000.0,False
1530.0,34,available,,7.0,-140000.0,False
1530.0,35,available,,7.0,-140000.0,False
1530.0,36,available,,7.0,-140000.0,False
1530.0,37,available,,7.0,-140000.0,False
1530.0,38,available,,7.0,-140000.0,False
1530.0,39,available,,7.0,-140000.0,False
1530.0,40,available,,7.0,-140000.0,False
1530.0,41,available,,7.0,-140000.0,False
1560.0,1,en_route,0,-27.751188327475255,-15200.00689657774,False
1560.0,2,en_route,1,0.8705781868642155,-15200.000400655705,False
1560.0,3,en_route,2,30.39814677254594,-15200.002359399878,False
1560.0,4,available,,10.0,-140000.0,False
1560.0,5,available,,5.0,-140000.0,False
1560.0,6,available,,4.0,-140000.0,False
1560.0,7,available,,4.0,-140000.0,False
1560.0,8,available,,4.0,-140000.0,False
1560.0,9,available,,4.0,-140000.0,False
1560.0,10,available,,4.0,-140000.0,False
1560.0,11,damaged,,4.0,-140000.0,True
1560.0,12,en_route,0,-28.72963139351051,-15200.004792176098,False
1560.0,13,en_route,1,1.3372768892057358,-15200.000360757222,False
1560.0,14,en_route,2,29.834501637591888,-15200.003739306543,False
1560.0,15,available,,7.40031697606186,-128000.00001498414,False
1560.0,16,available,,2.0,-140000.0,False
1560.0,17,available,,7.0,-140000.0,False
1560.0,18,available,,7.0,-140000.0,False
1560.0,19,available,,7.0,-140000.0,False
1560.0,20,available,,7.0,-140000.0,False
1560.0,21,available,,7.0,-140000.0,False
1560.0,22,available,,7.0,-140000.0,False
1560.0,23,available,,7.0,-140000.0,False
1560.0,24,available,,7.0,-140000.0,False
1560.0,25,available,,7.0,-140000.0,False
1560.0,26,available,,7.0,-140000.0,False
1560.0,27,available,,7.0,-140000.0,False
1560.0,28,available,,7.0,-140000.0,False
1560.0,29,available,,7.0,-140000.0,False
1560.0,30,available,,7.0,-140000.0,False
1560.0,31,available,,7.0,-140000.0,False
1560.0,32,available,,7.0,-140000.0,False
1560.0,33,available,,7.0,-140000.0,False
1560.0,34,available,,7.0,-140000.0,False
1560.0,35,available,,7.0,-140000.0,False
1560.0,36,available,,7.0,-140000.0,False
1560.0,37,available,,7.0,-140000.0,False
1560.0,38,available,,7.0,-140000.0,False
1560.0,39,available,,7.0,-140000.0,False
1560.0,40,available,,7.0,-140000.0,False
1560.0,41,available,,7.0,-140000.0,False
1590.0,1,en_route,0,-28.57871361157825,-12800.007039244014,False
1590.0,2,en_route,1,0.8909142051545776,-12800.000400741861,False
1590.0,3,en_route,2,30.887462300130704,-12800.002409281064,False
1590.0,4,available,,10.0,-140000.0,False
1590.0,5,available,,5.0,-140000.0,False
1590.0,6,available,,4.0,-140000.0,False
1590.0,7,available,,4.0,-140000.0,False
1590.0,8,available,,4.0,-140000.0,False
1590.0,9,available,,4.0,-140000.0,False
1590.0,10,available,,4.0,-140000.0,False
1590.0,11,damaged,,4.0,-140000.0,True
1590.0,12,en_route,0,-29.40289589113925,-12800.004886610492,False
1590.0,13,en_route,1,1.2842806528054713,-12800.000361342347,False
1590.0,14,en_route,2,30.412731797462712,-12800.003808962818,False
1590.0,15,available,,7.40031697606186,-128000.00001498414,False
1590.0,16,available,,2.0,-140000.0,False
1590.0,17,available,,7.0,-140000.0,False
1590.0,18,available,,7.0,-140000.0,False
1590.0,19,available,,7.0,-140000.0,False
1590.0,20,available,,7.0,-140000.0,False
1590.0,21,available,,7.0,-140000.0,False
1590.0,22,available,,7.0,-140000.0,False
1590.0,23,available,,7.0,-140000.0,False
1590.0,24,available,,7.0,-140000.0,False
1590.0,25,available,,7.0,-140000.0,False
1590.0,26,available,,7.0,-140000.0,False
1590.0,27,available,,7.0,-140000.0,False
1590.0,28,available,,7.0,-140000.0,False
1590.0,29,available,,7.0,-140000.0,False
1590.0,30,available,,7.0,-140000.0,False
1590.0,31,available,,7.0,-140000.0,False
1590.0,32,available,,7.0,-140000.0,False
1590.0,33,available,,7.0,-140000.0,False
1590.0,34,available,,7.0,-140000.0,False
1590.0,35,available,,7.0,-140000.0,False
1590.0,36,available,,7.0,-140000.0,False
1590.0,37,available,,7.0,-140000.0,False
1590.0,38,available,,7.0,-140000.0,False
1590.0,39,available,,7.0,-140000.0,False
1590.0,40,available,,7.0,-140000.0,False
1590.0,41,available,,7.0,-140000.0,False
1620.0,1,en_route,0,-29.40623889568125,-10400.007181910289,False
1620.0,2,en_route,1,0.9112502234449397,-10400.000400828018,False
1620.0,3,en_route,2,31.376777827715472,-10400.00245916225,False
1620.0,4,available,,10.0,-140000.0,False
1620.0,5,available,,5.0,-140000.0,False
1620.0,6,available,,4.0,-140000.0,False
1620.0,7,available,,4.0,-140000.0,False
1620.0,8,available,,4.0,-140000.0,False
1620.0,9,available,,4.0,-140000.0,False
1620.0,10,available,,4.0,-140000.0,False
1620.0,11,damaged,,4.0,-140000.0,True
1620.0,12,en_route,0,-30.07616038876799,-10400.004981044885,False
1620.0,13,en_route,1,1.2312844164052066,-10400.000361927472,False
1620.0,14,en_route,2,30.990961957333532,-10400.003878619093,False
1620.0,15,available,,7.40031697606186,-128000.00001498414,False
1620.0,16,available,,2.0,-140000.0,False
1620.0,17,available,,7.0,-140000.0,False
1620.0,18,available,,7.0,-140000.0,False
1620.0,19,available,,7.0,-140000.0,False
1620.0,20,available,,7.0,-140000.0,False
1620.0,21,available,,7.0,-140000.0,False
1620.0,22,available,,7.0,-140000.0,False
1620.0,23,available,,7.0,-140000.0,False
1620.0,24,available,,7.0,-140000.0,False
1620.0,25,available,,7.0,-140000.0,False
1620.0,26,available,,7.0,-140000.0,False
1620.0,27,available,,7.0,-140000.0,False
1620.0,28,available,,7.0,-140000.0,False
1620.0,29,available,,7.0,-140000.0,False
1620.0,30,available,,7.0,-140000.0,False
1620.0,31,available,,7.0,-140000.0,False
1620.0,32,available,,7.0,-140000.0,False
1620.0,33,available,,7.0,-140000.0,False
1620.0,34,available,,7.0,-140000.0,False
1620.0,35,available,,7.0,-140000.0,False
1620.0,36,available,,7.0,-140000.0,False
1620.0,37,available,,7.0,-140000.0,False
1620.0,38,available,,7.0,-140000.0,False
1620.0,39,available,,7.0,-140000.0,False
1620.0,40,available,,7.0,-140000.0,False
1620.0,41,available,,7.0,-140000.0,False
1650.0,1,en_route,0,-30.23376417978424,-8000.0073245765625,False
1650.0,2,en_route,1,0.9315862417353018,-8000.000400914174,False
1650.0,3,en_route,2,31.866093355300237,-8000.002509043434,False
1650.0,4,available,,10.0,-140000.0,False
1650.0,5,available,,5.0,-140000.0,False
1650.0,6,available,,4.0,-140000.0,False
1650.0,7,available,,4.0,-140000.0,False
1650.0,8,available,,4.0,-140000.0,False
1650.0,9,available,,4.0,-140000.0,False
1650.0,10,available,,4.0,-140000.0,False
1650.0,11,damaged,,4.0,-140000.0,True
1650.0,12,en_route,0,-30.749424886396724,-8000.005075479279,False
1650.0,13,en_route,1,1.178288180004942,-8000.000362512597,False
1650.0,14,en_route,2,31.569192117204352,-8000.003948275368,False
1650.0,15,available,,7.40031697606186,-128000.00001498414,False
1650.0,16,available,,2.0,-140000.0,False
1650.0,17,available,,7.0,-140000.0,False
1650.0,18,available,,7.0,-140000.0,False
1650.0,19,available,,7.0,-140000.0,False
1650.0,20,available,,7.0,-140000.0,False
1650.0,21,available,,7.0,-140000.0,False
1650.0,22,available,,7.0,-140000.0,False
1650.0,23,available,,7.0,-140000.0,False
1650.0,24,available,,7.0,-140000.0,False
1650.0,25,available,,7.0,-140000.0,False
1650.0,26,available,,7.0,-140000.0,False
1650.0,27,available,,7.0,-140000.0,False
1650.0,28,available,,7.0,-140000.0,False
1650.0,29,available,,7.0,-140000.0,False
1650.0,30,available,,7.0,-140000.0,False
1650.0,31,available,,7.0,-140000.0,False
1650.0,32,available,,7.0,-140000.0,False
1650.0,33,available,,7.0,-140000.0,False
1650.0,34,available,,7.0,-140000.0,False
1650.0,35,available,,7.0,-140000.0,False
1650.0,36,available,,7.0,-140000.0,False
1650.0,37,available,,7.0,-140000.0,False
1650.0,38,available,,7.0,-140000.0,False
1650.0,39,available,,7.0,-140000.0,False
1650.0,40,available,,7.0,-140000.0,False
1650.0,41,available,,7.0,-140000.0,False
1680.0,1,en_route,0,-31.061289463887235,-5600.007467242836,False
1680.0,2,en_route,1,0.9519222600256638,-5600.00040100033,False
1680.0,3,en_route,2,32.355408882885,-5600.002558924619,False
1680.0,4,available,,10.0,-140000.0,False
1680.0,5,available,,5.0,-140000.0,False
1680.0,6,available,,4.0,-140000.0,False
1680.0,7,available,,4.0,-140000.0,False
1680.0,8,available,,4.0,-140000.0,False
1680.0,9,available,,4.0,-140000.0,False
1680.0,10,available,,4.0,-140000.0,False
1680.0,11,damaged,,4.0,-140000.0,True
1680.0,12,en_route,0,-31.422689384025464,-5600.005169913673,False
1680.0,13,en_route,1,1.1252919436046773,-5600.000363097723,False
1680.0,14,en_route,2,32.14742227707517,-5600.004017931644,False
1680.0,15,available,,7.40031697606186,-128000.00001498414,False
1680.0,16,available,,2.0,-140000.0,False
1680.0,17,available,,7.0,-140000.0,False
1680.0,18,available,,7.0,-140000.0,False
1680.0,19,available,,7.0,-140000.0,False
1680.0,20,available,,7.0,-140000.0,False
1680.0,21,available,,7.0,-140000.0,False
1680.0,22,available,,7.0,-140000.0,False
1680.0,23,available,,7.0,-140000.0,False
1680.0,24,available,,7.0,-140000.0,False
1680.0,25,available,,7.0,-140000.0,False
1680.0,26,available,,7.0,-140000.0,False
1680.0,27,available,,7.0,-140000.0,False
1680.0,28,available,,7.0,-140000.0,False
1680.0,29,available,,7.0,-140000.0,False
1680.0,30,available,,7.0,-140000.0,False
1680.0,31,available,,7.0,-140000.0,False
1680.0,32,available,,7.0,-140000.0,False
1680.0,33,available,,7.0,-140000.0,False
1680.0,34,available,,7.0,-140000.0,False
1680.0,35,available,,7.0,-140000.0,False
1680.0,36,available,,7.0,-140000.0,False
1680.0,37,available,,7.0,-140000.0,False
1680.0,38,available,,7.0,-140000.0,False
1680.0,39,available,,7.0,-140000.0,False
1680.0,40,available,,7.0,-140000.0,False
1680.0,41,available,,7.0,-140000.0,False
1710.0,1,en_route,0,-31.88881474799023,-3200.00760990911,False
1710.0,2,en_route,1,0.972258278316026,-3200.0004010864877,False
1710.0,3,en_route,2,32.844724410469766,-3200.0026088058034,False
1710.0,4,available,,10.0,-140000.0,False
1710.0,5,available,,5.0,-140000.0,False
1710.0,6,available,,4.0,-140000.0,False
1710.0,7,available,,4.0,-140000.0,False
1710.0,8,available,,4.0,-140000.0,False
1710.0,9,available,,4.0,-140000.0,False
1710.0,10,available,,4.0,-140000.0,False
1710.0,11,damaged,,4.0,-140000.0,True
1710.0,12,en_route,0,-32.095953881654204,-3200.005264348067,False
1710.0,13,en_route,1,1.0722957072044128,-3200.000363682848,False
1710.0,14,en_route,2,32.72565243694599,-3200.0040875879195,False
1710.0,15,available,,7.40031697606186,-128000.00001498414,False
1710.0,16,available,,2.0,-140000.0,False
1710.0,17,available,,7.0,-140000.0,False
1710.0,18,available,,7.0,-140000.0,False
1710.0,19,available,,7.0,-140000.0,False
1710.0,20,available,,7.0,-140000.0,False
1710.0,21,available,,7.0,-140000.0,False
1710.0,22,available,,7.0,-140000.0,False
1710.0,23,available,,7.0,-140000.0,False
1710.0,24,available,,7.0,-140000.0,False
1710.0,25,available,,7.0,-140000.0,False
1710.0,26,available,,7.0,-140000.0,False
1710.0,27,available,,7.0,-140000.0,False
1710.0,28,available,,7.0,-140000.0,False
1710.0,29,available,,7.0,-140000.0,False
1710.0,30,available,,7.0,-140000.0,False
1710.0,31,available,,7.0,-140000.0,False
1710.0,32,available,,7.0,-140000.0,False
1710.0,33,available,,7.0,-140000.0,False
1710.0,34,available,,7.0,-140000.0,False
1710.0,35,available,,7.0,-140000.0,False
1710.0,36,available,,7.0,-140000.0,False
1710.0,37,available,,7.0,-140000.0,False
1710.0,38,available,,7.0,-140000.0,False
1710.0,39,available,,7.0,-140000.0,False
1710.0,40,available,,7.0,-140000.0,False
1710.0,41,available,,7.0,-140000.0,False
1740.0,1,en_route,0,-32.71634003209323,-800.0077525753845,False
1740.0,2,en_route,1,0.992594296606388,-800.0004011726451,False
1740.0,3,en_route,2,33.33403993805454,-800.0026586869881,False
1740.0,4,available,,10.0,-140000.0,False
1740.0,5,available,,5.0,-140000.0,False
1740.0,6,available,,4.0,-140000.0,False
1740.0,7,available,,4.0,-140000.0,False
1740.0,8,available,,4.0,-140000.0,False
1740.0,9,available,,4.0,-140000.0,False
1740.0,10,available,,4.0,-140000.0,False
1740.0,11,damaged,,4.0,-140000.0,True
1740.0,12,en_route,0,-32.76921837928294,-800.0053587824614,False
1740.0,13,en_route,1,1.019299470804148,-800.000364267973,False
1740.0,14,en_route,2,33.30388259681682,-800.0041572441951,False
1740.0,15,available,,7.40031697606186,-128000.00001498414,False
1740.0,16,available,,2.0,-140000.0,False
1740.0,17,available,,7.0,-140000.0,False
1740.0,18,available,,7.0,-140000.0,False
1740.0,19,available,,7.0,-140000.0,False
1740.0,20,available,,7.0,-140000.0,False
1740.0,21,available,,7.0,-140000.0,False
1740.0,22,available,,7.0,-140000.0,False
1740.0,23,available,,7.0,-140000.0,False
1740.0,24,available,,7.0,-140000.0,False
1740.0,25,available,,7.0,-140000.0,False
1740.0,26,available,,7.0,-140000.0,False
1740.0,27,available,,7.0,-140000.0,False
1740.0,28,available,,7.0,-140000.0,False
1740.0,29,available,,7.0,-140000.0,False
1740.0,30,available,,7.0,-140000.0,False
1740.0,31,available,,7.0,-140000.0,False
1740.0,32,available,,7.0,-140000.0,False
1740.0,33,available,,7.0,-140000.0,False
1740.0,34,available,,7.0,-140000.0,False
1740.0,35,available,,7.0,-140000.0,False
1740.0,36,available,,7.0,-140000.0,False
1740.0,37,available,,7.0,-140000.0,False
1740.0,38,available,,7.0,-140000.0,False
1740.0,39,available,,7.0,-140000.0,False
1740.0,40,available,,7.0,-140000.0,False
1740.0,41,available,,7.0,-140000.0,False
1770.0,1,en_route,0,-33.0,22.666666666666668,False
1770.0,2,en_route,1,1.0,74.0,False
1770.0,3,en_route,2,33.5,14.0,False
1770.0,4,available,,10.0,-140000.0,False
1770.0,5,available,,5.0,-140000.0,False
1770.0,6,available,,4.0,-140000.0,False
1770.0,7,available,,4.0,-140000.0,False
1770.0,8,available,,4.0,-140000.0,False
1770.0,9,available,,4.0,-140000.0,False
1770.0,10,available,,4.0,-140000.0,False
1770.0,11,damaged,,4.0,-140000.0,True
1770.0,12,striking,0,-33.0,22.666666666666668,False
1770.0,13,striking,1,1.0,74.0,False
1770.0,14,striking,2,33.5,14.0,False
1770.0,15,available,,7.40031697606186,-128000.00001498414,False
1770.0,16,available,,2.0,-140000.0,False
1770.0,17,available,,7.0,-140000.0,False
1770.0,18,available,,7.0,-140000.0,False
1770.0,19,available,,7.0,-140000.0,False
1770.0,20,available,,7.0,-140000.0,False
1770.0,21,available,,7.0,-140000.0,False
1770.0,22,available,,7.0,-140000.0,False
1770.0,23,available,,7.0,-140000.0,False
1770.0,24,available,,7.0,-140000.0,False
1770.0,25,available,,7.0,-140000.0,False
1770.0,26,available,,7.0,-140000.0,False
1770.0,27,available,,7.0,-140000.0,False
1770.0,28,available,,7.0,-140000.0,False
1770.0,29,available,,7.0,-140000.0,False
1770.0,30,available,,7.0,-140000.0,False
1770.0,31,available,,7.0,-140000.0,False
1770.0,32,available,,7.0,-140000.0,False
1770.0,33,available,,7.0,-140000.0,False
1770.0,34,available,,7.0,-140000.0,False
1770.0,35,available,,7.0,-140000.0,False
1770.0,36,available,,7.0,-140000.0,False
1770.0,37,available,,7.0,-140000.0,False
1770.0,38,available,,7.0,-140000.0,False
1770.0,39,available,,7.0,-140000.0,False
1770.0,40,available,,7.0,-140000.0,False
1770.0,41,available,,7.0,-140000.0,False
1800.0,1,en_route,0,-33.0,22.666666666666668,False
1800.0,2,en_route,1,1.0,74.0,False
1800.0,3,en_route,2,33.5,14.0,False
1800.0,4,available,,10.0,-140000.0,False
1800.0,5,available,,5.0,-140000.0,False
1800.0,6,available,,4.0,-140000.0,False
1800.0,7,available,,4.0,-140000.0,False
1800.0,8,available,,4.0,-140000.0,False
1800.0,9,available,,4.0,-140000.0,False
1800.0,10,available,,4.0,-140000.0,False
1800.0,11,damaged,,4.0,-140000.0,True
1800.0,12,striking,0,-33.0,22.666666666666668,False
1800.0,13,striking,1,1.0,74.0,False
1800.0,14,striking,2,33.5,14.0,False
1800.0,15,available,,7.40031697606186,-128000.00001498414,False
1800.0,16,available,,2.0,-140000.0,False
1800.0,17,available,,7.0,-140000.0,False
1800.0,18,available,,7.0,-140000.0,False
1800.0,19,available,,7.0,-140000.0,False
1800.0,20,available,,7.0,-140000.0,False
1800.0,21,available,,7.0,-140000.0,False
1800.0,22,available,,7.0,-140000.0,False
1800.0,23,available,,7.0,-140000.0,False
1800.0,24,available,,7.0,-140000.0,False
1800.0,25,available,,7.0,-140000.0,False
1800.0,26,available,,7.0,-140000.0,False
1800.0,27,available,,7.0,-140000.0,False
1800.0,28,available,,7.0,-140000.0,False
1800.0,29,available,,7.0,-140000.0,False
1800.0,30,available,,7.0,-140000.0,False
1800.0,31,available,,7.0,-140000.0,False
1800.0,32,available,,7.0,-140000.0,False
1800.0,33,available,,7.0,-140000.0,False
1800.0,34,available,,7.0,-140000.0,False
1800.0,35,available,,7.0,-140000.0,False
1800.0,36,available,,7.0,-140000.0,False
1800.0,37,available,,7.0,-140000.0,False
1800.0,38,available,,7.0,-140000.0,False
1800.0,39,available,,7.0,-140000.0,False
1800.0,40,available,,7.0,-140000.0,False
1800.0,41,available,,7.0,-140000.0,False
1830.0,1,en_route,0,-33.0,22.666666666666668,False
1830.0,2,en_route,1,1.0,74.0,False
1830.0,3,en_route,2,33.5,14.0,False
1830.0,4,available,,10.0,-140000.0,False
1830.0,5,available,,5.0,-140000.0,False
1830.0,6,available,,4.0,-140000.0,False
1830.0,7,available,,4.0,-140000.0,False
1830.0,8,available,,4.0,-140000.0,False
1830.0,9,available,,4.0,-140000.0,False
1830.0,10,available,,4.0,-140000.0,False
1830.0,11,damaged,,4.0,-140000.0,True
1830.0,12,striking,0,-33.0,22.666666666666668,False
1830.0,13,striking,1,1.0,74.0,False
1830.0,14,striking,2,33.5,14.0,False
1830.0,15,available,,7.40031697606186,-128000.00001498414,False
1830.0,16,available,,2.0,-140000.0,False
1830.0,17,available,,7.0,-140000.0,False
1830.0,18,available,,7.0,-140000.0,False
1830.0,19,available,,7.0,-140000.0,False
1830.0,20,available,,7.0,-140000.0,False
1830.0,21,available,,7.0,-140000.0,False
1830.0,22,available,,7.0,-140000.0,False
1830.0,23,available,,7.0,-140000.0,False
1830.0,24,available,,7.0,-140000.0,False
1830.0,25,available,,7.0,-140000.0,False
1830.0,26,available,,7.0,-140000.0,False
1830.0,27,available,,7.0,-140000.0,False
1830.0,28,available,,7.0,-140000.0,False
1830.0,29,available,,7.0,-140000.0,False
1830.0,30,available,,7.0,-140000.0,False
1830.0,31,available,,7.0,-140000.0,False
1830.0,32,available,,7.0,-140000.0,False
1830.0,33,available,,7.0,-140000.0,False
1830.0,34,available,,7.0,-140000.0,False
1830.0,35,available,,7.0,-140000.0,False
1830.0,36,available,,7.0,-140000.0,False
1830.0,37,available,,7.0,-140000.0,False
1830.0,38,available,,7.0,-140000.0,False
1830.0,39,available,,7.0,-140000.0,False
1830.0,40,available,,7.0,-140000.0,False
1830.0,41,available,,7.0,-140000.0,False
