time,uav_id,status,assigned_cluster_id,x,y,is_damaged
30.0,1,en_route,0,9.428500005073102,-137600.00003825256,False
30.0,2,en_route,1,2.4600829295003788,-137600.00006073134,False
30.0,3,en_route,2,7.880063395212372,-137600.00000299682,False
30.0,4,available,,10.0,-140000.0,False
30.0,5,available,,5.0,-140000.0,False
30.0,6,available,,4.0,-140000.0,False
30.0,7,available,,4.0,-140000.0,False
30.0,8,available,,4.0,-140000.0,False
30.0,9,available,,4.0,-140000.0,False
30.0,10,available,,4.0,-140000.0,False
30.0,11,available,,4.0,-140000.0,False
30.0,12,en_route,0,0.5827599990080321,-137600.00007075194,False
30.0,13,en_route,0,1.5656200000036338,-137600.00006665124,False
30.0,14,en_route,1,5.408662259105404,-137600.00007285006,False
30.0,15,en_route,2,7.880063395212372,-137600.00000299682,False
30.0,16,available,,2.0,-140000.0,False
30.0,17,available,,7.0,-140000.0,False
30.0,18,available,,7.0,-140000.0,False
30.0,19,available,,7.0,-140000.0,False
30.0,20,available,,7.0,-140000.0,False
30.0,21,available,,7.0,-140000.0,False
30.0,22,available,,7.0,-140000.0,False
30.0,23,available,,7.0,-140000.0,False
30.0,24,available,,7.0,-140000.0,False
30.0,25,available,,7.0,-140000.0,False
30.0,26,available,,7.0,-140000.0,False
30.0,27,available,,7.0,-140000.0,False
30.0,28,available,,7.0,-140000.0,False
30.0,29,available,,7.0,-140000.0,False
30.0,30,available,,7.0,-140000.0,False
30.0,31,available,,7.0,-140000.0,False
30.0,32,available,,7.0,-140000.0,False
30.0,33,available,,7.0,-140000.0,False
30.0,34,available,,7.0,-140000.0,False
30.0,35,available,,7.0,-140000.0,False
30.0,36,available,,7.0,-140000.0,False
30.0,37,available,,7.0,-140000.0,False
30.0,38,available,,7.0,-140000.0,False
30.0,39,available,,7.0,-140000.0,False
30.0,40,available,,7.0,-140000.0,False
30.0,41,available,,7.0,-140000.0,False
60.0,1,en_route,0,9.857000010146205,-135200.00007650512,False
60.0,2,en_route,1,1.9201658590007575,-135200.00012146268,False
60.0,3,en_route,2,7.760126790424744,-135200.00000599364,False
60.0,4,available,,10.0,-140000.0,False
60.0,5,available,,5.0,-140000.0,False
60.0,6,available,,4.0,-140000.0,False
60.0,7,available,,4.0,-140000.0,False
60.0,8,available,,4.0,-140000.0,False
60.0,9,available,,4.0,-140000.0,False
60.0,10,available,,4.0,-140000.0,False
60.0,11,available,,4.0,-140000.0,False
60.0,12,en_route,0,1.1655199980160642,-135200.00014150387,False
60.0,13,en_route,0,2.131240000007268,-135200.00013330247,False
60.0,14,en_route,1,4.817324518210809,-135200.00014570012,False
60.0,15,en_route,2,7.760126790424744,-135200.00000599364,False
60.0,16,available,,2.0,-140000.0,False
60.0,17,available,,7.0,-140000.0,False
60.0,18,available,,7.0,-140000.0,False
60.0,19,available,,7.0,-140000.0,False
60.0,20,available,,7.0,-140000.0,False
60.0,21,available,,7.0,-140000.0,False
60.0,22,available,,7.0,-140000.0,False
60.0,23,available,,7.0,-140000.0,False
60.0,24,available,,7.0,-140000.0,False
60.0,25,available,,7.0,-140000.0,False
60.0,26,available,,7.0,-140000.0,False
60.0,27,available,,7.0,-140000.0,False
60.0,28,available,,7.0,-140000.0,False
60.0,29,available,,7.0,-140000.0,False
60.0,30,available,,7.0,-140000.0,False
60.0,31,available,,7.0,-140000.0,False
60.0,32,available,,7.0,-140000.0,False
60.0,33,available,,7.0,-140000.0,False
60.0,34,available,,7.0,-140000.0,False
60.0,35,available,,7.0,-140000.0,False
60.0,36,available,,7.0,-140000.0,False
60.0,37,available,,7.0,-140000.0,False
60.0,38,available,,7.0,-140000.0,False
60.0,39,available,,7.0,-140000.0,False
60.0,40,available,,7.0,-140000.0,False
60.0,41,available,,7.0,-140000.0,False
90.0,1,en_route,0,10.285500015219307,-132800.00011475768,False
90.0,2,en_route,1,1.3802487885011363,-132800.00018219402,False
90.0,3,en_route,2,7.640190185637116,-132800.00000899046,False
90.0,4,available,,10.0,-140000.0,False
90.0,5,available,,5.0,-140000.0,False
90.0,6,available,,4.0,-140000.0,False
90.0,7,available,,4.0,-140000.0,False
90.0,8,available,,4.0,-140000.0,False
90.0,9,available,,4.0,-140000.0,False
90.0,10,available,,4.0,-140000.0,False
90.0,11,available,,4.0,-140000.0,False
90.0,12,en_route,0,1.748279997024096,-132800.0002122558,False
90.0,13,en_route,0,2.696860000010902,-132800.0001999537,False
90.0,14,en_route,1,4.225986777316213,-132800.00021855018,False
90.0,15,en_route,2,7.640190185637116,-132800.00000899046,False
90.0,16,available,,2.0,-140000.0,False
90.0,17,available,,7.0,-140000.0,False
90.0,18,available,,7.0,-140000.0,False
90.0,19,available,,7.0,-140000.0,False
90.0,20,available,,7.0,-140000.0,False
90.0,21,available,,7.0,-140000.0,False
90.0,22,available,,7.0,-140000.0,False
90.0,23,available,,7.0,-140000.0,False
90.0,24,available,,7.0,-140000.0,False
90.0,25,available,,7.0,-140000.0,False
90.0,26,available,,7.0,-140000.0,False
90.0,27,available,,7.0,-140000.0,False
90.0,28,available,,7.0,-140000.0,False
90.0,29,available,,7.0,-140000.0,False
90.0,30,available,,7.0,-140000.0,False
90.0,31,available,,7.0,-140000.0,False
90.0,32,available,,7.0,-140000.0,False
90.0,33,available,,7.0,-140000.0,False
90.0,34,available,,7.0,-140000.0,False
90.0,35,available,,7.0,-140000.0,False
90.0,36,available,,7.0,-140000.0,False
90.0,37,available,,7.0,-140000.0,False
90.0,38,available,,7.0,-140000.0,False
90.0,39,available,,7.0,-140000.0,False
90.0,40,available,,7.0,-140000.0,False
90.0,41,available,,7.0,-140000.0,False
120.0,1,en_route,0,10.71400002029241,-130400.00015301023,False
120.0,2,en_route,1,0.8403317180015152,-130400.00024292537,False
120.0,3,en_route,2,7.520253580849488,-130400.0000119873,False
120.0,4,available,,10.0,-140000.0,False
120.0,5,available,,5.0,-140000.0,False
120.0,6,available,,4.0,-140000.0,False
120.0,7,available,,4.0,-140000.0,False
120.0,8,available,,4.0,-140000.0,False
120.0,9,available,,4.0,-140000.0,False
120.0,10,available,,4.0,-140000.0,False
120.0,11,available,,4.0,-140000.0,False
120.0,12,en_route,0,2.331039996032128,-130400.00028300773,False
120.0,13,en_route,0,3.262480000014536,-130400.00026660495,False
120.0,14,en_route,1,3.6346490364216173,-130400.00029140025,False
120.0,15,en_route,2,7.520253580849488,-130400.0000119873,False
120.0,16,available,,2.0,-140000.0,False
120.0,17,available,,7.0,-140000.0,False
120.0,18,available,,7.0,-140000.0,False
120.0,19,available,,7.0,-140000.0,False
120.0,20,available,,7.0,-140000.0,False
120.0,21,available,,7.0,-140000.0,False
120.0,22,available,,7.0,-140000.0,False
120.0,23,available,,7.0,-140000.0,False
120.0,24,available,,7.0,-140000.0,False
120.0,25,available,,7.0,-140000.0,False
120.0,26,available,,7.0,-140000.0,False
120.0,27,available,,7.0,-140000.0,False
120.0,28,available,,7.0,-140000.0,False
120.0,29,available,,7.0,-140000.0,False
120.0,30,available,,7.0,-140000.0,False
120.0,31,available,,7.0,-140000.0,False
120.0,32,available,,7.0,-140000.0,False
120.0,33,available,,7.0,-140000.0,False
120.0,34,available,,7.0,-140000.0,False
120.0,35,available,,7.0,-140000.0,False
120.0,36,available,,7.0,-140000.0,False
120.0,37,available,,7.0,-140000.0,False
120.0,38,available,,7.0,-140000.0,False
120.0,39,available,,7.0,-140000.0,False
120.0,40,available,,7.0,-140000.0,False
120.0,41,available,,7.0,-140000.0,False
150.0,1,en_route,0,11.142500025365512,-128000.00019126278,False
150.0,2,en_route,1,0.30041464750189406,-128000.0003036567,False
150.0,3,en_route,2,7.40031697606186,-128000.00001498414,False
150.0,4,available,,10.0,-140000.0,False
150.0,5,available,,5.0,-140000.0,False
150.0,6,available,,4.0,-140000.0,False
150.0,7,available,,4.0,-140000.0,False
150.0,8,available,,4.0,-140000.0,False
150.0,9,available,,4.0,-140000.0,False
150.0,10,available,,4.0,-140000.0,False
150.0,11,available,,4.0,-140000.0,False
150.0,12,en_route,0,2.91379999504016,-128000.00035375965,False
150.0,13,en_route,0,3.82810000001817,-128000.0003332562,False
150.0,14,en_route,1,3.0433112955270216,-128000.00036425033,False
150.0,15,en_route,2,7.40031697606186,-128000.00001498414,False
150.0,16,available,,2.0,-140000.0,False
150.0,17,available,,7.0,-140000.0,False
150.0,18,available,,7.0,-140000.0,False
150.0,19,available,,7.0,-140000.0,False
150.0,20,available,,7.0,-140000.0,False
150.0,21,available,,7.0,-140000.0,False
150.0,22,available,,7.0,-140000.0,False
150.0,23,available,,7.0,-140000.0,False
150.0,24,available,,7.0,-140000.0,False
150.0,25,available,,7.0,-140000.0,False
150.0,26,available,,7.0,-140000.0,False
150.0,27,available,,7.0,-140000.0,False
150.0,28,available,,7.0,-140000.0,False
150.0,29,available,,7.0,-140000.0,False
150.0,30,available,,7.0,-140000.0,False
150.0,31,available,,7.0,-140000.0,False
150.0,32,available,,7.0,-140000.0,False
150.0,33,available,,7.0,-140000.0,False
150.0,34,available,,7.0,-140000.0,False
150.0,35,available,,7.0,-140000.0,False
150.0,36,available,,7.0,-140000.0,False
150.0,37,available,,7.0,-140000.0,False
150.0,38,available,,7.0,-140000.0,False
150.0,39,available,,7.0,-140000.0,False
150.0,40,available,,7.0,-140000.0,False
150.0,41,available,,7.0,-140000.0,False
180.0,1,en_route,0,11.571000030438615,-125600.00022951532,False
180.0,2,en_route,1,-0.23950242299772706,-125600.00036438805,False
180.0,3,en_route,2,7.280380371274232,-125600.00001798097,False
180.0,4,available,,10.0,-140000.0,False
180.0,5,available,,5.0,-140000.0,False
180.0,6,available,,4.0,-140000.0,False
180.0,7,available,,4.0,-140000.0,False
180.0,8,available,,4.0,-140000.0,False
180.0,9,available,,4.0,-140000.0,False
180.0,10,available,,4.0,-140000.0,False
180.0,11,available,,4.0,-140000.0,False
180.0,12,en_route,0,3.4965599940481917,-125600.00042451157,False
180.0,13,en_route,0,4.393720000021804,-125600.00039990745,False
180.0,14,en_route,1,2.451973554632426,-125600.0004371004,False
180.0,15,en_route,2,7.280380371274232,-125600.00001798097,False
180.0,16,available,,2.0,-140000.0,False
180.0,17,available,,7.0,-140000.0,False
180.0,18,available,,7.0,-140000.0,False
180.0,19,available,,7.0,-140000.0,False
180.0,20,available,,7.0,-140000.0,False
180.0,21,available,,7.0,-140000.0,False
180.0,22,available,,7.0,-140000.0,False
180.0,23,available,,7.0,-140000.0,False
180.0,24,available,,7.0,-140000.0,False
180.0,25,available,,7.0,-140000.0,False
180.0,26,available,,7.0,-140000.0,False
180.0,27,available,,7.0,-140000.0,False
180.0,28,available,,7.0,-140000.0,False
180.0,29,available,,7.0,-140000.0,False
180.0,30,available,,7.0,-140000.0,False
180.0,31,available,,7.0,-140000.0,False
180.0,32,available,,7.0,-140000.0,False
180.0,33,available,,7.0,-140000.0,False
180.0,34,available,,7.0,-140000.0,False
180.0,35,available,,7.0,-140000.0,False
180.0,36,available,,7.0,-140000.0,False
180.0,37,available,,7.0,-140000.0,False
180.0,38,available,,7.0,-140000.0,False
180.0,39,available,,7.0,-140000.0,False
180.0,40,available,,7.0,-140000.0,False
180.0,41,available,,7.0,-140000.0,False
210.0,1,en_route,0,11.99950003551172,-123200.00026776787,False
210.0,2,en_route,1,-0.7794194934973482,-123200.00042511939,False
210.0,3,en_route,2,7.160443766486604,-123200.00002097781,False
210.0,4,available,,10.0,-140000.0,False
210.0,5,available,,5.0,-140000.0,False
210.0,6,available,,4.0,-140000.0,False
210.0,7,available,,4.0,-140000.0,False
210.0,8,available,,4.0,-140000.0,False
210.0,9,available,,4.0,-140000.0,False
210.0,10,available,,4.0,-140000.0,False
210.0,11,available,,4.0,-140000.0,False
210.0,12,en_route,0,4.079319993056224,-123200.00049526349,False
210.0,13,en_route,0,4.959340000025438,-123200.0004665587,False
210.0,14,en_route,1,1.8606358137378303,-123200.00050995048,False
210.0,15,en_route,2,7.160443766486604,-123200.00002097781,False
210.0,16,available,,2.0,-140000.0,False
210.0,17,available,,7.0,-140000.0,False
210.0,18,available,,7.0,-140000.0,False
210.0,19,available,,7.0,-140000.0,False
210.0,20,available,,7.0,-140000.0,False
210.0,21,available,,7.0,-140000.0,False
210.0,22,available,,7.0,-140000.0,False
210.0,23,available,,7.0,-140000.0,False
210.0,24,available,,7.0,-140000.0,False
210.0,25,available,,7.0,-140000.0,False
210.0,26,available,,7.0,-140000.0,False
210.0,27,available,,7.0,-140000.0,False
210.0,28,available,,7.0,-140000.0,False
210.0,29,available,,7.0,-140000.0,False
210.0,30,available,,7.0,-140000.0,False
210.0,31,available,,7.0,-140000.0,False
210.0,32,available,,7.0,-140000.0,False
210.0,33,available,,7.0,-140000.0,False
210.0,34,available,,7.0,-140000.0,False
210.0,35,available,,7.0,-140000.0,False
210.0,36,available,,7.0,-140000.0,False
210.0,37,available,,7.0,-140000.0,False
210.0,38,available,,7.0,-140000.0,False
210.0,39,available,,7.0,-140000.0,False
210.0,40,available,,7.0,-140000.0,False
210.0,41,available,,7.0,-140000.0,False
240.0,1,en_route,0,12.428000040584823,-120800.00030602042,False
240.0,2,en_route,1,-1.3193365639969694,-120800.00048585073,False
240.0,3,en_route,2,7.040507161698976,-120800.00002397464,False
240.0,4,available,,10.0,-140000.0,False
240.0,5,available,,5.0,-140000.0,False
240.0,6,available,,4.0,-140000.0,False
240.0,7,available,,4.0,-140000.0,False
240.0,8,available,,4.0,-140000.0,False
240.0,9,available,,4.0,-140000.0,False
240.0,10,available,,4.0,-140000.0,False
240.0,11,available,,4.0,-140000.0,False
240.0,12,en_route,0,4.662079992064256,-120800.00056601541,False
240.0,13,en_route,0,5.524960000029072,-120800.00053320995,False
240.0,14,en_route,1,1.2692980728432346,-120800.00058280055,False
240.0,15,en_route,2,7.040507161698976,-120800.00002397464,False
240.0,16,available,,2.0,-140000.0,False
240.0,17,available,,7.0,-140000.0,False
240.0,18,available,,7.0,-140000.0,False
240.0,19,available,,7.0,-140000.0,False
240.0,20,available,,7.0,-140000.0,False
240.0,21,available,,7.0,-140000.0,False
240.0,22,available,,7.0,-140000.0,False
240.0,23,available,,7.0,-140000.0,False
240.0,24,available,,7.0,-140000.0,False
240.0,25,available,,7.0,-140000.0,False
240.0,26,available,,7.0,-140000.0,False
240.0,27,available,,7.0,-140000.0,False
240.0,28,available,,7.0,-140000.0,False
240.0,29,available,,7.0,-140000.0,False
240.0,30,available,,7.0,-140000.0,False
240.0,31,available,,7.0,-140000.0,False
240.0,32,available,,7.0,-140000.0,False
240.0,33,available,,7.0,-140000.0,False
240.0,34,available,,7.0,-140000.0,False
240.0,35,available,,7.0,-140000.0,False
240.0,36,available,,7.0,-140000.0,False
240.0,37,available,,7.0,-140000.0,False
240.0,38,available,,7.0,-140000.0,False
240.0,39,available,,7.0,-140000.0,False
240.0,40,available,,7.0,-140000.0,False
240.0,41,available,,7.0,-140000.0,False
270.0,1,en_route,0,12.856500045657928,-118400.00034427296,False
270.0,2,en_route,1,-1.8592536344965906,-118400.00054658207,False
270.0,3,en_route,2,6.920570556911348,-118400.00002697148,False
270.0,4,available,,10.0,-140000.0,False
270.0,5,available,,5.0,-140000.0,False
270.0,6,available,,4.0,-140000.0,False
270.0,7,available,,4.0,-140000.0,False
270.0,8,available,,4.0,-140000.0,False
270.0,9,available,,4.0,-140000.0,False
270.0,10,available,,4.0,-140000.0,False
270.0,11,available,,4.0,-140000.0,False
270.0,12,en_route,0,5.244839991072288,-118400.00063676733,False
270.0,13,en_route,0,6.0905800000327055,-118400.0005998612,False
270.0,14,en_route,1,0.6779603319486389,-118400.00065565063,False
270.0,15,en_route,2,6.920570556911348,-118400.00002697148,False
270.0,16,available,,2.0,-140000.0,False
270.0,17,available,,7.0,-140000.0,False
270.0,18,available,,7.0,-140000.0,False
270.0,19,available,,7.0,-140000.0,False
270.0,20,available,,7.0,-140000.0,False
270.0,21,available,,7.0,-140000.0,False
270.0,22,available,,7.0,-140000.0,False
270.0,23,available,,7.0,-140000.0,False
270.0,24,available,,7.0,-140000.0,False
270.0,25,available,,7.0,-140000.0,False
270.0,26,available,,7.0,-140000.0,False
270.0,27,available,,7.0,-140000.0,False
270.0,28,available,,7.0,-140000.0,False
270.0,29,available,,7.0,-140000.0,False
270.0,30,available,,7.0,-140000.0,False
270.0,31,available,,7.0,-140000.0,False
270.0,32,available,,7.0,-140000.0,False
270.0,33,available,,7.0,-140000.0,False
270.0,34,available,,7.0,-140000.0,False
270.0,35,available,,7.0,-140000.0,False
270.0,36,available,,7.0,-140000.0,False
270.0,37,available,,7.0,-140000.0,False
270.0,38,available,,7.0,-140000.0,False
270.0,39,available,,7.0,-140000.0,False
270.0,40,available,,7.0,-140000.0,False
270.0,41,available,,7.0,-140000.0,False
300.0,1,en_route,0,13.285000050731032,-116000.00038252551,False
300.0,2,en_route,1,-2.399170704996212,-116000.00060731341,False
300.0,3,en_route,2,6.80063395212372,-116000.00002996832,False
300.0,4,available,,10.0,-140000.0,False
300.0,5,available,,5.0,-140000.0,False
300.0,6,available,,4.0,-140000.0,False
300.0,7,available,,4.0,-140000.0,False
300.0,8,available,,4.0,-140000.0,False
300.0,9,available,,4.0,-140000.0,False
300.0,10,available,,4.0,-140000.0,False
300.0,11,available,,4.0,-140000.0,False
300.0,12,en_route,0,5.82759999008032,-116000.00070751926,False
300.0,13,en_route,0,6.65620000003634,-116000.00066651245,False
300.0,14,en_route,1,0.08662259105404324,-116000.0007285007,False
300.0,15,en_route,2,6.80063395212372,-116000.00002996832,False
300.0,16,available,,2.0,-140000.0,False
300.0,17,available,,7.0,-140000.0,False
300.0,18,available,,7.0,-140000.0,False
300.0,19,available,,7.0,-140000.0,False
300.0,20,available,,7.0,-140000.0,False
300.0,21,available,,7.0,-140000.0,False
300.0,22,available,,7.0,-140000.0,False
300.0,23,available,,7.0,-140000.0,False
300.0,24,available,,7.0,-140000.0,False
300.0,25,available,,7.0,-140000.0,False
300.0,26,available,,7.0,-140000.0,False
300.0,27,available,,7.0,-140000.0,False
300.0,28,available,,7.0,-140000.0,False
300.0,29,available,,7.0,-140000.0,False
300.0,30,available,,7.0,-140000.0,False
300.0,31,available,,7.0,-140000.0,False
300.0,32,available,,7.0,-140000.0,False
300.0,33,available,,7.0,-140000.0,False
300.0,34,available,,7.0,-140000.0,False
300.0,35,available,,7.0,-140000.0,False
300.0,36,available,,7.0,-140000.0,False
300.0,37,available,,7.0,-140000.0,False
300.0,38,available,,7.0,-140000.0,False
300.0,39,available,,7.0,-140000.0,False
300.0,40,available,,7.0,-140000.0,False
300.0,41,available,,7.0,-140000.0,False
330.0,1,en_route,0,13.713500055804136,-113600.00042077806,False
330.0,2,en_route,1,-2.939087775495833,-113600.00066804476,False
330.0,3,en_route,2,6.680697347336092,-113600.00003296515,False
330.0,4,available,,10.0,-140000.0,False
330.0,5,available,,5.0,-140000.0,False
330.0,6,available,,4.0,-140000.0,False
330.0,7,available,,4.0,-140000.0,False
330.0,8,available,,4.0,-140000.0,False
330.0,9,available,,4.0,-140000.0,False
330.0,10,available,,4.0,-140000.0,False
330.0,11,available,,4.0,-140000.0,False
330.0,12,en_route,0,6.410359989088352,-113600.00077827118,False
330.0,13,en_route,0,7.221820000039974,-113600.0007331637,False
330.0,14,en_route,1,-0.5047151498405523,-113600.00080135078,False
330.0,15,en_route,2,6.680697347336092,-113600.00003296515,False
330.0,16,available,,2.0,-140000.0,False
330.0,17,available,,7.0,-140000.0,False
330.0,18,available,,7.0,-140000.0,False
330.0,19,available,,7.0,-140000.0,False
330.0,20,available,,7.0,-140000.0,False
330.0,21,available,,7.0,-140000.0,False
330.0,22,available,,7.0,-140000.0,False
330.0,23,available,,7.0,-140000.0,False
330.0,24,available,,7.0,-140000.0,False
330.0,25,available,,7.0,-140000.0,False
330.0,26,available,,7.0,-140000.0,False
330.0,27,available,,7.0,-140000.0,False
330.0,28,available,,7.0,-140000.0,False
330.0,29,available,,7.0,-140000.0,False
330.0,30,available,,7.0,-140000.0,False
330.0,31,available,,7.0,-140000.0,False
330.0,32,available,,7.0,-140000.0,False
330.0,33,available,,7.0,-140000.0,False
330.0,34,available,,7.0,-140000.0,False
330.0,35,available,,7.0,-140000.0,False
330.0,36,available,,7.0,-140000.0,False
330.0,37,available,,7.0,-140000.0,False
330.0,38,available,,7.0,-140000.0,False
330.0,39,available,,7.0,-140000.0,False
330.0,40,available,,7.0,-140000.0,False
330.0,41,available,,7.0,-140000.0,False
360.0,1,en_route,0,14.14200006087724,-111200.0004590306,False
360.0,2,en_route,1,-3.4790048459954543,-111200.0007287761,False
360.0,3,en_route,2,6.560760742548464,-111200.00003596199,False
360.0,4,available,,10.0,-140000.0,False
360.0,5,available,,5.0,-140000.0,False
360.0,6,available,,4.0,-140000.0,False
360.0,7,available,,4.0,-140000.0,False
360.0,8,available,,4.0,-140000.0,False
360.0,9,available,,4.0,-140000.0,False
360.0,10,available,,4.0,-140000.0,False
360.0,11,available,,4.0,-140000.0,False
360.0,12,en_route,0,6.993119988096384,-111200.0008490231,False
360.0,13,en_route,0,7.787440000043608,-111200.00079981495,False
360.0,14,en_route,1,-1.0960528907351479,-111200.00087420085,False
360.0,15,en_route,2,6.560760742548464,-111200.00003596199,False
360.0,16,available,,2.0,-140000.0,False
360.0,17,available,,7.0,-140000.0,False
360.0,18,available,,7.0,-140000.0,False
360.0,19,available,,7.0,-140000.0,False
360.0,20,available,,7.0,-140000.0,False
360.0,21,available,,7.0,-140000.0,False
360.0,22,available,,7.0,-140000.0,False
360.0,23,available,,7.0,-140000.0,False
360.0,24,available,,7.0,-140000.0,False
360.0,25,available,,7.0,-140000.0,False
360.0,26,available,,7.0,-140000.0,False
360.0,27,available,,7.0,-140000.0,False
360.0,28,available,,7.0,-140000.0,False
360.0,29,available,,7.0,-140000.0,False
360.0,30,available,,7.0,-140000.0,False
360.0,31,available,,7.0,-140000.0,False
360.0,32,available,,7.0,-140000.0,False
360.0,33,available,,7.0,-140000.0,False
360.0,34,available,,7.0,-140000.0,False
360.0,35,available,,7.0,-140000.0,False
360.0,36,available,,7.0,-140000.0,False
360.0,37,available,,7.0,-140000.0,False
360.0,38,available,,7.0,-140000.0,False
360.0,39,available,,7.0,-140000.0,False
360.0,40,available,,7.0,-140000.0,False
360.0,41,available,,7.0,-140000.0,False
390.0,1,en_route,0,14.570500065950345,-108800.00049728315,False
390.0,2,en_route,1,-4.018921916495076,-108800.00078950744,False
390.0,3,en_route,2,6.440824137760836,-108800.00003895882,False
390.0,4,available,,10.0,-140000.0,False
390.0,5,available,,5.0,-140000.0,False
390.0,6,available,,4.0,-140000.0,False
390.0,7,available,,4.0,-140000.0,False
390.0,8,available,,4.0,-140000.0,False
390.0,9,available,,4.0,-140000.0,False
390.0,10,available,,4.0,-140000.0,False
390.0,11,available,,4.0,-140000.0,False
390.0,12,en_route,0,7.5758799871044165,-108800.00091977502,False
390.0,13,en_route,0,8.353060000047241,-108800.0008664662,False
390.0,14,en_route,1,-1.6873906316297436,-108800.00094705092,False
390.0,15,en_route,2,6.440824137760836,-108800.00003895882,False
390.0,16,available,,2.0,-140000.0,False
390.0,17,available,,7.0,-140000.0,False
390.0,18,available,,7.0,-140000.0,False
390.0,19,available,,7.0,-140000.0,False
390.0,20,available,,7.0,-140000.0,False
390.0,21,available,,7.0,-140000.0,False
390.0,22,available,,7.0,-140000.0,False
390.0,23,available,,7.0,-140000.0,False
390.0,24,available,,7.0,-140000.0,False
390.0,25,available,,7.0,-140000.0,False
390.0,26,available,,7.0,-140000.0,False
390.0,27,available,,7.0,-140000.0,False
390.0,28,available,,7.0,-140000.0,False
390.0,29,available,,7.0,-140000.0,False
390.0,30,available,,7.0,-140000.0,False
390.0,31,available,,7.0,-140000.0,False
390.0,32,available,,7.0,-140000.0,False
390.0,33,available,,7.0,-140000.0,False
390.0,34,available,,7.0,-140000.0,False
390.0,35,available,,7.0,-140000.0,False
390.0,36,available,,7.0,-140000.0,False
390.0,37,available,,7.0,-140000.0,False
390.0,38,available,,7.0,-140000.0,False
390.0,39,available,,7.0,-140000.0,False
390.0,40,available,,7.0,-140000.0,False
390.0,41,available,,7.0,-140000.0,False
420.0,1,en_route,0,14.999000071023449,-106400.0005355357,False
420.0,2,en_route,1,-4.558838986994697,-106400.00085023878,False
420.0,3,en_route,2,6.320887532973208,-106400.00004195566,False
420.0,4,available,,10.0,-140000.0,False
420.0,5,available,,5.0,-140000.0,False
420.0,6,available,,4.0,-140000.0,False
420.0,7,available,,4.0,-140000.0,False
420.0,8,available,,4.0,-140000.0,False
420.0,9,available,,4.0,-140000.0,False
420.0,10,available,,4.0,-140000.0,False
420.0,11,available,,4.0,-140000.0,False
420.0,12,en_route,0,8.158639986112448,-106400.00099052694,False
420.0,13,en_route,0,8.918680000050875,-106400.00093311745,False
420.0,14,en_route,1,-2.278728372524339,-106400.001019901,False
420.0,15,en_route,2,6.320887532973208,-106400.00004195566,False
420.0,16,available,,2.0,-140000.0,False
420.0,17,available,,7.0,-140000.0,False
420.0,18,available,,7.0,-140000.0,False
420.0,19,available,,7.0,-140000.0,False
420.0,20,available,,7.0,-140000.0,False
420.0,21,available,,7.0,-140000.0,False
420.0,22,available,,7.0,-140000.0,False
420.0,23,available,,7.0,-140000.0,False
420.0,24,available,,7.0,-140000.0,False
420.0,25,available,,7.0,-140000.0,False
420.0,26,available,,7.0,-140000.0,False
420.0,27,available,,7.0,-140000.0,False
420.0,28,available,,7.0,-140000.0,False
420.0,29,available,,7.0,-140000.0,False
420.0,30,available,,7.0,-140000.0,False
420.0,31,available,,7.0,-140000.0,False
420.0,32,available,,7.0,-140000.0,False
420.0,33,available,,7.0,-140000.0,False
420.0,34,available,,7.0,-140000.0,False
420.0,35,available,,7.0,-140000.0,False
420.0,36,available,,7.0,-140000.0,False
420.0,37,available,,7.0,-140000.0,False
420.0,38,available,,7.0,-140000.0,False
420.0,39,available,,7.0,-140000.0,False
420.0,40,available,,7.0,-140000.0,False
420.0,41,available,,7.0,-140000.0,False
450.0,1,en_route,0,15.427500076096553,-104000.00057378825,False
450.0,2,en_route,1,-5.0987560574943185,-104000.00091097012,False
450.0,3,en_route,2,6.20095092818558,-104000.0000449525,False
450.0,4,available,,10.0,-140000.0,False
450.0,5,available,,5.0,-140000.0,False
450.0,6,available,,4.0,-140000.0,False
450.0,7,available,,4.0,-140000.0,False
450.0,8,available,,4.0,-140000.0,False
450.0,9,available,,4.0,-140000.0,False
450.0,10,available,,4.0,-140000.0,False
450.0,11,available,,4.0,-140000.0,False
450.0,12,en_route,0,8.741399985120479,-104000.00106127886,False
450.0,13,en_route,0,9.484300000054509,-104000.0009997687,False
450.0,14,en_route,1,-2.8700661134189347,-104000.00109275107,False
450.0,15,en_route,2,6.20095092818558,-104000.0000449525,False
450.0,16,available,,2.0,-140000.0,False
450.0,17,available,,7.0,-140000.0,False
450.0,18,available,,7.0,-140000.0,False
450.0,19,available,,7.0,-140000.0,False
450.0,20,available,,7.0,-140000.0,False
450.0,21,available,,7.0,-140000.0,False
450.0,22,available,,7.0,-140000.0,False
450.0,23,available,,7.0,-140000.0,False
450.0,24,available,,7.0,-140000.0,False
450.0,25,available,,7.0,-140000.0,False
450.0,26,available,,7.0,-140000.0,False
450.0,27,available,,7.0,-140000.0,False
450.0,28,available,,7.0,-140000.0,False
450.0,29,available,,7.0,-140000.0,False
450.0,30,available,,7.0,-140000.0,False
450.0,31,available,,7.0,-140000.0,False
450.0,32,available,,7.0,-140000.0,False
450.0,33,available,,7.0,-140000.0,False
450.0,34,available,,7.0,-140000.0,False
450.0,35,available,,7.0,-140000.0,False
450.0,36,available,,7.0,-140000.0,False
450.0,37,available,,7.0,-140000.0,False
450.0,38,available,,7.0,-140000.0,False
450.0,39,available,,7.0,-140000.0,False
450.0,40,available,,7.0,-140000.0,False
450.0,41,available,,7.0,-140000.0,False
480.0,1,en_route,0,15.856000081169658,-101600.00061204079,False
480.0,2,en_route,1,-5.63867312799394,-101600.00097170146,False
480.0,3,en_route,2,6.081014323397952,-101600.00004794933,False
480.0,4,available,,10.0,-140000.0,False
480.0,5,available,,5.0,-140000.0,False
480.0,6,available,,4.0,-140000.0,False
480.0,7,available,,4.0,-140000.0,False
480.0,8,available,,4.0,-140000.0,False
480.0,9,available,,4.0,-140000.0,False
480.0,10,available,,4.0,-140000.0,False
480.0,11,available,,4.0,-140000.0,False
480.0,12,en_route,0,9.32415998412851,-101600.00113203078,False
480.0,13,en_route,0,10.049920000058142,-101600.00106641995,False
480.0,14,en_route,1,-3.46140385431353,-101600.00116560115,False
480.0,15,en_route,2,6.081014323397952,-101600.00004794933,False
480.0,16,available,,2.0,-140000.0,False
480.0,17,available,,7.0,-140000.0,False
480.0,18,available,,7.0,-140000.0,False
480.0,19,available,,7.0,-140000.0,False
480.0,20,available,,7.0,-140000.0,False
480.0,21,available,,7.0,-140000.0,False
480.0,22,available,,7.0,-140000.0,False
480.0,23,available,,7.0,-140000.0,False
480.0,24,available,,7.0,-140000.0,False
480.0,25,available,,7.0,-140000.0,False
480.0,26,available,,7.0,-140000.0,False
480.0,27,available,,7.0,-140000.0,False
480.0,28,available,,7.0,-140000.0,False
480.0,29,available,,7.0,-140000.0,False
480.0,30,available,,7.0,-140000.0,False
480.0,31,available,,7.0,-140000.0,False
480.0,32,available,,7.0,-140000.0,False
480.0,33,available,,7.0,-140000.0,False
480.0,34,available,,7.0,-140000.0,False
480.0,35,available,,7.0,-140000.0,False
480.0,36,available,,7.0,-140000.0,False
480.0,37,available,,7.0,-140000.0,False
480.0,38,available,,7.0,-140000.0,False
480.0,39,available,,7.0,-140000.0,False
480.0,40,available,,7.0,-140000.0,False
480.0,41,available,,7.0,-140000.0,False
510.0,1,en_route,0,16.284500086242762,-99200.00065029334,False
510.0,2,en_route,1,-6.178590198493561,-99200.0010324328,False
510.0,3,en_route,2,5.961077718610324,-99200.00005094617,False
510.0,4,available,,10.0,-140000.0,False
510.0,5,available,,5.0,-140000.0,False
510.0,6,available,,4.0,-140000.0,False
510.0,7,available,,4.0,-140000.0,False
510.0,8,available,,4.0,-140000.0,False
510.0,9,available,,4.0,-140000.0,False
510.0,10,available,,4.0,-140000.0,False
510.0,11,available,,4.0,-140000.0,False
510.0,12,en_route,0,9.906919983136541,-99200.0012027827,False
510.0,13,en_route,0,10.615540000061776,-99200.0011330712,False
510.0,14,en_route,1,-4.052741595208126,-99200.00123845122,False
510.0,15,en_route,2,5.961077718610324,-99200.00005094617,False
510.0,16,available,,2.0,-140000.0,False
510.0,17,available,,7.0,-140000.0,False
510.0,18,available,,7.0,-140000.0,False
510.0,19,available,,7.0,-140000.0,False
510.0,20,available,,7.0,-140000.0,False
510.0,21,available,,7.0,-140000.0,False
510.0,22,available,,7.0,-140000.0,False
510.0,23,available,,7.0,-140000.0,False
510.0,24,available,,7.0,-140000.0,False
510.0,25,available,,7.0,-140000.0,False
510.0,26,available,,7.0,-140000.0,False
510.0,27,available,,7.0,-140000.0,False
510.0,28,available,,7.0,-140000.0,False
510.0,29,available,,7.0,-140000.0,False
510.0,30,available,,7.0,-140000.0,False
510.0,31,available,,7.0,-140000.0,False
510.0,32,available,,7.0,-140000.0,False
510.0,33,available,,7.0,-140000.0,False
510.0,34,available,,7.0,-140000.0,False
510.0,35,available,,7.0,-140000.0,False
510.0,36,available,,7.0,-140000.0,False
510.0,37,available,,7.0,-140000.0,False
510.0,38,available,,7.0,-140000.0,False
510.0,39,available,,7.0,-140000.0,False
510.0,40,available,,7.0,-140000.0,False
510.0,41,available,,7.0,-140000.0,False
540.0,1,en_route,0,16.713000091315866,-96800.00068854589,False
540.0,2,en_route,1,-6.718507268993182,-96800.00109316414,False
540.0,3,en_route,2,5.841141113822696,-96800.000053943,False
540.0,4,available,,10.0,-140000.0,False
540.0,5,available,,5.0,-140000.0,False
540.0,6,available,,4.0,-140000.0,False
540.0,7,available,,4.0,-140000.0,False
540.0,8,available,,4.0,-140000.0,False
540.0,9,available,,4.0,-140000.0,False
540.0,10,available,,4.0,-140000.0,False
540.0,11,available,,4.0,-140000.0,False
540.0,12,en_route,0,10.489679982144573,-96800.00127353462,False
540.0,13,en_route,0,11.18116000006541,-96800.00119972245,False
540.0,14,en_route,1,-4.644079336102721,-96800.0013113013,False
540.0,15,en_route,2,5.841141113822696,-96800.000053943,False
540.0,16,available,,2.0,-140000.0,False
540.0,17,available,,7.0,-140000.0,False
540.0,18,available,,7.0,-140000.0,False
540.0,19,available,,7.0,-140000.0,False
540.0,20,available,,7.0,-140000.0,False
540.0,21,available,,7.0,-140000.0,False
540.0,22,available,,7.0,-140000.0,False
540.0,23,available,,7.0,-140000.0,False
540.0,24,available,,7.0,-140000.0,False
540.0,25,available,,7.0,-140000.0,False
540.0,26,available,,7.0,-140000.0,False
540.0,27,available,,7.0,-140000.0,False
540.0,28,available,,7.0,-140000.0,False
540.0,29,available,,7.0,-140000.0,False
540.0,30,available,,7.0,-140000.0,False
540.0,31,available,,7.0,-140000.0,False
540.0,32,available,,7.0,-140000.0,False
540.0,33,available,,7.0,-140000.0,False
540.0,34,available,,7.0,-140000.0,False
540.0,35,available,,7.0,-140000.0,False
540.0,36,available,,7.0,-140000.0,False
540.0,37,available,,7.0,-140000.0,False
540.0,38,available,,7.0,-140000.0,False
540.0,39,available,,7.0,-140000.0,False
540.0,40,available,,7.0,-140000.0,False
540.0,41,available,,7.0,-140000.0,False
570.0,1,en_route,0,17.14150009638897,-94400.00072679843,False
570.0,2,en_route,1,-7.258424339492803,-94400.00115389549,False
570.0,3,en_route,2,5.721204509035068,-94400.00005693984,False
570.0,4,available,,10.0,-140000.0,False
570.0,5,available,,5.0,-140000.0,False
570.0,6,available,,4.0,-140000.0,False
570.0,7,available,,4.0,-140000.0,False
570.0,8,available,,4.0,-140000.0,False
570.0,9,available,,4.0,-140000.0,False
570.0,10,available,,4.0,-140000.0,False
570.0,11,available,,4.0,-140000.0,False
570.0,12,en_route,0,11.072439981152604,-94400.00134428655,False
570.0,13,en_route,0,11.746780000069043,-94400.0012663737,False
570.0,14,en_route,1,-5.235417076997317,-94400.00138415137,False
570.0,15,en_route,2,5.721204509035068,-94400.00005693984,False
570.0,16,available,,2.0,-140000.0,False
570.0,17,available,,7.0,-140000.0,False
570.0,18,available,,7.0,-140000.0,False
570.0,19,available,,7.0,-140000.0,False
570.0,20,available,,7.0,-140000.0,False
570.0,21,available,,7.0,-140000.0,False
570.0,22,available,,7.0,-140000.0,False
570.0,23,available,,7.0,-140000.0,False
570.0,24,available,,7.0,-140000.0,False
570.0,25,available,,7.0,-140000.0,False
570.0,26,available,,7.0,-140000.0,False
570.0,27,available,,7.0,-140000.0,False
570.0,28,available,,7.0,-140000.0,False
570.0,29,available,,7.0,-140000.0,False
570.0,30,available,,7.0,-140000.0,False
570.0,31,available,,7.0,-140000.0,False
570.0,32,available,,7.0,-140000.0,False
570.0,33,available,,7.0,-140000.0,False
570.0,34,available,,7.0,-140000.0,False
570.0,35,available,,7.0,-140000.0,False
570.0,36,available,,7.0,-140000.0,False
570.0,37,available,,7.0,-140000.0,False
570.0,38,available,,7.0,-140000.0,False
570.0,39,available,,7.0,-140000.0,False
570.0,40,available,,7.0,-140000.0,False
570.0,41,available,,7.0,-140000.0,False
600.0,1,en_route,0,17.570000101462075,-92000.00076505098,False
600.0,2,en_route,1,-7.798341409992425,-92000.00121462683,False
600.0,3,en_route,2,5.60126790424744,-92000.00005993668,False
600.0,4,available,,10.0,-140000.0,False
600.0,5,available,,5.0,-140000.0,False
600.0,6,available,,4.0,-140000.0,False
600.0,7,available,,4.0,-140000.0,False
600.0,8,available,,4.0,-140000.0,False
600.0,9,available,,4.0,-140000.0,False
600.0,10,available,,4.0,-140000.0,False
600.0,11,available,,4.0,-140000.0,False
600.0,12,en_route,0,11.655199980160635,-92000.00141503847,False
600.0,13,en_route,0,12.312400000072676,-92000.00133302495,False
600.0,14,en_route,1,-5.826754817891913,-92000.00145700145,False
600.0,15,en_route,2,5.60126790424744,-92000.00005993668,False
600.0,16,available,,2.0,-140000.0,False
600.0,17,available,,7.0,-140000.0,False
600.0,18,available,,7.0,-140000.0,False
600.0,19,available,,7.0,-140000.0,False
600.0,20,available,,7.0,-140000.0,False
600.0,21,available,,7.0,-140000.0,False
600.0,22,available,,7.0,-140000.0,False
600.0,23,available,,7.0,-140000.0,False
600.0,24,available,,7.0,-140000.0,False
600.0,25,available,,7.0,-140000.0,False
600.0,26,available,,7.0,-140000.0,False
600.0,27,available,,7.0,-140000.0,False
600.0,28,available,,7.0,-140000.0,False
600.0,29,available,,7.0,-140000.0,False
600.0,30,available,,7.0,-140000.0,False
600.0,31,available,,7.0,-140000.0,False
600.0,32,available,,7.0,-140000.0,False
600.0,33,available,,7.0,-140000.0,False
600.0,34,available,,7.0,-140000.0,False
600.0,35,available,,7.0,-140000.0,False
600.0,36,available,,7.0,-140000.0,False
600.0,37,available,,7.0,-140000.0,False
600.0,38,available,,7.0,-140000.0,False
600.0,39,available,,7.0,-140000.0,False
600.0,40,available,,7.0,-140000.0,False
600.0,41,available,,7.0,-140000.0,False
630.0,1,en_route,0,17.99850010653518,-89600.00080330353,False
630.0,2,en_route,1,-8.338258480492046,-89600.00127535817,False
630.0,3,en_route,2,5.481331299459812,-89600.00006293351,False
630.0,4,available,,10.0,-140000.0,False
630.0,5,available,,5.0,-140000.0,False
630.0,6,available,,4.0,-140000.0,False
630.0,7,available,,4.0,-140000.0,False
630.0,8,available,,4.0,-140000.0,False
630.0,9,available,,4.0,-140000.0,False
630.0,10,available,,4.0,-140000.0,False
630.0,11,available,,4.0,-140000.0,False
630.0,12,en_route,0,12.237959979168668,-89600.00148579039,False
630.0,13,en_route,0,12.87802000007631,-89600.0013996762,False
630.0,14,en_route,1,-6.418092558786508,-89600.00152985152,False
630.0,15,en_route,2,5.481331299459812,-89600.00006293351,False
630.0,16,available,,2.0,-140000.0,False
630.0,17,available,,7.0,-140000.0,False
630.0,18,available,,7.0,-140000.0,False
630.0,19,available,,7.0,-140000.0,False
630.0,20,available,,7.0,-140000.0,False
630.0,21,available,,7.0,-140000.0,False
630.0,22,available,,7.0,-140000.0,False
630.0,23,available,,7.0,-140000.0,False
630.0,24,available,,7.0,-140000.0,False
630.0,25,available,,7.0,-140000.0,False
630.0,26,available,,7.0,-140000.0,False
630.0,27,available,,7.0,-140000.0,False
630.0,28,available,,7.0,-140000.0,False
630.0,29,available,,7.0,-140000.0,False
630.0,30,available,,7.0,-140000.0,False
630.0,31,available,,7.0,-140000.0,False
630.0,32,available,,7.0,-140000.0,False
630.0,33,available,,7.0,-140000.0,False
630.0,34,available,,7.0,-140000.0,False
630.0,35,available,,7.0,-140000.0,False
630.0,36,available,,7.0,-140000.0,False
630.0,37,available,,7.0,-140000.0,False
630.0,38,available,,7.0,-140000.0,False
630.0,39,available,,7.0,-140000.0,False
630.0,40,available,,7.0,-140000.0,False
630.0,41,available,,7.0,-140000.0,False
660.0,1,en_route,0,18.427000111608283,-87200.00084155607,False
660.0,2,en_route,1,-8.878175550991667,-87200.00133608951,False
660.0,3,en_route,2,5.3613946946721835,-87200.00006593035,False
660.0,4,available,,10.0,-140000.0,False
660.0,5,available,,5.0,-140000.0,False
660.0,6,available,,4.0,-140000.0,False
660.0,7,available,,4.0,-140000.0,False
660.0,8,available,,4.0,-140000.0,False
660.0,9,available,,4.0,-140000.0,False
660.0,10,available,,4.0,-140000.0,False
660.0,11,available,,4.0,-140000.0,False
660.0,12,en_route,0,12.8207199781767,-87200.00155654231,False
660.0,13,en_route,0,13.443640000079943,-87200.00146632745,False
660.0,14,en_route,1,-7.009430299681103,-87200.0016027016,False
660.0,15,en_route,2,5.3613946946721835,-87200.00006593035,False
660.0,16,available,,2.0,-140000.0,False
660.0,17,available,,7.0,-140000.0,False
660.0,18,available,,7.0,-140000.0,False
660.0,19,available,,7.0,-140000.0,False
660.0,20,available,,7.0,-140000.0,False
660.0,21,available,,7.0,-140000.0,False
660.0,22,available,,7.0,-140000.0,False
660.0,23,available,,7.0,-140000.0,False
660.0,24,available,,7.0,-140000.0,False
660.0,25,available,,7.0,-140000.0,False
660.0,26,available,,7.0,-140000.0,False
660.0,27,available,,7.0,-140000.0,False
660.0,28,available,,7.0,-140000.0,False
660.0,29,available,,7.0,-140000.0,False
660.0,30,available,,7.0,-140000.0,False
660.0,31,available,,7.0,-140000.0,False
660.0,32,available,,7.0,-140000.0,False
660.0,33,available,,7.0,-140000.0,False
660.0,34,available,,7.0,-140000.0,False
660.0,35,available,,7.0,-140000.0,False
660.0,36,available,,7.0,-140000.0,False
660.0,37,available,,7.0,-140000.0,False
660.0,38,available,,7.0,-140000.0,False
660.0,39,available,,7.0,-140000.0,False
660.0,40,available,,7.0,-140000.0,False
660.0,41,available,,7.0,-140000.0,False
690.0,1,en_route,0,18.855500116681387,-84800.00087980862,False
690.0,2,en_route,1,-9.418092621491288,-84800.00139682085,False
690.0,3,en_route,2,5.2414580898845555,-84800.00006892718,False
690.0,4,available,,10.0,-140000.0,False
690.0,5,available,,5.0,-140000.0,False
690.0,6,available,,4.0,-140000.0,False
690.0,7,available,,4.0,-140000.0,False
690.0,8,available,,4.0,-140000.0,False
690.0,9,available,,4.0,-140000.0,False
690.0,10,available,,4.0,-140000.0,False
690.0,11,available,,4.0,-140000.0,False
690.0,12,en_route,0,13.40347997718473,-84800.00162729423,False
690.0,13,en_route,0,14.009260000083577,-84800.0015329787,False
690.0,14,en_route,1,-7.600768040575698,-84800.00167555167,False
690.0,15,en_route,2,5.2414580898845555,-84800.00006892718,False
690.0,16,available,,2.0,-140000.0,False
690.0,17,available,,7.0,-140000.0,False
690.0,18,available,,7.0,-140000.0,False
690.0,19,available,,7.0,-140000.0,False
690.0,20,available,,7.0,-140000.0,False
690.0,21,available,,7.0,-140000.0,False
690.0,22,available,,7.0,-140000.0,False
690.0,23,available,,7.0,-140000.0,False
690.0,24,available,,7.0,-140000.0,False
690.0,25,available,,7.0,-140000.0,False
690.0,26,available,,7.0,-140000.0,False
690.0,27,available,,7.0,-140000.0,False
690.0,28,available,,7.0,-140000.0,False
690.0,29,available,,7.0,-140000.0,False
690.0,30,available,,7.0,-140000.0,False
690.0,31,available,,7.0,-140000.0,False
690.0,32,available,,7.0,-140000.0,False
690.0,33,available,,7.0,-140000.0,False
690.0,34,available,,7.0,-140000.0,False
690.0,35,available,,7.0,-140000.0,False
690.0,36,available,,7.0,-140000.0,False
690.0,37,available,,7.0,-140000.0,False
690.0,38,available,,7.0,-140000.0,False
690.0,39,available,,7.0,-140000.0,False
690.0,40,available,,7.0,-140000.0,False
690.0,41,available,,7.0,-140000.0,False
720.0,1,en_route,0,19.28400012175449,-82400.00091806117,False
720.0,2,en_route,1,-9.95800969199091,-82400.0014575522,False
720.0,3,en_route,2,5.1215214850969275,-82400.00007192402,False
720.0,4,available,,10.0,-140000.0,False
720.0,5,available,,5.0,-140000.0,False
720.0,6,available,,4.0,-140000.0,False
720.0,7,available,,4.0,-140000.0,False
720.0,8,available,,4.0,-140000.0,False
720.0,9,available,,4.0,-140000.0,False
720.0,10,available,,4.0,-140000.0,False
720.0,11,available,,4.0,-140000.0,False
720.0,12,en_route,0,13.986239976192763,-82400.00169804615,False
720.0,13,en_route,0,14.57488000008721,-82400.00159962995,False
720.0,14,en_route,1,-8.192105781470293,-82400.00174840174,False
720.0,15,en_route,2,5.1215214850969275,-82400.00007192402,False
720.0,16,available,,2.0,-140000.0,False
720.0,17,available,,7.0,-140000.0,False
720.0,18,available,,7.0,-140000.0,False
720.0,19,available,,7.0,-140000.0,False
720.0,20,available,,7.0,-140000.0,False
720.0,21,available,,7.0,-140000.0,False
720.0,22,available,,7.0,-140000.0,False
720.0,23,available,,7.0,-140000.0,False
720.0,24,available,,7.0,-140000.0,False
720.0,25,available,,7.0,-140000.0,False
720.0,26,available,,7.0,-140000.0,False
720.0,27,available,,7.0,-140000.0,False
720.0,28,available,,7.0,-140000.0,False
720.0,29,available,,7.0,-140000.0,False
720.0,30,available,,7.0,-140000.0,False
720.0,31,available,,7.0,-140000.0,False
720.0,32,available,,7.0,-140000.0,False
720.0,33,available,,7.0,-140000.0,False
720.0,34,available,,7.0,-140000.0,False
720.0,35,available,,7.0,-140000.0,False
720.0,36,available,,7.0,-140000.0,False
720.0,37,available,,7.0,-140000.0,False
720.0,38,available,,7.0,-140000.0,False
720.0,39,available,,7.0,-140000.0,False
720.0,40,available,,7.0,-140000.0,False
720.0,41,available,,7.0,-140000.0,False
750.0,1,en_route,0,19.712500126827596,-80000.00095631371,False
750.0,2,en_route,1,-10.49792676249053,-80000.00151828353,False
750.0,3,en_route,2,5.0015848803092995,-80000.00007492086,False
750.0,4,available,,10.0,-140000.0,False
750.0,5,available,,5.0,-140000.0,False
750.0,6,available,,4.0,-140000.0,False
750.0,7,available,,4.0,-140000.0,False
750.0,8,available,,4.0,-140000.0,False
750.0,9,available,,4.0,-140000.0,False
750.0,10,available,,4.0,-140000.0,False
750.0,11,available,,4.0,-140000.0,False
750.0,12,en_route,0,14.568999975200796,-80000.00176879807,False
750.0,13,en_route,0,15.140500000090844,-80000.0016662812,False
750.0,14,en_route,1,-8.783443522364887,-80000.00182125182,False
750.0,15,en_route,2,5.0015848803092995,-80000.00007492086,False
750.0,16,available,,2.0,-140000.0,False
750.0,17,available,,7.0,-140000.0,False
750.0,18,available,,7.0,-140000.0,False
750.0,19,available,,7.0,-140000.0,False
750.0,20,available,,7.0,-140000.0,False
750.0,21,available,,7.0,-140000.0,False
750.0,22,available,,7.0,-140000.0,False
750.0,23,available,,7.0,-140000.0,False
750.0,24,available,,7.0,-140000.0,False
750.0,25,available,,7.0,-140000.0,False
750.0,26,available,,7.0,-140000.0,False
750.0,27,available,,7.0,-140000.0,False
750.0,28,available,,7.0,-140000.0,False
750.0,29,available,,7.0,-140000.0,False
750.0,30,available,,7.0,-140000.0,False
750.0,31,available,,7.0,-140000.0,False
750.0,32,available,,7.0,-140000.0,False
750.0,33,available,,7.0,-140000.0,False
750.0,34,available,,7.0,-140000.0,False
750.0,35,available,,7.0,-140000.0,False
750.0,36,available,,7.0,-140000.0,False
750.0,37,available,,7.0,-140000.0,False
750.0,38,available,,7.0,-140000.0,False
750.0,39,available,,7.0,-140000.0,False
750.0,40,available,,7.0,-140000.0,False
750.0,41,available,,7.0,-140000.0,False
780.0,1,en_route,0,20.1410001319007,-77600.00099456626,False
780.0,2,en_route,1,-11.037843832990152,-77600.00157901488,False
780.0,3,en_route,2,4.8816482755216715,-77600.00007791769,False
780.0,4,available,,10.0,-140000.0,False
780.0,5,available,,5.0,-140000.0,False
780.0,6,available,,4.0,-140000.0,False
780.0,7,available,,4.0,-140000.0,False
780.0,8,available,,4.0,-140000.0,False
780.0,9,available,,4.0,-140000.0,False
780.0,10,available,,4.0,-140000.0,False
780.0,11,available,,4.0,-140000.0,False
780.0,12,en_route,0,15.151759974208828,-77600.00183955,False
780.0,13,en_route,0,15.706120000094478,-77600.00173293245,False
780.0,14,en_route,1,-9.374781263259482,-77600.0018941019,False
780.0,15,en_route,2,4.8816482755216715,-77600.00007791769,False
780.0,16,available,,2.0,-140000.0,False
780.0,17,available,,7.0,-140000.0,False
780.0,18,available,,7.0,-140000.0,False
780.0,19,available,,7.0,-140000.0,False
780.0,20,available,,7.0,-140000.0,False
780.0,21,available,,7.0,-140000.0,False
780.0,22,available,,7.0,-140000.0,False
780.0,23,available,,7.0,-140000.0,False
780.0,24,available,,7.0,-140000.0,False
780.0,25,available,,7.0,-140000.0,False
780.0,26,available,,7.0,-140000.0,False
780.0,27,available,,7.0,-140000.0,False
780.0,28,available,,7.0,-140000.0,False
780.0,29,available,,7.0,-140000.0,False
780.0,30,available,,7.0,-140000.0,False
780.0,31,available,,7.0,-140000.0,False
780.0,32,available,,7.0,-140000.0,False
780.0,33,available,,7.0,-140000.0,False
780.0,34,available,,7.0,-140000.0,False
780.0,35,available,,7.0,-140000.0,False
780.0,36,available,,7.0,-140000.0,False
780.0,37,available,,7.0,-140000.0,False
780.0,38,available,,7.0,-140000.0,False
780.0,39,available,,7.0,-140000.0,False
780.0,40,available,,7.0,-140000.0,False
780.0,41,available,,7.0,-140000.0,False
810.0,1,en_route,0,20.569500136973804,-75200.00103281881,False
810.0,2,en_route,1,-11.577760903489773,-75200.00163974622,False
810.0,3,en_route,2,4.761711670734044,-75200.00008091453,False
810.0,4,available,,10.0,-140000.0,False
810.0,5,available,,5.0,-140000.0,False
810.0,6,available,,4.0,-140000.0,False
810.0,7,available,,4.0,-140000.0,False
810.0,8,available,,4.0,-140000.0,False
810.0,9,available,,4.0,-140000.0,False
810.0,10,available,,4.0,-140000.0,False
810.0,11,available,,4.0,-140000.0,False
810.0,12,en_route,0,15.734519973216859,-75200.00191030191,False
810.0,13,en_route,0,16.271740000098113,-75200.0017995837,False
810.0,14,en_route,1,-9.966119004154077,-75200.00196695197,False
810.0,15,en_route,2,4.761711670734044,-75200.00008091453,False
810.0,16,available,,2.0,-140000.0,False
810.0,17,available,,7.0,-140000.0,False
810.0,18,available,,7.0,-140000.0,False
810.0,19,available,,7.0,-140000.0,False
810.0,20,available,,7.0,-140000.0,False
810.0,21,available,,7.0,-140000.0,False
810.0,22,available,,7.0,-140000.0,False
810.0,23,available,,7.0,-140000.0,False
810.0,24,available,,7.0,-140000.0,False
810.0,25,available,,7.0,-140000.0,False
810.0,26,available,,7.0,-140000.0,False
810.0,27,available,,7.0,-140000.0,False
810.0,28,available,,7.0,-140000.0,False
810.0,29,available,,7.0,-140000.0,False
810.0,30,available,,7.0,-140000.0,False
810.0,31,available,,7.0,-140000.0,False
810.0,32,available,,7.0,-140000.0,False
810.0,33,available,,7.0,-140000.0,False
810.0,34,available,,7.0,-140000.0,False
810.0,35,available,,7.0,-140000.0,False
810.0,36,available,,7.0,-140000.0,False
810.0,37,available,,7.0,-140000.0,False
810.0,38,available,,7.0,-140000.0,False
810.0,39,available,,7.0,-140000.0,False
810.0,40,available,,7.0,-140000.0,False
810.0,41,available,,7.0,-140000.0,False
840.0,1,en_route,0,20.99800014204691,-72800.00107107135,False
840.0,2,en_route,1,-12.117677973989395,-72800.00170047756,False
840.0,3,en_route,2,4.641775065946417,-72800.00008391136,False
840.0,4,available,,10.0,-140000.0,False
840.0,5,available,,5.0,-140000.0,False
840.0,6,available,,4.0,-140000.0,False
840.0,7,available,,4.0,-140000.0,False
840.0,8,available,,4.0,-140000.0,False
840.0,9,available,,4.0,-140000.0,False
840.0,10,available,,4.0,-140000.0,False
840.0,11,available,,4.0,-140000.0,False
840.0,12,en_route,0,16.317279972224892,-72800.00198105384,False
840.0,13,en_route,0,16.837360000101746,-72800.00186623495,False
840.0,14,en_route,1,-10.557456745048672,-72800.00203980204,False
840.0,15,en_route,2,4.641775065946417,-72800.00008391136,False
840.0,16,available,,2.0,-140000.0,False
840.0,17,available,,7.0,-140000.0,False
840.0,18,available,,7.0,-140000.0,False
840.0,19,available,,7.0,-140000.0,False
840.0,20,available,,7.0,-140000.0,False
840.0,21,available,,7.0,-140000.0,False
840.0,22,available,,7.0,-140000.0,False
840.0,23,available,,7.0,-140000.0,False
840.0,24,available,,7.0,-140000.0,False
840.0,25,available,,7.0,-140000.0,False
840.0,26,available,,7.0,-140000.0,False
840.0,27,available,,7.0,-140000.0,False
840.0,28,available,,7.0,-140000.0,False
840.0,29,available,,7.0,-140000.0,False
840.0,30,available,,7.0,-140000.0,False
840.0,31,available,,7.0,-140000.0,False
840.0,32,available,,7.0,-140000.0,False
840.0,33,available,,7.0,-140000.0,False
840.0,34,available,,7.0,-140000.0,False
840.0,35,available,,7.0,-140000.0,False
840.0,36,available,,7.0,-140000.0,False
840.0,37,available,,7.0,-140000.0,False
840.0,38,available,,7.0,-140000.0,False
840.0,39,available,,7.0,-140000.0,False
840.0,40,available,,7.0,-140000.0,False
840.0,41,available,,7.0,-140000.0,False
870.0,1,en_route,0,21.426500147120013,-70400.0011093239,False
870.0,2,en_route,1,-12.657595044489016,-70400.0017612089,False
870.0,3,en_route,2,4.52183846115879,-70400.0000869082,False
870.0,4,available,,10.0,-140000.0,False
870.0,5,available,,5.0,-140000.0,False
870.0,6,available,,4.0,-140000.0,False
870.0,7,available,,4.0,-140000.0,False
870.0,8,available,,4.0,-140000.0,False
870.0,9,available,,4.0,-140000.0,False
870.0,10,available,,4.0,-140000.0,False
870.0,11,available,,4.0,-140000.0,False
870.0,12,en_route,0,16.900039971232925,-70400.00205180576,False
870.0,13,en_route,0,17.40298000010538,-70400.0019328862,False
870.0,14,en_route,1,-11.148794485943267,-70400.00211265212,False
870.0,15,en_route,2,4.52183846115879,-70400.0000869082,False
870.0,16,available,,2.0,-140000.0,False
870.0,17,available,,7.0,-140000.0,False
870.0,18,available,,7.0,-140000.0,False
870.0,19,available,,7.0,-140000.0,False
870.0,20,available,,7.0,-140000.0,False
870.0,21,available,,7.0,-140000.0,False
870.0,22,available,,7.0,-140000.0,False
870.0,23,available,,7.0,-140000.0,False
870.0,24,available,,7.0,-140000.0,False
870.0,25,available,,7.0,-140000.0,False
870.0,26,available,,7.0,-140000.0,False
870.0,27,available,,7.0,-140000.0,False
870.0,28,available,,7.0,-140000.0,False
870.0,29,available,,7.0,-140000.0,False
870.0,30,available,,7.0,-140000.0,False
870.0,31,available,,7.0,-140000.0,False
870.0,32,available,,7.0,-140000.0,False
870.0,33,available,,7.0,-140000.0,False
870.0,34,available,,7.0,-140000.0,False
870.0,35,available,,7.0,-140000.0,False
870.0,36,available,,7.0,-140000.0,False
870.0,37,available,,7.0,-140000.0,False
870.0,38,available,,7.0,-140000.0,False
870.0,39,available,,7.0,-140000.0,False
870.0,40,available,,7.0,-140000.0,False
870.0,41,available,,7.0,-140000.0,False
900.0,1,en_route,0,21.855000152193117,-68000.00114757645,False
900.0,2,en_route,1,-13.197512114988637,-68000.00182194024,False
900.0,3,en_route,2,4.401901856371162,-68000.00008990504,False
900.0,4,available,,10.0,-140000.0,False
900.0,5,available,,5.0,-140000.0,False
900.0,6,available,,4.0,-140000.0,False
900.0,7,available,,4.0,-140000.0,False
900.0,8,available,,4.0,-140000.0,False
900.0,9,available,,4.0,-140000.0,False
900.0,10,available,,4.0,-140000.0,False
900.0,11,available,,4.0,-140000.0,False
900.0,12,en_route,0,17.482799970240958,-68000.00212255768,False
900.0,13,en_route,0,17.968600000109014,-68000.00199953745,False
900.0,14,en_route,1,-11.740132226837861,-68000.00218550219,False
900.0,15,en_route,2,4.401901856371162,-68000.00008990504,False
900.0,16,available,,2.0,-140000.0,False
900.0,17,available,,7.0,-140000.0,False
900.0,18,available,,7.0,-140000.0,False
900.0,19,available,,7.0,-140000.0,False
900.0,20,available,,7.0,-140000.0,False
900.0,21,available,,7.0,-140000.0,False
900.0,22,available,,7.0,-140000.0,False
900.0,23,available,,7.0,-140000.0,False
900.0,24,available,,7.0,-140000.0,False
900.0,25,available,,7.0,-140000.0,False
900.0,26,available,,7.0,-140000.0,False
900.0,27,available,,7.0,-140000.0,False
900.0,28,available,,7.0,-140000.0,False
900.0,29,available,,7.0,-140000.0,False
900.0,30,available,,7.0,-140000.0,False
900.0,31,available,,7.0,-140000.0,False
900.0,32,available,,7.0,-140000.0,False
900.0,33,available,,7.0,-140000.0,False
900.0,34,available,,7.0,-140000.0,False
900.0,35,available,,7.0,-140000.0,False
900.0,36,available,,7.0,-140000.0,False
900.0,37,available,,7.0,-140000.0,False
900.0,38,available,,7.0,-140000.0,False
900.0,39,available,,7.0,-140000.0,False
900.0,40,available,,7.0,-140000.0,False
900.0,41,available,,7.0,-140000.0,False
930.0,1,en_route,0,22.28350015726622,-65600.001185829,False
930.0,2,en_route,1,-13.737429185488258,-65600.00188267158,False
930.0,3,en_route,2,4.281965251583534,-65600.00009290187,False
930.0,4,available,,10.0,-140000.0,False
930.0,5,available,,5.0,-140000.0,False
930.0,6,available,,4.0,-140000.0,False
930.0,7,available,,4.0,-140000.0,False
930.0,8,available,,4.0,-140000.0,False
930.0,9,available,,4.0,-140000.0,False
930.0,10,available,,4.0,-140000.0,False
930.0,11,available,,4.0,-140000.0,False
930.0,12,en_route,0,18.06555996924899,-65600.0021933096,False
930.0,13,en_route,0,18.534220000112647,-65600.0020661887,False
930.0,14,en_route,1,-12.331469967732456,-65600.00225835227,False
930.0,15,en_route,2,4.281965251583534,-65600.00009290187,False
930.0,16,available,,2.0,-140000.0,False
930.0,17,available,,7.0,-140000.0,False
930.0,18,available,,7.0,-140000.0,False
930.0,19,available,,7.0,-140000.0,False
930.0,20,available,,7.0,-140000.0,False
930.0,21,available,,7.0,-140000.0,False
930.0,22,available,,7.0,-140000.0,False
930.0,23,available,,7.0,-140000.0,False
930.0,24,available,,7.0,-140000.0,False
930.0,25,available,,7.0,-140000.0,False
930.0,26,available,,7.0,-140000.0,False
930.0,27,available,,7.0,-140000.0,False
930.0,28,available,,7.0,-140000.0,False
930.0,29,available,,7.0,-140000.0,False
930.0,30,available,,7.0,-140000.0,False
930.0,31,available,,7.0,-140000.0,False
930.0,32,available,,7.0,-140000.0,False
930.0,33,available,,7.0,-140000.0,False
930.0,34,available,,7.0,-140000.0,False
930.0,35,available,,7.0,-140000.0,False
930.0,36,available,,7.0,-140000.0,False
930.0,37,available,,7.0,-140000.0,False
930.0,38,available,,7.0,-140000.0,False
930.0,39,available,,7.0,-140000.0,False
930.0,40,available,,7.0,-140000.0,False
930.0,41,available,,7.0,-140000.0,False
960.0,1,en_route,0,22.712000162339326,-63200.00122408155,False
960.0,2,en_route,1,-14.27734625598788,-63200.001943402924,False
960.0,3,en_route,2,4.162028646795907,-63200.0000958987,False
960.0,4,available,,10.0,-140000.0,False
960.0,5,available,,5.0,-140000.0,False
960.0,6,available,,4.0,-140000.0,False
960.0,7,available,,4.0,-140000.0,False
960.0,8,available,,4.0,-140000.0,False
960.0,9,available,,4.0,-140000.0,False
960.0,10,available,,4.0,-140000.0,False
960.0,11,available,,4.0,-140000.0,False
960.0,12,en_route,0,18.648319968257024,-63200.00226406152,False
960.0,13,en_route,0,19.09984000011628,-63200.002132839945,False
960.0,14,en_route,1,-12.922807708627051,-63200.00233120233,False
960.0,15,en_route,2,4.162028646795907,-63200.0000958987,False
960.0,16,available,,2.0,-140000.0,False
960.0,17,available,,7.0,-140000.0,False
960.0,18,available,,7.0,-140000.0,False
960.0,19,available,,7.0,-140000.0,False
960.0,20,available,,7.0,-140000.0,False
960.0,21,available,,7.0,-140000.0,False
960.0,22,available,,7.0,-140000.0,False
960.0,23,available,,7.0,-140000.0,False
960.0,24,available,,7.0,-140000.0,False
960.0,25,available,,7.0,-140000.0,False
960.0,26,available,,7.0,-140000.0,False
960.0,27,available,,7.0,-140000.0,False
960.0,28,available,,7.0,-140000.0,False
960.0,29,available,,7.0,-140000.0,False
960.0,30,available,,7.0,-140000.0,False
960.0,31,available,,7.0,-140000.0,False
960.0,32,available,,7.0,-140000.0,False
960.0,33,available,,7.0,-140000.0,False
960.0,34,available,,7.0,-140000.0,False
960.0,35,available,,7.0,-140000.0,False
960.0,36,available,,7.0,-140000.0,False
960.0,37,available,,7.0,-140000.0,False
960.0,38,available,,7.0,-140000.0,False
960.0,39,available,,7.0,-140000.0,False
960.0,40,available,,7.0,-140000.0,False
960.0,41,available,,7.0,-140000.0,False
990.0,1,en_route,0,23.14050016741243,-60800.0012623341,False
990.0,2,en_route,1,-14.8172633264875,-60800.002004134265,False
990.0,3,en_route,2,4.04209204200828,-60800.00009889553,False
990.0,4,available,,10.0,-140000.0,False
990.0,5,available,,5.0,-140000.0,False
990.0,6,available,,4.0,-140000.0,False
990.0,7,available,,4.0,-140000.0,False
990.0,8,available,,4.0,-140000.0,False
990.0,9,available,,4.0,-140000.0,False
990.0,10,available,,4.0,-140000.0,False
990.0,11,available,,4.0,-140000.0,False
990.0,12,en_route,0,19.231079967265057,-60800.00233481344,False
990.0,13,en_route,0,19.665460000119914,-60800.002199491195,False
990.0,14,en_route,1,-13.514145449521646,-60800.0024040524,False
990.0,15,en_route,2,4.04209204200828,-60800.00009889553,False
990.0,16,available,,2.0,-140000.0,False
990.0,17,available,,7.0,-140000.0,False
990.0,18,available,,7.0,-140000.0,False
990.0,19,available,,7.0,-140000.0,False
990.0,20,available,,7.0,-140000.0,False
990.0,21,available,,7.0,-140000.0,False
990.0,22,available,,7.0,-140000.0,False
990.0,23,available,,7.0,-140000.0,False
990.0,24,available,,7.0,-140000.0,False
990.0,25,available,,7.0,-140000.0,False
990.0,26,available,,7.0,-140000.0,False
990.0,27,available,,7.0,-140000.0,False
990.0,28,available,,7.0,-140000.0,False
990.0,29,available,,7.0,-140000.0,False
990.0,30,available,,7.0,-140000.0,False
990.0,31,available,,7.0,-140000.0,False
990.0,32,available,,7.0,-140000.0,False
990.0,33,available,,7.0,-140000.0,False
990.0,34,available,,7.0,-140000.0,False
990.0,35,available,,7.0,-140000.0,False
990.0,36,available,,7.0,-140000.0,False
990.0,37,available,,7.0,-140000.0,False
990.0,38,available,,7.0,-140000.0,False
990.0,39,available,,7.0,-140000.0,False
990.0,40,available,,7.0,-140000.0,False
990.0,41,available,,7.0,-140000.0,False
1020.0,1,en_route,0,23.569000172485534,-58400.00130058666,False
1020.0,2,en_route,1,-15.357180396987122,-58400.00206486561,False
1020.0,3,en_route,2,3.922155437220652,-58400.00010189236,False
1020.0,4,available,,10.0,-140000.0,False
1020.0,5,available,,5.0,-140000.0,False
1020.0,6,available,,4.0,-140000.0,False
1020.0,7,available,,4.0,-140000.0,False
1020.0,8,available,,4.0,-140000.0,False
1020.0,9,available,,4.0,-140000.0,False
1020.0,10,available,,4.0,-140000.0,False
1020.0,11,available,,4.0,-140000.0,False
1020.0,12,en_route,0,19.81383996627309,-58400.00240556536,False
1020.0,13,en_route,0,20.231080000123548,-58400.002266142445,False
1020.0,14,en_route,1,-14.10548319041624,-58400.00247690247,False
1020.0,15,en_route,2,3.922155437220652,-58400.00010189236,False
1020.0,16,available,,2.0,-140000.0,False
1020.0,17,available,,7.0,-140000.0,False
1020.0,18,available,,7.0,-140000.0,False
1020.0,19,available,,7.0,-140000.0,False
1020.0,20,available,,7.0,-140000.0,False
1020.0,21,available,,7.0,-140000.0,False
1020.0,22,available,,7.0,-140000.0,False
1020.0,23,available,,7.0,-140000.0,False
1020.0,24,available,,7.0,-140000.0,False
1020.0,25,available,,7.0,-140000.0,False
1020.0,26,available,,7.0,-140000.0,False
1020.0,27,available,,7.0,-140000.0,False
1020.0,28,available,,7.0,-140000.0,False
1020.0,29,available,,7.0,-140000.0,False
1020.0,30,available,,7.0,-140000.0,False
1020.0,31,available,,7.0,-140000.0,False
1020.0,32,available,,7.0,-140000.0,False
1020.0,33,available,,7.0,-140000.0,False
1020.0,34,available,,7.0,-140000.0,False
1020.0,35,available,,7.0,-140000.0,False
1020.0,36,available,,7.0,-140000.0,False
1020.0,37,available,,7.0,-140000.0,False
1020.0,38,available,,7.0,-140000.0,False
1020.0,39,available,,7.0,-140000.0,False
1020.0,40,available,,7.0,-140000.0,False
1020.0,41,available,,7.0,-140000.0,False
1050.0,1,en_route,0,23.99750017755864,-56000.00133883921,False
1050.0,2,en_route,1,-15.897097467486743,-56000.00212559695,False
1050.0,3,en_route,2,3.8022188324330246,-56000.000104889186,False
1050.0,4,available,,10.0,-140000.0,False
1050.0,5,available,,5.0,-140000.0,False
1050.0,6,available,,4.0,-140000.0,False
1050.0,7,available,,4.0,-140000.0,False
1050.0,8,available,,4.0,-140000.0,False
1050.0,9,available,,4.0,-140000.0,False
1050.0,10,available,,4.0,-140000.0,False
1050.0,11,available,,4.0,-140000.0,False
1050.0,12,en_route,0,20.396599965281123,-56000.002476317284,False
1050.0,13,en_route,0,20.79670000012718,-56000.002332793694,False
1050.0,14,en_route,1,-14.696820931310835,-56000.002549752535,False
1050.0,15,en_route,2,3.8022188324330246,-56000.000104889186,False
1050.0,16,available,,2.0,-140000.0,False
1050.0,17,available,,7.0,-140000.0,False
1050.0,18,available,,7.0,-140000.0,False
1050.0,19,available,,7.0,-140000.0,False
1050.0,20,available,,7.0,-140000.0,False
1050.0,21,available,,7.0,-140000.0,False
1050.0,22,available,,7.0,-140000.0,False
1050.0,23,available,,7.0,-140000.0,False
1050.0,24,available,,7.0,-140000.0,False
1050.0,25,available,,7.0,-140000.0,False
1050.0,26,available,,7.0,-140000.0,False
1050.0,27,available,,7.0,-140000.0,False
1050.0,28,available,,7.0,-140000.0,False
1050.0,29,available,,7.0,-140000.0,False
1050.0,30,available,,7.0,-140000.0,False
1050.0,31,available,,7.0,-140000.0,False
1050.0,32,available,,7.0,-140000.0,False
1050.0,33,available,,7.0,-140000.0,False
1050.0,34,available,,7.0,-140000.0,False
1050.0,35,available,,7.0,-140000.0,False
1050.0,36,available,,7.0,-140000.0,False
1050.0,37,available,,7.0,-140000.0,False
1050.0,38,available,,7.0,-140000.0,False
1050.0,39,available,,7.0,-140000.0,False
1050.0,40,available,,7.0,-140000.0,False
1050.0,41,available,,7.0,-140000.0,False
1080.0,1,en_route,0,24.426000182631743,-53600.001377091765,False
1080.0,2,en_route,1,-16.437014537986364,-53600.00218632829,False
1080.0,3,en_route,2,3.682282227645397,-53600.000107886015,False
1080.0,4,available,,10.0,-140000.0,False
1080.0,5,available,,5.0,-140000.0,False
1080.0,6,available,,4.0,-140000.0,False
1080.0,7,available,,4.0,-140000.0,False
1080.0,8,available,,4.0,-140000.0,False
1080.0,9,available,,4.0,-140000.0,False
1080.0,10,available,,4.0,-140000.0,False
1080.0,11,available,,4.0,-140000.0,False
1080.0,12,en_route,0,20.979359964289156,-53600.002547069205,False
1080.0,13,en_route,0,21.362320000130815,-53600.002399444944,False
1080.0,14,en_route,1,-15.28815867220543,-53600.0026226026,False
1080.0,15,en_route,2,3.682282227645397,-53600.000107886015,False
1080.0,16,available,,2.0,-140000.0,False
1080.0,17,available,,7.0,-140000.0,False
1080.0,18,available,,7.0,-140000.0,False
1080.0,19,available,,7.0,-140000.0,False
1080.0,20,available,,7.0,-140000.0,False
1080.0,21,available,,7.0,-140000.0,False
1080.0,22,available,,7.0,-140000.0,False
1080.0,23,available,,7.0,-140000.0,False
1080.0,24,available,,7.0,-140000.0,False
1080.0,25,available,,7.0,-140000.0,False
1080.0,26,available,,7.0,-140000.0,False
1080.0,27,available,,7.0,-140000.0,False
1080.0,28,available,,7.0,-140000.0,False
1080.0,29,available,,7.0,-140000.0,False
1080.0,30,available,,7.0,-140000.0,False
1080.0,31,available,,7.0,-140000.0,False
1080.0,32,available,,7.0,-140000.0,False
1080.0,33,available,,7.0,-140000.0,False
1080.0,34,available,,7.0,-140000.0,False
1080.0,35,available,,7.0,-140000.0,False
1080.0,36,available,,7.0,-140000.0,False
1080.0,37,available,,7.0,-140000.0,False
1080.0,38,available,,7.0,-140000.0,False
1080.0,39,available,,7.0,-140000.0,False
1080.0,40,available,,7.0,-140000.0,False
1080.0,41,available,,7.0,-140000.0,False
1110.0,1,en_route,0,24.854500187704847,-51200.00141534432,False
1110.0,2,en_route,1,-16.976931608485987,-51200.00224705963,False
1110.0,3,en_route,2,3.5623456228577695,-51200.000110882844,False
1110.0,4,available,,10.0,-140000.0,False
1110.0,5,available,,5.0,-140000.0,False
1110.0,6,available,,4.0,-140000.0,False
1110.0,7,available,,4.0,-140000.0,False
1110.0,8,available,,4.0,-140000.0,False
1110.0,9,available,,4.0,-140000.0,False
1110.0,10,available,,4.0,-140000.0,False
1110.0,11,available,,4.0,-140000.0,False
1110.0,12,en_route,0,21.56211996329719,-51200.00261782113,False
1110.0,13,en_route,0,21.92794000013445,-51200.00246609619,False
1110.0,14,en_route,1,-15.879496413100025,-51200.00269545267,False
1110.0,15,en_route,2,3.5623456228577695,-51200.000110882844,False
1110.0,16,available,,2.0,-140000.0,False
1110.0,17,available,,7.0,-140000.0,False
1110.0,18,available,,7.0,-140000.0,False
1110.0,19,available,,7.0,-140000.0,False
1110.0,20,available,,7.0,-140000.0,False
1110.0,21,available,,7.0,-140000.0,False
1110.0,22,available,,7.0,-140000.0,False
1110.0,23,available,,7.0,-140000.0,False
1110.0,24,available,,7.0,-140000.0,False
1110.0,25,available,,7.0,-140000.0,False
1110.0,26,available,,7.0,-140000.0,False
1110.0,27,available,,7.0,-140000.0,False
1110.0,28,available,,7.0,-140000.0,False
1110.0,29,available,,7.0,-140000.0,False
1110.0,30,available,,7.0,-140000.0,False
1110.0,31,available,,7.0,-140000.0,False
1110.0,32,available,,7.0,-140000.0,False
1110.0,33,available,,7.0,-140000.0,False
1110.0,34,available,,7.0,-140000.0,False
1110.0,35,available,,7.0,-140000.0,False
1110.0,36,available,,7.0,-140000.0,False
1110.0,37,available,,7.0,-140000.0,False
1110.0,38,available,,7.0,-140000.0,False
1110.0,39,available,,7.0,-140000.0,False
1110.0,40,available,,7.0,-140000.0,False
1110.0,41,available,,7.0,-140000.0,False
1140.0,1,en_route,0,25.28300019277795,-48800.00145359687,False
1140.0,2,en_route,1,-17.51684867898561,-48800.00230779097,False
1140.0,3,en_route,2,3.442409018070142,-48800.00011387967,False
1140.0,4,available,,10.0,-140000.0,False
1140.0,5,available,,5.0,-140000.0,False
1140.0,6,available,,4.0,-140000.0,False
1140.0,7,available,,4.0,-140000.0,False
1140.0,8,available,,4.0,-140000.0,False
1140.0,9,available,,4.0,-140000.0,False
1140.0,10,available,,4.0,-140000.0,False
1140.0,11,available,,4.0,-140000.0,False
1140.0,12,en_route,0,22.14487996230522,-48800.00268857305,False
1140.0,13,en_route,0,22.493560000138082,-48800.00253274744,False
1140.0,14,en_route,1,-16.47083415399462,-48800.00276830274,False
1140.0,15,en_route,2,3.442409018070142,-48800.00011387967,False
1140.0,16,available,,2.0,-140000.0,False
1140.0,17,available,,7.0,-140000.0,False
1140.0,18,available,,7.0,-140000.0,False
1140.0,19,available,,7.0,-140000.0,False
1140.0,20,available,,7.0,-140000.0,False
1140.0,21,available,,7.0,-140000.0,False
1140.0,22,available,,7.0,-140000.0,False
1140.0,23,available,,7.0,-140000.0,False
1140.0,24,available,,7.0,-140000.0,False
1140.0,25,available,,7.0,-140000.0,False
1140.0,26,available,,7.0,-140000.0,False
1140.0,27,available,,7.0,-140000.0,False
1140.0,28,available,,7.0,-140000.0,False
1140.0,29,available,,7.0,-140000.0,False
1140.0,30,available,,7.0,-140000.0,False
1140.0,31,available,,7.0,-140000.0,False
1140.0,32,available,,7.0,-140000.0,False
1140.0,33,available,,7.0,-140000.0,False
1140.0,34,available,,7.0,-140000.0,False
1140.0,35,available,,7.0,-140000.0,False
1140.0,36,available,,7.0,-140000.0,False
1140.0,37,available,,7.0,-140000.0,False
1140.0,38,available,,7.0,-140000.0,False
1140.0,39,available,,7.0,-140000.0,False
1140.0,40,available,,7.0,-140000.0,False
1140.0,41,available,,7.0,-140000.0,False
1170.0,1,en_route,0,25.711500197851056,-46400.00149184943,False
1170.0,2,en_route,1,-18.056765749485233,-46400.00236852231,False
1170.0,3,en_route,2,3.3224724132825143,-46400.0001168765,False
1170.0,4,available,,10.0,-140000.0,False
1170.0,5,available,,5.0,-140000.0,False
1170.0,6,available,,4.0,-140000.0,False
1170.0,7,available,,4.0,-140000.0,False
1170.0,8,available,,4.0,-140000.0,False
1170.0,9,available,,4.0,-140000.0,False
1170.0,10,available,,4.0,-140000.0,False
1170.0,11,available,,4.0,-140000.0,False
1170.0,12,en_route,0,22.727639961313255,-46400.00275932497,False
1170.0,13,en_route,0,23.059180000141716,-46400.00259939869,False
1170.0,14,en_route,1,-17.062171894889214,-46400.002841152804,False
1170.0,15,en_route,2,3.3224724132825143,-46400.0001168765,False
1170.0,16,available,,2.0,-140000.0,False
1170.0,17,available,,7.0,-140000.0,False
1170.0,18,available,,7.0,-140000.0,False
1170.0,19,available,,7.0,-140000.0,False
1170.0,20,available,,7.0,-140000.0,False
1170.0,21,available,,7.0,-140000.0,False
1170.0,22,available,,7.0,-140000.0,False
1170.0,23,available,,7.0,-140000.0,False
1170.0,24,available,,7.0,-140000.0,False
1170.0,25,available,,7.0,-140000.0,False
1170.0,26,available,,7.0,-140000.0,False
1170.0,27,available,,7.0,-140000.0,False
1170.0,28,available,,7.0,-140000.0,False
1170.0,29,available,,7.0,-140000.0,False
1170.0,30,available,,7.0,-140000.0,False
1170.0,31,available,,7.0,-140000.0,False
1170.0,32,available,,7.0,-140000.0,False
1170.0,33,available,,7.0,-140000.0,False
1170.0,34,available,,7.0,-140000.0,False
1170.0,35,available,,7.0,-140000.0,False
1170.0,36,available,,7.0,-140000.0,False
1170.0,37,available,,7.0,-140000.0,False
1170.0,38,available,,7.0,-140000.0,False
1170.0,39,available,,7.0,-140000.0,False
1170.0,40,available,,7.0,-140000.0,False
1170.0,41,available,,7.0,-140000.0,False
1200.0,1,en_route,0,26.14000020292416,-44000.00153010198,False
1200.0,2,en_route,1,-18.596682819984856,-44000.002429253655,False
1200.0,3,en_route,2,3.2025358084948867,-44000.00011987333,False
1200.0,4,available,,10.0,-140000.0,False
1200.0,5,available,,5.0,-140000.0,False
1200.0,6,available,,4.0,-140000.0,False
1200.0,7,available,,4.0,-140000.0,False
1200.0,8,available,,4.0,-140000.0,False
1200.0,9,available,,4.0,-140000.0,False
1200.0,10,available,,4.0,-140000.0,False
1200.0,11,available,,4.0,-140000.0,False
1200.0,12,en_route,0,23.310399960321284,-44000.00283007689,False
1200.0,13,en_route,0,23.62480000014535,-44000.00266604994,False
1200.0,14,en_route,1,-17.65350963578381,-44000.00291400287,False
1200.0,15,en_route,2,3.2025358084948867,-44000.00011987333,False
1200.0,16,available,,2.0,-140000.0,False
1200.0,17,available,,7.0,-140000.0,False
1200.0,18,available,,7.0,-140000.0,False
1200.0,19,available,,7.0,-140000.0,False
1200.0,20,available,,7.0,-140000.0,False
1200.0,21,available,,7.0,-140000.0,False
1200.0,22,available,,7.0,-140000.0,False
1200.0,23,available,,7.0,-140000.0,False
1200.0,24,available,,7.0,-140000.0,False
1200.0,25,available,,7.0,-140000.0,False
1200.0,26,available,,7.0,-140000.0,False
1200.0,27,available,,7.0,-140000.0,False
1200.0,28,available,,7.0,-140000.0,False
1200.0,29,available,,7.0,-140000.0,False
1200.0,30,available,,7.0,-140000.0,False
1200.0,31,available,,7.0,-140000.0,False
1200.0,32,available,,7.0,-140000.0,False
1200.0,33,available,,7.0,-140000.0,False
1200.0,34,available,,7.0,-140000.0,False
1200.0,35,available,,7.0,-140000.0,False
1200.0,36,available,,7.0,-140000.0,False
1200.0,37,available,,7.0,-140000.0,False
1200.0,38,available,,7.0,-140000.0,False
1200.0,39,available,,7.0,-140000.0,False
1200.0,40,available,,7.0,-140000.0,False
1200.0,41,available,,7.0,-140000.0,False
1230.0,1,en_route,0,26.568500207997264,-41600.001568354535,False
1230.0,2,en_route,1,-19.136599890484476,-41600.002489984996,False
1230.0,3,en_route,2,3.082599203707259,-41600.00012287016,False
1230.0,4,available,,10.0,-140000.0,False
1230.0,5,available,,5.0,-140000.0,False
1230.0,6,available,,4.0,-140000.0,False
1230.0,7,available,,4.0,-140000.0,False
1230.0,8,available,,4.0,-140000.0,False
1230.0,9,available,,4.0,-140000.0,False
1230.0,10,available,,4.0,-140000.0,False
1230.0,11,available,,4.0,-140000.0,False
1230.0,12,en_route,0,23.893159959329317,-41600.00290082881,False
1230.0,13,en_route,0,24.190420000148983,-41600.00273270119,False
1230.0,14,en_route,1,-18.244847376678404,-41600.00298685294,False
1230.0,15,en_route,2,3.082599203707259,-41600.00012287016,False
1230.0,16,available,,2.0,-140000.0,False
1230.0,17,available,,7.0,-140000.0,False
1230.0,18,available,,7.0,-140000.0,False
1230.0,19,available,,7.0,-140000.0,False
1230.0,20,available,,7.0,-140000.0,False
1230.0,21,available,,7.0,-140000.0,False
1230.0,22,available,,7.0,-140000.0,False
1230.0,23,available,,7.0,-140000.0,False
1230.0,24,available,,7.0,-140000.0,False
1230.0,25,available,,7.0,-140000.0,False
1230.0,26,available,,7.0,-140000.0,False
1230.0,27,available,,7.0,-140000.0,False
1230.0,28,available,,7.0,-140000.0,False
1230.0,29,available,,7.0,-140000.0,False
1230.0,30,available,,7.0,-140000.0,False
1230.0,31,available,,7.0,-140000.0,False
1230.0,32,available,,7.0,-140000.0,False
1230.0,33,available,,7.0,-140000.0,False
1230.0,34,available,,7.0,-140000.0,False
1230.0,35,available,,7.0,-140000.0,False
1230.0,36,available,,7.0,-140000.0,False
1230.0,37,available,,7.0,-140000.0,False
1230.0,38,available,,7.0,-140000.0,False
1230.0,39,available,,7.0,-140000.0,False
1230.0,40,available,,7.0,-140000.0,False
1230.0,41,available,,7.0,-140000.0,False
1260.0,1,en_route,0,26.99700021307037,-39200.00160660709,False
1260.0,2,en_route,1,-19.6765169609841,-39200.00255071634,False
1260.0,3,en_route,2,2.9626625989196316,-39200.00012586699,False
1260.0,4,available,,10.0,-140000.0,False
1260.0,5,available,,5.0,-140000.0,False
1260.0,6,available,,4.0,-140000.0,False
1260.0,7,available,,4.0,-140000.0,False
1260.0,8,available,,4.0,-140000.0,False
1260.0,9,available,,4.0,-140000.0,False
1260.0,10,available,,4.0,-140000.0,False
1260.0,11,available,,4.0,-140000.0,False
1260.0,12,en_route,0,24.47591995833735,-39200.00297158073,False
1260.0,13,en_route,0,24.756040000152616,-39200.00279935244,False
1260.0,14,en_route,1,-18.836185117573,-39200.003059703005,False
1260.0,15,en_route,2,2.9626625989196316,-39200.00012586699,False
1260.0,16,available,,2.0,-140000.0,False
1260.0,17,available,,7.0,-140000.0,False
1260.0,18,available,,7.0,-140000.0,False
1260.0,19,available,,7.0,-140000.0,False
1260.0,20,available,,7.0,-140000.0,False
1260.0,21,available,,7.0,-140000.0,False
1260.0,22,available,,7.0,-140000.0,False
1260.0,23,available,,7.0,-140000.0,False
1260.0,24,available,,7.0,-140000.0,False
1260.0,25,available,,7.0,-140000.0,False
1260.0,26,available,,7.0,-140000.0,False
1260.0,27,available,,7.0,-140000.0,False
1260.0,28,available,,7.0,-140000.0,False
1260.0,29,available,,7.0,-140000.0,False
1260.0,30,available,,7.0,-140000.0,False
1260.0,31,available,,7.0,-140000.0,False
1260.0,32,available,,7.0,-140000.0,False
1260.0,33,available,,7.0,-140000.0,False
1260.0,34,available,,7.0,-140000.0,False
1260.0,35,available,,7.0,-140000.0,False
1260.0,36,available,,7.0,-140000.0,False
1260.0,37,available,,7.0,-140000.0,False
1260.0,38,available,,7.0,-140000.0,False
1260.0,39,available,,7.0,-140000.0,False
1260.0,40,available,,7.0,-140000.0,False
1260.0,41,available,,7.0,-140000.0,False
1290.0,1,en_route,0,27.425500218143473,-36800.00164485964,False
1290.0,2,en_route,1,-20.216434031483722,-36800.00261144768,False
1290.0,3,en_route,2,2.842725994132004,-36800.000128863816,False
1290.0,4,available,,10.0,-140000.0,False
1290.0,5,available,,5.0,-140000.0,False
1290.0,6,available,,4.0,-140000.0,False
1290.0,7,available,,4.0,-140000.0,False
1290.0,8,available,,4.0,-140000.0,False
1290.0,9,available,,4.0,-140000.0,False
1290.0,10,available,,4.0,-140000.0,False
1290.0,11,available,,4.0,-140000.0,False
1290.0,12,en_route,0,25.058679957345383,-36800.00304233265,False
1290.0,13,en_route,0,25.32166000015625,-36800.00286600369,False
1290.0,14,en_route,1,-19.427522858467594,-36800.00313255307,False
1290.0,15,en_route,2,2.842725994132004,-36800.000128863816,False
1290.0,16,available,,2.0,-140000.0,False
1290.0,17,available,,7.0,-140000.0,False
1290.0,18,available,,7.0,-140000.0,False
1290.0,19,available,,7.0,-140000.0,False
1290.0,20,available,,7.0,-140000.0,False
1290.0,21,available,,7.0,-140000.0,False
1290.0,22,available,,7.0,-140000.0,False
1290.0,23,available,,7.0,-140000.0,False
1290.0,24,available,,7.0,-140000.0,False
1290.0,25,available,,7.0,-140000.0,False
1290.0,26,available,,7.0,-140000.0,False
1290.0,27,available,,7.0,-140000.0,False
1290.0,28,available,,7.0,-140000.0,False
1290.0,29,available,,7.0,-140000.0,False
1290.0,30,available,,7.0,-140000.0,False
1290.0,31,available,,7.0,-140000.0,False
1290.0,32,available,,7.0,-140000.0,False
1290.0,33,available,,7.0,-140000.0,False
1290.0,34,available,,7.0,-140000.0,False
1290.0,35,available,,7.0,-140000.0,False
1290.0,36,available,,7.0,-140000.0,False
1290.0,37,available,,7.0,-140000.0,False
1290.0,38,available,,7.0,-140000.0,False
1290.0,39,available,,7.0,-140000.0,False
1290.0,40,available,,7.0,-140000.0,False
1290.0,41,available,,7.0,-140000.0,False
1320.0,1,en_route,0,27.854000223216577,-34400.0016831122,False
1320.0,2,en_route,1,-20.75635110198334,-34400.00267217902,False
1320.0,3,en_route,2,2.7227893893443764,-34400.000131860645,False
1320.0,4,available,,10.0,-140000.0,False
1320.0,5,available,,5.0,-140000.0,False
1320.0,6,available,,4.0,-140000.0,False
1320.0,7,available,,4.0,-140000.0,False
1320.0,8,available,,4.0,-140000.0,False
1320.0,9,available,,4.0,-140000.0,False
1320.0,10,available,,4.0,-140000.0,False
1320.0,11,available,,4.0,-140000.0,False
1320.0,12,en_route,0,25.641439956353413,-34400.003113084575,False
1320.0,13,en_route,0,25.887280000159883,-34400.00293265494,False
1320.0,14,en_route,1,-20.01886059936219,-34400.00320540314,False
1320.0,15,en_route,2,2.7227893893443764,-34400.000131860645,False
1320.0,16,available,,2.0,-140000.0,False
1320.0,17,available,,7.0,-140000.0,False
1320.0,18,available,,7.0,-140000.0,False
1320.0,19,available,,7.0,-140000.0,False
1320.0,20,available,,7.0,-140000.0,False
1320.0,21,available,,7.0,-140000.0,False
1320.0,22,available,,7.0,-140000.0,False
1320.0,23,available,,7.0,-140000.0,False
1320.0,24,available,,7.0,-140000.0,False
1320.0,25,available,,7.0,-140000.0,False
1320.0,26,available,,7.0,-140000.0,False
1320.0,27,available,,7.0,-140000.0,False
1320.0,28,available,,7.0,-140000.0,False
1320.0,29,available,,7.0,-140000.0,False
1320.0,30,available,,7.0,-140000.0,False
1320.0,31,available,,7.0,-140000.0,False
1320.0,32,available,,7.0,-140000.0,False
1320.0,33,available,,7.0,-140000.0,False
1320.0,34,available,,7.0,-140000.0,False
1320.0,35,available,,7.0,-140000.0,False
1320.0,36,available,,7.0,-140000.0,False
1320.0,37,available,,7.0,-140000.0,False
1320.0,38,available,,7.0,-140000.0,False
1320.0,39,available,,7.0,-140000.0,False
1320.0,40,available,,7.0,-140000.0,False
1320.0,41,available,,7.0,-140000.0,False
1350.0,1,en_route,0,28.28250022828968,-32000.00172136475,False
1350.0,2,en_route,1,-21.296268172482964,-32000.00273291036,False
1350.0,3,en_route,2,2.602852784556749,-32000.000134857477,False
1350.0,4,available,,10.0,-140000.0,False
1350.0,5,available,,5.0,-140000.0,False
1350.0,6,available,,4.0,-140000.0,False
1350.0,7,available,,4.0,-140000.0,False
1350.0,8,available,,4.0,-140000.0,False
1350.0,9,available,,4.0,-140000.0,False
1350.0,10,available,,4.0,-140000.0,False
1350.0,11,available,,4.0,-140000.0,False
1350.0,12,en_route,0,26.224199955361446,-32000.003183836496,False
1350.0,13,en_route,0,26.452900000163517,-32000.00299930619,False
1350.0,14,en_route,1,-20.610198340256783,-32000.003278253207,False
1350.0,15,en_route,2,2.602852784556749,-32000.000134857477,False
1350.0,16,available,,2.0,-140000.0,False
1350.0,17,available,,7.0,-140000.0,False
1350.0,18,available,,7.0,-140000.0,False
1350.0,19,available,,7.0,-140000.0,False
1350.0,20,available,,7.0,-140000.0,False
1350.0,21,available,,7.0,-140000.0,False
1350.0,22,available,,7.0,-140000.0,False
1350.0,23,available,,7.0,-140000.0,False
1350.0,24,available,,7.0,-140000.0,False
1350.0,25,available,,7.0,-140000.0,False
1350.0,26,available,,7.0,-140000.0,False
1350.0,27,available,,7.0,-140000.0,False
1350.0,28,available,,7.0,-140000.0,False
1350.0,29,available,,7.0,-140000.0,False
1350.0,30,available,,7.0,-140000.0,False
1350.0,31,available,,7.0,-140000.0,False
1350.0,32,available,,7.0,-140000.0,False
1350.0,33,available,,7.0,-140000.0,False
1350.0,34,available,,7.0,-140000.0,False
1350.0,35,available,,7.0,-140000.0,False
1350.0,36,available,,7.0,-140000.0,False
1350.0,37,available,,7.0,-140000.0,False
1350.0,38,available,,7.0,-140000.0,False
1350.0,39,available,,7.0,-140000.0,False
1350.0,40,available,,7.0,-140000.0,False
1350.0,41,available,,7.0,-140000.0,False
1380.0,1,en_route,0,28.711000233362785,-29600.001759617306,False
1380.0,2,en_route,1,-21.836185242982587,-29600.002793641703,False
1380.0,3,en_route,2,2.4829161797691213,-29600.00013785431,False
1380.0,4,available,,10.0,-140000.0,False
1380.0,5,available,,5.0,-140000.0,False
1380.0,6,available,,4.0,-140000.0,False
1380.0,7,available,,4.0,-140000.0,False
1380.0,8,available,,4.0,-140000.0,False
1380.0,9,available,,4.0,-140000.0,False
1380.0,10,available,,4.0,-140000.0,False
1380.0,11,available,,4.0,-140000.0,False
1380.0,12,en_route,0,26.806959954369475,-29600.003254588417,False
1380.0,13,en_route,0,27.01852000016715,-29600.00306595744,False
1380.0,14,en_route,1,-21.201536081151378,-29600.003351103274,False
1380.0,15,en_route,2,2.4829161797691213,-29600.00013785431,False
1380.0,16,available,,2.0,-140000.0,False
1380.0,17,available,,7.0,-140000.0,False
1380.0,18,available,,7.0,-140000.0,False
1380.0,19,available,,7.0,-140000.0,False
1380.0,20,available,,7.0,-140000.0,False
1380.0,21,available,,7.0,-140000.0,False
1380.0,22,available,,7.0,-140000.0,False
1380.0,23,available,,7.0,-140000.0,False
1380.0,24,available,,7.0,-140000.0,False
1380.0,25,available,,7.0,-140000.0,False
1380.0,26,available,,7.0,-140000.0,False
1380.0,27,available,,7.0,-140000.0,False
1380.0,28,available,,7.0,-140000.0,False
1380.0,29,available,,7.0,-140000.0,False
1380.0,30,available,,7.0,-140000.0,False
1380.0,31,available,,7.0,-140000.0,False
1380.0,32,available,,7.0,-140000.0,False
1380.0,33,available,,7.0,-140000.0,False
1380.0,34,available,,7.0,-140000.0,False
1380.0,35,available,,7.0,-140000.0,False
1380.0,36,available,,7.0,-140000.0,False
1380.0,37,available,,7.0,-140000.0,False
1380.0,38,available,,7.0,-140000.0,False
1380.0,39,available,,7.0,-140000.0,False
1380.0,40,available,,7.0,-140000.0,False
1380.0,41,available,,7.0,-140000.0,False
1410.0,1,en_route,0,29.13950023843589,-27200.00179786986,False
1410.0,2,en_route,1,-22.376102313482207,-27200.002854373044,False
1410.0,3,en_route,2,2.3629795749814937,-27200.00014085114,False
1410.0,4,available,,10.0,-140000.0,False
1410.0,5,available,,5.0,-140000.0,False
1410.0,6,available,,4.0,-140000.0,False
1410.0,7,available,,4.0,-140000.0,False
1410.0,8,available,,4.0,-140000.0,False
1410.0,9,available,,4.0,-140000.0,False
1410.0,10,available,,4.0,-140000.0,False
1410.0,11,available,,4.0,-140000.0,False
1410.0,12,en_route,0,27.389719953377508,-27200.003325340338,False
1410.0,13,en_route,0,27.584140000170784,-27200.00313260869,False
1410.0,14,en_route,1,-21.792873822045973,-27200.00342395334,False
1410.0,15,en_route,2,2.3629795749814937,-27200.00014085114,False
1410.0,16,available,,2.0,-140000.0,False
1410.0,17,available,,7.0,-140000.0,False
1410.0,18,available,,7.0,-140000.0,False
1410.0,19,available,,7.0,-140000.0,False
1410.0,20,available,,7.0,-140000.0,False
1410.0,21,available,,7.0,-140000.0,False
1410.0,22,available,,7.0,-140000.0,False
1410.0,23,available,,7.0,-140000.0,False
1410.0,24,available,,7.0,-140000.0,False
1410.0,25,available,,7.0,-140000.0,False
1410.0,26,available,,7.0,-140000.0,False
1410.0,27,available,,7.0,-140000.0,False
1410.0,28,available,,7.0,-140000.0,False
1410.0,29,available,,7.0,-140000.0,False
1410.0,30,available,,7.0,-140000.0,False
1410.0,31,available,,7.0,-140000.0,False
1410.0,32,available,,7.0,-140000.0,False
1410.0,33,available,,7.0,-140000.0,False
1410.0,34,available,,7.0,-140000.0,False
1410.0,35,available,,7.0,-140000.0,False
1410.0,36,available,,7.0,-140000.0,False
1410.0,37,available,,7.0,-140000.0,False
1410.0,38,available,,7.0,-140000.0,False
1410.0,39,available,,7.0,-140000.0,False
1410.0,40,available,,7.0,-140000.0,False
1410.0,41,available,,7.0,-140000.0,False
1440.0,1,en_route,0,29.56800024350899,-24800.001836122414,False
1440.0,2,en_route,1,-22.916019383981826,-24800.002915104385,False
1440.0,3,en_route,2,2.243042970193866,-24800.000143847974,False
1440.0,4,available,,10.0,-140000.0,False
1440.0,5,available,,5.0,-140000.0,False
1440.0,6,available,,4.0,-140000.0,False
1440.0,7,available,,4.0,-140000.0,False
1440.0,8,available,,4.0,-140000.0,False
1440.0,9,available,,4.0,-140000.0,False
1440.0,10,available,,4.0,-140000.0,False
1440.0,11,available,,4.0,-140000.0,False
1440.0,12,en_route,0,27.97247995238554,-24800.00339609226,False
1440.0,13,en_route,0,28.149760000174417,-24800.003199259936,False
1440.0,14,en_route,1,-22.384211562940568,-24800.00349680341,False
1440.0,15,en_route,2,2.243042970193866,-24800.000143847974,False
1440.0,16,available,,2.0,-140000.0,False
1440.0,17,available,,7.0,-140000.0,False
1440.0,18,available,,7.0,-140000.0,False
1440.0,19,available,,7.0,-140000.0,False
1440.0,20,available,,7.0,-140000.0,False
1440.0,21,available,,7.0,-140000.0,False
1440.0,22,available,,7.0,-140000.0,False
1440.0,23,available,,7.0,-140000.0,False
1440.0,24,available,,7.0,-140000.0,False
1440.0,25,available,,7.0,-140000.0,False
1440.0,26,available,,7.0,-140000.0,False
1440.0,27,available,,7.0,-140000.0,False
1440.0,28,available,,7.0,-140000.0,False
1440.0,29,available,,7.0,-140000.0,False
1440.0,30,available,,7.0,-140000.0,False
1440.0,31,available,,7.0,-140000.0,False
1440.0,32,available,,7.0,-140000.0,False
1440.0,33,available,,7.0,-140000.0,False
1440.0,34,available,,7.0,-140000.0,False
1440.0,35,available,,7.0,-140000.0,False
1440.0,36,available,,7.0,-140000.0,False
1440.0,37,available,,7.0,-140000.0,False
1440.0,38,available,,7.0,-140000.0,False
1440.0,39,available,,7.0,-140000.0,False
1440.0,40,available,,7.0,-140000.0,False
1440.0,41,available,,7.0,-140000.0,False
1470.0,1,en_route,0,29.996500248582095,-22400.001874374968,False
1470.0,2,en_route,1,-23.45593645448145,-22400.002975835727,False
1470.0,3,en_route,2,2.1231063654062385,-22400.000146844806,False
1470.0,4,available,,10.0,-140000.0,False
1470.0,5,available,,5.0,-140000.0,False
1470.0,6,available,,4.0,-140000.0,False
1470.0,7,available,,4.0,-140000.0,False
1470.0,8,available,,4.0,-140000.0,False
1470.0,9,available,,4.0,-140000.0,False
1470.0,10,available,,4.0,-140000.0,False
1470.0,11,available,,4.0,-140000.0,False
1470.0,12,en_route,0,28.55523995139357,-22400.00346684418,False
1470.0,13,en_route,0,28.71538000017805,-22400.003265911182,False
1470.0,14,en_route,1,-22.975549303835162,-22400.003569653476,False
1470.0,15,en_route,2,2.1231063654062385,-22400.000146844806,False
1470.0,16,available,,2.0,-140000.0,False
1470.0,17,available,,7.0,-140000.0,False
1470.0,18,available,,7.0,-140000.0,False
1470.0,19,available,,7.0,-140000.0,False
1470.0,20,available,,7.0,-140000.0,False
1470.0,21,available,,7.0,-140000.0,False
1470.0,22,available,,7.0,-140000.0,False
1470.0,23,available,,7.0,-140000.0,False
1470.0,24,available,,7.0,-140000.0,False
1470.0,25,available,,7.0,-140000.0,False
1470.0,26,available,,7.0,-140000.0,False
1470.0,27,available,,7.0,-140000.0,False
1470.0,28,available,,7.0,-140000.0,False
1470.0,29,available,,7.0,-140000.0,False
1470.0,30,available,,7.0,-140000.0,False
1470.0,31,available,,7.0,-140000.0,False
1470.0,32,available,,7.0,-140000.0,False
1470.0,33,available,,7.0,-140000.0,False
1470.0,34,available,,7.0,-140000.0,False
1470.0,35,available,,7.0,-140000.0,False
1470.0,36,available,,7.0,-140000.0,False
1470.0,37,available,,7.0,-140000.0,False
1470.0,38,available,,7.0,-140000.0,False
1470.0,39,available,,7.0,-140000.0,False
1470.0,40,available,,7.0,-140000.0,False
1470.0,41,available,,7.0,-140000.0,False
1500.0,1,en_route,0,30.4250002536552,-20000.001912627522,False
1500.0,2,en_route,1,-23.995853524981072,-20000.00303656707,False
1500.0,3,en_route,2,2.003169760618611,-20000.00014984164,False
1500.0,4,available,,10.0,-140000.0,False
1500.0,5,available,,5.0,-140000.0,False
1500.0,6,available,,4.0,-140000.0,False
1500.0,7,available,,4.0,-140000.0,False
1500.0,8,available,,4.0,-140000.0,False
1500.0,9,available,,4.0,-140000.0,False
1500.0,10,available,,4.0,-140000.0,False
1500.0,11,available,,4.0,-140000.0,False
1500.0,12,en_route,0,29.1379999504016,-20000.0035375961,False
1500.0,13,en_route,0,29.281000000181685,-20000.003332562428,False
1500.0,14,en_route,1,-23.566887044729757,-20000.003642503543,False
1500.0,15,en_route,2,2.003169760618611,-20000.00014984164,False
1500.0,16,available,,2.0,-140000.0,False
1500.0,17,available,,7.0,-140000.0,False
1500.0,18,available,,7.0,-140000.0,False
1500.0,19,available,,7.0,-140000.0,False
1500.0,20,available,,7.0,-140000.0,False
1500.0,21,available,,7.0,-140000.0,False
1500.0,22,available,,7.0,-140000.0,False
1500.0,23,available,,7.0,-140000.0,False
1500.0,24,available,,7.0,-140000.0,False
1500.0,25,available,,7.0,-140000.0,False
1500.0,26,available,,7.0,-140000.0,False
1500.0,27,available,,7.0,-140000.0,False
1500.0,28,available,,7.0,-140000.0,False
1500.0,29,available,,7.0,-140000.0,False
1500.0,30,available,,7.0,-140000.0,False
1500.0,31,available,,7.0,-140000.0,False
1500.0,32,available,,7.0,-140000.0,False
1500.0,33,available,,7.0,-140000.0,False
1500.0,34,available,,7.0,-140000.0,False
1500.0,35,available,,7.0,-140000.0,False
1500.0,36,available,,7.0,-140000.0,False
1500.0,37,available,,7.0,-140000.0,False
1500.0,38,available,,7.0,-140000.0,False
1500.0,39,available,,7.0,-140000.0,False
1500.0,40,available,,7.0,-140000.0,False
1500.0,41,available,,7.0,-140000.0,False
1530.0,1,en_route,0,30.8535002587283,-17600.001950880076,False
1530.0,2,en_route,1,-24.53577059548069,-17600.00309729841,False
1530.0,3,en_route,2,1.8832331558309832,-17600.00015283847,False
1530.0,4,available,,10.0,-140000.0,False
1530.0,5,available,,5.0,-140000.0,False
1530.0,6,available,,4.0,-140000.0,False
1530.0,7,available,,4.0,-140000.0,False
1530.0,8,available,,4.0,-140000.0,False
1530.0,9,available,,4.0,-140000.0,False
1530.0,10,available,,4.0,-140000.0,False
1530.0,11,available,,4.0,-140000.0,False
1530.0,12,en_route,0,29.720759949409633,-17600.003608348023,False
1530.0,13,en_route,0,29.846620000185318,-17600.003399213674,False
1530.0,14,en_route,1,-24.158224785624352,-17600.00371535361,False
1530.0,15,en_route,2,1.8832331558309832,-17600.00015283847,False
1530.0,16,available,,2.0,-140000.0,False
1530.0,17,available,,7.0,-140000.0,False
1530.0,18,available,,7.0,-140000.0,False
1530.0,19,available,,7.0,-140000.0,False
1530.0,20,available,,7.0,-140000.0,False
1530.0,21,available,,7.0,-140000.0,False
1530.0,22,available,,7.0,-140000.0,False
1530.0,23,available,,7.0,-140000.0,False
1530.0,24,available,,7.0,-140000.0,False
1530.0,25,available,,7.0,-140000.0,False
1530.0,26,available,,7.0,-140000.0,False
1530.0,27,available,,7.0,-140000.0,False
1530.0,28,available,,7.0,-140000.0,False
1530.0,29,available,,7.0,-140000.0,False
1530.0,30,available,,7.0,-140000.0,False
1530.0,31,available,,7.0,-140000.0,False
1530.0,32,available,,7.0,-140000.0,False
1530.0,33,available,,7.0,-140000.0,False
1530.0,34,available,,7.0,-140000.0,False
1530.0,35,available,,7.0,-140000.0,False
1530.0,36,available,,7.0,-140000.0,False
1530.0,37,available,,7.0,-140000.0,False
1530.0,38,available,,7.0,-140000.0,False
1530.0,39,available,,7.0,-140000.0,False
1530.0,40,available,,7.0,-140000.0,False
1530.0,41,available,,7.0,-140000.0,False
1560.0,1,en_route,0,31.2820002638014,-15200.00198913263,False
1560.0,2,en_route,1,-25.075687665980315,-15200.003158029753,False
1560.0,3,en_route,2,1.7632965510433554,-15200.000155835301,False
1560.0,4,available,,10.0,-140000.0,False
1560.0,5,available,,5.0,-140000.0,False
1560.0,6,available,,4.0,-140000.0,False
1560.0,7,available,,4.0,-140000.0,False
1560.0,8,available,,4.0,-140000.0,False
1560.0,9,available,,4.0,-140000.0,False
1560.0,10,available,,4.0,-140000.0,False
1560.0,11,available,,4.0,-140000.0,False
1560.0,12,en_route,0,30.303519948417666,-15200.003679099944,False
1560.0,13,en_route,0,30.41224000018895,-15200.003465864922,False
1560.0,14,en_route,1,-24.749562526518947,-15200.003788203678,False
1560.0,15,en_route,2,1.7632965510433554,-15200.000155835301,False
1560.0,16,available,,2.0,-140000.0,False
1560.0,17,available,,7.0,-140000.0,False
1560.0,18,available,,7.0,-140000.0,False
1560.0,19,available,,7.0,-140000.0,False
1560.0,20,available,,7.0,-140000.0,False
1560.0,21,available,,7.0,-140000.0,False
1560.0,22,available,,7.0,-140000.0,False
1560.0,23,available,,7.0,-140000.0,False
1560.0,24,available,,7.0,-140000.0,False
1560.0,25,available,,7.0,-140000.0,False
1560.0,26,available,,7.0,-140000.0,False
1560.0,27,available,,7.0,-140000.0,False
1560.0,28,available,,7.0,-140000.0,False
1560.0,29,available,,7.0,-140000.0,False
1560.0,30,available,,7.0,-140000.0,False
1560.0,31,available,,7.0,-140000.0,False
1560.0,32,available,,7.0,-140000.0,False
1560.0,33,available,,7.0,-140000.0,False
1560.0,34,available,,7.0,-140000.0,False
1560.0,35,available,,7.0,-140000.0,False
1560.0,36,available,,7.0,-140000.0,False
1560.0,37,available,,7.0,-140000.0,False
1560.0,38,available,,7.0,-140000.0,False
1560.0,39,available,,7.0,-140000.0,False
1560.0,40,available,,7.0,-140000.0,False
1560.0,41,available,,7.0,-140000.0,False
1590.0,1,en_route,0,31.710500268874505,-12800.002027385184,False
1590.0,2,en_route,1,-25.615604736479938,-12800.003218761096,False
1590.0,3,en_route,2,1.6433599462557278,-12800.000158832132,False
1590.0,4,available,,10.0,-140000.0,False
1590.0,5,available,,5.0,-140000.0,False
1590.0,6,available,,4.0,-140000.0,False
1590.0,7,available,,4.0,-140000.0,False
1590.0,8,available,,4.0,-140000.0,False
1590.0,9,available,,4.0,-140000.0,False
1590.0,10,available,,4.0,-140000.0,False
1590.0,11,available,,4.0,-140000.0,False
1590.0,12,en_route,0,30.886279947425695,-12800.003749851865,False
1590.0,13,en_route,0,30.977860000192585,-12800.00353251617,False
1590.0,14,en_route,1,-25.34090026741354,-12800.003861053747,False
1590.0,15,en_route,2,1.6433599462557278,-12800.000158832132,False
1590.0,16,available,,2.0,-140000.0,False
1590.0,17,available,,7.0,-140000.0,False
1590.0,18,available,,7.0,-140000.0,False
1590.0,19,available,,7.0,-140000.0,False
1590.0,20,available,,7.0,-140000.0,False
1590.0,21,available,,7.0,-140000.0,False
1590.0,22,available,,7.0,-140000.0,False
1590.0,23,available,,7.0,-140000.0,False
1590.0,24,available,,7.0,-140000.0,False
1590.0,25,available,,7.0,-140000.0,False
1590.0,26,available,,7.0,-140000.0,False
1590.0,27,available,,7.0,-140000.0,False
1590.0,28,available,,7.0,-140000.0,False
1590.0,29,available,,7.0,-140000.0,False
1590.0,30,available,,7.0,-140000.0,False
1590.0,31,available,,7.0,-140000.0,False
1590.0,32,available,,7.0,-140000.0,False
1590.0,33,available,,7.0,-140000.0,False
1590.0,34,available,,7.0,-140000.0,False
1590.0,35,available,,7.0,-140000.0,False
1590.0,36,available,,7.0,-140000.0,False
1590.0,37,available,,7.0,-140000.0,False
1590.0,38,available,,7.0,-140000.0,False
1590.0,39,available,,7.0,-140000.0,False
1590.0,40,available,,7.0,-140000.0,False
1590.0,41,available,,7.0,-140000.0,False
1620.0,1,en_route,0,32.13900027394761,-10400.002065637738,False
1620.0,2,en_route,1,-26.155521806979557,-10400.00327949244,False
1620.0,3,en_route,2,1.5234233414681002,-10400.000161828963,False
1620.0,4,available,,10.0,-140000.0,False
1620.0,5,available,,5.0,-140000.0,False
1620.0,6,available,,4.0,-140000.0,False
1620.0,7,available,,4.0,-140000.0,False
1620.0,8,available,,4.0,-140000.0,False
1620.0,9,available,,4.0,-140000.0,False
1620.0,10,available,,4.0,-140000.0,False
1620.0,11,available,,4.0,-140000.0,False
1620.0,12,en_route,0,31.469039946433725,-10400.003820603786,False
1620.0,13,en_route,0,31.54348000019622,-10400.003599167418,False
1620.0,14,en_route,1,-25.932238008308136,-10400.003933903816,False
1620.0,15,en_route,2,1.5234233414681002,-10400.000161828963,False
1620.0,16,available,,2.0,-140000.0,False
1620.0,17,available,,7.0,-140000.0,False
1620.0,18,available,,7.0,-140000.0,False
1620.0,19,available,,7.0,-140000.0,False
1620.0,20,available,,7.0,-140000.0,False
1620.0,21,available,,7.0,-140000.0,False
1620.0,22,available,,7.0,-140000.0,False
1620.0,23,available,,7.0,-140000.0,False
1620.0,24,available,,7.0,-140000.0,False
1620.0,25,available,,7.0,-140000.0,False
1620.0,26,available,,7.0,-140000.0,False
1620.0,27,available,,7.0,-140000.0,False
1620.0,28,available,,7.0,-140000.0,False
1620.0,29,available,,7.0,-140000.0,False
1620.0,30,available,,7.0,-140000.0,False
1620.0,31,available,,7.0,-140000.0,False
1620.0,32,available,,7.0,-140000.0,False
1620.0,33,available,,7.0,-140000.0,False
1620.0,34,available,,7.0,-140000.0,False
1620.0,35,available,,7.0,-140000.0,False
1620.0,36,available,,7.0,-140000.0,False
1620.0,37,available,,7.0,-140000.0,False
1620.0,38,available,,7.0,-140000.0,False
1620.0,39,available,,7.0,-140000.0,False
1620.0,40,available,,7.0,-140000.0,False
1620.0,41,available,,7.0,-140000.0,False
1650.0,1,en_route,0,32.56750027902071,-8000.002103890292,False
1650.0,2,en_route,1,-26.695438877479177,-8000.003340223782,False
1650.0,3,en_route,2,1.4034867366804724,-8000.000164825793,False
1650.0,4,available,,10.0,-140000.0,False
1650.0,5,available,,5.0,-140000.0,False
1650.0,6,available,,4.0,-140000.0,False
1650.0,7,available,,4.0,-140000.0,False
1650.0,8,available,,4.0,-140000.0,False
1650.0,9,available,,4.0,-140000.0,False
1650.0,10,available,,4.0,-140000.0,False
1650.0,11,available,,4.0,-140000.0,False
1650.0,12,en_route,0,32.05179994544176,-8000.003891355707,False
1650.0,13,en_route,0,32.10910000019985,-8000.0036658186655,False
1650.0,14,en_route,1,-26.523575749202735,-8000.004006753885,False
1650.0,15,en_route,2,1.4034867366804724,-8000.000164825793,False
1650.0,16,available,,2.0,-140000.0,False
1650.0,17,available,,7.0,-140000.0,False
1650.0,18,available,,7.0,-140000.0,False
1650.0,19,available,,7.0,-140000.0,False
1650.0,20,available,,7.0,-140000.0,False
1650.0,21,available,,7.0,-140000.0,False
1650.0,22,available,,7.0,-140000.0,False
1650.0,23,available,,7.0,-140000.0,False
1650.0,24,available,,7.0,-140000.0,False
1650.0,25,available,,7.0,-140000.0,False
1650.0,26,available,,7.0,-140000.0,False
1650.0,27,available,,7.0,-140000.0,False
1650.0,28,available,,7.0,-140000.0,False
1650.0,29,available,,7.0,-140000.0,False
1650.0,30,available,,7.0,-140000.0,False
1650.0,31,available,,7.0,-140000.0,False
1650.0,32,available,,7.0,-140000.0,False
1650.0,33,available,,7.0,-140000.0,False
1650.0,34,available,,7.0,-140000.0,False
1650.0,35,available,,7.0,-140000.0,False
1650.0,36,available,,7.0,-140000.0,False
1650.0,37,available,,7.0,-140000.0,False
1650.0,38,available,,7.0,-140000.0,False
1650.0,39,available,,7.0,-140000.0,False
1650.0,40,available,,7.0,-140000.0,False
1650.0,41,available,,7.0,-140000.0,False
1680.0,1,en_route,0,32.99600028409382,-5600.002142142846,False
1680.0,2,en_route,1,-27.2353559479788,-5600.0034009551255,False
1680.0,3,en_route,2,1.2835501318928446,-5600.0001678226245,False
1680.0,4,available,,10.0,-140000.0,False
1680.0,5,available,,5.0,-140000.0,False
1680.0,6,available,,4.0,-140000.0,False
1680.0,7,available,,4.0,-140000.0,False
1680.0,8,available,,4.0,-140000.0,False
1680.0,9,available,,4.0,-140000.0,False
1680.0,10,available,,4.0,-140000.0,False
1680.0,11,available,,4.0,-140000.0,False
1680.0,12,en_route,0,32.63455994444979,-5600.0039621076285,False
1680.0,13,en_route,0,32.674720000203486,-5600.003732469913,False
1680.0,14,en_route,1,-27.11491349009733,-5600.004079603954,False
1680.0,15,en_route,2,1.2835501318928446,-5600.0001678226245,False
1680.0,16,available,,2.0,-140000.0,False
1680.0,17,available,,7.0,-140000.0,False
1680.0,18,available,,7.0,-140000.0,False
1680.0,19,available,,7.0,-140000.0,False
1680.0,20,available,,7.0,-140000.0,False
1680.0,21,available,,7.0,-140000.0,False
1680.0,22,available,,7.0,-140000.0,False
1680.0,23,available,,7.0,-140000.0,False
1680.0,24,available,,7.0,-140000.0,False
1680.0,25,available,,7.0,-140000.0,False
1680.0,26,available,,7.0,-140000.0,False
1680.0,27,available,,7.0,-140000.0,False
1680.0,28,available,,7.0,-140000.0,False
1680.0,29,available,,7.0,-140000.0,False
1680.0,30,available,,7.0,-140000.0,False
1680.0,31,available,,7.0,-140000.0,False
1680.0,32,available,,7.0,-140000.0,False
1680.0,33,available,,7.0,-140000.0,False
1680.0,34,available,,7.0,-140000.0,False
1680.0,35,available,,7.0,-140000.0,False
1680.0,36,available,,7.0,-140000.0,False
1680.0,37,available,,7.0,-140000.0,False
1680.0,38,available,,7.0,-140000.0,False
1680.0,39,available,,7.0,-140000.0,False
1680.0,40,available,,7.0,-140000.0,False
1680.0,41,available,,7.0,-140000.0,False
1710.0,1,en_route,0,33.424500289166915,-3200.0021803953996,False
1710.0,2,en_route,1,-27.775273018478423,-3200.0034616864687,False
1710.0,3,en_route,2,1.163613527105217,-3200.0001708194554,False
1710.0,4,available,,10.0,-140000.0,False
1710.0,5,available,,5.0,-140000.0,False
1710.0,6,available,,4.0,-140000.0,False
1710.0,7,available,,4.0,-140000.0,False
1710.0,8,available,,4.0,-140000.0,False
1710.0,9,available,,4.0,-140000.0,False
1710.0,10,available,,4.0,-140000.0,False
1710.0,11,available,,4.0,-140000.0,False
1710.0,12,en_route,0,33.217319943457824,-3200.00403285955,False
1710.0,13,en_route,0,33.24034000020712,-3200.0037991211607,False
1710.0,14,en_route,1,-27.706251230991928,-3200.0041524540225,False
1710.0,15,en_route,2,1.163613527105217,-3200.0001708194554,False
1710.0,16,available,,2.0,-140000.0,False
1710.0,17,available,,7.0,-140000.0,False
1710.0,18,available,,7.0,-140000.0,False
1710.0,19,available,,7.0,-140000.0,False
1710.0,20,available,,7.0,-140000.0,False
1710.0,21,available,,7.0,-140000.0,False
1710.0,22,available,,7.0,-140000.0,False
1710.0,23,available,,7.0,-140000.0,False
1710.0,24,available,,7.0,-140000.0,False
1710.0,25,available,,7.0,-140000.0,False
1710.0,26,available,,7.0,-140000.0,False
1710.0,27,available,,7.0,-140000.0,False
1710.0,28,available,,7.0,-140000.0,False
1710.0,29,available,,7.0,-140000.0,False
1710.0,30,available,,7.0,-140000.0,False
1710.0,31,available,,7.0,-140000.0,False
1710.0,32,available,,7.0,-140000.0,False
1710.0,33,available,,7.0,-140000.0,False
1710.0,34,available,,7.0,-140000.0,False
1710.0,35,available,,7.0,-140000.0,False
1710.0,36,available,,7.0,-140000.0,False
1710.0,37,available,,7.0,-140000.0,False
1710.0,38,available,,7.0,-140000.0,False
1710.0,39,available,,7.0,-140000.0,False
1710.0,40,available,,7.0,-140000.0,False
1710.0,41,available,,7.0,-140000.0,False
1740.0,1,en_route,0,33.85300029424002,-800.0022186479528,False
1740.0,2,en_route,1,-28.315190088978042,-800.0035224178118,False
1740.0,3,en_route,2,1.0436769223175892,-800.0001738162869,False
1740.0,4,available,,10.0,-140000.0,False
1740.0,5,available,,5.0,-140000.0,False
1740.0,6,available,,4.0,-140000.0,False
1740.0,7,available,,4.0,-140000.0,False
1740.0,8,available,,4.0,-140000.0,False
1740.0,9,available,,4.0,-140000.0,False
1740.0,10,available,,4.0,-140000.0,False
1740.0,11,available,,4.0,-140000.0,False
1740.0,12,en_route,0,33.80007994246585,-800.0041036114712,False
1740.0,13,en_route,0,33.80596000021075,-800.0038657724085,False
1740.0,14,en_route,1,-28.297588971886523,-800.0042253040906,False
1740.0,15,en_route,2,1.0436769223175892,-800.0001738162869,False
1740.0,16,available,,2.0,-140000.0,False
1740.0,17,available,,7.0,-140000.0,False
1740.0,18,available,,7.0,-140000.0,False
1740.0,19,available,,7.0,-140000.0,False
1740.0,20,available,,7.0,-140000.0,False
1740.0,21,available,,7.0,-140000.0,False
1740.0,22,available,,7.0,-140000.0,False
1740.0,23,available,,7.0,-140000.0,False
1740.0,24,available,,7.0,-140000.0,False
1740.0,25,available,,7.0,-140000.0,False
1740.0,26,available,,7.0,-140000.0,False
1740.0,27,available,,7.0,-140000.0,False
1740.0,28,available,,7.0,-140000.0,False
1740.0,29,available,,7.0,-140000.0,False
1740.0,30,available,,7.0,-140000.0,False
1740.0,31,available,,7.0,-140000.0,False
1740.0,32,available,,7.0,-140000.0,False
1740.0,33,available,,7.0,-140000.0,False
1740.0,34,available,,7.0,-140000.0,False
1740.0,35,available,,7.0,-140000.0,False
1740.0,36,available,,7.0,-140000.0,False
1740.0,37,available,,7.0,-140000.0,False
1740.0,38,available,,7.0,-140000.0,False
1740.0,39,available,,7.0,-140000.0,False
1740.0,40,available,,7.0,-140000.0,False
1740.0,41,available,,7.0,-140000.0,False
1770.0,1,en_route,0,34.0,23.333333333333332,False
1770.0,2,en_route,1,-28.5,21.5,False
1770.0,3,en_route,2,1.0,74.0,False
1770.0,4,available,,10.0,-140000.0,False
1770.0,5,available,,5.0,-140000.0,False
1770.0,6,available,,4.0,-140000.0,False
1770.0,7,available,,4.0,-140000.0,False
1770.0,8,available,,4.0,-140000.0,False
1770.0,9,available,,4.0,-140000.0,False
1770.0,10,available,,4.0,-140000.0,False
1770.0,11,available,,4.0,-140000.0,False
1770.0,12,striking,0,34.0,23.333333333333332,False
1770.0,13,striking,0,34.0,23.333333333333332,False
1770.0,14,striking,1,-28.5,21.5,False
1770.0,15,striking,2,1.0,74.0,False
1770.0,16,available,,2.0,-140000.0,False
1770.0,17,available,,7.0,-140000.0,False
1770.0,18,available,,7.0,-140000.0,False
1770.0,19,available,,7.0,-140000.0,False
1770.0,20,available,,7.0,-140000.0,False
1770.0,21,available,,7.0,-140000.0,False
1770.0,22,available,,7.0,-140000.0,False
1770.0,23,available,,7.0,-140000.0,False
1770.0,24,available,,7.0,-140000.0,False
1770.0,25,available,,7.0,-140000.0,False
1770.0,26,available,,7.0,-140000.0,False
1770.0,27,available,,7.0,-140000.0,False
1770.0,28,available,,7.0,-140000.0,False
1770.0,29,available,,7.0,-140000.0,False
1770.0,30,available,,7.0,-140000.0,False
1770.0,31,available,,7.0,-140000.0,False
1770.0,32,available,,7.0,-140000.0,False
1770.0,33,available,,7.0,-140000.0,False
1770.0,34,available,,7.0,-140000.0,False
1770.0,35,available,,7.0,-140000.0,False
1770.0,36,available,,7.0,-140000.0,False
1770.0,37,available,,7.0,-140000.0,False
1770.0,38,available,,7.0,-140000.0,False
1770.0,39,available,,7.0,-140000.0,False
1770.0,40,available,,7.0,-140000.0,False
1770.0,41,available,,7.0,-140000.0,False
1800.0,1,en_route,0,34.0,23.333333333333332,False
1800.0,2,en_route,1,-28.5,21.5,False
1800.0,3,en_route,2,1.0,74.0,False
1800.0,4,available,,10.0,-140000.0,False
1800.0,5,available,,5.0,-140000.0,False
1800.0,6,available,,4.0,-140000.0,False
1800.0,7,available,,4.0,-140000.0,False
1800.0,8,available,,4.0,-140000.0,False
1800.0,9,available,,4.0,-140000.0,False
1800.0,10,available,,4.0,-140000.0,False
1800.0,11,available,,4.0,-140000.0,False
1800.0,12,striking,0,34.0,23.333333333333332,False
1800.0,13,striking,0,34.0,23.333333333333332,False
1800.0,14,striking,1,-28.5,21.5,False
1800.0,15,striking,2,1.0,74.0,False
1800.0,16,available,,2.0,-140000.0,False
1800.0,17,available,,7.0,-140000.0,False
1800.0,18,available,,7.0,-140000.0,False
1800.0,19,available,,7.0,-140000.0,False
1800.0,20,available,,7.0,-140000.0,False
1800.0,21,available,,7.0,-140000.0,False
1800.0,22,available,,7.0,-140000.0,False
1800.0,23,available,,7.0,-140000.0,False
1800.0,24,available,,7.0,-140000.0,False
1800.0,25,available,,7.0,-140000.0,False
1800.0,26,available,,7.0,-140000.0,False
1800.0,27,available,,7.0,-140000.0,False
1800.0,28,available,,7.0,-140000.0,False
1800.0,29,available,,7.0,-140000.0,False
1800.0,30,available,,7.0,-140000.0,False
1800.0,31,available,,7.0,-140000.0,False
1800.0,32,available,,7.0,-140000.0,False
1800.0,33,available,,7.0,-140000.0,False
1800.0,34,available,,7.0,-140000.0,False
1800.0,35,available,,7.0,-140000.0,False
1800.0,36,available,,7.0,-140000.0,False
1800.0,37,available,,7.0,-140000.0,False
1800.0,38,available,,7.0,-140000.0,False
1800.0,39,available,,7.0,-140000.0,False
1800.0,40,available,,7.0,-140000.0,False
1800.0,41,available,,7.0,-140000.0,False
1830.0,1,en_route,0,34.0,23.333333333333332,False
1830.0,2,en_route,1,-28.5,21.5,False
1830.0,3,en_route,2,1.0,74.0,False
1830.0,4,available,,10.0,-140000.0,False
1830.0,5,available,,5.0,-140000.0,False
1830.0,6,available,,4.0,-140000.0,False
1830.0,7,available,,4.0,-140000.0,False
1830.0,8,available,,4.0,-140000.0,False
1830.0,9,available,,4.0,-140000.0,False
1830.0,10,available,,4.0,-140000.0,False
1830.0,11,available,,4.0,-140000.0,False
1830.0,12,striking,0,34.0,23.333333333333332,False
1830.0,13,striking,0,34.0,23.333333333333332,False
1830.0,14,striking,1,-28.5,21.5,False
1830.0,15,striking,2,1.0,74.0,False
1830.0,16,available,,2.0,-140000.0,False
1830.0,17,available,,7.0,-140000.0,False
1830.0,18,available,,7.0,-140000.0,False
1830.0,19,available,,7.0,-140000.0,False
1830.0,20,available,,7.0,-140000.0,False
1830.0,21,available,,7.0,-140000.0,False
1830.0,22,available,,7.0,-140000.0,False
1830.0,23,available,,7.0,-140000.0,False
1830.0,24,available,,7.0,-140000.0,False
1830.0,25,available,,7.0,-140000.0,False
1830.0,26,available,,7.0,-140000.0,False
1830.0,27,available,,7.0,-140000.0,False
1830.0,28,available,,7.0,-140000.0,False
1830.0,29,available,,7.0,-140000.0,False
1830.0,30,available,,7.0,-140000.0,False
1830.0,31,available,,7.0,-140000.0,False
1830.0,32,available,,7.0,-140000.0,False
1830.0,33,available,,7.0,-140000.0,False
1830.0,34,available,,7.0,-140000.0,False
1830.0,35,available,,7.0,-140000.0,False
1830.0,36,available,,7.0,-140000.0,False
1830.0,37,available,,7.0,-140000.0,False
1830.0,38,available,,7.0,-140000.0,False
1830.0,39,available,,7.0,-140000.0,False
1830.0,40,available,,7.0,-140000.0,False
1830.0,41,available,,7.0,-140000.0,False
