time,uav_id,status,assigned_cluster_id,x,y,is_damaged
30.0,1,en_route,2,9.15422182206946,-137600.00000495507,False
30.0,2,en_route,1,2.3829570654434393,-137600.00007932124,False
30.0,3,en_route,0,8.43709913997898,-137600.00003980327,False
30.0,4,available,,10.0,-140000.0,False
30.0,5,available,,5.0,-140000.0,False
30.0,6,available,,4.0,-140000.0,False
30.0,7,available,,4.0,-140000.0,False
30.0,8,available,,4.0,-140000.0,False
30.0,9,available,,4.0,-140000.0,False
30.0,10,available,,4.0,-140000.0,False
30.0,11,available,,4.0,-140000.0,False
30.0,12,en_route,2,0.30844364222846565,-137600.00001982032,False
30.0,13,en_route,2,1.2913078845867652,-137600.00001767924,False
30.0,14,en_route,1,5.331536824732659,-137600.0000930923,False
30.0,15,en_route,0,8.43709913997898,-137600.00003980327,False
30.0,16,available,,2.0,-140000.0,False
30.0,17,available,,7.0,-140000.0,False
30.0,18,available,,7.0,-140000.0,False
30.0,19,available,,7.0,-140000.0,False
30.0,20,available,,7.0,-140000.0,False
30.0,21,available,,7.0,-140000.0,False
30.0,22,available,,7.0,-140000.0,False
30.0,23,available,,7.0,-140000.0,False
30.0,24,available,,7.0,-140000.0,False
30.0,25,available,,7.0,-140000.0,False
30.0,26,available,,7.0,-140000.0,False
30.0,27,available,,7.0,-140000.0,False
30.0,28,available,,7.0,-140000.0,False
30.0,29,available,,7.0,-140000.0,False
30.0,30,available,,7.0,-140000.0,False
30.0,31,available,,7.0,-140000.0,False
30.0,32,available,,7.0,-140000.0,False
30.0,33,available,,7.0,-140000.0,False
30.0,34,available,,7.0,-140000.0,False
30.0,35,available,,7.0,-140000.0,False
30.0,36,available,,7.0,-140000.0,False
30.0,37,available,,7.0,-140000.0,False
30.0,38,available,,7.0,-140000.0,False
30.0,39,available,,7.0,-140000.0,False
30.0,40,available,,7.0,-140000.0,False
30.0,41,available,,7.0,-140000.0,False
60.0,1,en_route,2,9.308443644138919,-135200.00000991015,False
60.0,2,en_route,1,1.7659141308868787,-135200.00015864248,False
60.0,3,en_route,0,8.874198279957959,-135200.00007960654,False
60.0,4,available,,10.0,-140000.0,False
60.0,5,available,,5.0,-140000.0,False
60.0,6,available,,4.0,-140000.0,False
60.0,7,available,,4.0,-140000.0,False
60.0,8,available,,4.0,-140000.0,False
60.0,9,available,,4.0,-140000.0,False
60.0,10,available,,4.0,-140000.0,False
60.0,11,available,,4.0,-140000.0,False
60.0,12,en_route,2,0.6168872844569313,-135200.00003964064,False
60.0,13,en_route,2,1.5826157691735303,-135200.00003535848,False
60.0,14,en_route,1,4.663073649465318,-135200.0001861846,False
60.0,15,en_route,0,8.874198279957959,-135200.00007960654,False
60.0,16,available,,2.0,-140000.0,False
60.0,17,available,,7.0,-140000.0,False
60.0,18,available,,7.0,-140000.0,False
60.0,19,available,,7.0,-140000.0,False
60.0,20,available,,7.0,-140000.0,False
60.0,21,available,,7.0,-140000.0,False
60.0,22,available,,7.0,-140000.0,False
60.0,23,available,,7.0,-140000.0,False
60.0,24,available,,7.0,-140000.0,False
60.0,25,available,,7.0,-140000.0,False
60.0,26,available,,7.0,-140000.0,False
60.0,27,available,,7.0,-140000.0,False
60.0,28,available,,7.0,-140000.0,False
60.0,29,available,,7.0,-140000.0,False
60.0,30,available,,7.0,-140000.0,False
60.0,31,available,,7.0,-140000.0,False
60.0,32,available,,7.0,-140000.0,False
60.0,33,available,,7.0,-140000.0,False
60.0,34,available,,7.0,-140000.0,False
60.0,35,available,,7.0,-140000.0,False
60.0,36,available,,7.0,-140000.0,False
60.0,37,available,,7.0,-140000.0,False
60.0,38,available,,7.0,-140000.0,False
60.0,39,available,,7.0,-140000.0,False
60.0,40,available,,7.0,-140000.0,False
60.0,41,available,,7.0,-140000.0,False
90.0,1,en_route,2,9.462665466208378,-132800.00001486522,False
90.0,2,en_route,1,1.148871196330318,-132800.00023796372,False
90.0,3,en_route,0,9.311297419936938,-132800.00011940981,False
90.0,4,available,,10.0,-140000.0,False
90.0,5,available,,5.0,-140000.0,False
90.0,6,available,,4.0,-140000.0,False
90.0,7,available,,4.0,-140000.0,False
90.0,8,available,,4.0,-140000.0,False
90.0,9,available,,4.0,-140000.0,False
90.0,10,available,,4.0,-140000.0,False
90.0,11,available,,4.0,-140000.0,False
90.0,12,en_route,2,0.9253309266853968,-132800.00005946096,False
90.0,13,en_route,2,1.8739236537602955,-132800.00005303771,False
90.0,14,en_route,1,3.994610474197977,-132800.0002792769,False
90.0,15,en_route,0,9.311297419936938,-132800.00011940981,False
90.0,16,available,,2.0,-140000.0,False
90.0,17,available,,7.0,-140000.0,False
90.0,18,available,,7.0,-140000.0,False
90.0,19,available,,7.0,-140000.0,False
90.0,20,available,,7.0,-140000.0,False
90.0,21,available,,7.0,-140000.0,False
90.0,22,available,,7.0,-140000.0,False
90.0,23,available,,7.0,-140000.0,False
90.0,24,available,,7.0,-140000.0,False
90.0,25,available,,7.0,-140000.0,False
90.0,26,available,,7.0,-140000.0,False
90.0,27,available,,7.0,-140000.0,False
90.0,28,available,,7.0,-140000.0,False
90.0,29,available,,7.0,-140000.0,False
90.0,30,available,,7.0,-140000.0,False
90.0,31,available,,7.0,-140000.0,False
90.0,32,available,,7.0,-140000.0,False
90.0,33,available,,7.0,-140000.0,False
90.0,34,available,,7.0,-140000.0,False
90.0,35,available,,7.0,-140000.0,False
90.0,36,available,,7.0,-140000.0,False
90.0,37,available,,7.0,-140000.0,False
90.0,38,available,,7.0,-140000.0,False
90.0,39,available,,7.0,-140000.0,False
90.0,40,available,,7.0,-140000.0,False
90.0,41,available,,7.0,-140000.0,False
120.0,1,en_route,2,9.616887288277837,-130400.00001982029,False
120.0,2,en_route,1,0.5318282617737574,-130400.00031728497,False
120.0,3,en_route,0,9.748396559915918,-130400.00015921307,False
120.0,4,available,,10.0,-140000.0,False
120.0,5,available,,5.0,-140000.0,False
120.0,6,available,,4.0,-140000.0,False
120.0,7,available,,4.0,-140000.0,False
120.0,8,available,,4.0,-140000.0,False
120.0,9,available,,4.0,-140000.0,False
120.0,10,available,,4.0,-140000.0,False
120.0,11,available,,4.0,-140000.0,False
120.0,12,en_route,2,1.2337745689138624,-130400.00007928126,False
120.0,13,en_route,2,2.1652315383470606,-130400.00007071694,False
120.0,14,en_route,1,3.3261472989306364,-130400.00037236919,False
120.0,15,en_route,0,9.748396559915918,-130400.00015921307,False
120.0,16,available,,2.0,-140000.0,False
120.0,17,available,,7.0,-140000.0,False
120.0,18,available,,7.0,-140000.0,False
120.0,19,available,,7.0,-140000.0,False
120.0,20,available,,7.0,-140000.0,False
120.0,21,available,,7.0,-140000.0,False
120.0,22,available,,7.0,-140000.0,False
120.0,23,available,,7.0,-140000.0,False
120.0,24,available,,7.0,-140000.0,False
120.0,25,available,,7.0,-140000.0,False
120.0,26,available,,7.0,-140000.0,False
120.0,27,available,,7.0,-140000.0,False
120.0,28,available,,7.0,-140000.0,False
120.0,29,available,,7.0,-140000.0,False
120.0,30,available,,7.0,-140000.0,False
120.0,31,available,,7.0,-140000.0,False
120.0,32,available,,7.0,-140000.0,False
120.0,33,available,,7.0,-140000.0,False
120.0,34,available,,7.0,-140000.0,False
120.0,35,available,,7.0,-140000.0,False
120.0,36,available,,7.0,-140000.0,False
120.0,37,available,,7.0,-140000.0,False
120.0,38,available,,7.0,-140000.0,False
120.0,39,available,,7.0,-140000.0,False
120.0,40,available,,7.0,-140000.0,False
120.0,41,available,,7.0,-140000.0,False
150.0,1,assigned,1,9.771109110347297,-128000.00002477536,False
150.0,2,assigned,0,-0.08521467278280315,-128000.00039660622,False
150.0,3,assigned,2,10.185495699894897,-128000.00019901633,False
150.0,4,available,,10.0,-140000.0,False
150.0,5,available,,5.0,-140000.0,False
150.0,6,available,,4.0,-140000.0,False
150.0,7,available,,4.0,-140000.0,False
150.0,8,available,,4.0,-140000.0,False
150.0,9,available,,4.0,-140000.0,False
150.0,10,available,,4.0,-140000.0,False
150.0,11,available,,4.0,-140000.0,False
150.0,12,assigned,1,1.542218211142328,-128000.00009910157,False
150.0,13,assigned,0,2.456539422933826,-128000.00008839616,False
150.0,14,assigned,2,2.6576841236632958,-128000.00046546149,False
150.0,15,available,,10.185495699894897,-128000.00019901633,False
150.0,16,available,,2.0,-140000.0,False
150.0,17,available,,7.0,-140000.0,False
150.0,18,available,,7.0,-140000.0,False
150.0,19,available,,7.0,-140000.0,False
150.0,20,available,,7.0,-140000.0,False
150.0,21,available,,7.0,-140000.0,False
150.0,22,available,,7.0,-140000.0,False
150.0,23,available,,7.0,-140000.0,False
150.0,24,available,,7.0,-140000.0,False
150.0,25,available,,7.0,-140000.0,False
150.0,26,available,,7.0,-140000.0,False
150.0,27,available,,7.0,-140000.0,False
150.0,28,available,,7.0,-140000.0,False
150.0,29,available,,7.0,-140000.0,False
150.0,30,available,,7.0,-140000.0,False
150.0,31,available,,7.0,-140000.0,False
150.0,32,available,,7.0,-140000.0,False
150.0,33,available,,7.0,-140000.0,False
150.0,34,available,,7.0,-140000.0,False
150.0,35,available,,7.0,-140000.0,False
150.0,36,available,,7.0,-140000.0,False
150.0,37,available,,7.0,-140000.0,False
150.0,38,available,,7.0,-140000.0,False
150.0,39,available,,7.0,-140000.0,False
150.0,40,available,,7.0,-140000.0,False
150.0,41,available,,7.0,-140000.0,False
180.0,1,en_route,1,8.969292847735757,-125600.00015871481,False
180.0,2,en_route,0,0.5444392103153515,-125600.00047920289,False
180.0,3,en_route,2,10.013367168039927,-125600.00020518887,False
180.0,4,available,,10.0,-140000.0,False
180.0,5,available,,5.0,-140000.0,False
180.0,6,available,,4.0,-140000.0,False
180.0,7,available,,4.0,-140000.0,False
180.0,8,available,,4.0,-140000.0,False
180.0,9,available,,4.0,-140000.0,False
180.0,10,available,,4.0,-140000.0,False
180.0,11,available,,4.0,-140000.0,False
180.0,12,en_route,1,0.8946663144079532,-125600.00018646063,False
180.0,13,en_route,0,3.0385406348547375,-125600.00015896396,False
180.0,14,en_route,2,2.626620505114646,-125600.00046566252,False
180.0,15,available,,10.185495699894897,-128000.00019901633,False
180.0,16,available,,2.0,-140000.0,False
180.0,17,available,,7.0,-140000.0,False
180.0,18,available,,7.0,-140000.0,False
180.0,19,available,,7.0,-140000.0,False
180.0,20,available,,7.0,-140000.0,False
180.0,21,available,,7.0,-140000.0,False
180.0,22,available,,7.0,-140000.0,False
180.0,23,available,,7.0,-140000.0,False
180.0,24,available,,7.0,-140000.0,False
180.0,25,available,,7.0,-140000.0,False
180.0,26,available,,7.0,-140000.0,False
180.0,27,available,,7.0,-140000.0,False
180.0,28,available,,7.0,-140000.0,False
180.0,29,available,,7.0,-140000.0,False
180.0,30,available,,7.0,-140000.0,False
180.0,31,available,,7.0,-140000.0,False
180.0,32,available,,7.0,-140000.0,False
180.0,33,available,,7.0,-140000.0,False
180.0,34,available,,7.0,-140000.0,False
180.0,35,available,,7.0,-140000.0,False
180.0,36,available,,7.0,-140000.0,False
180.0,37,available,,7.0,-140000.0,False
180.0,38,available,,7.0,-140000.0,False
180.0,39,available,,7.0,-140000.0,False
180.0,40,available,,7.0,-140000.0,False
180.0,41,available,,7.0,-140000.0,False
210.0,1,assigned,1,8.167476585124216,-123200.00029265427,False
210.0,2,assigned,0,1.174093093413506,-123200.00056179956,False
210.0,3,assigned,2,9.841238636184958,-123200.00021136142,False
210.0,4,available,,10.0,-140000.0,False
210.0,5,available,,5.0,-140000.0,False
210.0,6,available,,4.0,-140000.0,False
210.0,7,available,,4.0,-140000.0,False
210.0,8,available,,4.0,-140000.0,False
210.0,9,available,,4.0,-140000.0,False
210.0,10,available,,4.0,-140000.0,False
210.0,11,damaged,,4.0,-140000.0,True
210.0,12,assigned,1,0.24711441767357833,-123200.00027381969,False
210.0,13,assigned,0,3.620541846775649,-123200.00022953175,False
210.0,14,assigned,2,2.5955568865659964,-123200.00046586356,False
210.0,15,available,,10.185495699894897,-128000.00019901633,False
210.0,16,available,,2.0,-140000.0,False
210.0,17,available,,7.0,-140000.0,False
210.0,18,available,,7.0,-140000.0,False
210.0,19,available,,7.0,-140000.0,False
210.0,20,available,,7.0,-140000.0,False
210.0,21,available,,7.0,-140000.0,False
210.0,22,available,,7.0,-140000.0,False
210.0,23,available,,7.0,-140000.0,False
210.0,24,available,,7.0,-140000.0,False
210.0,25,available,,7.0,-140000.0,False
210.0,26,available,,7.0,-140000.0,False
210.0,27,available,,7.0,-140000.0,False
210.0,28,available,,7.0,-140000.0,False
210.0,29,available,,7.0,-140000.0,False
210.0,30,available,,7.0,-140000.0,False
210.0,31,available,,7.0,-140000.0,False
210.0,32,available,,7.0,-140000.0,False
210.0,33,available,,7.0,-140000.0,False
210.0,34,available,,7.0,-140000.0,False
210.0,35,available,,7.0,-140000.0,False
210.0,36,available,,7.0,-140000.0,False
210.0,37,available,,7.0,-140000.0,False
210.0,38,available,,7.0,-140000.0,False
210.0,39,available,,7.0,-140000.0,False
210.0,40,available,,7.0,-140000.0,False
210.0,41,available,,7.0,-140000.0,False
240.0,1,en_route,1,7.365660322512677,-120800.00042659372,False
240.0,2,en_route,0,1.8037469765116607,-120800.00064439623,False
240.0,3,en_route,2,9.669110104329988,-120800.00021753396,False
240.0,4,available,,10.0,-140000.0,False
240.0,5,available,,5.0,-140000.0,False
240.0,6,available,,4.0,-140000.0,False
240.0,7,available,,4.0,-140000.0,False
240.0,8,available,,4.0,-140000.0,False
240.0,9,available,,4.0,-140000.0,False
240.0,10,available,,4.0,-140000.0,False
240.0,11,damaged,,4.0,-140000.0,True
240.0,12,en_route,1,-0.4004374790607963,-120800.00036117875,False
240.0,13,en_route,0,4.202543058696561,-120800.00030009955,False
240.0,14,en_route,2,2.5644932680173467,-120800.0004660646,False
240.0,15,available,,10.185495699894897,-128000.00019901633,False
240.0,16,available,,2.0,-140000.0,False
240.0,17,available,,7.0,-140000.0,False
240.0,18,available,,7.0,-140000.0,False
240.0,19,available,,7.0,-140000.0,False
240.0,20,available,,7.0,-140000.0,False
240.0,21,available,,7.0,-140000.0,False
240.0,22,available,,7.0,-140000.0,False
240.0,23,available,,7.0,-140000.0,False
240.0,24,available,,7.0,-140000.0,False
240.0,25,available,,7.0,-140000.0,False
240.0,26,available,,7.0,-140000.0,False
240.0,27,available,,7.0,-140000.0,False
240.0,28,available,,7.0,-140000.0,False
240.0,29,available,,7.0,-140000.0,False
240.0,30,available,,7.0,-140000.0,False
240.0,31,available,,7.0,-140000.0,False
240.0,32,available,,7.0,-140000.0,False
240.0,33,available,,7.0,-140000.0,False
240.0,34,available,,7.0,-140000.0,False
240.0,35,available,,7.0,-140000.0,False
240.0,36,available,,7.0,-140000.0,False
240.0,37,available,,7.0,-140000.0,False
240.0,38,available,,7.0,-140000.0,False
240.0,39,available,,7.0,-140000.0,False
240.0,40,available,,7.0,-140000.0,False
240.0,41,available,,7.0,-140000.0,False
270.0,1,en_route,1,6.563844059901138,-118400.00056053317,False
270.0,2,en_route,0,2.433400859609815,-118400.0007269929,False
270.0,3,en_route,2,9.496981572475018,-118400.0002237065,False
270.0,4,available,,10.0,-140000.0,False
270.0,5,available,,5.0,-140000.0,False
270.0,6,available,,4.0,-140000.0,False
270.0,7,available,,4.0,-140000.0,False
270.0,8,available,,4.0,-140000.0,False
270.0,9,available,,4.0,-140000.0,False
270.0,10,available,,4.0,-140000.0,False
270.0,11,damaged,,4.0,-140000.0,True
270.0,12,en_route,1,-1.047989375795171,-118400.00044853782,False
270.0,13,en_route,0,4.784544270617473,-118400.00037066735,False
270.0,14,en_route,2,2.533429649468697,-118400.00046626563,False
270.0,15,available,,10.185495699894897,-128000.00019901633,False
270.0,16,available,,2.0,-140000.0,False
270.0,17,available,,7.0,-140000.0,False
270.0,18,available,,7.0,-140000.0,False
270.0,19,available,,7.0,-140000.0,False
270.0,20,available,,7.0,-140000.0,False
270.0,21,available,,7.0,-140000.0,False
270.0,22,available,,7.0,-140000.0,False
270.0,23,available,,7.0,-140000.0,False
270.0,24,available,,7.0,-140000.0,False
270.0,25,available,,7.0,-140000.0,False
270.0,26,available,,7.0,-140000.0,False
270.0,27,available,,7.0,-140000.0,False
270.0,28,available,,7.0,-140000.0,False
270.0,29,available,,7.0,-140000.0,False
270.0,30,available,,7.0,-140000.0,False
270.0,31,available,,7.0,-140000.0,False
270.0,32,available,,7.0,-140000.0,False
270.0,33,available,,7.0,-140000.0,False
270.0,34,available,,7.0,-140000.0,False
270.0,35,available,,7.0,-140000.0,False
270.0,36,available,,7.0,-140000.0,False
270.0,37,available,,7.0,-140000.0,False
270.0,38,available,,7.0,-140000.0,False
270.0,39,available,,7.0,-140000.0,False
270.0,40,available,,7.0,-140000.0,False
270.0,41,available,,7.0,-140000.0,False
300.0,1,en_route,1,5.762027797289599,-116000.00069447262,False
300.0,2,en_route,0,3.06305474270797,-116000.00080958958,False
300.0,3,en_route,2,9.324853040620049,-116000.00022987905,False
300.0,4,available,,10.0,-140000.0,False
300.0,5,available,,5.0,-140000.0,False
300.0,6,available,,4.0,-140000.0,False
300.0,7,available,,4.0,-140000.0,False
300.0,8,available,,4.0,-140000.0,False
300.0,9,available,,4.0,-140000.0,False
300.0,10,available,,4.0,-140000.0,False
300.0,11,damaged,,4.0,-140000.0,True
300.0,12,en_route,1,-1.6955412725295458,-116000.00053589688,False
300.0,13,en_route,0,5.366545482538385,-116000.00044123514,False
300.0,14,en_route,2,2.5023660309200473,-116000.00046646666,False
300.0,15,available,,10.185495699894897,-128000.00019901633,False
300.0,16,available,,2.0,-140000.0,False
300.0,17,available,,7.0,-140000.0,False
300.0,18,available,,7.0,-140000.0,False
300.0,19,available,,7.0,-140000.0,False
300.0,20,available,,7.0,-140000.0,False
300.0,21,available,,7.0,-140000.0,False
300.0,22,available,,7.0,-140000.0,False
300.0,23,available,,7.0,-140000.0,False
300.0,24,available,,7.0,-140000.0,False
300.0,25,available,,7.0,-140000.0,False
300.0,26,available,,7.0,-140000.0,False
300.0,27,available,,7.0,-140000.0,False
300.0,28,available,,7.0,-140000.0,False
300.0,29,available,,7.0,-140000.0,False
300.0,30,available,,7.0,-140000.0,False
300.0,31,available,,7.0,-140000.0,False
300.0,32,available,,7.0,-140000.0,False
300.0,33,available,,7.0,-140000.0,False
300.0,34,available,,7.0,-140000.0,False
300.0,35,available,,7.0,-140000.0,False
300.0,36,available,,7.0,-140000.0,False
300.0,37,available,,7.0,-140000.0,False
300.0,38,available,,7.0,-140000.0,False
300.0,39,available,,7.0,-140000.0,False
300.0,40,available,,7.0,-140000.0,False
300.0,41,available,,7.0,-140000.0,False
330.0,1,en_route,1,4.960211534678059,-113600.00082841207,False
330.0,2,en_route,0,3.692708625806125,-113600.00089218625,False
330.0,3,en_route,2,9.152724508765079,-113600.0002360516,False
330.0,4,available,,10.0,-140000.0,False
330.0,5,available,,5.0,-140000.0,False
330.0,6,available,,4.0,-140000.0,False
330.0,7,available,,4.0,-140000.0,False
330.0,8,available,,4.0,-140000.0,False
330.0,9,available,,4.0,-140000.0,False
330.0,10,available,,4.0,-140000.0,False
330.0,11,damaged,,4.0,-140000.0,True
330.0,12,en_route,1,-2.3430931692639203,-113600.00062325594,False
330.0,13,en_route,0,5.948546694459297,-113600.00051180294,False
330.0,14,en_route,2,2.4713024123713976,-113600.0004666677,False
330.0,15,available,,10.185495699894897,-128000.00019901633,False
330.0,16,available,,2.0,-140000.0,False
330.0,17,available,,7.0,-140000.0,False
330.0,18,available,,7.0,-140000.0,False
330.0,19,available,,7.0,-140000.0,False
330.0,20,available,,7.0,-140000.0,False
330.0,21,available,,7.0,-140000.0,False
330.0,22,available,,7.0,-140000.0,False
330.0,23,available,,7.0,-140000.0,False
330.0,24,available,,7.0,-140000.0,False
330.0,25,available,,7.0,-140000.0,False
330.0,26,available,,7.0,-140000.0,False
330.0,27,available,,7.0,-140000.0,False
330.0,28,available,,7.0,-140000.0,False
330.0,29,available,,7.0,-140000.0,False
330.0,30,available,,7.0,-140000.0,False
330.0,31,available,,7.0,-140000.0,False
330.0,32,available,,7.0,-140000.0,False
330.0,33,available,,7.0,-140000.0,False
330.0,34,available,,7.0,-140000.0,False
330.0,35,available,,7.0,-140000.0,False
330.0,36,available,,7.0,-140000.0,False
330.0,37,available,,7.0,-140000.0,False
330.0,38,available,,7.0,-140000.0,False
330.0,39,available,,7.0,-140000.0,False
330.0,40,available,,7.0,-140000.0,False
330.0,41,available,,7.0,-140000.0,False
360.0,1,en_route,1,4.15839527206652,-111200.00096235152,False
360.0,2,en_route,0,4.32236250890428,-111200.00097478292,False
360.0,3,en_route,2,8.98059597691011,-111200.00024222414,False
360.0,4,available,,10.0,-140000.0,False
360.0,5,available,,5.0,-140000.0,False
360.0,6,available,,4.0,-140000.0,False
360.0,7,available,,4.0,-140000.0,False
360.0,8,available,,4.0,-140000.0,False
360.0,9,available,,4.0,-140000.0,False
360.0,10,available,,4.0,-140000.0,False
360.0,11,damaged,,4.0,-140000.0,True
360.0,12,en_route,1,-2.9906450659982946,-111200.000710615,False
360.0,13,en_route,0,6.5305479063802085,-111200.00058237073,False
360.0,14,en_route,2,2.440238793822748,-111200.00046686873,False
360.0,15,available,,10.185495699894897,-128000.00019901633,False
360.0,16,available,,2.0,-140000.0,False
360.0,17,available,,7.0,-140000.0,False
360.0,18,available,,7.0,-140000.0,False
360.0,19,available,,7.0,-140000.0,False
360.0,20,available,,7.0,-140000.0,False
360.0,21,available,,7.0,-140000.0,False
360.0,22,available,,7.0,-140000.0,False
360.0,23,available,,7.0,-140000.0,False
360.0,24,available,,7.0,-140000.0,False
360.0,25,available,,7.0,-140000.0,False
360.0,26,available,,7.0,-140000.0,False
360.0,27,available,,7.0,-140000.0,False
360.0,28,available,,7.0,-140000.0,False
360.0,29,available,,7.0,-140000.0,False
360.0,30,available,,7.0,-140000.0,False
360.0,31,available,,7.0,-140000.0,False
360.0,32,available,,7.0,-140000.0,False
360.0,33,available,,7.0,-140000.0,False
360.0,34,available,,7.0,-140000.0,False
360.0,35,available,,7.0,-140000.0,False
360.0,36,available,,7.0,-140000.0,False
360.0,37,available,,7.0,-140000.0,False
360.0,38,available,,7.0,-140000.0,False
360.0,39,available,,7.0,-140000.0,False
360.0,40,available,,7.0,-140000.0,False
360.0,41,available,,7.0,-140000.0,False
390.0,1,en_route,1,3.3565790094549808,-108800.00109629097,False
390.0,2,en_route,0,4.9520163920024345,-108800.00105737959,False
390.0,3,en_route,2,8.80846744505514,-108800.00024839668,False
390.0,4,available,,10.0,-140000.0,False
390.0,5,available,,5.0,-140000.0,False
390.0,6,available,,4.0,-140000.0,False
390.0,7,available,,4.0,-140000.0,False
390.0,8,available,,4.0,-140000.0,False
390.0,9,available,,4.0,-140000.0,False
390.0,10,available,,4.0,-140000.0,False
390.0,11,damaged,,4.0,-140000.0,True
390.0,12,en_route,1,-3.6381969627326693,-108800.00079797406,False
390.0,13,en_route,0,7.1125491183011205,-108800.00065293853,False
390.0,14,en_route,2,2.409175175274098,-108800.00046706977,False
390.0,15,available,,10.185495699894897,-128000.00019901633,False
390.0,16,available,,2.0,-140000.0,False
390.0,17,available,,7.0,-140000.0,False
390.0,18,available,,7.0,-140000.0,False
390.0,19,available,,7.0,-140000.0,False
390.0,20,available,,7.0,-140000.0,False
390.0,21,available,,7.0,-140000.0,False
390.0,22,available,,7.0,-140000.0,False
390.0,23,available,,7.0,-140000.0,False
390.0,24,available,,7.0,-140000.0,False
390.0,25,available,,7.0,-140000.0,False
390.0,26,available,,7.0,-140000.0,False
390.0,27,available,,7.0,-140000.0,False
390.0,28,available,,7.0,-140000.0,False
390.0,29,available,,7.0,-140000.0,False
390.0,30,available,,7.0,-140000.0,False
390.0,31,available,,7.0,-140000.0,False
390.0,32,available,,7.0,-140000.0,False
390.0,33,available,,7.0,-140000.0,False
390.0,34,available,,7.0,-140000.0,False
390.0,35,available,,7.0,-140000.0,False
390.0,36,available,,7.0,-140000.0,False
390.0,37,available,,7.0,-140000.0,False
390.0,38,available,,7.0,-140000.0,False
390.0,39,available,,7.0,-140000.0,False
390.0,40,available,,7.0,-140000.0,False
390.0,41,available,,7.0,-140000.0,False
420.0,1,en_route,1,2.5547627468434415,-106400.00123023042,False
420.0,2,en_route,0,5.581670275100589,-106400.00113997626,False
420.0,3,en_route,2,8.63633891320017,-106400.00025456923,False
420.0,4,available,,10.0,-140000.0,False
420.0,5,available,,5.0,-140000.0,False
420.0,6,available,,4.0,-140000.0,False
420.0,7,available,,4.0,-140000.0,False
420.0,8,available,,4.0,-140000.0,False
420.0,9,available,,4.0,-140000.0,False
420.0,10,available,,4.0,-140000.0,False
420.0,11,damaged,,4.0,-140000.0,True
420.0,12,en_route,1,-4.285748859467044,-106400.00088533312,False
420.0,13,en_route,0,7.694550330222032,-106400.00072350632,False
420.0,14,en_route,2,2.3781115567254485,-106400.0004672708,False
420.0,15,available,,10.185495699894897,-128000.00019901633,False
420.0,16,available,,2.0,-140000.0,False
420.0,17,available,,7.0,-140000.0,False
420.0,18,available,,7.0,-140000.0,False
420.0,19,available,,7.0,-140000.0,False
420.0,20,available,,7.0,-140000.0,False
420.0,21,available,,7.0,-140000.0,False
420.0,22,available,,7.0,-140000.0,False
420.0,23,available,,7.0,-140000.0,False
420.0,24,available,,7.0,-140000.0,False
420.0,25,available,,7.0,-140000.0,False
420.0,26,available,,7.0,-140000.0,False
420.0,27,available,,7.0,-140000.0,False
420.0,28,available,,7.0,-140000.0,False
420.0,29,available,,7.0,-140000.0,False
420.0,30,available,,7.0,-140000.0,False
420.0,31,available,,7.0,-140000.0,False
420.0,32,available,,7.0,-140000.0,False
420.0,33,available,,7.0,-140000.0,False
420.0,34,available,,7.0,-140000.0,False
420.0,35,available,,7.0,-140000.0,False
420.0,36,available,,7.0,-140000.0,False
420.0,37,available,,7.0,-140000.0,False
420.0,38,available,,7.0,-140000.0,False
420.0,39,available,,7.0,-140000.0,False
420.0,40,available,,7.0,-140000.0,False
420.0,41,available,,7.0,-140000.0,False
450.0,1,en_route,1,1.7529464842319022,-104000.00136416988,False
450.0,2,en_route,0,6.211324158198744,-104000.00122257293,False
450.0,3,en_route,2,8.4642103813452,-104000.00026074177,False
450.0,4,available,,10.0,-140000.0,False
450.0,5,available,,5.0,-140000.0,False
450.0,6,available,,4.0,-140000.0,False
450.0,7,available,,4.0,-140000.0,False
450.0,8,available,,4.0,-140000.0,False
450.0,9,available,,4.0,-140000.0,False
450.0,10,available,,4.0,-140000.0,False
450.0,11,damaged,,4.0,-140000.0,True
450.0,12,en_route,1,-4.933300756201419,-104000.00097269219,False
450.0,13,en_route,0,8.276551542142943,-104000.00079407412,False
450.0,14,en_route,2,2.347047938176799,-104000.00046747184,False
450.0,15,available,,10.185495699894897,-128000.00019901633,False
450.0,16,available,,2.0,-140000.0,False
450.0,17,available,,7.0,-140000.0,False
450.0,18,available,,7.0,-140000.0,False
450.0,19,available,,7.0,-140000.0,False
450.0,20,available,,7.0,-140000.0,False
450.0,21,available,,7.0,-140000.0,False
450.0,22,available,,7.0,-140000.0,False
450.0,23,available,,7.0,-140000.0,False
450.0,24,available,,7.0,-140000.0,False
450.0,25,available,,7.0,-140000.0,False
450.0,26,available,,7.0,-140000.0,False
450.0,27,available,,7.0,-140000.0,False
450.0,28,available,,7.0,-140000.0,False
450.0,29,available,,7.0,-140000.0,False
450.0,30,available,,7.0,-140000.0,False
450.0,31,available,,7.0,-140000.0,False
450.0,32,available,,7.0,-140000.0,False
450.0,33,available,,7.0,-140000.0,False
450.0,34,available,,7.0,-140000.0,False
450.0,35,available,,7.0,-140000.0,False
450.0,36,available,,7.0,-140000.0,False
450.0,37,available,,7.0,-140000.0,False
450.0,38,available,,7.0,-140000.0,False
450.0,39,available,,7.0,-140000.0,False
450.0,40,available,,7.0,-140000.0,False
450.0,41,available,,7.0,-140000.0,False
480.0,1,en_route,1,0.9511302216203632,-101600.00149810933,False
480.0,2,en_route,0,6.840978041296899,-101600.0013051696,False
480.0,3,en_route,2,8.29208184949023,-101600.00026691431,False
480.0,4,available,,10.0,-140000.0,False
480.0,5,available,,5.0,-140000.0,False
480.0,6,available,,4.0,-140000.0,False
480.0,7,available,,4.0,-140000.0,False
480.0,8,available,,4.0,-140000.0,False
480.0,9,available,,4.0,-140000.0,False
480.0,10,available,,4.0,-140000.0,False
480.0,11,damaged,,4.0,-140000.0,True
480.0,12,en_route,1,-5.580852652935794,-101600.00106005125,False
480.0,13,en_route,0,8.858552754063854,-101600.00086464192,False
480.0,14,en_route,2,2.315984319628149,-101600.00046767287,False
480.0,15,available,,10.185495699894897,-128000.00019901633,False
480.0,16,available,,2.0,-140000.0,False
480.0,17,available,,7.0,-140000.0,False
480.0,18,available,,7.0,-140000.0,False
480.0,19,available,,7.0,-140000.0,False
480.0,20,available,,7.0,-140000.0,False
480.0,21,available,,7.0,-140000.0,False
480.0,22,available,,7.0,-140000.0,False
480.0,23,available,,7.0,-140000.0,False
480.0,24,available,,7.0,-140000.0,False
480.0,25,available,,7.0,-140000.0,False
480.0,26,available,,7.0,-140000.0,False
480.0,27,available,,7.0,-140000.0,False
480.0,28,available,,7.0,-140000.0,False
480.0,29,available,,7.0,-140000.0,False
480.0,30,available,,7.0,-140000.0,False
480.0,31,available,,7.0,-140000.0,False
480.0,32,available,,7.0,-140000.0,False
480.0,33,available,,7.0,-140000.0,False
480.0,34,available,,7.0,-140000.0,False
480.0,35,available,,7.0,-140000.0,False
480.0,36,available,,7.0,-140000.0,False
480.0,37,available,,7.0,-140000.0,False
480.0,38,available,,7.0,-140000.0,False
480.0,39,available,,7.0,-140000.0,False
480.0,40,available,,7.0,-140000.0,False
480.0,41,available,,7.0,-140000.0,False
510.0,1,en_route,1,0.14931395900882416,-99200.00163204878,False
510.0,2,en_route,0,7.470631924395054,-99200.00138776627,False
510.0,3,en_route,2,8.119953317635261,-99200.00027308686,False
510.0,4,available,,10.0,-140000.0,False
510.0,5,available,,5.0,-140000.0,False
510.0,6,available,,4.0,-140000.0,False
510.0,7,available,,4.0,-140000.0,False
510.0,8,available,,4.0,-140000.0,False
510.0,9,available,,4.0,-140000.0,False
510.0,10,available,,4.0,-140000.0,False
510.0,11,damaged,,4.0,-140000.0,True
510.0,12,en_route,1,-6.228404549670168,-99200.00114741031,False
510.0,13,en_route,0,9.440553965984765,-99200.00093520971,False
510.0,14,en_route,2,2.2849207010794994,-99200.0004678739,False
510.0,15,available,,10.185495699894897,-128000.00019901633,False
510.0,16,available,,2.0,-140000.0,False
510.0,17,available,,7.0,-140000.0,False
510.0,18,available,,7.0,-140000.0,False
510.0,19,available,,7.0,-140000.0,False
510.0,20,available,,7.0,-140000.0,False
510.0,21,available,,7.0,-140000.0,False
510.0,22,available,,7.0,-140000.0,False
510.0,23,available,,7.0,-140000.0,False
510.0,24,available,,7.0,-140000.0,False
510.0,25,available,,7.0,-140000.0,False
510.0,26,available,,7.0,-140000.0,False
510.0,27,available,,7.0,-140000.0,False
510.0,28,available,,7.0,-140000.0,False
510.0,29,available,,7.0,-140000.0,False
510.0,30,available,,7.0,-140000.0,False
510.0,31,available,,7.0,-140000.0,False
510.0,32,available,,7.0,-140000.0,False
510.0,33,available,,7.0,-140000.0,False
510.0,34,available,,7.0,-140000.0,False
510.0,35,available,,7.0,-140000.0,False
510.0,36,available,,7.0,-140000.0,False
510.0,37,available,,7.0,-140000.0,False
510.0,38,available,,7.0,-140000.0,False
510.0,39,available,,7.0,-140000.0,False
510.0,40,available,,7.0,-140000.0,False
510.0,41,available,,7.0,-140000.0,False
540.0,1,en_route,1,-0.6525023036027148,-96800.00176598823,False
540.0,2,en_route,0,8.100285807493208,-96800.00147036294,False
540.0,3,en_route,2,7.94782478578029,-96800.0002792594,False
540.0,4,available,,10.0,-140000.0,False
540.0,5,available,,5.0,-140000.0,False
540.0,6,available,,4.0,-140000.0,False
540.0,7,available,,4.0,-140000.0,False
540.0,8,available,,4.0,-140000.0,False
540.0,9,available,,4.0,-140000.0,False
540.0,10,available,,4.0,-140000.0,False
540.0,11,damaged,,4.0,-140000.0,True
540.0,12,en_route,1,-6.875956446404543,-96800.00123476937,False
540.0,13,en_route,0,10.022555177905677,-96800.0010057775,False
540.0,14,en_route,2,2.2538570825308497,-96800.00046807494,False
540.0,15,available,,10.185495699894897,-128000.00019901633,False
540.0,16,available,,2.0,-140000.0,False
540.0,17,available,,7.0,-140000.0,False
540.0,18,available,,7.0,-140000.0,False
540.0,19,available,,7.0,-140000.0,False
540.0,20,available,,7.0,-140000.0,False
540.0,21,available,,7.0,-140000.0,False
540.0,22,available,,7.0,-140000.0,False
540.0,23,available,,7.0,-140000.0,False
540.0,24,available,,7.0,-140000.0,False
540.0,25,available,,7.0,-140000.0,False
540.0,26,available,,7.0,-140000.0,False
540.0,27,available,,7.0,-140000.0,False
540.0,28,available,,7.0,-140000.0,False
540.0,29,available,,7.0,-140000.0,False
540.0,30,available,,7.0,-140000.0,False
540.0,31,available,,7.0,-140000.0,False
540.0,32,available,,7.0,-140000.0,False
540.0,33,available,,7.0,-140000.0,False
540.0,34,available,,7.0,-140000.0,False
540.0,35,available,,7.0,-140000.0,False
540.0,36,available,,7.0,-140000.0,False
540.0,37,available,,7.0,-140000.0,False
540.0,38,available,,7.0,-140000.0,False
540.0,39,available,,7.0,-140000.0,False
540.0,40,available,,7.0,-140000.0,False
540.0,41,available,,7.0,-140000.0,False
570.0,1,en_route,1,-1.454318566214254,-94400.00189992768,False
570.0,2,en_route,0,8.729939690591362,-94400.00155295961,False
570.0,3,en_route,2,7.77569625392532,-94400.00028543195,False
570.0,4,available,,10.0,-140000.0,False
570.0,5,available,,5.0,-140000.0,False
570.0,6,available,,4.0,-140000.0,False
570.0,7,available,,4.0,-140000.0,False
570.0,8,available,,4.0,-140000.0,False
570.0,9,available,,4.0,-140000.0,False
570.0,10,available,,4.0,-140000.0,False
570.0,11,damaged,,4.0,-140000.0,True
570.0,12,en_route,1,-7.523508343138917,-94400.00132212843,False
570.0,13,en_route,0,10.604556389826588,-94400.0010763453,False
570.0,14,en_route,2,2.2227934639822,-94400.00046827598,False
570.0,15,available,,10.185495699894897,-128000.00019901633,False
570.0,16,available,,2.0,-140000.0,False
570.0,17,available,,7.0,-140000.0,False
570.0,18,available,,7.0,-140000.0,False
570.0,19,available,,7.0,-140000.0,False
570.0,20,available,,7.0,-140000.0,False
570.0,21,available,,7.0,-140000.0,False
570.0,22,available,,7.0,-140000.0,False
570.0,23,available,,7.0,-140000.0,False
570.0,24,available,,7.0,-140000.0,False
570.0,25,available,,7.0,-140000.0,False
570.0,26,available,,7.0,-140000.0,False
570.0,27,available,,7.0,-140000.0,False
570.0,28,available,,7.0,-140000.0,False
570.0,29,available,,7.0,-140000.0,False
570.0,30,available,,7.0,-140000.0,False
570.0,31,available,,7.0,-140000.0,False
570.0,32,available,,7.0,-140000.0,False
570.0,33,available,,7.0,-140000.0,False
570.0,34,available,,7.0,-140000.0,False
570.0,35,available,,7.0,-140000.0,False
570.0,36,available,,7.0,-140000.0,False
570.0,37,available,,7.0,-140000.0,False
570.0,38,available,,7.0,-140000.0,False
570.0,39,available,,7.0,-140000.0,False
570.0,40,available,,7.0,-140000.0,False
570.0,41,available,,7.0,-140000.0,False
600.0,1,en_route,1,-2.2561348288257927,-92000.00203386713,False
600.0,2,en_route,0,9.359593573689516,-92000.00163555628,False
600.0,3,en_route,2,7.603567722070349,-92000.00029160449,False
600.0,4,available,,10.0,-140000.0,False
600.0,5,available,,5.0,-140000.0,False
600.0,6,available,,4.0,-140000.0,False
600.0,7,available,,4.0,-140000.0,False
600.0,8,available,,4.0,-140000.0,False
600.0,9,available,,4.0,-140000.0,False
600.0,10,available,,4.0,-140000.0,False
600.0,11,damaged,,4.0,-140000.0,True
600.0,12,en_route,1,-8.171060239873292,-92000.0014094875,False
600.0,13,en_route,0,11.186557601747499,-92000.0011469131,False
600.0,14,en_route,2,2.1917298454335503,-92000.00046847701,False
600.0,15,available,,10.185495699894897,-128000.00019901633,False
600.0,16,available,,2.0,-140000.0,False
600.0,17,available,,7.0,-140000.0,False
600.0,18,available,,7.0,-140000.0,False
600.0,19,available,,7.0,-140000.0,False
600.0,20,available,,7.0,-140000.0,False
600.0,21,available,,7.0,-140000.0,False
600.0,22,available,,7.0,-140000.0,False
600.0,23,available,,7.0,-140000.0,False
600.0,24,available,,7.0,-140000.0,False
600.0,25,available,,7.0,-140000.0,False
600.0,26,available,,7.0,-140000.0,False
600.0,27,available,,7.0,-140000.0,False
600.0,28,available,,7.0,-140000.0,False
600.0,29,available,,7.0,-140000.0,False
600.0,30,available,,7.0,-140000.0,False
600.0,31,available,,7.0,-140000.0,False
600.0,32,available,,7.0,-140000.0,False
600.0,33,available,,7.0,-140000.0,False
600.0,34,available,,7.0,-140000.0,False
600.0,35,available,,7.0,-140000.0,False
600.0,36,available,,7.0,-140000.0,False
600.0,37,available,,7.0,-140000.0,False
600.0,38,available,,7.0,-140000.0,False
600.0,39,available,,7.0,-140000.0,False
600.0,40,available,,7.0,-140000.0,False
600.0,41,available,,7.0,-140000.0,False
630.0,1,en_route,1,-3.0579510914373316,-89600.00216780658,False
630.0,2,en_route,0,9.98924745678767,-89600.00171815295,False
630.0,3,en_route,2,7.431439190215379,-89600.00029777703,False
630.0,4,available,,10.0,-140000.0,False
630.0,5,available,,5.0,-140000.0,False
630.0,6,available,,4.0,-140000.0,False
630.0,7,available,,4.0,-140000.0,False
630.0,8,available,,4.0,-140000.0,False
630.0,9,available,,4.0,-140000.0,False
630.0,10,available,,4.0,-140000.0,False
630.0,11,damaged,,4.0,-140000.0,True
630.0,12,en_route,1,-8.818612136607666,-89600.00149684655,False
630.0,13,en_route,0,11.76855881366841,-89600.0012174809,False
630.0,14,en_route,2,2.1606662268849006,-89600.00046867804,False
630.0,15,available,,10.185495699894897,-128000.00019901633,False
630.0,16,available,,2.0,-140000.0,False
630.0,17,available,,7.0,-140000.0,False
630.0,18,available,,7.0,-140000.0,False
630.0,19,available,,7.0,-140000.0,False
630.0,20,available,,7.0,-140000.0,False
630.0,21,available,,7.0,-140000.0,False
630.0,22,available,,7.0,-140000.0,False
630.0,23,available,,7.0,-140000.0,False
630.0,24,available,,7.0,-140000.0,False
630.0,25,available,,7.0,-140000.0,False
630.0,26,available,,7.0,-140000.0,False
630.0,27,available,,7.0,-140000.0,False
630.0,28,available,,7.0,-140000.0,False
630.0,29,available,,7.0,-140000.0,False
630.0,30,available,,7.0,-140000.0,False
630.0,31,available,,7.0,-140000.0,False
630.0,32,available,,7.0,-140000.0,False
630.0,33,available,,7.0,-140000.0,False
630.0,34,available,,7.0,-140000.0,False
630.0,35,available,,7.0,-140000.0,False
630.0,36,available,,7.0,-140000.0,False
630.0,37,available,,7.0,-140000.0,False
630.0,38,available,,7.0,-140000.0,False
630.0,39,available,,7.0,-140000.0,False
630.0,40,available,,7.0,-140000.0,False
630.0,41,available,,7.0,-140000.0,False
660.0,1,en_route,1,-3.8597673540488704,-87200.00230174603,False
660.0,2,en_route,0,10.618901339885824,-87200.00180074963,False
660.0,3,en_route,2,7.259310658360408,-87200.00030394958,False
660.0,4,available,,10.0,-140000.0,False
660.0,5,available,,5.0,-140000.0,False
660.0,6,available,,4.0,-140000.0,False
660.0,7,available,,4.0,-140000.0,False
660.0,8,available,,4.0,-140000.0,False
660.0,9,available,,4.0,-140000.0,False
660.0,10,available,,4.0,-140000.0,False
660.0,11,damaged,,4.0,-140000.0,True
660.0,12,en_route,1,-9.46616403334204,-87200.00158420562,False
660.0,13,en_route,0,12.35056002558932,-87200.00128804869,False
660.0,14,en_route,2,2.129602608336251,-87200.00046887908,False
660.0,15,available,,10.185495699894897,-128000.00019901633,False
660.0,16,available,,2.0,-140000.0,False
660.0,17,available,,7.0,-140000.0,False
660.0,18,available,,7.0,-140000.0,False
660.0,19,available,,7.0,-140000.0,False
660.0,20,available,,7.0,-140000.0,False
660.0,21,available,,7.0,-140000.0,False
660.0,22,available,,7.0,-140000.0,False
660.0,23,available,,7.0,-140000.0,False
660.0,24,available,,7.0,-140000.0,False
660.0,25,available,,7.0,-140000.0,False
660.0,26,available,,7.0,-140000.0,False
660.0,27,available,,7.0,-140000.0,False
660.0,28,available,,7.0,-140000.0,False
660.0,29,available,,7.0,-140000.0,False
660.0,30,available,,7.0,-140000.0,False
660.0,31,available,,7.0,-140000.0,False
660.0,32,available,,7.0,-140000.0,False
660.0,33,available,,7.0,-140000.0,False
660.0,34,available,,7.0,-140000.0,False
660.0,35,available,,7.0,-140000.0,False
660.0,36,available,,7.0,-140000.0,False
660.0,37,available,,7.0,-140000.0,False
660.0,38,available,,7.0,-140000.0,False
660.0,39,available,,7.0,-140000.0,False
660.0,40,available,,7.0,-140000.0,False
660.0,41,available,,7.0,-140000.0,False
690.0,1,en_route,1,-4.661583616660409,-84800.00243568548,False
690.0,2,en_route,0,11.248555222983978,-84800.0018833463,False
690.0,3,en_route,2,7.0871821265054376,-84800.00031012212,False
690.0,4,available,,10.0,-140000.0,False
690.0,5,available,,5.0,-140000.0,False
690.0,6,available,,4.0,-140000.0,False
690.0,7,available,,4.0,-140000.0,False
690.0,8,available,,4.0,-140000.0,False
690.0,9,available,,4.0,-140000.0,False
690.0,10,available,,4.0,-140000.0,False
690.0,11,damaged,,4.0,-140000.0,True
690.0,12,en_route,1,-10.113715930076413,-84800.00167156468,False
690.0,13,en_route,0,12.932561237510232,-84800.00135861649,False
690.0,14,en_route,2,2.0985389897876012,-84800.00046908011,False
690.0,15,available,,10.185495699894897,-128000.00019901633,False
690.0,16,available,,2.0,-140000.0,False
690.0,17,available,,7.0,-140000.0,False
690.0,18,available,,7.0,-140000.0,False
690.0,19,available,,7.0,-140000.0,False
690.0,20,available,,7.0,-140000.0,False
690.0,21,available,,7.0,-140000.0,False
690.0,22,available,,7.0,-140000.0,False
690.0,23,available,,7.0,-140000.0,False
690.0,24,available,,7.0,-140000.0,False
690.0,25,available,,7.0,-140000.0,False
690.0,26,available,,7.0,-140000.0,False
690.0,27,available,,7.0,-140000.0,False
690.0,28,available,,7.0,-140000.0,False
690.0,29,available,,7.0,-140000.0,False
690.0,30,available,,7.0,-140000.0,False
690.0,31,available,,7.0,-140000.0,False
690.0,32,available,,7.0,-140000.0,False
690.0,33,available,,7.0,-140000.0,False
690.0,34,available,,7.0,-140000.0,False
690.0,35,available,,7.0,-140000.0,False
690.0,36,available,,7.0,-140000.0,False
690.0,37,available,,7.0,-140000.0,False
690.0,38,available,,7.0,-140000.0,False
690.0,39,available,,7.0,-140000.0,False
690.0,40,available,,7.0,-140000.0,False
690.0,41,available,,7.0,-140000.0,False
720.0,1,en_route,1,-5.4633998792719485,-82400.00256962494,False
720.0,2,en_route,0,11.878209106082132,-82400.00196594297,False
720.0,3,en_route,2,6.915053594650467,-82400.00031629467,False
720.0,4,available,,10.0,-140000.0,False
720.0,5,available,,5.0,-140000.0,False
720.0,6,available,,4.0,-140000.0,False
720.0,7,available,,4.0,-140000.0,False
720.0,8,available,,4.0,-140000.0,False
720.0,9,available,,4.0,-140000.0,False
720.0,10,available,,4.0,-140000.0,False
720.0,11,damaged,,4.0,-140000.0,True
720.0,12,en_route,1,-10.761267826810787,-82400.00175892374,False
720.0,13,en_route,0,13.514562449431143,-82400.00142918428,False
720.0,14,en_route,2,2.0674753712389515,-82400.00046928115,False
720.0,15,available,,10.185495699894897,-128000.00019901633,False
720.0,16,available,,2.0,-140000.0,False
720.0,17,available,,7.0,-140000.0,False
720.0,18,available,,7.0,-140000.0,False
720.0,19,available,,7.0,-140000.0,False
720.0,20,available,,7.0,-140000.0,False
720.0,21,available,,7.0,-140000.0,False
720.0,22,available,,7.0,-140000.0,False
720.0,23,available,,7.0,-140000.0,False
720.0,24,available,,7.0,-140000.0,False
720.0,25,available,,7.0,-140000.0,False
720.0,26,available,,7.0,-140000.0,False
720.0,27,available,,7.0,-140000.0,False
720.0,28,available,,7.0,-140000.0,False
720.0,29,available,,7.0,-140000.0,False
720.0,30,available,,7.0,-140000.0,False
720.0,31,available,,7.0,-140000.0,False
720.0,32,available,,7.0,-140000.0,False
720.0,33,available,,7.0,-140000.0,False
720.0,34,available,,7.0,-140000.0,False
720.0,35,available,,7.0,-140000.0,False
720.0,36,available,,7.0,-140000.0,False
720.0,37,available,,7.0,-140000.0,False
720.0,38,available,,7.0,-140000.0,False
720.0,39,available,,7.0,-140000.0,False
720.0,40,available,,7.0,-140000.0,False
720.0,41,available,,7.0,-140000.0,False
750.0,1,en_route,1,-6.265216141883487,-80000.00270356439,False
750.0,2,en_route,0,12.507862989180285,-80000.00204853964,False
750.0,3,en_route,2,6.742925062795496,-80000.00032246721,False
750.0,4,available,,10.0,-140000.0,False
750.0,5,available,,5.0,-140000.0,False
750.0,6,available,,4.0,-140000.0,False
750.0,7,available,,4.0,-140000.0,False
750.0,8,available,,4.0,-140000.0,False
750.0,9,available,,4.0,-140000.0,False
750.0,10,available,,4.0,-140000.0,False
750.0,11,damaged,,4.0,-140000.0,True
750.0,12,en_route,1,-11.408819723545161,-80000.0018462828,False
750.0,13,en_route,0,14.096563661352054,-80000.00149975208,False
750.0,14,en_route,2,2.036411752690302,-80000.00046948218,False
750.0,15,available,,10.185495699894897,-128000.00019901633,False
750.0,16,available,,2.0,-140000.0,False
750.0,17,available,,7.0,-140000.0,False
750.0,18,available,,7.0,-140000.0,False
750.0,19,available,,7.0,-140000.0,False
750.0,20,available,,7.0,-140000.0,False
750.0,21,available,,7.0,-140000.0,False
750.0,22,available,,7.0,-140000.0,False
750.0,23,available,,7.0,-140000.0,False
750.0,24,available,,7.0,-140000.0,False
750.0,25,available,,7.0,-140000.0,False
750.0,26,available,,7.0,-140000.0,False
750.0,27,available,,7.0,-140000.0,False
750.0,28,available,,7.0,-140000.0,False
750.0,29,available,,7.0,-140000.0,False
750.0,30,available,,7.0,-140000.0,False
750.0,31,available,,7.0,-140000.0,False
750.0,32,available,,7.0,-140000.0,False
750.0,33,available,,7.0,-140000.0,False
750.0,34,available,,7.0,-140000.0,False
750.0,35,available,,7.0,-140000.0,False
750.0,36,available,,7.0,-140000.0,False
750.0,37,available,,7.0,-140000.0,False
750.0,38,available,,7.0,-140000.0,False
750.0,39,available,,7.0,-140000.0,False
750.0,40,available,,7.0,-140000.0,False
750.0,41,available,,7.0,-140000.0,False
780.0,1,en_route,1,-7.067032404495025,-77600.00283750384,False
780.0,2,en_route,0,13.13751687227844,-77600.00213113631,False
780.0,3,en_route,2,6.570796530940526,-77600.00032863976,False
780.0,4,available,,10.0,-140000.0,False
780.0,5,available,,5.0,-140000.0,False
780.0,6,available,,4.0,-140000.0,False
780.0,7,available,,4.0,-140000.0,False
780.0,8,available,,4.0,-140000.0,False
780.0,9,available,,4.0,-140000.0,False
780.0,10,available,,4.0,-140000.0,False
780.0,11,damaged,,4.0,-140000.0,True
780.0,12,en_route,1,-12.056371620279535,-77600.00193364186,False
780.0,13,en_route,0,14.678564873272965,-77600.00157031987,False
780.0,14,en_route,2,2.005348134141652,-77600.00046968322,False
780.0,15,available,,10.185495699894897,-128000.00019901633,False
780.0,16,available,,2.0,-140000.0,False
780.0,17,available,,7.0,-140000.0,False
780.0,18,available,,7.0,-140000.0,False
780.0,19,available,,7.0,-140000.0,False
780.0,20,available,,7.0,-140000.0,False
780.0,21,available,,7.0,-140000.0,False
780.0,22,available,,7.0,-140000.0,False
780.0,23,available,,7.0,-140000.0,False
780.0,24,available,,7.0,-140000.0,False
780.0,25,available,,7.0,-140000.0,False
780.0,26,available,,7.0,-140000.0,False
780.0,27,available,,7.0,-140000.0,False
780.0,28,available,,7.0,-140000.0,False
780.0,29,available,,7.0,-140000.0,False
780.0,30,available,,7.0,-140000.0,False
780.0,31,available,,7.0,-140000.0,False
780.0,32,available,,7.0,-140000.0,False
780.0,33,available,,7.0,-140000.0,False
780.0,34,available,,7.0,-140000.0,False
780.0,35,available,,7.0,-140000.0,False
780.0,36,available,,7.0,-140000.0,False
780.0,37,available,,7.0,-140000.0,False
780.0,38,available,,7.0,-140000.0,False
780.0,39,available,,7.0,-140000.0,False
780.0,40,available,,7.0,-140000.0,False
780.0,41,available,,7.0,-140000.0,False
810.0,1,en_route,1,-7.868848667106564,-75200.00297144329,False
810.0,2,en_route,0,13.767170755376593,-75200.00221373298,False
810.0,3,en_route,2,6.398667999085555,-75200.0003348123,False
810.0,4,available,,10.0,-140000.0,False
810.0,5,available,,5.0,-140000.0,False
810.0,6,available,,4.0,-140000.0,False
810.0,7,available,,4.0,-140000.0,False
810.0,8,available,,4.0,-140000.0,False
810.0,9,available,,4.0,-140000.0,False
810.0,10,available,,4.0,-140000.0,False
810.0,11,damaged,,4.0,-140000.0,True
810.0,12,en_route,1,-12.703923517013909,-75200.00202100092,False
810.0,13,en_route,0,15.260566085193876,-75200.00164088767,False
810.0,14,en_route,2,1.9742845155930027,-75200.00046988425,False
810.0,15,available,,10.185495699894897,-128000.00019901633,False
810.0,16,available,,2.0,-140000.0,False
810.0,17,available,,7.0,-140000.0,False
810.0,18,available,,7.0,-140000.0,False
810.0,19,available,,7.0,-140000.0,False
810.0,20,available,,7.0,-140000.0,False
810.0,21,available,,7.0,-140000.0,False
810.0,22,available,,7.0,-140000.0,False
810.0,23,available,,7.0,-140000.0,False
810.0,24,available,,7.0,-140000.0,False
810.0,25,available,,7.0,-140000.0,False
810.0,26,available,,7.0,-140000.0,False
810.0,27,available,,7.0,-140000.0,False
810.0,28,available,,7.0,-140000.0,False
810.0,29,available,,7.0,-140000.0,False
810.0,30,available,,7.0,-140000.0,False
810.0,31,available,,7.0,-140000.0,False
810.0,32,available,,7.0,-140000.0,False
810.0,33,available,,7.0,-140000.0,False
810.0,34,available,,7.0,-140000.0,False
810.0,35,available,,7.0,-140000.0,False
810.0,36,available,,7.0,-140000.0,False
810.0,37,available,,7.0,-140000.0,False
810.0,38,available,,7.0,-140000.0,False
810.0,39,available,,7.0,-140000.0,False
810.0,40,available,,7.0,-140000.0,False
810.0,41,available,,7.0,-140000.0,False
840.0,1,en_route,1,-8.670664929718102,-72800.00310538274,False
840.0,2,en_route,0,14.396824638474747,-72800.00229632965,False
840.0,3,en_route,2,6.226539467230585,-72800.00034098484,False
840.0,4,available,,10.0,-140000.0,False
840.0,5,available,,5.0,-140000.0,False
840.0,6,available,,4.0,-140000.0,False
840.0,7,available,,4.0,-140000.0,False
840.0,8,available,,4.0,-140000.0,False
840.0,9,available,,4.0,-140000.0,False
840.0,10,available,,4.0,-140000.0,False
840.0,11,damaged,,4.0,-140000.0,True
840.0,12,en_route,1,-13.351475413748283,-72800.00210835999,False
840.0,13,en_route,0,15.842567297114787,-72800.00171145546,False
840.0,14,en_route,2,1.9432208970443532,-72800.00047008529,False
840.0,15,available,,10.185495699894897,-128000.00019901633,False
840.0,16,available,,2.0,-140000.0,False
840.0,17,available,,7.0,-140000.0,False
840.0,18,available,,7.0,-140000.0,False
840.0,19,available,,7.0,-140000.0,False
840.0,20,available,,7.0,-140000.0,False
840.0,21,available,,7.0,-140000.0,False
840.0,22,available,,7.0,-140000.0,False
840.0,23,available,,7.0,-140000.0,False
840.0,24,available,,7.0,-140000.0,False
840.0,25,available,,7.0,-140000.0,False
840.0,26,available,,7.0,-140000.0,False
840.0,27,available,,7.0,-140000.0,False
840.0,28,available,,7.0,-140000.0,False
840.0,29,available,,7.0,-140000.0,False
840.0,30,available,,7.0,-140000.0,False
840.0,31,available,,7.0,-140000.0,False
840.0,32,available,,7.0,-140000.0,False
840.0,33,available,,7.0,-140000.0,False
840.0,34,available,,7.0,-140000.0,False
840.0,35,available,,7.0,-140000.0,False
840.0,36,available,,7.0,-140000.0,False
840.0,37,available,,7.0,-140000.0,False
840.0,38,available,,7.0,-140000.0,False
840.0,39,available,,7.0,-140000.0,False
840.0,40,available,,7.0,-140000.0,False
840.0,41,available,,7.0,-140000.0,False
870.0,1,en_route,1,-9.47248119232964,-70400.00323932219,False
870.0,2,en_route,0,15.026478521572901,-70400.00237892632,False
870.0,3,en_route,2,6.054410935375614,-70400.00034715739,False
870.0,4,available,,10.0,-140000.0,False
870.0,5,available,,5.0,-140000.0,False
870.0,6,available,,4.0,-140000.0,False
870.0,7,available,,4.0,-140000.0,False
870.0,8,available,,4.0,-140000.0,False
870.0,9,available,,4.0,-140000.0,False
870.0,10,available,,4.0,-140000.0,False
870.0,11,damaged,,4.0,-140000.0,True
870.0,12,en_route,1,-13.999027310482656,-70400.00219571905,False
870.0,13,en_route,0,16.424568509035698,-70400.00178202326,False
870.0,14,en_route,2,1.9121572784957037,-70400.00047028632,False
870.0,15,available,,10.185495699894897,-128000.00019901633,False
870.0,16,available,,2.0,-140000.0,False
870.0,17,available,,7.0,-140000.0,False
870.0,18,available,,7.0,-140000.0,False
870.0,19,available,,7.0,-140000.0,False
870.0,20,available,,7.0,-140000.0,False
870.0,21,available,,7.0,-140000.0,False
870.0,22,available,,7.0,-140000.0,False
870.0,23,available,,7.0,-140000.0,False
870.0,24,available,,7.0,-140000.0,False
870.0,25,available,,7.0,-140000.0,False
870.0,26,available,,7.0,-140000.0,False
870.0,27,available,,7.0,-140000.0,False
870.0,28,available,,7.0,-140000.0,False
870.0,29,available,,7.0,-140000.0,False
870.0,30,available,,7.0,-140000.0,False
870.0,31,available,,7.0,-140000.0,False
870.0,32,available,,7.0,-140000.0,False
870.0,33,available,,7.0,-140000.0,False
870.0,34,available,,7.0,-140000.0,False
870.0,35,available,,7.0,-140000.0,False
870.0,36,available,,7.0,-140000.0,False
870.0,37,available,,7.0,-140000.0,False
870.0,38,available,,7.0,-140000.0,False
870.0,39,available,,7.0,-140000.0,False
870.0,40,available,,7.0,-140000.0,False
870.0,41,available,,7.0,-140000.0,False
900.0,1,en_route,1,-10.274297454941179,-68000.00337326164,False
900.0,2,en_route,0,15.656132404671055,-68000.00246152299,False
900.0,3,en_route,2,5.882282403520644,-68000.00035332993,False
900.0,4,available,,10.0,-140000.0,False
900.0,5,available,,5.0,-140000.0,False
900.0,6,available,,4.0,-140000.0,False
900.0,7,available,,4.0,-140000.0,False
900.0,8,available,,4.0,-140000.0,False
900.0,9,available,,4.0,-140000.0,False
900.0,10,available,,4.0,-140000.0,False
900.0,11,damaged,,4.0,-140000.0,True
900.0,12,en_route,1,-14.64657920721703,-68000.00228307811,False
900.0,13,en_route,0,17.00656972095661,-68000.00185259106,False
900.0,14,en_route,2,1.8810936599470542,-68000.00047048736,False
900.0,15,available,,10.185495699894897,-128000.00019901633,False
900.0,16,available,,2.0,-140000.0,False
900.0,17,available,,7.0,-140000.0,False
900.0,18,available,,7.0,-140000.0,False
900.0,19,available,,7.0,-140000.0,False
900.0,20,available,,7.0,-140000.0,False
900.0,21,available,,7.0,-140000.0,False
900.0,22,available,,7.0,-140000.0,False
900.0,23,available,,7.0,-140000.0,False
900.0,24,available,,7.0,-140000.0,False
900.0,25,available,,7.0,-140000.0,False
900.0,26,available,,7.0,-140000.0,False
900.0,27,available,,7.0,-140000.0,False
900.0,28,available,,7.0,-140000.0,False
900.0,29,available,,7.0,-140000.0,False
900.0,30,available,,7.0,-140000.0,False
900.0,31,available,,7.0,-140000.0,False
900.0,32,available,,7.0,-140000.0,False
900.0,33,available,,7.0,-140000.0,False
900.0,34,available,,7.0,-140000.0,False
900.0,35,available,,7.0,-140000.0,False
900.0,36,available,,7.0,-140000.0,False
900.0,37,available,,7.0,-140000.0,False
900.0,38,available,,7.0,-140000.0,False
900.0,39,available,,7.0,-140000.0,False
900.0,40,available,,7.0,-140000.0,False
900.0,41,available,,7.0,-140000.0,False
930.0,1,en_route,1,-11.076113717552717,-65600.0035072011,False
930.0,2,en_route,0,16.28578628776921,-65600.00254411966,False
930.0,3,en_route,2,5.710153871665673,-65600.00035950248,False
930.0,4,available,,10.0,-140000.0,False
930.0,5,available,,5.0,-140000.0,False
930.0,6,available,,4.0,-140000.0,False
930.0,7,available,,4.0,-140000.0,False
930.0,8,available,,4.0,-140000.0,False
930.0,9,available,,4.0,-140000.0,False
930.0,10,available,,4.0,-140000.0,False
930.0,11,damaged,,4.0,-140000.0,True
930.0,12,en_route,1,-15.294131103951404,-65600.00237043717,False
930.0,13,en_route,0,17.58857093287752,-65600.00192315885,False
930.0,14,en_route,2,1.8500300413984048,-65600.00047068839,False
930.0,15,available,,10.185495699894897,-128000.00019901633,False
930.0,16,available,,2.0,-140000.0,False
930.0,17,available,,7.0,-140000.0,False
930.0,18,available,,7.0,-140000.0,False
930.0,19,available,,7.0,-140000.0,False
930.0,20,available,,7.0,-140000.0,False
930.0,21,available,,7.0,-140000.0,False
930.0,22,available,,7.0,-140000.0,False
930.0,23,available,,7.0,-140000.0,False
930.0,24,available,,7.0,-140000.0,False
930.0,25,available,,7.0,-140000.0,False
930.0,26,available,,7.0,-140000.0,False
930.0,27,available,,7.0,-140000.0,False
930.0,28,available,,7.0,-140000.0,False
930.0,29,available,,7.0,-140000.0,False
930.0,30,available,,7.0,-140000.0,False
930.0,31,available,,7.0,-140000.0,False
930.0,32,available,,7.0,-140000.0,False
930.0,33,available,,7.0,-140000.0,False
930.0,34,available,,7.0,-140000.0,False
930.0,35,available,,7.0,-140000.0,False
930.0,36,available,,7.0,-140000.0,False
930.0,37,available,,7.0,-140000.0,False
930.0,38,available,,7.0,-140000.0,False
930.0,39,available,,7.0,-140000.0,False
930.0,40,available,,7.0,-140000.0,False
930.0,41,available,,7.0,-140000.0,False
960.0,1,en_route,1,-11.877929980164255,-63200.00364114054,False
960.0,2,en_route,0,16.915440170867363,-63200.002626716334,False
960.0,3,en_route,2,5.538025339810702,-63200.00036567503,False
960.0,4,available,,10.0,-140000.0,False
960.0,5,available,,5.0,-140000.0,False
960.0,6,available,,4.0,-140000.0,False
960.0,7,available,,4.0,-140000.0,False
960.0,8,available,,4.0,-140000.0,False
960.0,9,available,,4.0,-140000.0,False
960.0,10,available,,4.0,-140000.0,False
960.0,11,damaged,,4.0,-140000.0,True
960.0,12,en_route,1,-15.941683000685778,-63200.002457796225,False
960.0,13,en_route,0,18.17057214479843,-63200.00199372665,False
960.0,14,en_route,2,1.8189664228497553,-63200.00047088943,False
960.0,15,available,,10.185495699894897,-128000.00019901633,False
960.0,16,available,,2.0,-140000.0,False
960.0,17,available,,7.0,-140000.0,False
960.0,18,available,,7.0,-140000.0,False
960.0,19,available,,7.0,-140000.0,False
960.0,20,available,,7.0,-140000.0,False
960.0,21,available,,7.0,-140000.0,False
960.0,22,available,,7.0,-140000.0,False
960.0,23,available,,7.0,-140000.0,False
960.0,24,available,,7.0,-140000.0,False
960.0,25,available,,7.0,-140000.0,False
960.0,26,available,,7.0,-140000.0,False
960.0,27,available,,7.0,-140000.0,False
960.0,28,available,,7.0,-140000.0,False
960.0,29,available,,7.0,-140000.0,False
960.0,30,available,,7.0,-140000.0,False
960.0,31,available,,7.0,-140000.0,False
960.0,32,available,,7.0,-140000.0,False
960.0,33,available,,7.0,-140000.0,False
960.0,34,available,,7.0,-140000.0,False
960.0,35,available,,7.0,-140000.0,False
960.0,36,available,,7.0,-140000.0,False
960.0,37,available,,7.0,-140000.0,False
960.0,38,available,,7.0,-140000.0,False
960.0,39,available,,7.0,-140000.0,False
960.0,40,available,,7.0,-140000.0,False
960.0,41,available,,7.0,-140000.0,False
990.0,1,en_route,1,-12.679746242775794,-60800.00377507998,False
990.0,2,en_route,0,17.545094053965517,-60800.002709313005,False
990.0,3,en_route,2,5.365896807955732,-60800.00037184758,False
990.0,4,available,,10.0,-140000.0,False
990.0,5,available,,5.0,-140000.0,False
990.0,6,available,,4.0,-140000.0,False
990.0,7,available,,4.0,-140000.0,False
990.0,8,available,,4.0,-140000.0,False
990.0,9,available,,4.0,-140000.0,False
990.0,10,available,,4.0,-140000.0,False
990.0,11,damaged,,4.0,-140000.0,True
990.0,12,en_route,1,-16.589234897420152,-60800.00254515528,False
990.0,13,en_route,0,18.752573356719342,-60800.002064294444,False
990.0,14,en_route,2,1.7879028043011058,-60800.00047109046,False
990.0,15,available,,10.185495699894897,-128000.00019901633,False
990.0,16,available,,2.0,-140000.0,False
990.0,17,available,,7.0,-140000.0,False
990.0,18,available,,7.0,-140000.0,False
990.0,19,available,,7.0,-140000.0,False
990.0,20,available,,7.0,-140000.0,False
990.0,21,available,,7.0,-140000.0,False
990.0,22,available,,7.0,-140000.0,False
990.0,23,available,,7.0,-140000.0,False
990.0,24,available,,7.0,-140000.0,False
990.0,25,available,,7.0,-140000.0,False
990.0,26,available,,7.0,-140000.0,False
990.0,27,available,,7.0,-140000.0,False
990.0,28,available,,7.0,-140000.0,False
990.0,29,available,,7.0,-140000.0,False
990.0,30,available,,7.0,-140000.0,False
990.0,31,available,,7.0,-140000.0,False
990.0,32,available,,7.0,-140000.0,False
990.0,33,available,,7.0,-140000.0,False
990.0,34,available,,7.0,-140000.0,False
990.0,35,available,,7.0,-140000.0,False
990.0,36,available,,7.0,-140000.0,False
990.0,37,available,,7.0,-140000.0,False
990.0,38,available,,7.0,-140000.0,False
990.0,39,available,,7.0,-140000.0,False
990.0,40,available,,7.0,-140000.0,False
990.0,41,available,,7.0,-140000.0,False
1020.0,1,en_route,1,-13.481562505387332,-58400.003909019426,False
1020.0,2,en_route,0,18.17474793706367,-58400.002791909676,False
1020.0,3,en_route,2,5.193768276100761,-58400.00037802012,False
1020.0,4,available,,10.0,-140000.0,False
1020.0,5,available,,5.0,-140000.0,False
1020.0,6,available,,4.0,-140000.0,False
1020.0,7,available,,4.0,-140000.0,False
1020.0,8,available,,4.0,-140000.0,False
1020.0,9,available,,4.0,-140000.0,False
1020.0,10,available,,4.0,-140000.0,False
1020.0,11,damaged,,4.0,-140000.0,True
1020.0,12,en_route,1,-17.236786794154526,-58400.00263251433,False
1020.0,13,en_route,0,19.334574568640253,-58400.00213486224,False
1020.0,14,en_route,2,1.7568391857524563,-58400.000471291496,False
1020.0,15,available,,10.185495699894897,-128000.00019901633,False
1020.0,16,available,,2.0,-140000.0,False
1020.0,17,available,,7.0,-140000.0,False
1020.0,18,available,,7.0,-140000.0,False
1020.0,19,available,,7.0,-140000.0,False
1020.0,20,available,,7.0,-140000.0,False
1020.0,21,available,,7.0,-140000.0,False
1020.0,22,available,,7.0,-140000.0,False
1020.0,23,available,,7.0,-140000.0,False
1020.0,24,available,,7.0,-140000.0,False
1020.0,25,available,,7.0,-140000.0,False
1020.0,26,available,,7.0,-140000.0,False
1020.0,27,available,,7.0,-140000.0,False
1020.0,28,available,,7.0,-140000.0,False
1020.0,29,available,,7.0,-140000.0,False
1020.0,30,available,,7.0,-140000.0,False
1020.0,31,available,,7.0,-140000.0,False
1020.0,32,available,,7.0,-140000.0,False
1020.0,33,available,,7.0,-140000.0,False
1020.0,34,available,,7.0,-140000.0,False
1020.0,35,available,,7.0,-140000.0,False
1020.0,36,available,,7.0,-140000.0,False
1020.0,37,available,,7.0,-140000.0,False
1020.0,38,available,,7.0,-140000.0,False
1020.0,39,available,,7.0,-140000.0,False
1020.0,40,available,,7.0,-140000.0,False
1020.0,41,available,,7.0,-140000.0,False
1050.0,1,en_route,1,-14.28337876799887,-56000.00404295887,False
1050.0,2,en_route,0,18.804401820161825,-56000.00287450635,False
1050.0,3,en_route,2,5.021639744245791,-56000.000384192674,False
1050.0,4,available,,10.0,-140000.0,False
1050.0,5,available,,5.0,-140000.0,False
1050.0,6,available,,4.0,-140000.0,False
1050.0,7,available,,4.0,-140000.0,False
1050.0,8,available,,4.0,-140000.0,False
1050.0,9,available,,4.0,-140000.0,False
1050.0,10,available,,4.0,-140000.0,False
1050.0,11,damaged,,4.0,-140000.0,True
1050.0,12,en_route,1,-17.8843386908889,-56000.00271987339,False
1050.0,13,en_route,0,19.916575780561164,-56000.002205430035,False
1050.0,14,en_route,2,1.7257755672038069,-56000.00047149252,False
1050.0,15,available,,10.185495699894897,-128000.00019901633,False
1050.0,16,available,,2.0,-140000.0,False
1050.0,17,available,,7.0,-140000.0,False
1050.0,18,available,,7.0,-140000.0,False
1050.0,19,available,,7.0,-140000.0,False
1050.0,20,available,,7.0,-140000.0,False
1050.0,21,available,,7.0,-140000.0,False
1050.0,22,available,,7.0,-140000.0,False
1050.0,23,available,,7.0,-140000.0,False
1050.0,24,available,,7.0,-140000.0,False
1050.0,25,available,,7.0,-140000.0,False
1050.0,26,available,,7.0,-140000.0,False
1050.0,27,available,,7.0,-140000.0,False
1050.0,28,available,,7.0,-140000.0,False
1050.0,29,available,,7.0,-140000.0,False
1050.0,30,available,,7.0,-140000.0,False
1050.0,31,available,,7.0,-140000.0,False
1050.0,32,available,,7.0,-140000.0,False
1050.0,33,available,,7.0,-140000.0,False
1050.0,34,available,,7.0,-140000.0,False
1050.0,35,available,,7.0,-140000.0,False
1050.0,36,available,,7.0,-140000.0,False
1050.0,37,available,,7.0,-140000.0,False
1050.0,38,available,,7.0,-140000.0,False
1050.0,39,available,,7.0,-140000.0,False
1050.0,40,available,,7.0,-140000.0,False
1050.0,41,available,,7.0,-140000.0,False
1080.0,1,en_route,1,-15.085195030610409,-53600.004176898314,False
1080.0,2,en_route,0,19.43405570325998,-53600.00295710302,False
1080.0,3,en_route,2,4.84951121239082,-53600.000390365225,False
1080.0,4,available,,10.0,-140000.0,False
1080.0,5,available,,5.0,-140000.0,False
1080.0,6,available,,4.0,-140000.0,False
1080.0,7,available,,4.0,-140000.0,False
1080.0,8,available,,4.0,-140000.0,False
1080.0,9,available,,4.0,-140000.0,False
1080.0,10,available,,4.0,-140000.0,False
1080.0,11,damaged,,4.0,-140000.0,True
1080.0,12,en_route,1,-18.531890587623273,-53600.00280723244,False
1080.0,13,en_route,0,20.498576992482075,-53600.00227599783,False
1080.0,14,en_route,2,1.6947119486551574,-53600.00047169355,False
1080.0,15,available,,10.185495699894897,-128000.00019901633,False
1080.0,16,available,,2.0,-140000.0,False
1080.0,17,available,,7.0,-140000.0,False
1080.0,18,available,,7.0,-140000.0,False
1080.0,19,available,,7.0,-140000.0,False
1080.0,20,available,,7.0,-140000.0,False
1080.0,21,available,,7.0,-140000.0,False
1080.0,22,available,,7.0,-140000.0,False
1080.0,23,available,,7.0,-140000.0,False
1080.0,24,available,,7.0,-140000.0,False
1080.0,25,available,,7.0,-140000.0,False
1080.0,26,available,,7.0,-140000.0,False
1080.0,27,available,,7.0,-140000.0,False
1080.0,28,available,,7.0,-140000.0,False
1080.0,29,available,,7.0,-140000.0,False
1080.0,30,available,,7.0,-140000.0,False
1080.0,31,available,,7.0,-140000.0,False
1080.0,32,available,,7.0,-140000.0,False
1080.0,33,available,,7.0,-140000.0,False
1080.0,34,available,,7.0,-140000.0,False
1080.0,35,available,,7.0,-140000.0,False
1080.0,36,available,,7.0,-140000.0,False
1080.0,37,available,,7.0,-140000.0,False
1080.0,38,available,,7.0,-140000.0,False
1080.0,39,available,,7.0,-140000.0,False
1080.0,40,available,,7.0,-140000.0,False
1080.0,41,available,,7.0,-140000.0,False
1110.0,1,en_route,1,-15.887011293221947,-51200.00431083776,False
1110.0,2,en_route,0,20.063709586358133,-51200.00303969969,False
1110.0,3,en_route,2,4.67738268053585,-51200.00039653778,False
1110.0,4,available,,10.0,-140000.0,False
1110.0,5,available,,5.0,-140000.0,False
1110.0,6,available,,4.0,-140000.0,False
1110.0,7,available,,4.0,-140000.0,False
1110.0,8,available,,4.0,-140000.0,False
1110.0,9,available,,4.0,-140000.0,False
1110.0,10,available,,4.0,-140000.0,False
1110.0,11,damaged,,4.0,-140000.0,True
1110.0,12,en_route,1,-19.179442484357647,-51200.0028945915,False
1110.0,13,en_route,0,21.080578204402986,-51200.00234656563,False
1110.0,14,en_route,2,1.663648330106508,-51200.000471894586,False
1110.0,15,available,,10.185495699894897,-128000.00019901633,False
1110.0,16,available,,2.0,-140000.0,False
1110.0,17,available,,7.0,-140000.0,False
1110.0,18,available,,7.0,-140000.0,False
1110.0,19,available,,7.0,-140000.0,False
1110.0,20,available,,7.0,-140000.0,False
1110.0,21,available,,7.0,-140000.0,False
1110.0,22,available,,7.0,-140000.0,False
1110.0,23,available,,7.0,-140000.0,False
1110.0,24,available,,7.0,-140000.0,False
1110.0,25,available,,7.0,-140000.0,False
1110.0,26,available,,7.0,-140000.0,False
1110.0,27,available,,7.0,-140000.0,False
1110.0,28,available,,7.0,-140000.0,False
1110.0,29,available,,7.0,-140000.0,False
1110.0,30,available,,7.0,-140000.0,False
1110.0,31,available,,7.0,-140000.0,False
1110.0,32,available,,7.0,-140000.0,False
1110.0,33,available,,7.0,-140000.0,False
1110.0,34,available,,7.0,-140000.0,False
1110.0,35,available,,7.0,-140000.0,False
1110.0,36,available,,7.0,-140000.0,False
1110.0,37,available,,7.0,-140000.0,False
1110.0,38,available,,7.0,-140000.0,False
1110.0,39,available,,7.0,-140000.0,False
1110.0,40,available,,7.0,-140000.0,False
1110.0,41,available,,7.0,-140000.0,False
1140.0,1,en_route,1,-16.688827555833484,-48800.0044447772,False
1140.0,2,en_route,0,20.693363469456287,-48800.00312229636,False
1140.0,3,en_route,2,4.505254148680879,-48800.00040271033,False
1140.0,4,available,,10.0,-140000.0,False
1140.0,5,available,,5.0,-140000.0,False
1140.0,6,available,,4.0,-140000.0,False
1140.0,7,available,,4.0,-140000.0,False
1140.0,8,available,,4.0,-140000.0,False
1140.0,9,available,,4.0,-140000.0,False
1140.0,10,available,,4.0,-140000.0,False
1140.0,11,damaged,,4.0,-140000.0,True
1140.0,12,en_route,1,-19.82699438109202,-48800.00298195055,False
1140.0,13,en_route,0,21.662579416323897,-48800.00241713342,False
1140.0,14,en_route,2,1.6325847115578584,-48800.00047209562,False
1140.0,15,available,,10.185495699894897,-128000.00019901633,False
1140.0,16,available,,2.0,-140000.0,False
1140.0,17,available,,7.0,-140000.0,False
1140.0,18,available,,7.0,-140000.0,False
1140.0,19,available,,7.0,-140000.0,False
1140.0,20,available,,7.0,-140000.0,False
1140.0,21,available,,7.0,-140000.0,False
1140.0,22,available,,7.0,-140000.0,False
1140.0,23,available,,7.0,-140000.0,False
1140.0,24,available,,7.0,-140000.0,False
1140.0,25,available,,7.0,-140000.0,False
1140.0,26,available,,7.0,-140000.0,False
1140.0,27,available,,7.0,-140000.0,False
1140.0,28,available,,7.0,-140000.0,False
1140.0,29,available,,7.0,-140000.0,False
1140.0,30,available,,7.0,-140000.0,False
1140.0,31,available,,7.0,-140000.0,False
1140.0,32,available,,7.0,-140000.0,False
1140.0,33,available,,7.0,-140000.0,False
1140.0,34,available,,7.0,-140000.0,False
1140.0,35,available,,7.0,-140000.0,False
1140.0,36,available,,7.0,-140000.0,False
1140.0,37,available,,7.0,-140000.0,False
1140.0,38,available,,7.0,-140000.0,False
1140.0,39,available,,7.0,-140000.0,False
1140.0,40,available,,7.0,-140000.0,False
1140.0,41,available,,7.0,-140000.0,False
1170.0,1,en_route,1,-17.490643818445022,-46400.004578716645,False
1170.0,2,en_route,0,21.32301735255444,-46400.00320489303,False
1170.0,3,en_route,2,4.3331256168259085,-46400.00040888288,False
1170.0,4,available,,10.0,-140000.0,False
1170.0,5,available,,5.0,-140000.0,False
1170.0,6,available,,4.0,-140000.0,False
1170.0,7,available,,4.0,-140000.0,False
1170.0,8,available,,4.0,-140000.0,False
1170.0,9,available,,4.0,-140000.0,False
1170.0,10,available,,4.0,-140000.0,False
1170.0,11,damaged,,4.0,-140000.0,True
1170.0,12,en_route,1,-20.474546277826395,-46400.003069309605,False
1170.0,13,en_route,0,22.244580628244808,-46400.00248770122,False
1170.0,14,en_route,2,1.601521093009209,-46400.000472296655,False
1170.0,15,available,,10.185495699894897,-128000.00019901633,False
1170.0,16,available,,2.0,-140000.0,False
1170.0,17,available,,7.0,-140000.0,False
1170.0,18,available,,7.0,-140000.0,False
1170.0,19,available,,7.0,-140000.0,False
1170.0,20,available,,7.0,-140000.0,False
1170.0,21,available,,7.0,-140000.0,False
1170.0,22,available,,7.0,-140000.0,False
1170.0,23,available,,7.0,-140000.0,False
1170.0,24,available,,7.0,-140000.0,False
1170.0,25,available,,7.0,-140000.0,False
1170.0,26,available,,7.0,-140000.0,False
1170.0,27,available,,7.0,-140000.0,False
1170.0,28,available,,7.0,-140000.0,False
1170.0,29,available,,7.0,-140000.0,False
1170.0,30,available,,7.0,-140000.0,False
1170.0,31,available,,7.0,-140000.0,False
1170.0,32,available,,7.0,-140000.0,False
1170.0,33,available,,7.0,-140000.0,False
1170.0,34,available,,7.0,-140000.0,False
1170.0,35,available,,7.0,-140000.0,False
1170.0,36,available,,7.0,-140000.0,False
1170.0,37,available,,7.0,-140000.0,False
1170.0,38,available,,7.0,-140000.0,False
1170.0,39,available,,7.0,-140000.0,False
1170.0,40,available,,7.0,-140000.0,False
1170.0,41,available,,7.0,-140000.0,False
1200.0,1,en_route,1,-18.29246008105656,-44000.00471265609,False
1200.0,2,en_route,0,21.952671235652595,-44000.0032874897,False
1200.0,3,en_route,2,4.160997084970938,-44000.00041505543,False
1200.0,4,available,,10.0,-140000.0,False
1200.0,5,available,,5.0,-140000.0,False
1200.0,6,available,,4.0,-140000.0,False
1200.0,7,available,,4.0,-140000.0,False
1200.0,8,available,,4.0,-140000.0,False
1200.0,9,available,,4.0,-140000.0,False
1200.0,10,available,,4.0,-140000.0,False
1200.0,11,damaged,,4.0,-140000.0,True
1200.0,12,en_route,1,-21.12209817456077,-44000.00315666866,False
1200.0,13,en_route,0,22.82658184016572,-44000.002558269014,False
1200.0,14,en_route,2,1.5704574744605595,-44000.00047249769,False
1200.0,15,available,,10.185495699894897,-128000.00019901633,False
1200.0,16,available,,2.0,-140000.0,False
1200.0,17,available,,7.0,-140000.0,False
1200.0,18,available,,7.0,-140000.0,False
1200.0,19,available,,7.0,-140000.0,False
1200.0,20,available,,7.0,-140000.0,False
1200.0,21,available,,7.0,-140000.0,False
1200.0,22,available,,7.0,-140000.0,False
1200.0,23,available,,7.0,-140000.0,False
1200.0,24,available,,7.0,-140000.0,False
1200.0,25,available,,7.0,-140000.0,False
1200.0,26,available,,7.0,-140000.0,False
1200.0,27,available,,7.0,-140000.0,False
1200.0,28,available,,7.0,-140000.0,False
1200.0,29,available,,7.0,-140000.0,False
1200.0,30,available,,7.0,-140000.0,False
1200.0,31,available,,7.0,-140000.0,False
1200.0,32,available,,7.0,-140000.0,False
1200.0,33,available,,7.0,-140000.0,False
1200.0,34,available,,7.0,-140000.0,False
1200.0,35,available,,7.0,-140000.0,False
1200.0,36,available,,7.0,-140000.0,False
1200.0,37,available,,7.0,-140000.0,False
1200.0,38,available,,7.0,-140000.0,False
1200.0,39,available,,7.0,-140000.0,False
1200.0,40,available,,7.0,-140000.0,False
1200.0,41,available,,7.0,-140000.0,False
1230.0,1,en_route,1,-19.0942763436681,-41600.00484659553,False
1230.0,2,en_route,0,22.58232511875075,-41600.00337008637,False
1230.0,3,en_route,2,3.9888685531159678,-41600.00042122798,False
1230.0,4,available,,10.0,-140000.0,False
1230.0,5,available,,5.0,-140000.0,False
1230.0,6,available,,4.0,-140000.0,False
1230.0,7,available,,4.0,-140000.0,False
1230.0,8,available,,4.0,-140000.0,False
1230.0,9,available,,4.0,-140000.0,False
1230.0,10,available,,4.0,-140000.0,False
1230.0,11,damaged,,4.0,-140000.0,True
1230.0,12,en_route,1,-21.769650071295143,-41600.003244027714,False
1230.0,13,en_route,0,23.40858305208663,-41600.00262883681,False
1230.0,14,en_route,2,1.53939385591191,-41600.000472698724,False
1230.0,15,available,,10.185495699894897,-128000.00019901633,False
1230.0,16,available,,2.0,-140000.0,False
1230.0,17,available,,7.0,-140000.0,False
1230.0,18,available,,7.0,-140000.0,False
1230.0,19,available,,7.0,-140000.0,False
1230.0,20,available,,7.0,-140000.0,False
1230.0,21,available,,7.0,-140000.0,False
1230.0,22,available,,7.0,-140000.0,False
1230.0,23,available,,7.0,-140000.0,False
1230.0,24,available,,7.0,-140000.0,False
1230.0,25,available,,7.0,-140000.0,False
1230.0,26,available,,7.0,-140000.0,False
1230.0,27,available,,7.0,-140000.0,False
1230.0,28,available,,7.0,-140000.0,False
1230.0,29,available,,7.0,-140000.0,False
1230.0,30,available,,7.0,-140000.0,False
1230.0,31,available,,7.0,-140000.0,False
1230.0,32,available,,7.0,-140000.0,False
1230.0,33,available,,7.0,-140000.0,False
1230.0,34,available,,7.0,-140000.0,False
1230.0,35,available,,7.0,-140000.0,False
1230.0,36,available,,7.0,-140000.0,False
1230.0,37,available,,7.0,-140000.0,False
1230.0,38,available,,7.0,-140000.0,False
1230.0,39,available,,7.0,-140000.0,False
1230.0,40,available,,7.0,-140000.0,False
1230.0,41,available,,7.0,-140000.0,False
1260.0,1,en_route,1,-19.896092606279637,-39200.00498053498,False
1260.0,2,en_route,0,23.211979001848903,-39200.00345268304,False
1260.0,3,en_route,2,3.8167400212609977,-39200.00042740053,False
1260.0,4,available,,10.0,-140000.0,False
1260.0,5,available,,5.0,-140000.0,False
1260.0,6,available,,4.0,-140000.0,False
1260.0,7,available,,4.0,-140000.0,False
1260.0,8,available,,4.0,-140000.0,False
1260.0,9,available,,4.0,-140000.0,False
1260.0,10,available,,4.0,-140000.0,False
1260.0,11,damaged,,4.0,-140000.0,True
1260.0,12,en_route,1,-22.417201968029516,-39200.00333138677,False
1260.0,13,en_route,0,23.99058426400754,-39200.002699404606,False
1260.0,14,en_route,2,1.5083302373632606,-39200.00047289976,False
1260.0,15,available,,10.185495699894897,-128000.00019901633,False
1260.0,16,available,,2.0,-140000.0,False
1260.0,17,available,,7.0,-140000.0,False
1260.0,18,available,,7.0,-140000.0,False
1260.0,19,available,,7.0,-140000.0,False
1260.0,20,available,,7.0,-140000.0,False
1260.0,21,available,,7.0,-140000.0,False
1260.0,22,available,,7.0,-140000.0,False
1260.0,23,available,,7.0,-140000.0,False
1260.0,24,available,,7.0,-140000.0,False
1260.0,25,available,,7.0,-140000.0,False
1260.0,26,available,,7.0,-140000.0,False
1260.0,27,available,,7.0,-140000.0,False
1260.0,28,available,,7.0,-140000.0,False
1260.0,29,available,,7.0,-140000.0,False
1260.0,30,available,,7.0,-140000.0,False
1260.0,31,available,,7.0,-140000.0,False
1260.0,32,available,,7.0,-140000.0,False
1260.0,33,available,,7.0,-140000.0,False
1260.0,34,available,,7.0,-140000.0,False
1260.0,35,available,,7.0,-140000.0,False
1260.0,36,available,,7.0,-140000.0,False
1260.0,37,available,,7.0,-140000.0,False
1260.0,38,available,,7.0,-140000.0,False
1260.0,39,available,,7.0,-140000.0,False
1260.0,40,available,,7.0,-140000.0,False
1260.0,41,available,,7.0,-140000.0,False
1290.0,1,en_route,1,-20.697908868891176,-36800.00511447442,False
1290.0,2,en_route,0,23.841632884947057,-36800.00353527971,False
1290.0,3,en_route,2,3.644611489406027,-36800.00043357308,False
1290.0,4,available,,10.0,-140000.0,False
1290.0,5,available,,5.0,-140000.0,False
1290.0,6,available,,4.0,-140000.0,False
1290.0,7,available,,4.0,-140000.0,False
1290.0,8,available,,4.0,-140000.0,False
1290.0,9,available,,4.0,-140000.0,False
1290.0,10,available,,4.0,-140000.0,False
1290.0,11,damaged,,4.0,-140000.0,True
1290.0,12,en_route,1,-23.06475386476389,-36800.00341874582,False
1290.0,13,en_route,0,24.572585475928452,-36800.0027699724,False
1290.0,14,en_route,2,1.477266618814611,-36800.00047310079,False
1290.0,15,available,,10.185495699894897,-128000.00019901633,False
1290.0,16,available,,2.0,-140000.0,False
1290.0,17,available,,7.0,-140000.0,False
1290.0,18,available,,7.0,-140000.0,False
1290.0,19,available,,7.0,-140000.0,False
1290.0,20,available,,7.0,-140000.0,False
1290.0,21,available,,7.0,-140000.0,False
1290.0,22,available,,7.0,-140000.0,False
1290.0,23,available,,7.0,-140000.0,False
1290.0,24,available,,7.0,-140000.0,False
1290.0,25,available,,7.0,-140000.0,False
1290.0,26,available,,7.0,-140000.0,False
1290.0,27,available,,7.0,-140000.0,False
1290.0,28,available,,7.0,-140000.0,False
1290.0,29,available,,7.0,-140000.0,False
1290.0,30,available,,7.0,-140000.0,False
1290.0,31,available,,7.0,-140000.0,False
1290.0,32,available,,7.0,-140000.0,False
1290.0,33,available,,7.0,-140000.0,False
1290.0,34,available,,7.0,-140000.0,False
1290.0,35,available,,7.0,-140000.0,False
1290.0,36,available,,7.0,-140000.0,False
1290.0,37,available,,7.0,-140000.0,False
1290.0,38,available,,7.0,-140000.0,False
1290.0,39,available,,7.0,-140000.0,False
1290.0,40,available,,7.0,-140000.0,False
1290.0,41,available,,7.0,-140000.0,False
1320.0,1,en_route,1,-21.499725131502714,-34400.005248413865,False
1320.0,2,en_route,0,24.47128676804521,-34400.003617876384,False
1320.0,3,en_route,2,3.472482957551057,-34400.00043974563,False
1320.0,4,available,,10.0,-140000.0,False
1320.0,5,available,,5.0,-140000.0,False
1320.0,6,available,,4.0,-140000.0,False
1320.0,7,available,,4.0,-140000.0,False
1320.0,8,available,,4.0,-140000.0,False
1320.0,9,available,,4.0,-140000.0,False
1320.0,10,available,,4.0,-140000.0,False
1320.0,11,damaged,,4.0,-140000.0,True
1320.0,12,en_route,1,-23.712305761498264,-34400.00350610488,False
1320.0,13,en_route,0,25.154586687849363,-34400.0028405402,False
1320.0,14,en_route,2,1.4462030002659616,-34400.000473301814,False
1320.0,15,available,,10.185495699894897,-128000.00019901633,False
1320.0,16,available,,2.0,-140000.0,False
1320.0,17,available,,7.0,-140000.0,False
1320.0,18,available,,7.0,-140000.0,False
1320.0,19,available,,7.0,-140000.0,False
1320.0,20,available,,7.0,-140000.0,False
1320.0,21,available,,7.0,-140000.0,False
1320.0,22,available,,7.0,-140000.0,False
1320.0,23,available,,7.0,-140000.0,False
1320.0,24,available,,7.0,-140000.0,False
1320.0,25,available,,7.0,-140000.0,False
1320.0,26,available,,7.0,-140000.0,False
1320.0,27,available,,7.0,-140000.0,False
1320.0,28,available,,7.0,-140000.0,False
1320.0,29,available,,7.0,-140000.0,False
1320.0,30,available,,7.0,-140000.0,False
1320.0,31,available,,7.0,-140000.0,False
1320.0,32,available,,7.0,-140000.0,False
1320.0,33,available,,7.0,-140000.0,False
1320.0,34,available,,7.0,-140000.0,False
1320.0,35,available,,7.0,-140000.0,False
1320.0,36,available,,7.0,-140000.0,False
1320.0,37,available,,7.0,-140000.0,False
1320.0,38,available,,7.0,-140000.0,False
1320.0,39,available,,7.0,-140000.0,False
1320.0,40,available,,7.0,-140000.0,False
1320.0,41,available,,7.0,-140000.0,False
1350.0,1,en_route,1,-22.301541394114253,-32000.00538235331,False
1350.0,2,en_route,0,25.100940651143365,-32000.003700473055,False
1350.0,3,en_route,2,3.300354425696087,-32000.000445918176,False
1350.0,4,available,,10.0,-140000.0,False
1350.0,5,available,,5.0,-140000.0,False
1350.0,6,available,,4.0,-140000.0,False
1350.0,7,available,,4.0,-140000.0,False
1350.0,8,available,,4.0,-140000.0,False
1350.0,9,available,,4.0,-140000.0,False
1350.0,10,available,,4.0,-140000.0,False
1350.0,11,damaged,,4.0,-140000.0,True
1350.0,12,en_route,1,-24.359857658232638,-32000.00359346393,False
1350.0,13,en_route,0,25.736587899770274,-32000.002911107993,False
1350.0,14,en_route,2,1.4151393817173121,-32000.000473502845,False
1350.0,15,available,,10.185495699894897,-128000.00019901633,False
1350.0,16,available,,2.0,-140000.0,False
1350.0,17,available,,7.0,-140000.0,False
1350.0,18,available,,7.0,-140000.0,False
1350.0,19,available,,7.0,-140000.0,False
1350.0,20,available,,7.0,-140000.0,False
1350.0,21,available,,7.0,-140000.0,False
1350.0,22,available,,7.0,-140000.0,False
1350.0,23,available,,7.0,-140000.0,False
1350.0,24,available,,7.0,-140000.0,False
1350.0,25,available,,7.0,-140000.0,False
1350.0,26,available,,7.0,-140000.0,False
1350.0,27,available,,7.0,-140000.0,False
1350.0,28,available,,7.0,-140000.0,False
1350.0,29,available,,7.0,-140000.0,False
1350.0,30,available,,7.0,-140000.0,False
1350.0,31,available,,7.0,-140000.0,False
1350.0,32,available,,7.0,-140000.0,False
1350.0,33,available,,7.0,-140000.0,False
1350.0,34,available,,7.0,-140000.0,False
1350.0,35,available,,7.0,-140000.0,False
1350.0,36,available,,7.0,-140000.0,False
1350.0,37,available,,7.0,-140000.0,False
1350.0,38,available,,7.0,-140000.0,False
1350.0,39,available,,7.0,-140000.0,False
1350.0,40,available,,7.0,-140000.0,False
1350.0,41,available,,7.0,-140000.0,False
1380.0,1,en_route,1,-23.10335765672579,-29600.005516292753,False
1380.0,2,en_route,0,25.73059453424152,-29600.003783069726,False
1380.0,3,en_route,2,3.1282258938411167,-29600.000452090724,False
1380.0,4,available,,10.0,-140000.0,False
1380.0,5,available,,5.0,-140000.0,False
1380.0,6,available,,4.0,-140000.0,False
1380.0,7,available,,4.0,-140000.0,False
1380.0,8,available,,4.0,-140000.0,False
1380.0,9,available,,4.0,-140000.0,False
1380.0,10,available,,4.0,-140000.0,False
1380.0,11,damaged,,4.0,-140000.0,True
1380.0,12,en_route,1,-25.007409554967012,-29600.003680822985,False
1380.0,13,en_route,0,26.318589111691185,-29600.00298167579,False
1380.0,14,en_route,2,1.3840757631686627,-29600.000473703876,False
1380.0,15,available,,10.185495699894897,-128000.00019901633,False
1380.0,16,available,,2.0,-140000.0,False
1380.0,17,available,,7.0,-140000.0,False
1380.0,18,available,,7.0,-140000.0,False
1380.0,19,available,,7.0,-140000.0,False
1380.0,20,available,,7.0,-140000.0,False
1380.0,21,available,,7.0,-140000.0,False
1380.0,22,available,,7.0,-140000.0,False
1380.0,23,available,,7.0,-140000.0,False
1380.0,24,available,,7.0,-140000.0,False
1380.0,25,available,,7.0,-140000.0,False
1380.0,26,available,,7.0,-140000.0,False
1380.0,27,available,,7.0,-140000.0,False
1380.0,28,available,,7.0,-140000.0,False
1380.0,29,available,,7.0,-140000.0,False
1380.0,30,available,,7.0,-140000.0,False
1380.0,31,available,,7.0,-140000.0,False
1380.0,32,available,,7.0,-140000.0,False
1380.0,33,available,,7.0,-140000.0,False
1380.0,34,available,,7.0,-140000.0,False
1380.0,35,available,,7.0,-140000.0,False
1380.0,36,available,,7.0,-140000.0,False
1380.0,37,available,,7.0,-140000.0,False
1380.0,38,available,,7.0,-140000.0,False
1380.0,39,available,,7.0,-140000.0,False
1380.0,40,available,,7.0,-140000.0,False
1380.0,41,available,,7.0,-140000.0,False
1410.0,1,en_route,1,-23.90517391933733,-27200.005650232197,False
1410.0,2,en_route,0,26.360248417339676,-27200.003865666396,False
1410.0,3,en_route,2,2.9560973619861466,-27200.000458263272,False
1410.0,4,available,,10.0,-140000.0,False
1410.0,5,available,,5.0,-140000.0,False
1410.0,6,available,,4.0,-140000.0,False
1410.0,7,available,,4.0,-140000.0,False
1410.0,8,available,,4.0,-140000.0,False
1410.0,9,available,,4.0,-140000.0,False
1410.0,10,available,,4.0,-140000.0,False
1410.0,11,damaged,,4.0,-140000.0,True
1410.0,12,en_route,1,-25.654961451701386,-27200.00376818204,False
1410.0,13,en_route,0,26.900590323612096,-27200.003052243585,False
1410.0,14,en_route,2,1.3530121446200132,-27200.000473904907,False
1410.0,15,available,,10.185495699894897,-128000.00019901633,False
1410.0,16,available,,2.0,-140000.0,False
1410.0,17,available,,7.0,-140000.0,False
1410.0,18,available,,7.0,-140000.0,False
1410.0,19,available,,7.0,-140000.0,False
1410.0,20,available,,7.0,-140000.0,False
1410.0,21,available,,7.0,-140000.0,False
1410.0,22,available,,7.0,-140000.0,False
1410.0,23,available,,7.0,-140000.0,False
1410.0,24,available,,7.0,-140000.0,False
1410.0,25,available,,7.0,-140000.0,False
1410.0,26,available,,7.0,-140000.0,False
1410.0,27,available,,7.0,-140000.0,False
1410.0,28,available,,7.0,-140000.0,False
1410.0,29,available,,7.0,-140000.0,False
1410.0,30,available,,7.0,-140000.0,False
1410.0,31,available,,7.0,-140000.0,False
1410.0,32,available,,7.0,-140000.0,False
1410.0,33,available,,7.0,-140000.0,False
1410.0,34,available,,7.0,-140000.0,False
1410.0,35,available,,7.0,-140000.0,False
1410.0,36,available,,7.0,-140000.0,False
1410.0,37,available,,7.0,-140000.0,False
1410.0,38,available,,7.0,-140000.0,False
1410.0,39,available,,7.0,-140000.0,False
1410.0,40,available,,7.0,-140000.0,False
1410.0,41,available,,7.0,-140000.0,False
1440.0,1,en_route,1,-24.706990181948868,-24800.00578417164,False
1440.0,2,en_route,0,26.989902300437834,-24800.003948263067,False
1440.0,3,en_route,2,2.783968830131176,-24800.00046443582,False
1440.0,4,available,,10.0,-140000.0,False
1440.0,5,available,,5.0,-140000.0,False
1440.0,6,available,,4.0,-140000.0,False
1440.0,7,available,,4.0,-140000.0,False
1440.0,8,available,,4.0,-140000.0,False
1440.0,9,available,,4.0,-140000.0,False
1440.0,10,available,,4.0,-140000.0,False
1440.0,11,damaged,,4.0,-140000.0,True
1440.0,12,en_route,1,-26.30251334843576,-24800.003855541094,False
1440.0,13,en_route,0,27.482591535533007,-24800.00312281138,False
1440.0,14,en_route,2,1.3219485260713637,-24800.00047410594,False
1440.0,15,available,,10.185495699894897,-128000.00019901633,False
1440.0,16,available,,2.0,-140000.0,False
1440.0,17,available,,7.0,-140000.0,False
1440.0,18,available,,7.0,-140000.0,False
1440.0,19,available,,7.0,-140000.0,False
1440.0,20,available,,7.0,-140000.0,False
1440.0,21,available,,7.0,-140000.0,False
1440.0,22,available,,7.0,-140000.0,False
1440.0,23,available,,7.0,-140000.0,False
1440.0,24,available,,7.0,-140000.0,False
1440.0,25,available,,7.0,-140000.0,False
1440.0,26,available,,7.0,-140000.0,False
1440.0,27,available,,7.0,-140000.0,False
1440.0,28,available,,7.0,-140000.0,False
1440.0,29,available,,7.0,-140000.0,False
1440.0,30,available,,7.0,-140000.0,False
1440.0,31,available,,7.0,-140000.0,False
1440.0,32,available,,7.0,-140000.0,False
1440.0,33,available,,7.0,-140000.0,False
1440.0,34,available,,7.0,-140000.0,False
1440.0,35,available,,7.0,-140000.0,False
1440.0,36,available,,7.0,-140000.0,False
1440.0,37,available,,7.0,-140000.0,False
1440.0,38,available,,7.0,-140000.0,False
1440.0,39,available,,7.0,-140000.0,False
1440.0,40,available,,7.0,-140000.0,False
1440.0,41,available,,7.0,-140000.0,False
1470.0,1,en_route,1,-25.508806444560406,-22400.005918111085,False
1470.0,2,en_route,0,27.619556183535988,-22400.004030859738,False
1470.0,3,en_route,2,2.6118402982762055,-22400.000470608367,False
1470.0,4,available,,10.0,-140000.0,False
1470.0,5,available,,5.0,-140000.0,False
1470.0,6,available,,4.0,-140000.0,False
1470.0,7,available,,4.0,-140000.0,False
1470.0,8,available,,4.0,-140000.0,False
1470.0,9,available,,4.0,-140000.0,False
1470.0,10,available,,4.0,-140000.0,False
1470.0,11,damaged,,4.0,-140000.0,True
1470.0,12,en_route,1,-26.950065245170133,-22400.003942900148,False
1470.0,13,en_route,0,28.06459274745392,-22400.003193379176,False
1470.0,14,en_route,2,1.2908849075227142,-22400.00047430697,False
1470.0,15,available,,10.185495699894897,-128000.00019901633,False
1470.0,16,available,,2.0,-140000.0,False
1470.0,17,available,,7.0,-140000.0,False
1470.0,18,available,,7.0,-140000.0,False
1470.0,19,available,,7.0,-140000.0,False
1470.0,20,available,,7.0,-140000.0,False
1470.0,21,available,,7.0,-140000.0,False
1470.0,22,available,,7.0,-140000.0,False
1470.0,23,available,,7.0,-140000.0,False
1470.0,24,available,,7.0,-140000.0,False
1470.0,25,available,,7.0,-140000.0,False
1470.0,26,available,,7.0,-140000.0,False
1470.0,27,available,,7.0,-140000.0,False
1470.0,28,available,,7.0,-140000.0,False
1470.0,29,available,,7.0,-140000.0,False
1470.0,30,available,,7.0,-140000.0,False
1470.0,31,available,,7.0,-140000.0,False
1470.0,32,available,,7.0,-140000.0,False
1470.0,33,available,,7.0,-140000.0,False
1470.0,34,available,,7.0,-140000.0,False
1470.0,35,available,,7.0,-140000.0,False
1470.0,36,available,,7.0,-140000.0,False
1470.0,37,available,,7.0,-140000.0,False
1470.0,38,available,,7.0,-140000.0,False
1470.0,39,available,,7.0,-140000.0,False
1470.0,40,available,,7.0,-140000.0,False
1470.0,41,available,,7.0,-140000.0,False
1500.0,1,en_route,1,-26.310622707171945,-20000.00605205053,False
1500.0,2,en_route,0,28.24921006663414,-20000.00411345641,False
1500.0,3,en_route,2,2.439711766421235,-20000.000476780915,False
1500.0,4,available,,10.0,-140000.0,False
1500.0,5,available,,5.0,-140000.0,False
1500.0,6,available,,4.0,-140000.0,False
1500.0,7,available,,4.0,-140000.0,False
1500.0,8,available,,4.0,-140000.0,False
1500.0,9,available,,4.0,-140000.0,False
1500.0,10,available,,4.0,-140000.0,False
1500.0,11,damaged,,4.0,-140000.0,True
1500.0,12,en_route,1,-27.597617141904507,-20000.004030259202,False
1500.0,13,en_route,0,28.646593959374833,-20000.003263946972,False
1500.0,14,en_route,2,1.2598212889740648,-20000.000474508,False
1500.0,15,available,,10.185495699894897,-128000.00019901633,False
1500.0,16,available,,2.0,-140000.0,False
1500.0,17,available,,7.0,-140000.0,False
1500.0,18,available,,7.0,-140000.0,False
1500.0,19,available,,7.0,-140000.0,False
1500.0,20,available,,7.0,-140000.0,False
1500.0,21,available,,7.0,-140000.0,False
1500.0,22,available,,7.0,-140000.0,False
1500.0,23,available,,7.0,-140000.0,False
1500.0,24,available,,7.0,-140000.0,False
1500.0,25,available,,7.0,-140000.0,False
1500.0,26,available,,7.0,-140000.0,False
1500.0,27,available,,7.0,-140000.0,False
1500.0,28,available,,7.0,-140000.0,False
1500.0,29,available,,7.0,-140000.0,False
1500.0,30,available,,7.0,-140000.0,False
1500.0,31,available,,7.0,-140000.0,False
1500.0,32,available,,7.0,-140000.0,False
1500.0,33,available,,7.0,-140000.0,False
1500.0,34,available,,7.0,-140000.0,False
1500.0,35,available,,7.0,-140000.0,False
1500.0,36,available,,7.0,-140000.0,False
1500.0,37,available,,7.0,-140000.0,False
1500.0,38,available,,7.0,-140000.0,False
1500.0,39,available,,7.0,-140000.0,False
1500.0,40,available,,7.0,-140000.0,False
1500.0,41,available,,7.0,-140000.0,False
1530.0,1,en_route,1,-27.112438969783483,-17600.006185989972,False
1530.0,2,en_route,0,28.8788639497323,-17600.00419605308,False
1530.0,3,en_route,2,2.2675832345662643,-17600.000482953463,False
1530.0,4,available,,10.0,-140000.0,False
1530.0,5,available,,5.0,-140000.0,False
1530.0,6,available,,4.0,-140000.0,False
1530.0,7,available,,4.0,-140000.0,False
1530.0,8,available,,4.0,-140000.0,False
1530.0,9,available,,4.0,-140000.0,False
1530.0,10,available,,4.0,-140000.0,False
1530.0,11,damaged,,4.0,-140000.0,True
1530.0,12,en_route,1,-28.24516903863888,-17600.004117618257,False
1530.0,13,en_route,0,29.228595171295744,-17600.003334514768,False
1530.0,14,en_route,2,1.2287576704254153,-17600.00047470903,False
1530.0,15,available,,10.185495699894897,-128000.00019901633,False
1530.0,16,available,,2.0,-140000.0,False
1530.0,17,available,,7.0,-140000.0,False
1530.0,18,available,,7.0,-140000.0,False
1530.0,19,available,,7.0,-140000.0,False
1530.0,20,available,,7.0,-140000.0,False
1530.0,21,available,,7.0,-140000.0,False
1530.0,22,available,,7.0,-140000.0,False
1530.0,23,available,,7.0,-140000.0,False
1530.0,24,available,,7.0,-140000.0,False
1530.0,25,available,,7.0,-140000.0,False
1530.0,26,available,,7.0,-140000.0,False
1530.0,27,available,,7.0,-140000.0,False
1530.0,28,available,,7.0,-140000.0,False
1530.0,29,available,,7.0,-140000.0,False
1530.0,30,available,,7.0,-140000.0,False
1530.0,31,available,,7.0,-140000.0,False
1530.0,32,available,,7.0,-140000.0,False
1530.0,33,available,,7.0,-140000.0,False
1530.0,34,available,,7.0,-140000.0,False
1530.0,35,available,,7.0,-140000.0,False
1530.0,36,available,,7.0,-140000.0,False
1530.0,37,available,,7.0,-140000.0,False
1530.0,38,available,,7.0,-140000.0,False
1530.0,39,available,,7.0,-140000.0,False
1530.0,40,available,,7.0,-140000.0,False
1530.0,41,available,,7.0,-140000.0,False
1560.0,1,en_route,1,-27.91425523239502,-15200.006319929418,False
1560.0,2,en_route,0,29.508517832830456,-15200.00427864975,False
1560.0,3,en_route,2,2.095454702711294,-15200.00048912601,False
1560.0,4,available,,10.0,-140000.0,False
1560.0,5,available,,5.0,-140000.0,False
1560.0,6,available,,4.0,-140000.0,False
1560.0,7,available,,4.0,-140000.0,False
1560.0,8,available,,4.0,-140000.0,False
1560.0,9,available,,4.0,-140000.0,False
1560.0,10,available,,4.0,-140000.0,False
1560.0,11,damaged,,4.0,-140000.0,True
1560.0,12,en_route,1,-28.892720935373255,-15200.004204977311,False
1560.0,13,en_route,0,29.81059638321666,-15200.003405082562,False
1560.0,14,en_route,2,1.1976940518767658,-15200.000474910063,False
1560.0,15,available,,10.185495699894897,-128000.00019901633,False
1560.0,16,available,,2.0,-140000.0,False
1560.0,17,available,,7.0,-140000.0,False
1560.0,18,available,,7.0,-140000.0,False
1560.0,19,available,,7.0,-140000.0,False
1560.0,20,available,,7.0,-140000.0,False
1560.0,21,available,,7.0,-140000.0,False
1560.0,22,available,,7.0,-140000.0,False
1560.0,23,available,,7.0,-140000.0,False
1560.0,24,available,,7.0,-140000.0,False
1560.0,25,available,,7.0,-140000.0,False
1560.0,26,available,,7.0,-140000.0,False
1560.0,27,available,,7.0,-140000.0,False
1560.0,28,available,,7.0,-140000.0,False
1560.0,29,available,,7.0,-140000.0,False
1560.0,30,available,,7.0,-140000.0,False
1560.0,31,available,,7.0,-140000.0,False
1560.0,32,available,,7.0,-140000.0,False
1560.0,33,available,,7.0,-140000.0,False
1560.0,34,available,,7.0,-140000.0,False
1560.0,35,available,,7.0,-140000.0,False
1560.0,36,available,,7.0,-140000.0,False
1560.0,37,available,,7.0,-140000.0,False
1560.0,38,available,,7.0,-140000.0,False
1560.0,39,available,,7.0,-140000.0,False
1560.0,40,available,,7.0,-140000.0,False
1560.0,41,available,,7.0,-140000.0,False
1590.0,1,en_route,1,-28.71607149500656,-12800.006453868864,False
1590.0,2,en_route,0,30.13817171592861,-12800.004361246421,False
1590.0,3,en_route,2,1.9233261708563238,-12800.000495298558,False
1590.0,4,available,,10.0,-140000.0,False
1590.0,5,available,,5.0,-140000.0,False
1590.0,6,available,,4.0,-140000.0,False
1590.0,7,available,,4.0,-140000.0,False
1590.0,8,available,,4.0,-140000.0,False
1590.0,9,available,,4.0,-140000.0,False
1590.0,10,available,,4.0,-140000.0,False
1590.0,11,damaged,,4.0,-140000.0,True
1590.0,12,en_route,1,-29.54027283210763,-12800.004292336367,False
1590.0,13,en_route,0,30.39259759513757,-12800.003475650356,False
1590.0,14,en_route,2,1.1666304333281166,-12800.000475111094,False
1590.0,15,available,,10.185495699894897,-128000.00019901633,False
1590.0,16,available,,2.0,-140000.0,False
1590.0,17,available,,7.0,-140000.0,False
1590.0,18,available,,7.0,-140000.0,False
1590.0,19,available,,7.0,-140000.0,False
1590.0,20,available,,7.0,-140000.0,False
1590.0,21,available,,7.0,-140000.0,False
1590.0,22,available,,7.0,-140000.0,False
1590.0,23,available,,7.0,-140000.0,False
1590.0,24,available,,7.0,-140000.0,False
1590.0,25,available,,7.0,-140000.0,False
1590.0,26,available,,7.0,-140000.0,False
1590.0,27,available,,7.0,-140000.0,False
1590.0,28,available,,7.0,-140000.0,False
1590.0,29,available,,7.0,-140000.0,False
1590.0,30,available,,7.0,-140000.0,False
1590.0,31,available,,7.0,-140000.0,False
1590.0,32,available,,7.0,-140000.0,False
1590.0,33,available,,7.0,-140000.0,False
1590.0,34,available,,7.0,-140000.0,False
1590.0,35,available,,7.0,-140000.0,False
1590.0,36,available,,7.0,-140000.0,False
1590.0,37,available,,7.0,-140000.0,False
1590.0,38,available,,7.0,-140000.0,False
1590.0,39,available,,7.0,-140000.0,False
1590.0,40,available,,7.0,-140000.0,False
1590.0,41,available,,7.0,-140000.0,False
1620.0,1,en_route,1,-29.517887757618098,-10400.00658780831,False
1620.0,2,en_route,0,30.767825599026764,-10400.004443843092,False
1620.0,3,en_route,2,1.7511976390013535,-10400.000501471106,False
1620.0,4,available,,10.0,-140000.0,False
1620.0,5,available,,5.0,-140000.0,False
1620.0,6,available,,4.0,-140000.0,False
1620.0,7,available,,4.0,-140000.0,False
1620.0,8,available,,4.0,-140000.0,False
1620.0,9,available,,4.0,-140000.0,False
1620.0,10,available,,4.0,-140000.0,False
1620.0,11,damaged,,4.0,-140000.0,True
1620.0,12,en_route,1,-30.187824728842003,-10400.004379695423,False
1620.0,13,en_route,0,30.974598807058484,-10400.003546218151,False
1620.0,14,en_route,2,1.135566814779467,-10400.000475312125,False
1620.0,15,available,,10.185495699894897,-128000.00019901633,False
1620.0,16,available,,2.0,-140000.0,False
1620.0,17,available,,7.0,-140000.0,False
1620.0,18,available,,7.0,-140000.0,False
1620.0,19,available,,7.0,-140000.0,False
1620.0,20,available,,7.0,-140000.0,False
1620.0,21,available,,7.0,-140000.0,False
1620.0,22,available,,7.0,-140000.0,False
1620.0,23,available,,7.0,-140000.0,False
1620.0,24,available,,7.0,-140000.0,False
1620.0,25,available,,7.0,-140000.0,False
1620.0,26,available,,7.0,-140000.0,False
1620.0,27,available,,7.0,-140000.0,False
1620.0,28,available,,7.0,-140000.0,False
1620.0,29,available,,7.0,-140000.0,False
1620.0,30,available,,7.0,-140000.0,False
1620.0,31,available,,7.0,-140000.0,False
1620.0,32,available,,7.0,-140000.0,False
1620.0,33,available,,7.0,-140000.0,False
1620.0,34,available,,7.0,-140000.0,False
1620.0,35,available,,7.0,-140000.0,False
1620.0,36,available,,7.0,-140000.0,False
1620.0,37,available,,7.0,-140000.0,False
1620.0,38,available,,7.0,-140000.0,False
1620.0,39,available,,7.0,-140000.0,False
1620.0,40,available,,7.0,-140000.0,False
1620.0,41,available,,7.0,-140000.0,False
1650.0,1,en_route,1,-30.319704020229636,-8000.006721747755,False
1650.0,2,en_route,0,31.397479482124922,-8000.004526439763,False
1650.0,3,en_route,2,1.5790691071463832,-8000.000507643654,False
1650.0,4,available,,10.0,-140000.0,False
1650.0,5,available,,5.0,-140000.0,False
1650.0,6,available,,4.0,-140000.0,False
1650.0,7,available,,4.0,-140000.0,False
1650.0,8,available,,4.0,-140000.0,False
1650.0,9,available,,4.0,-140000.0,False
1650.0,10,available,,4.0,-140000.0,False
1650.0,11,damaged,,4.0,-140000.0,True
1650.0,12,en_route,1,-30.835376625576377,-8000.004467054479,False
1650.0,13,en_route,0,31.556600018979395,-8000.003616785946,False
1650.0,14,en_route,2,1.1045031962308178,-8000.000475513156,False
1650.0,15,available,,10.185495699894897,-128000.00019901633,False
1650.0,16,available,,2.0,-140000.0,False
1650.0,17,available,,7.0,-140000.0,False
1650.0,18,available,,7.0,-140000.0,False
1650.0,19,available,,7.0,-140000.0,False
1650.0,20,available,,7.0,-140000.0,False
1650.0,21,available,,7.0,-140000.0,False
1650.0,22,available,,7.0,-140000.0,False
1650.0,23,available,,7.0,-140000.0,False
1650.0,24,available,,7.0,-140000.0,False
1650.0,25,available,,7.0,-140000.0,False
1650.0,26,available,,7.0,-140000.0,False
1650.0,27,available,,7.0,-140000.0,False
1650.0,28,available,,7.0,-140000.0,False
1650.0,29,available,,7.0,-140000.0,False
1650.0,30,available,,7.0,-140000.0,False
1650.0,31,available,,7.0,-140000.0,False
1650.0,32,available,,7.0,-140000.0,False
1650.0,33,available,,7.0,-140000.0,False
1650.0,34,available,,7.0,-140000.0,False
1650.0,35,available,,7.0,-140000.0,False
1650.0,36,available,,7.0,-140000.0,False
1650.0,37,available,,7.0,-140000.0,False
1650.0,38,available,,7.0,-140000.0,False
1650.0,39,available,,7.0,-140000.0,False
1650.0,40,available,,7.0,-140000.0,False
1650.0,41,available,,7.0,-140000.0,False
1680.0,1,en_route,1,-31.12152028284118,-5600.006855687201,False
1680.0,2,en_route,0,32.02713336522308,-5600.004609036434,False
1680.0,3,en_route,2,1.4069405752914128,-5600.000513816201,False
1680.0,4,available,,10.0,-140000.0,False
1680.0,5,available,,5.0,-140000.0,False
1680.0,6,available,,4.0,-140000.0,False
1680.0,7,available,,4.0,-140000.0,False
1680.0,8,available,,4.0,-140000.0,False
1680.0,9,available,,4.0,-140000.0,False
1680.0,10,available,,4.0,-140000.0,False
1680.0,11,damaged,,4.0,-140000.0,True
1680.0,12,en_route,1,-31.48292852231075,-5600.0045544135355,False
1680.0,13,en_route,0,32.138601230900306,-5600.003687353741,False
1680.0,14,en_route,2,1.0734395776821684,-5600.000475714187,False
1680.0,15,available,,10.185495699894897,-128000.00019901633,False
1680.0,16,available,,2.0,-140000.0,False
1680.0,17,available,,7.0,-140000.0,False
1680.0,18,available,,7.0,-140000.0,False
1680.0,19,available,,7.0,-140000.0,False
1680.0,20,available,,7.0,-140000.0,False
1680.0,21,available,,7.0,-140000.0,False
1680.0,22,available,,7.0,-140000.0,False
1680.0,23,available,,7.0,-140000.0,False
1680.0,24,available,,7.0,-140000.0,False
1680.0,25,available,,7.0,-140000.0,False
1680.0,26,available,,7.0,-140000.0,False
1680.0,27,available,,7.0,-140000.0,False
1680.0,28,available,,7.0,-140000.0,False
1680.0,29,available,,7.0,-140000.0,False
1680.0,30,available,,7.0,-140000.0,False
1680.0,31,available,,7.0,-140000.0,False
1680.0,32,available,,7.0,-140000.0,False
1680.0,33,available,,7.0,-140000.0,False
1680.0,34,available,,7.0,-140000.0,False
1680.0,35,available,,7.0,-140000.0,False
1680.0,36,available,,7.0,-140000.0,False
1680.0,37,available,,7.0,-140000.0,False
1680.0,38,available,,7.0,-140000.0,False
1680.0,39,available,,7.0,-140000.0,False
1680.0,40,available,,7.0,-140000.0,False
1680.0,41,available,,7.0,-140000.0,False
1710.0,1,en_route,1,-31.923336545452717,-3200.0069896266464,False
1710.0,2,en_route,0,32.65678724832124,-3200.004691633105,False
1710.0,3,en_route,2,1.2348120434364425,-3200.0005199887496,False
1710.0,4,available,,10.0,-140000.0,False
1710.0,5,available,,5.0,-140000.0,False
1710.0,6,available,,4.0,-140000.0,False
1710.0,7,available,,4.0,-140000.0,False
1710.0,8,available,,4.0,-140000.0,False
1710.0,9,available,,4.0,-140000.0,False
1710.0,10,available,,4.0,-140000.0,False
1710.0,11,damaged,,4.0,-140000.0,True
1710.0,12,en_route,1,-32.13048041904513,-3200.004641772591,False
1710.0,13,en_route,0,32.72060244282122,-3200.003757921536,False
1710.0,14,en_route,2,1.042375959133519,-3200.0004759152175,False
1710.0,15,available,,10.185495699894897,-128000.00019901633,False
1710.0,16,available,,2.0,-140000.0,False
1710.0,17,available,,7.0,-140000.0,False
1710.0,18,available,,7.0,-140000.0,False
1710.0,19,available,,7.0,-140000.0,False
1710.0,20,available,,7.0,-140000.0,False
1710.0,21,available,,7.0,-140000.0,False
1710.0,22,available,,7.0,-140000.0,False
1710.0,23,available,,7.0,-140000.0,False
1710.0,24,available,,7.0,-140000.0,False
1710.0,25,available,,7.0,-140000.0,False
1710.0,26,available,,7.0,-140000.0,False
1710.0,27,available,,7.0,-140000.0,False
1710.0,28,available,,7.0,-140000.0,False
1710.0,29,available,,7.0,-140000.0,False
1710.0,30,available,,7.0,-140000.0,False
1710.0,31,available,,7.0,-140000.0,False
1710.0,32,available,,7.0,-140000.0,False
1710.0,33,available,,7.0,-140000.0,False
1710.0,34,available,,7.0,-140000.0,False
1710.0,35,available,,7.0,-140000.0,False
1710.0,36,available,,7.0,-140000.0,False
1710.0,37,available,,7.0,-140000.0,False
1710.0,38,available,,7.0,-140000.0,False
1710.0,39,available,,7.0,-140000.0,False
1710.0,40,available,,7.0,-140000.0,False
1710.0,41,available,,7.0,-140000.0,False
1740.0,1,en_route,1,-32.72515280806426,-800.0071235660916,False
1740.0,2,en_route,0,33.28644113141939,-800.0047742297756,False
1740.0,3,en_route,2,1.0626835115814721,-800.0005261612978,False
1740.0,4,available,,10.0,-140000.0,False
1740.0,5,available,,5.0,-140000.0,False
1740.0,6,available,,4.0,-140000.0,False
1740.0,7,available,,4.0,-140000.0,False
1740.0,8,available,,4.0,-140000.0,False
1740.0,9,available,,4.0,-140000.0,False
1740.0,10,available,,4.0,-140000.0,False
1740.0,11,damaged,,4.0,-140000.0,True
1740.0,12,en_route,1,-32.7780323157795,-800.0047291316469,False
1740.0,13,en_route,0,33.302603654742136,-800.0038284893308,False
1740.0,14,en_route,2,1.0113123405848696,-800.0004761162486,False
1740.0,15,available,,10.185495699894897,-128000.00019901633,False
1740.0,16,available,,2.0,-140000.0,False
1740.0,17,available,,7.0,-140000.0,False
1740.0,18,available,,7.0,-140000.0,False
1740.0,19,available,,7.0,-140000.0,False
1740.0,20,available,,7.0,-140000.0,False
1740.0,21,available,,7.0,-140000.0,False
1740.0,22,available,,7.0,-140000.0,False
1740.0,23,available,,7.0,-140000.0,False
1740.0,24,available,,7.0,-140000.0,False
1740.0,25,available,,7.0,-140000.0,False
1740.0,26,available,,7.0,-140000.0,False
1740.0,27,available,,7.0,-140000.0,False
1740.0,28,available,,7.0,-140000.0,False
1740.0,29,available,,7.0,-140000.0,False
1740.0,30,available,,7.0,-140000.0,False
1740.0,31,available,,7.0,-140000.0,False
1740.0,32,available,,7.0,-140000.0,False
1740.0,33,available,,7.0,-140000.0,False
1740.0,34,available,,7.0,-140000.0,False
1740.0,35,available,,7.0,-140000.0,False
1740.0,36,available,,7.0,-140000.0,False
1740.0,37,available,,7.0,-140000.0,False
1740.0,38,available,,7.0,-140000.0,False
1740.0,39,available,,7.0,-140000.0,False
1740.0,40,available,,7.0,-140000.0,False
1740.0,41,available,,7.0,-140000.0,False
1770.0,1,en_route,1,-33.0,22.666666666666668,False
1770.0,2,en_route,0,33.5,14.0,False
1770.0,3,en_route,2,1.0,74.0,False
1770.0,4,available,,10.0,-140000.0,False
1770.0,5,available,,5.0,-140000.0,False
1770.0,6,available,,4.0,-140000.0,False
1770.0,7,available,,4.0,-140000.0,False
1770.0,8,available,,4.0,-140000.0,False
1770.0,9,available,,4.0,-140000.0,False
1770.0,10,available,,4.0,-140000.0,False
1770.0,11,damaged,,4.0,-140000.0,True
1770.0,12,striking,1,-33.0,22.666666666666668,False
1770.0,13,striking,0,33.5,14.0,False
1770.0,14,striking,2,1.0,74.0,False
1770.0,15,available,,10.185495699894897,-128000.00019901633,False
1770.0,16,available,,2.0,-140000.0,False
1770.0,17,available,,7.0,-140000.0,False
1770.0,18,available,,7.0,-140000.0,False
1770.0,19,available,,7.0,-140000.0,False
1770.0,20,available,,7.0,-140000.0,False
1770.0,21,available,,7.0,-140000.0,False
1770.0,22,available,,7.0,-140000.0,False
1770.0,23,available,,7.0,-140000.0,False
1770.0,24,available,,7.0,-140000.0,False
1770.0,25,available,,7.0,-140000.0,False
1770.0,26,available,,7.0,-140000.0,False
1770.0,27,available,,7.0,-140000.0,False
1770.0,28,available,,7.0,-140000.0,False
1770.0,29,available,,7.0,-140000.0,False
1770.0,30,available,,7.0,-140000.0,False
1770.0,31,available,,7.0,-140000.0,False
1770.0,32,available,,7.0,-140000.0,False
1770.0,33,available,,7.0,-140000.0,False
1770.0,34,available,,7.0,-140000.0,False
1770.0,35,available,,7.0,-140000.0,False
1770.0,36,available,,7.0,-140000.0,False
1770.0,37,available,,7.0,-140000.0,False
1770.0,38,available,,7.0,-140000.0,False
1770.0,39,available,,7.0,-140000.0,False
1770.0,40,available,,7.0,-140000.0,False
1770.0,41,available,,7.0,-140000.0,False
1800.0,1,en_route,1,-33.0,22.666666666666668,False
1800.0,2,en_route,0,33.5,14.0,False
1800.0,3,en_route,2,1.0,74.0,False
1800.0,4,available,,10.0,-140000.0,False
1800.0,5,available,,5.0,-140000.0,False
1800.0,6,available,,4.0,-140000.0,False
1800.0,7,available,,4.0,-140000.0,False
1800.0,8,available,,4.0,-140000.0,False
1800.0,9,available,,4.0,-140000.0,False
1800.0,10,available,,4.0,-140000.0,False
1800.0,11,damaged,,4.0,-140000.0,True
1800.0,12,striking,1,-33.0,22.666666666666668,False
1800.0,13,striking,0,33.5,14.0,False
1800.0,14,striking,2,1.0,74.0,False
1800.0,15,available,,10.185495699894897,-128000.00019901633,False
1800.0,16,available,,2.0,-140000.0,False
1800.0,17,available,,7.0,-140000.0,False
1800.0,18,available,,7.0,-140000.0,False
1800.0,19,available,,7.0,-140000.0,False
1800.0,20,available,,7.0,-140000.0,False
1800.0,21,available,,7.0,-140000.0,False
1800.0,22,available,,7.0,-140000.0,False
1800.0,23,available,,7.0,-140000.0,False
1800.0,24,available,,7.0,-140000.0,False
1800.0,25,available,,7.0,-140000.0,False
1800.0,26,available,,7.0,-140000.0,False
1800.0,27,available,,7.0,-140000.0,False
1800.0,28,available,,7.0,-140000.0,False
1800.0,29,available,,7.0,-140000.0,False
1800.0,30,available,,7.0,-140000.0,False
1800.0,31,available,,7.0,-140000.0,False
1800.0,32,available,,7.0,-140000.0,False
1800.0,33,available,,7.0,-140000.0,False
1800.0,34,available,,7.0,-140000.0,False
1800.0,35,available,,7.0,-140000.0,False
1800.0,36,available,,7.0,-140000.0,False
1800.0,37,available,,7.0,-140000.0,False
1800.0,38,available,,7.0,-140000.0,False
1800.0,39,available,,7.0,-140000.0,False
1800.0,40,available,,7.0,-140000.0,False
1800.0,41,available,,7.0,-140000.0,False
1830.0,1,en_route,1,-33.0,22.666666666666668,False
1830.0,2,en_route,0,33.5,14.0,False
1830.0,3,en_route,2,1.0,74.0,False
1830.0,4,available,,10.0,-140000.0,False
1830.0,5,available,,5.0,-140000.0,False
1830.0,6,available,,4.0,-140000.0,False
1830.0,7,available,,4.0,-140000.0,False
1830.0,8,available,,4.0,-140000.0,False
1830.0,9,available,,4.0,-140000.0,False
1830.0,10,available,,4.0,-140000.0,False
1830.0,11,damaged,,4.0,-140000.0,True
1830.0,12,striking,1,-33.0,22.666666666666668,False
1830.0,13,striking,0,33.5,14.0,False
1830.0,14,striking,2,1.0,74.0,False
1830.0,15,available,,10.185495699894897,-128000.00019901633,False
1830.0,16,available,,2.0,-140000.0,False
1830.0,17,available,,7.0,-140000.0,False
1830.0,18,available,,7.0,-140000.0,False
1830.0,19,available,,7.0,-140000.0,False
1830.0,20,available,,7.0,-140000.0,False
1830.0,21,available,,7.0,-140000.0,False
1830.0,22,available,,7.0,-140000.0,False
1830.0,23,available,,7.0,-140000.0,False
1830.0,24,available,,7.0,-140000.0,False
1830.0,25,available,,7.0,-140000.0,False
1830.0,26,available,,7.0,-140000.0,False
1830.0,27,available,,7.0,-140000.0,False
1830.0,28,available,,7.0,-140000.0,False
1830.0,29,available,,7.0,-140000.0,False
1830.0,30,available,,7.0,-140000.0,False
1830.0,31,available,,7.0,-140000.0,False
1830.0,32,available,,7.0,-140000.0,False
1830.0,33,available,,7.0,-140000.0,False
1830.0,34,available,,7.0,-140000.0,False
1830.0,35,available,,7.0,-140000.0,False
1830.0,36,available,,7.0,-140000.0,False
1830.0,37,available,,7.0,-140000.0,False
1830.0,38,available,,7.0,-140000.0,False
1830.0,39,available,,7.0,-140000.0,False
1830.0,40,available,,7.0,-140000.0,False
1830.0,41,available,,7.0,-140000.0,False
