time,uav_id,status,assigned_cluster_id,x,y,is_damaged
30.0,1,en_route,2,20.300063023349523,-137600.0266025275,False
30.0,2,en_route,1,4.350507507897041,-137600.00037997306,False
30.0,3,en_route,0,-7.696654445202533,-137600.0513307491,False
30.0,4,available,,10.0,-140000.0,False
30.0,5,available,,5.0,-140000.0,False
30.0,6,available,,4.0,-140000.0,False
30.0,7,available,,4.0,-140000.0,False
30.0,8,available,,4.0,-140000.0,False
30.0,9,available,,4.0,-140000.0,False
30.0,10,available,,4.0,-140000.0,False
30.0,11,available,,4.0,-140000.0,False
30.0,12,en_route,2,11.45522095453903,-137600.02733809053,False
30.0,13,en_route,2,12.437981191464361,-137600.02725586595,False
30.0,14,en_route,2,17.351782349585367,-137600.02684660067,False
30.0,15,en_route,2,19.31730280051428,-137600.0266837614,False
30.0,16,en_route,2,13.42074142661909,-137600.02717376524,False
30.0,17,en_route,2,18.334542575927124,-137600.0267651191,False
30.0,18,en_route,2,18.334542575927124,-137600.0267651191,False
30.0,19,en_route,2,18.334542575927124,-137600.0267651191,False
30.0,20,en_route,2,18.334542575927124,-137600.0267651191,False
30.0,21,en_route,2,18.334542575927124,-137600.0267651191,False
30.0,22,en_route,1,8.282170652125913,-137600.000342492,False
30.0,23,en_route,1,8.282170652125913,-137600.000342492,False
30.0,24,en_route,1,8.282170652125913,-137600.000342492,False
30.0,25,en_route,1,8.282170652125913,-137600.000342492,False
30.0,26,en_route,1,8.282170652125913,-137600.000342492,False
30.0,27,en_route,1,8.282170652125913,-137600.000342492,False
30.0,28,en_route,1,8.282170652125913,-137600.000342492,False
30.0,29,en_route,1,8.282170652125913,-137600.000342492,False
30.0,30,en_route,1,8.282170652125913,-137600.000342492,False
30.0,31,en_route,0,-8.679442992686363,-137600.0512182408,False
30.0,32,en_route,0,-8.679442992686363,-137600.0512182408,False
30.0,33,en_route,0,-8.679442992686363,-137600.0512182408,False
30.0,34,en_route,0,-8.679442992686363,-137600.0512182408,False
30.0,35,en_route,0,-8.679442992686363,-137600.0512182408,False
30.0,36,en_route,0,-8.679442992686363,-137600.0512182408,False
30.0,37,en_route,0,-8.679442992686363,-137600.0512182408,False
30.0,38,en_route,0,-8.679442992686363,-137600.0512182408,False
30.0,39,available,,7.0,-140000.0,False
30.0,40,available,,7.0,-140000.0,False
30.0,41,available,,7.0,-140000.0,False
60.0,1,en_route,2,31.600126046699046,-135200.053205055,False
60.0,2,en_route,1,5.701015015794082,-135200.00075994612,False
60.0,3,en_route,0,-23.393308890405066,-135200.10266149818,False
60.0,4,available,,10.0,-140000.0,False
60.0,5,available,,5.0,-140000.0,False
60.0,6,available,,4.0,-140000.0,False
60.0,7,available,,4.0,-140000.0,False
60.0,8,available,,4.0,-140000.0,False
60.0,9,available,,4.0,-140000.0,False
60.0,10,available,,4.0,-140000.0,False
60.0,11,available,,4.0,-140000.0,False
60.0,12,en_route,2,22.91044190907806,-135200.05467618105,False
60.0,13,en_route,2,23.875962382928723,-135200.0545117319,False
60.0,14,en_route,2,28.703564699170734,-135200.05369320133,False
60.0,15,en_route,2,30.63460560102856,-135200.05336752278,False
60.0,16,en_route,2,24.841482853238183,-135200.05434753047,False
60.0,17,en_route,2,29.669085151854247,-135200.05353023822,False
60.0,18,en_route,2,29.669085151854247,-135200.05353023822,False
60.0,19,en_route,2,29.669085151854247,-135200.05353023822,False
60.0,20,en_route,2,29.669085151854247,-135200.05353023822,False
60.0,21,en_route,2,29.669085151854247,-135200.05353023822,False
60.0,22,en_route,1,9.564341304251826,-135200.00068498403,False
60.0,23,en_route,1,9.564341304251826,-135200.00068498403,False
60.0,24,en_route,1,9.564341304251826,-135200.00068498403,False
60.0,25,en_route,1,9.564341304251826,-135200.00068498403,False
60.0,26,en_route,1,9.564341304251826,-135200.00068498403,False
60.0,27,en_route,1,9.564341304251826,-135200.00068498403,False
60.0,28,en_route,1,9.564341304251826,-135200.00068498403,False
60.0,29,en_route,1,9.564341304251826,-135200.00068498403,False
60.0,30,en_route,1,9.564341304251826,-135200.00068498403,False
60.0,31,en_route,0,-24.358885985372723,-135200.10243648163,False
60.0,32,en_route,0,-24.358885985372723,-135200.10243648163,False
60.0,33,en_route,0,-24.358885985372723,-135200.10243648163,False
60.0,34,en_route,0,-24.358885985372723,-135200.10243648163,False
60.0,35,en_route,0,-24.358885985372723,-135200.10243648163,False
60.0,36,en_route,0,-24.358885985372723,-135200.10243648163,False
60.0,37,en_route,0,-24.358885985372723,-135200.10243648163,False
60.0,38,en_route,0,-24.358885985372723,-135200.10243648163,False
60.0,39,available,,7.0,-140000.0,False
60.0,40,available,,7.0,-140000.0,False
60.0,41,available,,7.0,-140000.0,False
90.0,1,en_route,2,42.90018907004857,-132800.07980758252,False
90.0,2,en_route,1,7.051522523691123,-132800.0011399192,False
90.0,3,en_route,0,-39.0899633356076,-132800.15399224727,False
90.0,4,available,,10.0,-140000.0,False
90.0,5,available,,5.0,-140000.0,False
90.0,6,available,,4.0,-140000.0,False
90.0,7,available,,4.0,-140000.0,False
90.0,8,available,,4.0,-140000.0,False
90.0,9,available,,4.0,-140000.0,False
90.0,10,available,,4.0,-140000.0,False
90.0,11,available,,4.0,-140000.0,False
90.0,12,en_route,2,34.36566286361709,-132800.08201427158,False
90.0,13,en_route,2,35.313943574393086,-132800.08176759785,False
90.0,14,en_route,2,40.055347048756104,-132800.080539802,False
90.0,15,en_route,2,41.951908401542845,-132800.08005128417,False
90.0,16,en_route,2,36.26222427985728,-132800.0815212957,False
90.0,17,en_route,2,41.00362772778137,-132800.08029535733,False
90.0,18,en_route,2,41.00362772778137,-132800.08029535733,False
90.0,19,en_route,2,41.00362772778137,-132800.08029535733,False
90.0,20,en_route,2,41.00362772778137,-132800.08029535733,False
90.0,21,en_route,2,41.00362772778137,-132800.08029535733,False
90.0,22,en_route,1,10.84651195637774,-132800.00102747604,False
90.0,23,en_route,1,10.84651195637774,-132800.00102747604,False
90.0,24,en_route,1,10.84651195637774,-132800.00102747604,False
90.0,25,en_route,1,10.84651195637774,-132800.00102747604,False
90.0,26,en_route,1,10.84651195637774,-132800.00102747604,False
90.0,27,en_route,1,10.84651195637774,-132800.00102747604,False
90.0,28,en_route,1,10.84651195637774,-132800.00102747604,False
90.0,29,en_route,1,10.84651195637774,-132800.00102747604,False
90.0,30,en_route,1,10.84651195637774,-132800.00102747604,False
90.0,31,en_route,0,-40.038328978059084,-132800.15365472244,False
90.0,32,en_route,0,-40.038328978059084,-132800.15365472244,False
90.0,33,en_route,0,-40.038328978059084,-132800.15365472244,False
90.0,34,en_route,0,-40.038328978059084,-132800.15365472244,False
90.0,35,en_route,0,-40.038328978059084,-132800.15365472244,False
90.0,36,en_route,0,-40.038328978059084,-132800.15365472244,False
90.0,37,en_route,0,-40.038328978059084,-132800.15365472244,False
90.0,38,en_route,0,-40.038328978059084,-132800.15365472244,False
90.0,39,available,,7.0,-140000.0,False
90.0,40,available,,7.0,-140000.0,False
90.0,41,available,,7.0,-140000.0,False
120.0,1,en_route,2,54.20025209339809,-130400.10641011002,False
120.0,2,en_route,1,8.402030031588165,-130400.00151989225,False
120.0,3,en_route,0,-54.78661778081013,-130400.20532299636,False
120.0,4,available,,10.0,-140000.0,False
120.0,5,available,,5.0,-140000.0,False
120.0,6,available,,4.0,-140000.0,False
120.0,7,available,,4.0,-140000.0,False
120.0,8,available,,4.0,-140000.0,False
120.0,9,available,,4.0,-140000.0,False
120.0,10,available,,4.0,-140000.0,False
120.0,11,available,,4.0,-140000.0,False
120.0,12,en_route,2,45.82088381815612,-130400.1093523621,False
120.0,13,en_route,2,46.75192476585745,-130400.10902346381,False
120.0,14,en_route,2,51.407129398341475,-130400.10738640268,False
120.0,15,en_route,2,53.26921120205713,-130400.10673504556,False
120.0,16,en_route,2,47.68296570647637,-130400.10869506095,False
120.0,17,en_route,2,52.338170303708495,-130400.10706047645,False
120.0,18,en_route,2,52.338170303708495,-130400.10706047645,False
120.0,19,en_route,2,52.338170303708495,-130400.10706047645,False
120.0,20,en_route,2,52.338170303708495,-130400.10706047645,False
120.0,21,en_route,2,52.338170303708495,-130400.10706047645,False
120.0,22,en_route,1,12.128682608503652,-130400.00136996806,False
120.0,23,en_route,1,12.128682608503652,-130400.00136996806,False
120.0,24,en_route,1,12.128682608503652,-130400.00136996806,False
120.0,25,en_route,1,12.128682608503652,-130400.00136996806,False
120.0,26,en_route,1,12.128682608503652,-130400.00136996806,False
120.0,27,en_route,1,12.128682608503652,-130400.00136996806,False
120.0,28,en_route,1,12.128682608503652,-130400.00136996806,False
120.0,29,en_route,1,12.128682608503652,-130400.00136996806,False
120.0,30,en_route,1,12.128682608503652,-130400.00136996806,False
120.0,31,en_route,0,-55.717771970745446,-130400.20487296325,False
120.0,32,en_route,0,-55.717771970745446,-130400.20487296325,False
120.0,33,en_route,0,-55.717771970745446,-130400.20487296325,False
120.0,34,en_route,0,-55.717771970745446,-130400.20487296325,False
120.0,35,en_route,0,-55.717771970745446,-130400.20487296325,False
120.0,36,en_route,0,-55.717771970745446,-130400.20487296325,False
120.0,37,en_route,0,-55.717771970745446,-130400.20487296325,False
120.0,38,en_route,0,-55.717771970745446,-130400.20487296325,False
120.0,39,available,,7.0,-140000.0,False
120.0,40,available,,7.0,-140000.0,False
120.0,41,available,,7.0,-140000.0,False
150.0,1,en_route,2,65.50031511674761,-128000.13301263753,False
150.0,2,en_route,1,9.752537539485205,-128000.00189986531,False
150.0,3,en_route,0,-70.48327222601267,-128000.25665374545,False
150.0,4,available,,10.0,-140000.0,False
150.0,5,available,,5.0,-140000.0,False
150.0,6,available,,4.0,-140000.0,False
150.0,7,available,,4.0,-140000.0,False
150.0,8,available,,4.0,-140000.0,False
150.0,9,available,,4.0,-140000.0,False
150.0,10,available,,4.0,-140000.0,False
150.0,11,available,,4.0,-140000.0,False
150.0,12,en_route,2,57.27610477269515,-128000.13669045261,False
150.0,13,en_route,2,58.18990595732181,-128000.13627932977,False
150.0,14,en_route,2,62.758911747926845,-128000.13423300337,False
150.0,15,en_route,2,64.5865140025714,-128000.13341880696,False
150.0,16,en_route,2,59.103707133095455,-128000.13586882618,False
150.0,17,en_route,2,63.67271287963561,-128000.13382559558,False
150.0,18,en_route,2,63.67271287963561,-128000.13382559558,False
150.0,19,en_route,2,63.67271287963561,-128000.13382559558,False
150.0,20,en_route,2,63.67271287963561,-128000.13382559558,False
150.0,21,en_route,2,63.67271287963561,-128000.13382559558,False
150.0,22,en_route,1,13.410853260629565,-128000.00171246007,False
150.0,23,en_route,1,13.410853260629565,-128000.00171246007,False
150.0,24,en_route,1,13.410853260629565,-128000.00171246007,False
150.0,25,en_route,1,13.410853260629565,-128000.00171246007,False
150.0,26,en_route,1,13.410853260629565,-128000.00171246007,False
150.0,27,en_route,1,13.410853260629565,-128000.00171246007,False
150.0,28,en_route,1,13.410853260629565,-128000.00171246007,False
150.0,29,en_route,1,13.410853260629565,-128000.00171246007,False
150.0,30,en_route,1,13.410853260629565,-128000.00171246007,False
150.0,31,en_route,0,-71.39721496343181,-128000.25609120406,False
150.0,32,en_route,0,-71.39721496343181,-128000.25609120406,False
150.0,33,en_route,0,-71.39721496343181,-128000.25609120406,False
150.0,34,en_route,0,-71.39721496343181,-128000.25609120406,False
150.0,35,en_route,0,-71.39721496343181,-128000.25609120406,False
150.0,36,en_route,0,-71.39721496343181,-128000.25609120406,False
150.0,37,en_route,0,-71.39721496343181,-128000.25609120406,False
150.0,38,en_route,0,-71.39721496343181,-128000.25609120406,False
150.0,39,available,,7.0,-140000.0,False
150.0,40,available,,7.0,-140000.0,False
150.0,41,available,,7.0,-140000.0,False
180.0,1,en_route,2,76.80037814009714,-125600.15961516503,False
180.0,2,en_route,1,11.103045047382246,-125600.00227983837,False
180.0,3,en_route,0,-86.1799266712152,-125600.30798449455,False
180.0,4,available,,10.0,-140000.0,False
180.0,5,available,,5.0,-140000.0,False
180.0,6,available,,4.0,-140000.0,False
180.0,7,available,,4.0,-140000.0,False
180.0,8,available,,4.0,-140000.0,False
180.0,9,available,,4.0,-140000.0,False
180.0,10,available,,4.0,-140000.0,False
180.0,11,available,,4.0,-140000.0,False
180.0,12,en_route,2,68.73132572723418,-125600.16402854312,False
180.0,13,en_route,2,69.62788714878617,-125600.16353519574,False
180.0,14,en_route,2,74.11069409751221,-125600.16107960405,False
180.0,15,en_route,2,75.90381680308569,-125600.16010256836,False
180.0,16,en_route,2,70.52444855971454,-125600.16304259142,False
180.0,17,en_route,2,75.00725545556273,-125600.1605907147,False
180.0,18,en_route,2,75.00725545556273,-125600.1605907147,False
180.0,19,en_route,2,75.00725545556273,-125600.1605907147,False
180.0,20,en_route,2,75.00725545556273,-125600.1605907147,False
180.0,21,en_route,2,75.00725545556273,-125600.1605907147,False
180.0,22,en_route,1,14.693023912755478,-125600.00205495209,False
180.0,23,en_route,1,14.693023912755478,-125600.00205495209,False
180.0,24,en_route,1,14.693023912755478,-125600.00205495209,False
180.0,25,en_route,1,14.693023912755478,-125600.00205495209,False
180.0,26,en_route,1,14.693023912755478,-125600.00205495209,False
180.0,27,en_route,1,14.693023912755478,-125600.00205495209,False
180.0,28,en_route,1,14.693023912755478,-125600.00205495209,False
180.0,29,en_route,1,14.693023912755478,-125600.00205495209,False
180.0,30,en_route,1,14.693023912755478,-125600.00205495209,False
180.0,31,en_route,0,-87.07665795611817,-125600.30730944488,False
180.0,32,en_route,0,-87.07665795611817,-125600.30730944488,False
180.0,33,en_route,0,-87.07665795611817,-125600.30730944488,False
180.0,34,en_route,0,-87.07665795611817,-125600.30730944488,False
180.0,35,en_route,0,-87.07665795611817,-125600.30730944488,False
180.0,36,en_route,0,-87.07665795611817,-125600.30730944488,False
180.0,37,en_route,0,-87.07665795611817,-125600.30730944488,False
180.0,38,en_route,0,-87.07665795611817,-125600.30730944488,False
180.0,39,available,,7.0,-140000.0,False
180.0,40,available,,7.0,-140000.0,False
180.0,41,available,,7.0,-140000.0,False
210.0,1,en_route,2,88.10044116344666,-123200.18621769254,False
210.0,2,en_route,1,12.453552555279286,-123200.00265981143,False
210.0,3,en_route,0,-101.87658111641773,-123200.35931524364,False
210.0,4,available,,10.0,-140000.0,False
210.0,5,available,,5.0,-140000.0,False
210.0,6,available,,4.0,-140000.0,False
210.0,7,available,,4.0,-140000.0,False
210.0,8,available,,4.0,-140000.0,False
210.0,9,available,,4.0,-140000.0,False
210.0,10,available,,4.0,-140000.0,False
210.0,11,available,,4.0,-140000.0,False
210.0,12,en_route,2,80.18654668177321,-123200.19136663363,False
210.0,13,en_route,2,81.06586834025053,-123200.1907910617,False
210.0,14,en_route,2,85.46247644709757,-123200.18792620473,False
210.0,15,en_route,2,87.22111960359997,-123200.18678632975,False
210.0,16,en_route,2,81.94518998633363,-123200.19021635666,False
210.0,17,en_route,2,86.34179803148984,-123200.18735583383,False
210.0,18,en_route,2,86.34179803148984,-123200.18735583383,False
210.0,19,en_route,2,86.34179803148984,-123200.18735583383,False
210.0,20,en_route,2,86.34179803148984,-123200.18735583383,False
210.0,21,en_route,2,86.34179803148984,-123200.18735583383,False
210.0,22,en_route,1,15.975194564881392,-123200.0023974441,False
210.0,23,en_route,1,15.975194564881392,-123200.0023974441,False
210.0,24,en_route,1,15.975194564881392,-123200.0023974441,False
210.0,25,en_route,1,15.975194564881392,-123200.0023974441,False
210.0,26,en_route,1,15.975194564881392,-123200.0023974441,False
210.0,27,en_route,1,15.975194564881392,-123200.0023974441,False
210.0,28,en_route,1,15.975194564881392,-123200.0023974441,False
210.0,29,en_route,1,15.975194564881392,-123200.0023974441,False
210.0,30,en_route,1,15.975194564881392,-123200.0023974441,False
210.0,31,en_route,0,-102.75610094880453,-123200.35852768569,False
210.0,32,en_route,0,-102.75610094880453,-123200.35852768569,False
210.0,33,en_route,0,-102.75610094880453,-123200.35852768569,False
210.0,34,en_route,0,-102.75610094880453,-123200.35852768569,False
210.0,35,en_route,0,-102.75610094880453,-123200.35852768569,False
210.0,36,en_route,0,-102.75610094880453,-123200.35852768569,False
210.0,37,en_route,0,-102.75610094880453,-123200.35852768569,False
210.0,38,en_route,0,-102.75610094880453,-123200.35852768569,False
210.0,39,available,,7.0,-140000.0,False
210.0,40,available,,7.0,-140000.0,False
210.0,41,available,,7.0,-140000.0,False
240.0,1,en_route,2,99.40050418679618,-120800.21282022004,False
240.0,2,en_route,1,13.804060063176326,-120800.0030397845,False
240.0,3,en_route,0,-117.57323556162025,-120800.41064599273,False
240.0,4,available,,10.0,-140000.0,False
240.0,5,available,,5.0,-140000.0,False
240.0,6,available,,4.0,-140000.0,False
240.0,7,available,,4.0,-140000.0,False
240.0,8,available,,4.0,-140000.0,False
240.0,9,available,,4.0,-140000.0,False
240.0,10,available,,4.0,-140000.0,False
240.0,11,available,,4.0,-140000.0,False
240.0,12,en_route,2,91.64176763631224,-120800.21870472415,False
240.0,13,en_route,2,92.50384953171489,-120800.21804692766,False
240.0,14,en_route,2,96.81425879668294,-120800.21477280541,False
240.0,15,en_route,2,98.53842240411426,-120800.21347009114,False
240.0,16,en_route,2,93.36593141295272,-120800.21739012189,False
240.0,17,en_route,2,97.67634060741696,-120800.21412095295,False
240.0,18,en_route,2,97.67634060741696,-120800.21412095295,False
240.0,19,en_route,2,97.67634060741696,-120800.21412095295,False
240.0,20,en_route,2,97.67634060741696,-120800.21412095295,False
240.0,21,en_route,2,97.67634060741696,-120800.21412095295,False
240.0,22,en_route,1,17.257365217007305,-120800.00273993611,False
240.0,23,en_route,1,17.257365217007305,-120800.00273993611,False
240.0,24,en_route,1,17.257365217007305,-120800.00273993611,False
240.0,25,en_route,1,17.257365217007305,-120800.00273993611,False
240.0,26,en_route,1,17.257365217007305,-120800.00273993611,False
240.0,27,en_route,1,17.257365217007305,-120800.00273993611,False
240.0,28,en_route,1,17.257365217007305,-120800.00273993611,False
240.0,29,en_route,1,17.257365217007305,-120800.00273993611,False
240.0,30,en_route,1,17.257365217007305,-120800.00273993611,False
240.0,31,en_route,0,-118.43554394149089,-120800.4097459265,False
240.0,32,en_route,0,-118.43554394149089,-120800.4097459265,False
240.0,33,en_route,0,-118.43554394149089,-120800.4097459265,False
240.0,34,en_route,0,-118.43554394149089,-120800.4097459265,False
240.0,35,en_route,0,-118.43554394149089,-120800.4097459265,False
240.0,36,en_route,0,-118.43554394149089,-120800.4097459265,False
240.0,37,en_route,0,-118.43554394149089,-120800.4097459265,False
240.0,38,en_route,0,-118.43554394149089,-120800.4097459265,False
240.0,39,available,,7.0,-140000.0,False
240.0,40,available,,7.0,-140000.0,False
240.0,41,available,,7.0,-140000.0,False
270.0,1,en_route,2,110.7005672101457,-118400.23942274755,False
270.0,2,en_route,1,15.154567571073366,-118400.00341975756,False
270.0,3,en_route,0,-133.26989000682278,-118400.46197674182,False
270.0,4,available,,10.0,-140000.0,False
270.0,5,available,,5.0,-140000.0,False
270.0,6,available,,4.0,-140000.0,False
270.0,7,available,,4.0,-140000.0,False
270.0,8,available,,4.0,-140000.0,False
270.0,9,available,,4.0,-140000.0,False
270.0,10,available,,4.0,-140000.0,False
270.0,11,available,,4.0,-140000.0,False
270.0,12,en_route,2,103.09698859085127,-118400.24604281466,False
270.0,13,en_route,2,103.94183072317925,-118400.24530279363,False
270.0,14,en_route,2,108.1660411462683,-118400.2416194061,False
270.0,15,en_route,2,109.85572520462854,-118400.24015385253,False
270.0,16,en_route,2,104.7866728395718,-118400.24456388713,False
270.0,17,en_route,2,109.01088318334408,-118400.24088607208,False
270.0,18,en_route,2,109.01088318334408,-118400.24088607208,False
270.0,19,en_route,2,109.01088318334408,-118400.24088607208,False
270.0,20,en_route,2,109.01088318334408,-118400.24088607208,False
270.0,21,en_route,2,109.01088318334408,-118400.24088607208,False
270.0,22,en_route,1,18.539535869133218,-118400.00308242813,False
270.0,23,en_route,1,18.539535869133218,-118400.00308242813,False
270.0,24,en_route,1,18.539535869133218,-118400.00308242813,False
270.0,25,en_route,1,18.539535869133218,-118400.00308242813,False
270.0,26,en_route,1,18.539535869133218,-118400.00308242813,False
270.0,27,en_route,1,18.539535869133218,-118400.00308242813,False
270.0,28,en_route,1,18.539535869133218,-118400.00308242813,False
270.0,29,en_route,1,18.539535869133218,-118400.00308242813,False
270.0,30,en_route,1,18.539535869133218,-118400.00308242813,False
270.0,31,en_route,0,-134.11498693417724,-118400.46096416732,False
270.0,32,en_route,0,-134.11498693417724,-118400.46096416732,False
270.0,33,en_route,0,-134.11498693417724,-118400.46096416732,False
270.0,34,en_route,0,-134.11498693417724,-118400.46096416732,False
270.0,35,en_route,0,-134.11498693417724,-118400.46096416732,False
270.0,36,en_route,0,-134.11498693417724,-118400.46096416732,False
270.0,37,en_route,0,-134.11498693417724,-118400.46096416732,False
270.0,38,en_route,0,-134.11498693417724,-118400.46096416732,False
270.0,39,available,,7.0,-140000.0,False
270.0,40,available,,7.0,-140000.0,False
270.0,41,available,,7.0,-140000.0,False
300.0,1,en_route,2,122.00063023349523,-116000.26602527505,False
300.0,2,en_route,1,16.505075078970407,-116000.00379973062,False
300.0,3,en_route,0,-148.96654445202532,-116000.51330749091,False
300.0,4,available,,10.0,-140000.0,False
300.0,5,available,,5.0,-140000.0,False
300.0,6,available,,4.0,-140000.0,False
300.0,7,available,,4.0,-140000.0,False
300.0,8,available,,4.0,-140000.0,False
300.0,9,available,,4.0,-140000.0,False
300.0,10,available,,4.0,-140000.0,False
300.0,11,available,,4.0,-140000.0,False
300.0,12,en_route,2,114.5522095453903,-116000.27338090517,False
300.0,13,en_route,2,115.37981191464361,-116000.27255865959,False
300.0,14,en_route,2,119.51782349585366,-116000.26846600678,False
300.0,15,en_route,2,121.17302800514283,-116000.26683761392,False
300.0,16,en_route,2,116.2074142661909,-116000.27173765237,False
300.0,17,en_route,2,120.3454257592712,-116000.2676511912,False
300.0,18,en_route,2,120.3454257592712,-116000.2676511912,False
300.0,19,en_route,2,120.3454257592712,-116000.2676511912,False
300.0,20,en_route,2,120.3454257592712,-116000.2676511912,False
300.0,21,en_route,2,120.3454257592712,-116000.2676511912,False
300.0,22,en_route,1,19.82170652125913,-116000.00342492014,False
300.0,23,en_route,1,19.82170652125913,-116000.00342492014,False
300.0,24,en_route,1,19.82170652125913,-116000.00342492014,False
300.0,25,en_route,1,19.82170652125913,-116000.00342492014,False
300.0,26,en_route,1,19.82170652125913,-116000.00342492014,False
300.0,27,en_route,1,19.82170652125913,-116000.00342492014,False
300.0,28,en_route,1,19.82170652125913,-116000.00342492014,False
300.0,29,en_route,1,19.82170652125913,-116000.00342492014,False
300.0,30,en_route,1,19.82170652125913,-116000.00342492014,False
300.0,31,en_route,0,-149.7944299268636,-116000.51218240813,False
300.0,32,en_route,0,-149.7944299268636,-116000.51218240813,False
300.0,33,en_route,0,-149.7944299268636,-116000.51218240813,False
300.0,34,en_route,0,-149.7944299268636,-116000.51218240813,False
300.0,35,en_route,0,-149.7944299268636,-116000.51218240813,False
300.0,36,en_route,0,-149.7944299268636,-116000.51218240813,False
300.0,37,en_route,0,-149.7944299268636,-116000.51218240813,False
300.0,38,en_route,0,-149.7944299268636,-116000.51218240813,False
300.0,39,available,,7.0,-140000.0,False
300.0,40,available,,7.0,-140000.0,False
300.0,41,available,,7.0,-140000.0,False
330.0,1,en_route,2,133.30069325684474,-113600.29262780256,False
330.0,2,en_route,1,17.85558258686745,-113600.00417970368,False
330.0,3,en_route,0,-164.66319889722786,-113600.56463824,False
330.0,4,available,,10.0,-140000.0,False
330.0,5,available,,5.0,-140000.0,False
330.0,6,available,,4.0,-140000.0,False
330.0,7,available,,4.0,-140000.0,False
330.0,8,available,,4.0,-140000.0,False
330.0,9,available,,4.0,-140000.0,False
330.0,10,available,,4.0,-140000.0,False
330.0,11,available,,4.0,-140000.0,False
330.0,12,en_route,2,126.00743049992933,-113600.30071899568,False
330.0,13,en_route,2,126.81779310610797,-113600.29981452556,False
330.0,14,en_route,2,130.86960584543903,-113600.29531260746,False
330.0,15,en_route,2,132.4903308056571,-113600.29352137531,False
330.0,16,en_route,2,127.62815569280998,-113600.2989114176,False
330.0,17,en_route,2,131.6799683351983,-113600.29441631032,False
330.0,18,en_route,2,131.6799683351983,-113600.29441631032,False
330.0,19,en_route,2,131.6799683351983,-113600.29441631032,False
330.0,20,en_route,2,131.6799683351983,-113600.29441631032,False
330.0,21,en_route,2,131.6799683351983,-113600.29441631032,False
330.0,22,en_route,1,21.103877173385044,-113600.00376741216,False
330.0,23,en_route,1,21.103877173385044,-113600.00376741216,False
330.0,24,en_route,1,21.103877173385044,-113600.00376741216,False
330.0,25,en_route,1,21.103877173385044,-113600.00376741216,False
330.0,26,en_route,1,21.103877173385044,-113600.00376741216,False
330.0,27,en_route,1,21.103877173385044,-113600.00376741216,False
330.0,28,en_route,1,21.103877173385044,-113600.00376741216,False
330.0,29,en_route,1,21.103877173385044,-113600.00376741216,False
330.0,30,en_route,1,21.103877173385044,-113600.00376741216,False
330.0,31,en_route,0,-165.47387291954993,-113600.56340064894,False
330.0,32,en_route,0,-165.47387291954993,-113600.56340064894,False
330.0,33,en_route,0,-165.47387291954993,-113600.56340064894,False
330.0,34,en_route,0,-165.47387291954993,-113600.56340064894,False
330.0,35,en_route,0,-165.47387291954993,-113600.56340064894,False
330.0,36,en_route,0,-165.47387291954993,-113600.56340064894,False
330.0,37,en_route,0,-165.47387291954993,-113600.56340064894,False
330.0,38,en_route,0,-165.47387291954993,-113600.56340064894,False
330.0,39,available,,7.0,-140000.0,False
330.0,40,available,,7.0,-140000.0,False
330.0,41,available,,7.0,-140000.0,False
360.0,1,en_route,2,144.60075628019428,-111200.31923033006,False
360.0,2,en_route,1,19.20609009476449,-111200.00455967674,False
360.0,3,en_route,0,-180.3598533424304,-111200.61596898909,False
360.0,4,available,,10.0,-140000.0,False
360.0,5,available,,5.0,-140000.0,False
360.0,6,available,,4.0,-140000.0,False
360.0,7,available,,4.0,-140000.0,False
360.0,8,available,,4.0,-140000.0,False
360.0,9,available,,4.0,-140000.0,False
360.0,10,available,,4.0,-140000.0,False
360.0,11,available,,4.0,-140000.0,False
360.0,12,en_route,2,137.46265145446836,-111200.3280570862,False
360.0,13,en_route,2,138.25577429757234,-111200.32707039152,False
360.0,14,en_route,2,142.2213881950244,-111200.32215920814,False
360.0,15,en_route,2,143.80763360617138,-111200.3202051367,False
360.0,16,en_route,2,139.04889711942909,-111200.32608518284,False
360.0,17,en_route,2,143.01451091112543,-111200.32118142945,False
360.0,18,en_route,2,143.01451091112543,-111200.32118142945,False
360.0,19,en_route,2,143.01451091112543,-111200.32118142945,False
360.0,20,en_route,2,143.01451091112543,-111200.32118142945,False
360.0,21,en_route,2,143.01451091112543,-111200.32118142945,False
360.0,22,en_route,1,22.386047825510957,-111200.00410990417,False
360.0,23,en_route,1,22.386047825510957,-111200.00410990417,False
360.0,24,en_route,1,22.386047825510957,-111200.00410990417,False
360.0,25,en_route,1,22.386047825510957,-111200.00410990417,False
360.0,26,en_route,1,22.386047825510957,-111200.00410990417,False
360.0,27,en_route,1,22.386047825510957,-111200.00410990417,False
360.0,28,en_route,1,22.386047825510957,-111200.00410990417,False
360.0,29,en_route,1,22.386047825510957,-111200.00410990417,False
360.0,30,en_route,1,22.386047825510957,-111200.00410990417,False
360.0,31,en_route,0,-181.15331591223628,-111200.61461888975,False
360.0,32,en_route,0,-181.15331591223628,-111200.61461888975,False
360.0,33,en_route,0,-181.15331591223628,-111200.61461888975,False
360.0,34,en_route,0,-181.15331591223628,-111200.61461888975,False
360.0,35,en_route,0,-181.15331591223628,-111200.61461888975,False
360.0,36,en_route,0,-181.15331591223628,-111200.61461888975,False
360.0,37,en_route,0,-181.15331591223628,-111200.61461888975,False
360.0,38,en_route,0,-181.15331591223628,-111200.61461888975,False
360.0,39,available,,7.0,-140000.0,False
360.0,40,available,,7.0,-140000.0,False
360.0,41,available,,7.0,-140000.0,False
390.0,1,en_route,2,155.9008193035438,-108800.34583285757,False
390.0,2,en_route,1,20.556597602661533,-108800.0049396498,False
390.0,3,en_route,0,-196.05650778763294,-108800.66729973818,False
390.0,4,available,,10.0,-140000.0,False
390.0,5,available,,5.0,-140000.0,False
390.0,6,available,,4.0,-140000.0,False
390.0,7,available,,4.0,-140000.0,False
390.0,8,available,,4.0,-140000.0,False
390.0,9,available,,4.0,-140000.0,False
390.0,10,available,,4.0,-140000.0,False
390.0,11,available,,4.0,-140000.0,False
390.0,12,en_route,2,148.9178724090074,-108800.35539517671,False
390.0,13,en_route,2,149.6937554890367,-108800.35432625748,False
390.0,14,en_route,2,153.57317054460975,-108800.34900580882,False
390.0,15,en_route,2,155.12493640668566,-108800.34688889809,False
390.0,16,en_route,2,150.46963854604817,-108800.35325894807,False
390.0,17,en_route,2,154.34905348705254,-108800.34794654857,False
390.0,18,en_route,2,154.34905348705254,-108800.34794654857,False
390.0,19,en_route,2,154.34905348705254,-108800.34794654857,False
390.0,20,en_route,2,154.34905348705254,-108800.34794654857,False
390.0,21,en_route,2,154.34905348705254,-108800.34794654857,False
390.0,22,en_route,1,23.66821847763687,-108800.00445239618,False
390.0,23,en_route,1,23.66821847763687,-108800.00445239618,False
390.0,24,en_route,1,23.66821847763687,-108800.00445239618,False
390.0,25,en_route,1,23.66821847763687,-108800.00445239618,False
390.0,26,en_route,1,23.66821847763687,-108800.00445239618,False
390.0,27,en_route,1,23.66821847763687,-108800.00445239618,False
390.0,28,en_route,1,23.66821847763687,-108800.00445239618,False
390.0,29,en_route,1,23.66821847763687,-108800.00445239618,False
390.0,30,en_route,1,23.66821847763687,-108800.00445239618,False
390.0,31,en_route,0,-196.83275890492263,-108800.66583713057,False
390.0,32,en_route,0,-196.83275890492263,-108800.66583713057,False
390.0,33,en_route,0,-196.83275890492263,-108800.66583713057,False
390.0,34,en_route,0,-196.83275890492263,-108800.66583713057,False
390.0,35,en_route,0,-196.83275890492263,-108800.66583713057,False
390.0,36,en_route,0,-196.83275890492263,-108800.66583713057,False
390.0,37,en_route,0,-196.83275890492263,-108800.66583713057,False
390.0,38,en_route,0,-196.83275890492263,-108800.66583713057,False
390.0,39,available,,7.0,-140000.0,False
390.0,40,available,,7.0,-140000.0,False
390.0,41,available,,7.0,-140000.0,False
420.0,1,en_route,2,167.20088232689332,-106400.37243538507,False
420.0,2,en_route,1,21.90710511055857,-106400.00531962287,False
420.0,3,en_route,0,-211.75316223283548,-106400.71863048727,False
420.0,4,available,,10.0,-140000.0,False
420.0,5,available,,5.0,-140000.0,False
420.0,6,available,,4.0,-140000.0,False
420.0,7,available,,4.0,-140000.0,False
420.0,8,available,,4.0,-140000.0,False
420.0,9,available,,4.0,-140000.0,False
420.0,10,available,,4.0,-140000.0,False
420.0,11,available,,4.0,-140000.0,False
420.0,12,en_route,2,160.37309336354645,-106400.38273326722,False
420.0,13,en_route,2,161.13173668050106,-106400.38158212345,False
420.0,14,en_route,2,164.92495289419512,-106400.3758524095,False
420.0,15,en_route,2,166.44223920719995,-106400.37357265948,False
420.0,16,en_route,2,161.89037997266726,-106400.38043271331,False
420.0,17,en_route,2,165.68359606297966,-106400.3747116677,False
420.0,18,en_route,2,165.68359606297966,-106400.3747116677,False
420.0,19,en_route,2,165.68359606297966,-106400.3747116677,False
420.0,20,en_route,2,165.68359606297966,-106400.3747116677,False
420.0,21,en_route,2,165.68359606297966,-106400.3747116677,False
420.0,22,en_route,1,24.950389129762783,-106400.0047948882,False
420.0,23,en_route,1,24.950389129762783,-106400.0047948882,False
420.0,24,en_route,1,24.950389129762783,-106400.0047948882,False
420.0,25,en_route,1,24.950389129762783,-106400.0047948882,False
420.0,26,en_route,1,24.950389129762783,-106400.0047948882,False
420.0,27,en_route,1,24.950389129762783,-106400.0047948882,False
420.0,28,en_route,1,24.950389129762783,-106400.0047948882,False
420.0,29,en_route,1,24.950389129762783,-106400.0047948882,False
420.0,30,en_route,1,24.950389129762783,-106400.0047948882,False
420.0,31,en_route,0,-212.51220189760897,-106400.71705537138,False
420.0,32,en_route,0,-212.51220189760897,-106400.71705537138,False
420.0,33,en_route,0,-212.51220189760897,-106400.71705537138,False
420.0,34,en_route,0,-212.51220189760897,-106400.71705537138,False
420.0,35,en_route,0,-212.51220189760897,-106400.71705537138,False
420.0,36,en_route,0,-212.51220189760897,-106400.71705537138,False
420.0,37,en_route,0,-212.51220189760897,-106400.71705537138,False
420.0,38,en_route,0,-212.51220189760897,-106400.71705537138,False
420.0,39,available,,7.0,-140000.0,False
420.0,40,available,,7.0,-140000.0,False
420.0,41,available,,7.0,-140000.0,False
450.0,1,en_route,2,178.50094535024283,-104000.39903791258,False
450.0,2,en_route,1,23.25761261845561,-104000.00569959593,False
450.0,3,en_route,0,-227.449816678038,-104000.76996123636,False
450.0,4,available,,10.0,-140000.0,False
450.0,5,available,,5.0,-140000.0,False
450.0,6,available,,4.0,-140000.0,False
450.0,7,available,,4.0,-140000.0,False
450.0,8,available,,4.0,-140000.0,False
450.0,9,available,,4.0,-140000.0,False
450.0,10,available,,4.0,-140000.0,False
450.0,11,available,,4.0,-140000.0,False
450.0,12,en_route,2,171.8283143180855,-104000.41007135774,False
450.0,13,en_route,2,172.56971787196542,-104000.40883798941,False
450.0,14,en_route,2,176.27673524378048,-104000.40269901018,False
450.0,15,en_route,2,177.75954200771423,-104000.40025642086,False
450.0,16,en_route,2,173.31112139928635,-104000.40760647855,False
450.0,17,en_route,2,177.01813863890678,-104000.40147678682,False
450.0,18,en_route,2,177.01813863890678,-104000.40147678682,False
450.0,19,en_route,2,177.01813863890678,-104000.40147678682,False
450.0,20,en_route,2,177.01813863890678,-104000.40147678682,False
450.0,21,en_route,2,177.01813863890678,-104000.40147678682,False
450.0,22,en_route,1,26.232559781888696,-104000.00513738021,False
450.0,23,en_route,1,26.232559781888696,-104000.00513738021,False
450.0,24,en_route,1,26.232559781888696,-104000.00513738021,False
450.0,25,en_route,1,26.232559781888696,-104000.00513738021,False
450.0,26,en_route,1,26.232559781888696,-104000.00513738021,False
450.0,27,en_route,1,26.232559781888696,-104000.00513738021,False
450.0,28,en_route,1,26.232559781888696,-104000.00513738021,False
450.0,29,en_route,1,26.232559781888696,-104000.00513738021,False
450.0,30,en_route,1,26.232559781888696,-104000.00513738021,False
450.0,31,en_route,0,-228.19164489029532,-104000.7682736122,False
450.0,32,en_route,0,-228.19164489029532,-104000.7682736122,False
450.0,33,en_route,0,-228.19164489029532,-104000.7682736122,False
450.0,34,en_route,0,-228.19164489029532,-104000.7682736122,False
450.0,35,en_route,0,-228.19164489029532,-104000.7682736122,False
450.0,36,en_route,0,-228.19164489029532,-104000.7682736122,False
450.0,37,en_route,0,-228.19164489029532,-104000.7682736122,False
450.0,38,en_route,0,-228.19164489029532,-104000.7682736122,False
450.0,39,available,,7.0,-140000.0,False
450.0,40,available,,7.0,-140000.0,False
450.0,41,available,,7.0,-140000.0,False
480.0,1,en_route,2,189.80100837359237,-101600.42564044008,False
480.0,2,en_route,1,24.608120126352652,-101600.006079569,False
480.0,3,en_route,0,-243.1464711232405,-101600.82129198546,False
480.0,4,available,,10.0,-140000.0,False
480.0,5,available,,5.0,-140000.0,False
480.0,6,available,,4.0,-140000.0,False
480.0,7,available,,4.0,-140000.0,False
480.0,8,available,,4.0,-140000.0,False
480.0,9,available,,4.0,-140000.0,False
480.0,10,available,,4.0,-140000.0,False
480.0,11,available,,4.0,-140000.0,False
480.0,12,en_route,2,183.28353527262453,-101600.43740944825,False
480.0,13,en_route,2,184.00769906342978,-101600.43609385537,False
480.0,14,en_route,2,187.62851759336584,-101600.42954561087,False
480.0,15,en_route,2,189.07684480822851,-101600.42694018225,False
480.0,16,en_route,2,184.73186282590544,-101600.43478024378,False
480.0,17,en_route,2,188.3526812148339,-101600.42824190595,False
480.0,18,en_route,2,188.3526812148339,-101600.42824190595,False
480.0,19,en_route,2,188.3526812148339,-101600.42824190595,False
480.0,20,en_route,2,188.3526812148339,-101600.42824190595,False
480.0,21,en_route,2,188.3526812148339,-101600.42824190595,False
480.0,22,en_route,1,27.51473043401461,-101600.00547987223,False
480.0,23,en_route,1,27.51473043401461,-101600.00547987223,False
480.0,24,en_route,1,27.51473043401461,-101600.00547987223,False
480.0,25,en_route,1,27.51473043401461,-101600.00547987223,False
480.0,26,en_route,1,27.51473043401461,-101600.00547987223,False
480.0,27,en_route,1,27.51473043401461,-101600.00547987223,False
480.0,28,en_route,1,27.51473043401461,-101600.00547987223,False
480.0,29,en_route,1,27.51473043401461,-101600.00547987223,False
480.0,30,en_route,1,27.51473043401461,-101600.00547987223,False
480.0,31,en_route,0,-243.87108788298167,-101600.819491853,False
480.0,32,en_route,0,-243.87108788298167,-101600.819491853,False
480.0,33,en_route,0,-243.87108788298167,-101600.819491853,False
480.0,34,en_route,0,-243.87108788298167,-101600.819491853,False
480.0,35,en_route,0,-243.87108788298167,-101600.819491853,False
480.0,36,en_route,0,-243.87108788298167,-101600.819491853,False
480.0,37,en_route,0,-243.87108788298167,-101600.819491853,False
480.0,38,en_route,0,-243.87108788298167,-101600.819491853,False
480.0,39,available,,7.0,-140000.0,False
480.0,40,available,,7.0,-140000.0,False
480.0,41,available,,7.0,-140000.0,False
510.0,1,en_route,2,201.1010713969419,-99200.45224296759,False
510.0,2,en_route,1,25.95862763424969,-99200.00645954206,False
510.0,3,en_route,0,-258.84312556844304,-99200.87262273455,False
510.0,4,available,,10.0,-140000.0,False
510.0,5,available,,5.0,-140000.0,False
510.0,6,available,,4.0,-140000.0,False
510.0,7,available,,4.0,-140000.0,False
510.0,8,available,,4.0,-140000.0,False
510.0,9,available,,4.0,-140000.0,False
510.0,10,available,,4.0,-140000.0,False
510.0,11,available,,4.0,-140000.0,False
510.0,12,en_route,2,194.73875622716358,-99200.46474753876,False
510.0,13,en_route,2,195.44568025489414,-99200.46334972134,False
510.0,14,en_route,2,198.9802999429512,-99200.45639221155,False
510.0,15,en_route,2,200.3941476087428,-99200.45362394364,False
510.0,16,en_route,2,196.15260425252453,-99200.46195400902,False
510.0,17,en_route,2,199.687223790761,-99200.45500702507,False
510.0,18,en_route,2,199.687223790761,-99200.45500702507,False
510.0,19,en_route,2,199.687223790761,-99200.45500702507,False
510.0,20,en_route,2,199.687223790761,-99200.45500702507,False
510.0,21,en_route,2,199.687223790761,-99200.45500702507,False
510.0,22,en_route,1,28.796901086140522,-99200.00582236424,False
510.0,23,en_route,1,28.796901086140522,-99200.00582236424,False
510.0,24,en_route,1,28.796901086140522,-99200.00582236424,False
510.0,25,en_route,1,28.796901086140522,-99200.00582236424,False
510.0,26,en_route,1,28.796901086140522,-99200.00582236424,False
510.0,27,en_route,1,28.796901086140522,-99200.00582236424,False
510.0,28,en_route,1,28.796901086140522,-99200.00582236424,False
510.0,29,en_route,1,28.796901086140522,-99200.00582236424,False
510.0,30,en_route,1,28.796901086140522,-99200.00582236424,False
510.0,31,en_route,0,-259.550530875668,-99200.87071009382,False
510.0,32,en_route,0,-259.550530875668,-99200.87071009382,False
510.0,33,en_route,0,-259.550530875668,-99200.87071009382,False
510.0,34,en_route,0,-259.550530875668,-99200.87071009382,False
510.0,35,en_route,0,-259.550530875668,-99200.87071009382,False
510.0,36,en_route,0,-259.550530875668,-99200.87071009382,False
510.0,37,en_route,0,-259.550530875668,-99200.87071009382,False
510.0,38,en_route,0,-259.550530875668,-99200.87071009382,False
510.0,39,available,,7.0,-140000.0,False
510.0,40,available,,7.0,-140000.0,False
510.0,41,available,,7.0,-140000.0,False
540.0,1,en_route,2,212.4011344202914,-96800.47884549509,False
540.0,2,en_route,1,27.30913514214673,-96800.00683951512,False
540.0,3,en_route,0,-274.53978001364555,-96800.92395348364,False
540.0,4,available,,10.0,-140000.0,False
540.0,5,available,,5.0,-140000.0,False
540.0,6,available,,4.0,-140000.0,False
540.0,7,available,,4.0,-140000.0,False
540.0,8,available,,4.0,-140000.0,False
540.0,9,available,,4.0,-140000.0,False
540.0,10,available,,4.0,-140000.0,False
540.0,11,available,,4.0,-140000.0,False
540.0,12,en_route,2,206.19397718170262,-96800.49208562927,False
540.0,13,en_route,2,206.8836614463585,-96800.4906055873,False
540.0,14,en_route,2,210.33208229253657,-96800.48323881223,False
540.0,15,en_route,2,211.71145040925708,-96800.48030770503,False
540.0,16,en_route,2,207.5733456791436,-96800.48912777426,False
540.0,17,en_route,2,211.02176636668813,-96800.4817721442,False
540.0,18,en_route,2,211.02176636668813,-96800.4817721442,False
540.0,19,en_route,2,211.02176636668813,-96800.4817721442,False
540.0,20,en_route,2,211.02176636668813,-96800.4817721442,False
540.0,21,en_route,2,211.02176636668813,-96800.4817721442,False
540.0,22,en_route,1,30.079071738266435,-96800.00616485626,False
540.0,23,en_route,1,30.079071738266435,-96800.00616485626,False
540.0,24,en_route,1,30.079071738266435,-96800.00616485626,False
540.0,25,en_route,1,30.079071738266435,-96800.00616485626,False
540.0,26,en_route,1,30.079071738266435,-96800.00616485626,False
540.0,27,en_route,1,30.079071738266435,-96800.00616485626,False
540.0,28,en_route,1,30.079071738266435,-96800.00616485626,False
540.0,29,en_route,1,30.079071738266435,-96800.00616485626,False
540.0,30,en_route,1,30.079071738266435,-96800.00616485626,False
540.0,31,en_route,0,-275.22997386835436,-96800.92192833463,False
540.0,32,en_route,0,-275.22997386835436,-96800.92192833463,False
540.0,33,en_route,0,-275.22997386835436,-96800.92192833463,False
540.0,34,en_route,0,-275.22997386835436,-96800.92192833463,False
540.0,35,en_route,0,-275.22997386835436,-96800.92192833463,False
540.0,36,en_route,0,-275.22997386835436,-96800.92192833463,False
540.0,37,en_route,0,-275.22997386835436,-96800.92192833463,False
540.0,38,en_route,0,-275.22997386835436,-96800.92192833463,False
540.0,39,available,,7.0,-140000.0,False
540.0,40,available,,7.0,-140000.0,False
540.0,41,available,,7.0,-140000.0,False
570.0,1,en_route,2,223.70119744364092,-94400.5054480226,False
570.0,2,en_route,1,28.659642650043768,-94400.00721948818,False
570.0,3,en_route,0,-290.23643445884807,-94400.97528423273,False
570.0,4,available,,10.0,-140000.0,False
570.0,5,available,,5.0,-140000.0,False
570.0,6,available,,4.0,-140000.0,False
570.0,7,available,,4.0,-140000.0,False
570.0,8,available,,4.0,-140000.0,False
570.0,9,available,,4.0,-140000.0,False
570.0,10,available,,4.0,-140000.0,False
570.0,11,available,,4.0,-140000.0,False
570.0,12,en_route,2,217.64919813624167,-94400.51942371979,False
570.0,13,en_route,2,218.32164263782286,-94400.51786145326,False
570.0,14,en_route,2,221.68386464212193,-94400.51008541291,False
570.0,15,en_route,2,223.02875320977137,-94400.50699146642,False
570.0,16,en_route,2,218.9940871057627,-94400.5163015395,False
570.0,17,en_route,2,222.35630894261524,-94400.50853726332,False
570.0,18,en_route,2,222.35630894261524,-94400.50853726332,False
570.0,19,en_route,2,222.35630894261524,-94400.50853726332,False
570.0,20,en_route,2,222.35630894261524,-94400.50853726332,False
570.0,21,en_route,2,222.35630894261524,-94400.50853726332,False
570.0,22,en_route,1,31.36124239039235,-94400.00650734827,False
570.0,23,en_route,1,31.36124239039235,-94400.00650734827,False
570.0,24,en_route,1,31.36124239039235,-94400.00650734827,False
570.0,25,en_route,1,31.36124239039235,-94400.00650734827,False
570.0,26,en_route,1,31.36124239039235,-94400.00650734827,False
570.0,27,en_route,1,31.36124239039235,-94400.00650734827,False
570.0,28,en_route,1,31.36124239039235,-94400.00650734827,False
570.0,29,en_route,1,31.36124239039235,-94400.00650734827,False
570.0,30,en_route,1,31.36124239039235,-94400.00650734827,False
570.0,31,en_route,0,-290.9094168610407,-94400.97314657544,False
570.0,32,en_route,0,-290.9094168610407,-94400.97314657544,False
570.0,33,en_route,0,-290.9094168610407,-94400.97314657544,False
570.0,34,en_route,0,-290.9094168610407,-94400.97314657544,False
570.0,35,en_route,0,-290.9094168610407,-94400.97314657544,False
570.0,36,en_route,0,-290.9094168610407,-94400.97314657544,False
570.0,37,en_route,0,-290.9094168610407,-94400.97314657544,False
570.0,38,en_route,0,-290.9094168610407,-94400.97314657544,False
570.0,39,available,,7.0,-140000.0,False
570.0,40,available,,7.0,-140000.0,False
570.0,41,available,,7.0,-140000.0,False
600.0,1,en_route,2,235.00126046699046,-92000.5320505501,False
600.0,2,en_route,1,30.010150157940807,-92000.00759946124,False
600.0,3,en_route,0,-305.9330889040506,-92001.02661498182,False
600.0,4,available,,10.0,-140000.0,False
600.0,5,available,,5.0,-140000.0,False
600.0,6,available,,4.0,-140000.0,False
600.0,7,available,,4.0,-140000.0,False
600.0,8,available,,4.0,-140000.0,False
600.0,9,available,,4.0,-140000.0,False
600.0,10,available,,4.0,-140000.0,False
600.0,11,available,,4.0,-140000.0,False
600.0,12,en_route,2,229.1044190907807,-92000.5467618103,False
600.0,13,en_route,2,229.75962382928722,-92000.54511731923,False
600.0,14,en_route,2,233.0356469917073,-92000.5369320136,False
600.0,15,en_route,2,234.34605601028565,-92000.53367522781,False
600.0,16,en_route,2,230.4148285323818,-92000.54347530473,False
600.0,17,en_route,2,233.69085151854236,-92000.53530238244,False
600.0,18,en_route,2,233.69085151854236,-92000.53530238244,False
600.0,19,en_route,2,233.69085151854236,-92000.53530238244,False
600.0,20,en_route,2,233.69085151854236,-92000.53530238244,False
600.0,21,en_route,2,233.69085151854236,-92000.53530238244,False
600.0,22,en_route,1,32.64341304251826,-92000.00684984028,False
600.0,23,en_route,1,32.64341304251826,-92000.00684984028,False
600.0,24,en_route,1,32.64341304251826,-92000.00684984028,False
600.0,25,en_route,1,32.64341304251826,-92000.00684984028,False
600.0,26,en_route,1,32.64341304251826,-92000.00684984028,False
600.0,27,en_route,1,32.64341304251826,-92000.00684984028,False
600.0,28,en_route,1,32.64341304251826,-92000.00684984028,False
600.0,29,en_route,1,32.64341304251826,-92000.00684984028,False
600.0,30,en_route,1,32.64341304251826,-92000.00684984028,False
600.0,31,en_route,0,-306.58885985372706,-92001.02436481626,False
600.0,32,en_route,0,-306.58885985372706,-92001.02436481626,False
600.0,33,en_route,0,-306.58885985372706,-92001.02436481626,False
600.0,34,en_route,0,-306.58885985372706,-92001.02436481626,False
600.0,35,en_route,0,-306.58885985372706,-92001.02436481626,False
600.0,36,en_route,0,-306.58885985372706,-92001.02436481626,False
600.0,37,en_route,0,-306.58885985372706,-92001.02436481626,False
600.0,38,en_route,0,-306.58885985372706,-92001.02436481626,False
600.0,39,available,,7.0,-140000.0,False
600.0,40,available,,7.0,-140000.0,False
600.0,41,available,,7.0,-140000.0,False
630.0,1,en_route,2,246.30132349033997,-89600.5586530776,False
630.0,2,en_route,1,31.360657665837845,-89600.0079794343,False
630.0,3,en_route,0,-321.6297433492531,-89601.07794573091,False
630.0,4,available,,10.0,-140000.0,False
630.0,5,available,,5.0,-140000.0,False
630.0,6,available,,4.0,-140000.0,False
630.0,7,available,,4.0,-140000.0,False
630.0,8,available,,4.0,-140000.0,False
630.0,9,available,,4.0,-140000.0,False
630.0,10,available,,4.0,-140000.0,False
630.0,11,available,,4.0,-140000.0,False
630.0,12,en_route,2,240.55964004531975,-89600.57409990081,False
630.0,13,en_route,2,241.19760502075158,-89600.57237318519,False
630.0,14,en_route,2,244.38742934129266,-89600.56377861428,False
630.0,15,en_route,2,245.66335881079993,-89600.5603589892,False
630.0,16,en_route,2,241.83556995900088,-89600.57064906997,False
630.0,17,en_route,2,245.02539409446948,-89600.56206750157,False
630.0,18,en_route,2,245.02539409446948,-89600.56206750157,False
630.0,19,en_route,2,245.02539409446948,-89600.56206750157,False
630.0,20,en_route,2,245.02539409446948,-89600.56206750157,False
630.0,21,en_route,2,245.02539409446948,-89600.56206750157,False
630.0,22,en_route,1,33.925583694644175,-89600.0071923323,False
630.0,23,en_route,1,33.925583694644175,-89600.0071923323,False
630.0,24,en_route,1,33.925583694644175,-89600.0071923323,False
630.0,25,en_route,1,33.925583694644175,-89600.0071923323,False
630.0,26,en_route,1,33.925583694644175,-89600.0071923323,False
630.0,27,en_route,1,33.925583694644175,-89600.0071923323,False
630.0,28,en_route,1,33.925583694644175,-89600.0071923323,False
630.0,29,en_route,1,33.925583694644175,-89600.0071923323,False
630.0,30,en_route,1,33.925583694644175,-89600.0071923323,False
630.0,31,en_route,0,-322.2683028464134,-89601.07558305707,False
630.0,32,en_route,0,-322.2683028464134,-89601.07558305707,False
630.0,33,en_route,0,-322.2683028464134,-89601.07558305707,False
630.0,34,en_route,0,-322.2683028464134,-89601.07558305707,False
630.0,35,en_route,0,-322.2683028464134,-89601.07558305707,False
630.0,36,en_route,0,-322.2683028464134,-89601.07558305707,False
630.0,37,en_route,0,-322.2683028464134,-89601.07558305707,False
630.0,38,en_route,0,-322.2683028464134,-89601.07558305707,False
630.0,39,available,,7.0,-140000.0,False
630.0,40,available,,7.0,-140000.0,False
630.0,41,available,,7.0,-140000.0,False
660.0,1,en_route,2,257.6013865136895,-87200.58525560511,False
660.0,2,en_route,1,32.711165173734884,-87200.00835940737,False
660.0,3,en_route,0,-337.3263977944556,-87201.12927648,False
660.0,4,available,,10.0,-140000.0,False
660.0,5,available,,5.0,-140000.0,False
660.0,6,available,,4.0,-140000.0,False
660.0,7,available,,4.0,-140000.0,False
660.0,8,available,,4.0,-140000.0,False
660.0,9,available,,4.0,-140000.0,False
660.0,10,available,,4.0,-140000.0,False
660.0,11,available,,4.0,-140000.0,False
660.0,12,en_route,2,252.0148609998588,-87200.60143799132,False
660.0,13,en_route,2,252.63558621221594,-87200.59962905115,False
660.0,14,en_route,2,255.73921169087802,-87200.59062521496,False
660.0,15,en_route,2,256.98066161131425,-87200.58704275059,False
660.0,16,en_route,2,253.25631138561997,-87200.5978228352,False
660.0,17,en_route,2,256.35993667039656,-87200.58883262069,False
660.0,18,en_route,2,256.35993667039656,-87200.58883262069,False
660.0,19,en_route,2,256.35993667039656,-87200.58883262069,False
660.0,20,en_route,2,256.35993667039656,-87200.58883262069,False
660.0,21,en_route,2,256.35993667039656,-87200.58883262069,False
660.0,22,en_route,1,35.20775434677009,-87200.00753482431,False
660.0,23,en_route,1,35.20775434677009,-87200.00753482431,False
660.0,24,en_route,1,35.20775434677009,-87200.00753482431,False
660.0,25,en_route,1,35.20775434677009,-87200.00753482431,False
660.0,26,en_route,1,35.20775434677009,-87200.00753482431,False
660.0,27,en_route,1,35.20775434677009,-87200.00753482431,False
660.0,28,en_route,1,35.20775434677009,-87200.00753482431,False
660.0,29,en_route,1,35.20775434677009,-87200.00753482431,False
660.0,30,en_route,1,35.20775434677009,-87200.00753482431,False
660.0,31,en_route,0,-337.94774583909975,-87201.12680129788,False
660.0,32,en_route,0,-337.94774583909975,-87201.12680129788,False
660.0,33,en_route,0,-337.94774583909975,-87201.12680129788,False
660.0,34,en_route,0,-337.94774583909975,-87201.12680129788,False
660.0,35,en_route,0,-337.94774583909975,-87201.12680129788,False
660.0,36,en_route,0,-337.94774583909975,-87201.12680129788,False
660.0,37,en_route,0,-337.94774583909975,-87201.12680129788,False
660.0,38,en_route,0,-337.94774583909975,-87201.12680129788,False
660.0,39,available,,7.0,-140000.0,False
660.0,40,available,,7.0,-140000.0,False
660.0,41,available,,7.0,-140000.0,False
690.0,1,en_route,2,268.901449537039,-84800.61185813262,False
690.0,2,en_route,1,34.061672681631926,-84800.00873938043,False
690.0,3,en_route,0,-353.0230522396581,-84801.1806072291,False
690.0,4,available,,10.0,-140000.0,False
690.0,5,available,,5.0,-140000.0,False
690.0,6,available,,4.0,-140000.0,False
690.0,7,available,,4.0,-140000.0,False
690.0,8,available,,4.0,-140000.0,False
690.0,9,available,,4.0,-140000.0,False
690.0,10,available,,4.0,-140000.0,False
690.0,11,available,,4.0,-140000.0,False
690.0,12,en_route,2,263.4700819543978,-84800.62877608184,False
690.0,13,en_route,2,264.07356740368033,-84800.62688491712,False
690.0,14,en_route,2,267.0909940404634,-84800.61747181564,False
690.0,15,en_route,2,268.29796441182856,-84800.61372651198,False
690.0,16,en_route,2,264.6770528122391,-84800.62499660044,False
690.0,17,en_route,2,267.6944792463237,-84800.61559773982,False
690.0,18,en_route,2,267.6944792463237,-84800.61559773982,False
690.0,19,en_route,2,267.6944792463237,-84800.61559773982,False
690.0,20,en_route,2,267.6944792463237,-84800.61559773982,False
690.0,21,en_route,2,267.6944792463237,-84800.61559773982,False
690.0,22,en_route,1,36.489924998896,-84800.00787731633,False
690.0,23,en_route,1,36.489924998896,-84800.00787731633,False
690.0,24,en_route,1,36.489924998896,-84800.00787731633,False
690.0,25,en_route,1,36.489924998896,-84800.00787731633,False
690.0,26,en_route,1,36.489924998896,-84800.00787731633,False
690.0,27,en_route,1,36.489924998896,-84800.00787731633,False
690.0,28,en_route,1,36.489924998896,-84800.00787731633,False
690.0,29,en_route,1,36.489924998896,-84800.00787731633,False
690.0,30,en_route,1,36.489924998896,-84800.00787731633,False
690.0,31,en_route,0,-353.6271888317861,-84801.1780195387,False
690.0,32,en_route,0,-353.6271888317861,-84801.1780195387,False
690.0,33,en_route,0,-353.6271888317861,-84801.1780195387,False
690.0,34,en_route,0,-353.6271888317861,-84801.1780195387,False
690.0,35,en_route,0,-353.6271888317861,-84801.1780195387,False
690.0,36,en_route,0,-353.6271888317861,-84801.1780195387,False
690.0,37,en_route,0,-353.6271888317861,-84801.1780195387,False
690.0,38,en_route,0,-353.6271888317861,-84801.1780195387,False
690.0,39,available,,7.0,-140000.0,False
690.0,40,available,,7.0,-140000.0,False
690.0,41,available,,7.0,-140000.0,False
720.0,1,en_route,2,280.20151256038855,-82400.63846066012,False
720.0,2,en_route,1,35.41218018952897,-82400.00911935349,False
720.0,3,en_route,0,-368.7197066848606,-82401.23193797818,False
720.0,4,available,,10.0,-140000.0,False
720.0,5,available,,5.0,-140000.0,False
720.0,6,available,,4.0,-140000.0,False
720.0,7,available,,4.0,-140000.0,False
720.0,8,available,,4.0,-140000.0,False
720.0,9,available,,4.0,-140000.0,False
720.0,10,available,,4.0,-140000.0,False
720.0,11,available,,4.0,-140000.0,False
720.0,12,en_route,2,274.9253029089368,-82400.65611417235,False
720.0,13,en_route,2,275.5115485951447,-82400.65414078308,False
720.0,14,en_route,2,278.4427763900487,-82400.64431841632,False
720.0,15,en_route,2,279.61526721234287,-82400.64041027336,False
720.0,16,en_route,2,276.09779423885817,-82400.65217036568,False
720.0,17,en_route,2,279.0290218222508,-82400.64236285894,False
720.0,18,en_route,2,279.0290218222508,-82400.64236285894,False
720.0,19,en_route,2,279.0290218222508,-82400.64236285894,False
720.0,20,en_route,2,279.0290218222508,-82400.64236285894,False
720.0,21,en_route,2,279.0290218222508,-82400.64236285894,False
720.0,22,en_route,1,37.772095651021914,-82400.00821980834,False
720.0,23,en_route,1,37.772095651021914,-82400.00821980834,False
720.0,24,en_route,1,37.772095651021914,-82400.00821980834,False
720.0,25,en_route,1,37.772095651021914,-82400.00821980834,False
720.0,26,en_route,1,37.772095651021914,-82400.00821980834,False
720.0,27,en_route,1,37.772095651021914,-82400.00821980834,False
720.0,28,en_route,1,37.772095651021914,-82400.00821980834,False
720.0,29,en_route,1,37.772095651021914,-82400.00821980834,False
720.0,30,en_route,1,37.772095651021914,-82400.00821980834,False
720.0,31,en_route,0,-369.30663182447245,-82401.22923777951,False
720.0,32,en_route,0,-369.30663182447245,-82401.22923777951,False
720.0,33,en_route,0,-369.30663182447245,-82401.22923777951,False
720.0,34,en_route,0,-369.30663182447245,-82401.22923777951,False
720.0,35,en_route,0,-369.30663182447245,-82401.22923777951,False
720.0,36,en_route,0,-369.30663182447245,-82401.22923777951,False
720.0,37,en_route,0,-369.30663182447245,-82401.22923777951,False
720.0,38,en_route,0,-369.30663182447245,-82401.22923777951,False
720.0,39,available,,7.0,-140000.0,False
720.0,40,available,,7.0,-140000.0,False
720.0,41,available,,7.0,-140000.0,False
750.0,1,en_route,2,291.5015755837381,-80000.66506318763,False
750.0,2,en_route,1,36.76268769742601,-80000.00949932655,False
750.0,3,en_route,0,-384.41636113006314,-80001.28326872727,False
750.0,4,available,,10.0,-140000.0,False
750.0,5,available,,5.0,-140000.0,False
750.0,6,available,,4.0,-140000.0,False
750.0,7,available,,4.0,-140000.0,False
750.0,8,available,,4.0,-140000.0,False
750.0,9,available,,4.0,-140000.0,False
750.0,10,available,,4.0,-140000.0,False
750.0,11,available,,4.0,-140000.0,False
750.0,12,en_route,2,286.38052386347584,-80000.68345226286,False
750.0,13,en_route,2,286.94952978660905,-80000.68139664904,False
750.0,14,en_route,2,289.79455873963406,-80000.671165017,False
750.0,15,en_route,2,290.9325700128572,-80000.66709403475,False
750.0,16,en_route,2,287.51853566547726,-80000.67934413091,False
750.0,17,en_route,2,290.3635643981779,-80000.66912797806,False
750.0,18,en_route,2,290.3635643981779,-80000.66912797806,False
750.0,19,en_route,2,290.3635643981779,-80000.66912797806,False
750.0,20,en_route,2,290.3635643981779,-80000.66912797806,False
750.0,21,en_route,2,290.3635643981779,-80000.66912797806,False
750.0,22,en_route,1,39.05426630314783,-80000.00856230035,False
750.0,23,en_route,1,39.05426630314783,-80000.00856230035,False
750.0,24,en_route,1,39.05426630314783,-80000.00856230035,False
750.0,25,en_route,1,39.05426630314783,-80000.00856230035,False
750.0,26,en_route,1,39.05426630314783,-80000.00856230035,False
750.0,27,en_route,1,39.05426630314783,-80000.00856230035,False
750.0,28,en_route,1,39.05426630314783,-80000.00856230035,False
750.0,29,en_route,1,39.05426630314783,-80000.00856230035,False
750.0,30,en_route,1,39.05426630314783,-80000.00856230035,False
750.0,31,en_route,0,-384.9860748171588,-80001.28045602032,False
750.0,32,en_route,0,-384.9860748171588,-80001.28045602032,False
750.0,33,en_route,0,-384.9860748171588,-80001.28045602032,False
750.0,34,en_route,0,-384.9860748171588,-80001.28045602032,False
750.0,35,en_route,0,-384.9860748171588,-80001.28045602032,False
750.0,36,en_route,0,-384.9860748171588,-80001.28045602032,False
750.0,37,en_route,0,-384.9860748171588,-80001.28045602032,False
750.0,38,en_route,0,-384.9860748171588,-80001.28045602032,False
750.0,39,available,,7.0,-140000.0,False
750.0,40,available,,7.0,-140000.0,False
750.0,41,available,,7.0,-140000.0,False
780.0,1,en_route,2,302.8016386070876,-77600.69166571513,False
780.0,2,en_route,1,38.11319520532305,-77600.00987929961,False
780.0,3,en_route,0,-400.11301557526565,-77601.33459947637,False
780.0,4,available,,10.0,-140000.0,False
780.0,5,available,,5.0,-140000.0,False
780.0,6,available,,4.0,-140000.0,False
780.0,7,available,,4.0,-140000.0,False
780.0,8,available,,4.0,-140000.0,False
780.0,9,available,,4.0,-140000.0,False
780.0,10,available,,4.0,-140000.0,False
780.0,11,available,,4.0,-140000.0,False
780.0,12,en_route,2,297.83574481801486,-77600.71079035338,False
780.0,13,en_route,2,298.3875109780734,-77600.70865251501,False
780.0,14,en_route,2,301.1463410892194,-77600.69801161769,False
780.0,15,en_route,2,302.2498728133715,-77600.69377779614,False
780.0,16,en_route,2,298.93927709209635,-77600.70651789615,False
780.0,17,en_route,2,301.69810697410503,-77600.69589309719,False
780.0,18,en_route,2,301.69810697410503,-77600.69589309719,False
780.0,19,en_route,2,301.69810697410503,-77600.69589309719,False
780.0,20,en_route,2,301.69810697410503,-77600.69589309719,False
780.0,21,en_route,2,301.69810697410503,-77600.69589309719,False
780.0,22,en_route,1,40.33643695527374,-77600.00890479237,False
780.0,23,en_route,1,40.33643695527374,-77600.00890479237,False
780.0,24,en_route,1,40.33643695527374,-77600.00890479237,False
780.0,25,en_route,1,40.33643695527374,-77600.00890479237,False
780.0,26,en_route,1,40.33643695527374,-77600.00890479237,False
780.0,27,en_route,1,40.33643695527374,-77600.00890479237,False
780.0,28,en_route,1,40.33643695527374,-77600.00890479237,False
780.0,29,en_route,1,40.33643695527374,-77600.00890479237,False
780.0,30,en_route,1,40.33643695527374,-77600.00890479237,False
780.0,31,en_route,0,-400.66551780984514,-77601.33167426114,False
780.0,32,en_route,0,-400.66551780984514,-77601.33167426114,False
780.0,33,en_route,0,-400.66551780984514,-77601.33167426114,False
780.0,34,en_route,0,-400.66551780984514,-77601.33167426114,False
780.0,35,en_route,0,-400.66551780984514,-77601.33167426114,False
780.0,36,en_route,0,-400.66551780984514,-77601.33167426114,False
780.0,37,en_route,0,-400.66551780984514,-77601.33167426114,False
780.0,38,en_route,0,-400.66551780984514,-77601.33167426114,False
780.0,39,available,,7.0,-140000.0,False
780.0,40,available,,7.0,-140000.0,False
780.0,41,available,,7.0,-140000.0,False
810.0,1,en_route,2,314.10170163043716,-75200.71826824264,False
810.0,2,en_route,1,39.463702713220094,-75200.01025927268,False
810.0,3,en_route,0,-415.80967002046816,-75201.38593022546,False
810.0,4,available,,10.0,-140000.0,False
810.0,5,available,,5.0,-140000.0,False
810.0,6,available,,4.0,-140000.0,False
810.0,7,available,,4.0,-140000.0,False
810.0,8,available,,4.0,-140000.0,False
810.0,9,available,,4.0,-140000.0,False
810.0,10,available,,4.0,-140000.0,False
810.0,11,available,,4.0,-140000.0,False
810.0,12,en_route,2,309.2909657725539,-75200.73812844389,False
810.0,13,en_route,2,309.82549216953777,-75200.73590838097,False
810.0,14,en_route,2,312.4981234388047,-75200.72485821837,False
810.0,15,en_route,2,313.5671756138858,-75200.72046155753,False
810.0,16,en_route,2,310.36001851871544,-75200.73369166139,False
810.0,17,en_route,2,313.03264955003215,-75200.72265821631,False
810.0,18,en_route,2,313.03264955003215,-75200.72265821631,False
810.0,19,en_route,2,313.03264955003215,-75200.72265821631,False
810.0,20,en_route,2,313.03264955003215,-75200.72265821631,False
810.0,21,en_route,2,313.03264955003215,-75200.72265821631,False
810.0,22,en_route,1,41.61860760739965,-75200.00924728438,False
810.0,23,en_route,1,41.61860760739965,-75200.00924728438,False
810.0,24,en_route,1,41.61860760739965,-75200.00924728438,False
810.0,25,en_route,1,41.61860760739965,-75200.00924728438,False
810.0,26,en_route,1,41.61860760739965,-75200.00924728438,False
810.0,27,en_route,1,41.61860760739965,-75200.00924728438,False
810.0,28,en_route,1,41.61860760739965,-75200.00924728438,False
810.0,29,en_route,1,41.61860760739965,-75200.00924728438,False
810.0,30,en_route,1,41.61860760739965,-75200.00924728438,False
810.0,31,en_route,0,-416.3449608025315,-75201.38289250195,False
810.0,32,en_route,0,-416.3449608025315,-75201.38289250195,False
810.0,33,en_route,0,-416.3449608025315,-75201.38289250195,False
810.0,34,en_route,0,-416.3449608025315,-75201.38289250195,False
810.0,35,en_route,0,-416.3449608025315,-75201.38289250195,False
810.0,36,en_route,0,-416.3449608025315,-75201.38289250195,False
810.0,37,en_route,0,-416.3449608025315,-75201.38289250195,False
810.0,38,en_route,0,-416.3449608025315,-75201.38289250195,False
810.0,39,available,,7.0,-140000.0,False
810.0,40,available,,7.0,-140000.0,False
810.0,41,available,,7.0,-140000.0,False
840.0,1,en_route,2,325.4017646537867,-72800.74487077014,False
840.0,2,en_route,1,40.814210221117136,-72800.01063924574,False
840.0,3,en_route,0,-431.5063244656707,-72801.43726097455,False
840.0,4,available,,10.0,-140000.0,False
840.0,5,available,,5.0,-140000.0,False
840.0,6,available,,4.0,-140000.0,False
840.0,7,available,,4.0,-140000.0,False
840.0,8,available,,4.0,-140000.0,False
840.0,9,available,,4.0,-140000.0,False
840.0,10,available,,4.0,-140000.0,False
840.0,11,available,,4.0,-140000.0,False
840.0,12,en_route,2,320.74618672709295,-72800.7654665344,False
840.0,13,en_route,2,321.2634733610021,-72800.76316424694,False
840.0,14,en_route,2,323.84990578839006,-72800.75170481905,False
840.0,15,en_route,2,324.8844784144001,-72800.74714531892,False
840.0,16,en_route,2,321.7807599453345,-72800.76086542662,False
840.0,17,en_route,2,324.36719212595926,-72800.74942333544,False
840.0,18,en_route,2,324.36719212595926,-72800.74942333544,False
840.0,19,en_route,2,324.36719212595926,-72800.74942333544,False
840.0,20,en_route,2,324.36719212595926,-72800.74942333544,False
840.0,21,en_route,2,324.36719212595926,-72800.74942333544,False
840.0,22,en_route,1,42.900778259525566,-72800.0095897764,False
840.0,23,en_route,1,42.900778259525566,-72800.0095897764,False
840.0,24,en_route,1,42.900778259525566,-72800.0095897764,False
840.0,25,en_route,1,42.900778259525566,-72800.0095897764,False
840.0,26,en_route,1,42.900778259525566,-72800.0095897764,False
840.0,27,en_route,1,42.900778259525566,-72800.0095897764,False
840.0,28,en_route,1,42.900778259525566,-72800.0095897764,False
840.0,29,en_route,1,42.900778259525566,-72800.0095897764,False
840.0,30,en_route,1,42.900778259525566,-72800.0095897764,False
840.0,31,en_route,0,-432.02440379521784,-72801.43411074276,False
840.0,32,en_route,0,-432.02440379521784,-72801.43411074276,False
840.0,33,en_route,0,-432.02440379521784,-72801.43411074276,False
840.0,34,en_route,0,-432.02440379521784,-72801.43411074276,False
840.0,35,en_route,0,-432.02440379521784,-72801.43411074276,False
840.0,36,en_route,0,-432.02440379521784,-72801.43411074276,False
840.0,37,en_route,0,-432.02440379521784,-72801.43411074276,False
840.0,38,en_route,0,-432.02440379521784,-72801.43411074276,False
840.0,39,available,,7.0,-140000.0,False
840.0,40,available,,7.0,-140000.0,False
840.0,41,available,,7.0,-140000.0,False
870.0,1,en_route,2,336.70182767713624,-70400.77147329765,False
870.0,2,en_route,1,42.16471772901418,-70400.0110192188,False
870.0,3,en_route,0,-447.2029789108732,-70401.48859172364,False
870.0,4,available,,10.0,-140000.0,False
870.0,5,available,,5.0,-140000.0,False
870.0,6,available,,4.0,-140000.0,False
870.0,7,available,,4.0,-140000.0,False
870.0,8,available,,4.0,-140000.0,False
870.0,9,available,,4.0,-140000.0,False
870.0,10,available,,4.0,-140000.0,False
870.0,11,available,,4.0,-140000.0,False
870.0,12,en_route,2,332.20140768163196,-70400.79280462491,False
870.0,13,en_route,2,332.7014545524665,-70400.7904201129,False
870.0,14,en_route,2,335.2016881379754,-70400.77855141973,False
870.0,15,en_route,2,336.20178121491443,-70400.77382908031,False
870.0,16,en_route,2,333.2015013719536,-70400.78803919186,False
870.0,17,en_route,2,335.7017347018864,-70400.77618845456,False
870.0,18,en_route,2,335.7017347018864,-70400.77618845456,False
870.0,19,en_route,2,335.7017347018864,-70400.77618845456,False
870.0,20,en_route,2,335.7017347018864,-70400.77618845456,False
870.0,21,en_route,2,335.7017347018864,-70400.77618845456,False
870.0,22,en_route,1,44.18294891165148,-70400.00993226841,False
870.0,23,en_route,1,44.18294891165148,-70400.00993226841,False
870.0,24,en_route,1,44.18294891165148,-70400.00993226841,False
870.0,25,en_route,1,44.18294891165148,-70400.00993226841,False
870.0,26,en_route,1,44.18294891165148,-70400.00993226841,False
870.0,27,en_route,1,44.18294891165148,-70400.00993226841,False
870.0,28,en_route,1,44.18294891165148,-70400.00993226841,False
870.0,29,en_route,1,44.18294891165148,-70400.00993226841,False
870.0,30,en_route,1,44.18294891165148,-70400.00993226841,False
870.0,31,en_route,0,-447.7038467879042,-70401.48532898357,False
870.0,32,en_route,0,-447.7038467879042,-70401.48532898357,False
870.0,33,en_route,0,-447.7038467879042,-70401.48532898357,False
870.0,34,en_route,0,-447.7038467879042,-70401.48532898357,False
870.0,35,en_route,0,-447.7038467879042,-70401.48532898357,False
870.0,36,en_route,0,-447.7038467879042,-70401.48532898357,False
870.0,37,en_route,0,-447.7038467879042,-70401.48532898357,False
870.0,38,en_route,0,-447.7038467879042,-70401.48532898357,False
870.0,39,available,,7.0,-140000.0,False
870.0,40,available,,7.0,-140000.0,False
870.0,41,available,,7.0,-140000.0,False
900.0,1,en_route,2,348.0018907004858,-68000.79807582515,False
900.0,2,en_route,1,43.51522523691122,-68000.01139919186,False
900.0,3,en_route,0,-462.8996333560757,-68001.53992247273,False
900.0,4,available,,10.0,-140000.0,False
900.0,5,available,,5.0,-140000.0,False
900.0,6,available,,4.0,-140000.0,False
900.0,7,available,,4.0,-140000.0,False
900.0,8,available,,4.0,-140000.0,False
900.0,9,available,,4.0,-140000.0,False
900.0,10,available,,4.0,-140000.0,False
900.0,11,available,,4.0,-140000.0,False
900.0,12,en_route,2,343.65662863617104,-68000.82014271543,False
900.0,13,en_route,2,344.13943574393085,-68000.81767597886,False
900.0,14,en_route,2,346.55347048756073,-68000.80539802041,False
900.0,15,en_route,2,347.51908401542875,-68000.8005128417,False
900.0,16,en_route,2,344.6222427985727,-68000.8152129571,False
900.0,17,en_route,2,347.0362772778135,-68000.80295357369,False
900.0,18,en_route,2,347.0362772778135,-68000.80295357369,False
900.0,19,en_route,2,347.0362772778135,-68000.80295357369,False
900.0,20,en_route,2,347.0362772778135,-68000.80295357369,False
900.0,21,en_route,2,347.0362772778135,-68000.80295357369,False
900.0,22,en_route,1,45.46511956377739,-68000.01027476043,False
900.0,23,en_route,1,45.46511956377739,-68000.01027476043,False
900.0,24,en_route,1,45.46511956377739,-68000.01027476043,False
900.0,25,en_route,1,45.46511956377739,-68000.01027476043,False
900.0,26,en_route,1,45.46511956377739,-68000.01027476043,False
900.0,27,en_route,1,45.46511956377739,-68000.01027476043,False
900.0,28,en_route,1,45.46511956377739,-68000.01027476043,False
900.0,29,en_route,1,45.46511956377739,-68000.01027476043,False
900.0,30,en_route,1,45.46511956377739,-68000.01027476043,False
900.0,31,en_route,0,-463.38328978059053,-68001.53654722439,False
900.0,32,en_route,0,-463.38328978059053,-68001.53654722439,False
900.0,33,en_route,0,-463.38328978059053,-68001.53654722439,False
900.0,34,en_route,0,-463.38328978059053,-68001.53654722439,False
900.0,35,en_route,0,-463.38328978059053,-68001.53654722439,False
900.0,36,en_route,0,-463.38328978059053,-68001.53654722439,False
900.0,37,en_route,0,-463.38328978059053,-68001.53654722439,False
900.0,38,en_route,0,-463.38328978059053,-68001.53654722439,False
900.0,39,available,,7.0,-140000.0,False
900.0,40,available,,7.0,-140000.0,False
900.0,41,available,,7.0,-140000.0,False
930.0,1,en_route,2,359.3019537238353,-65600.82467835266,False
930.0,2,en_route,1,44.865732744808255,-65600.01177916492,False
930.0,3,en_route,0,-478.5962878012782,-65601.59125322182,False
930.0,4,available,,10.0,-140000.0,False
930.0,5,available,,5.0,-140000.0,False
930.0,6,available,,4.0,-140000.0,False
930.0,7,available,,4.0,-140000.0,False
930.0,8,available,,4.0,-140000.0,False
930.0,9,available,,4.0,-140000.0,False
930.0,10,available,,4.0,-140000.0,False
930.0,11,available,,4.0,-140000.0,False
930.0,12,en_route,2,355.1118495907101,-65600.84748080594,False
930.0,13,en_route,2,355.5774169353952,-65600.84493184483,False
930.0,14,en_route,2,357.90525283714607,-65600.8322446211,False
930.0,15,en_route,2,358.83638681594306,-65600.8271966031,False
930.0,16,en_route,2,356.0429842251918,-65600.84238672233,False
930.0,17,en_route,2,358.3708198537406,-65600.82971869281,False
930.0,18,en_route,2,358.3708198537406,-65600.82971869281,False
930.0,19,en_route,2,358.3708198537406,-65600.82971869281,False
930.0,20,en_route,2,358.3708198537406,-65600.82971869281,False
930.0,21,en_route,2,358.3708198537406,-65600.82971869281,False
930.0,22,en_route,1,46.747290215903305,-65600.01061725244,False
930.0,23,en_route,1,46.747290215903305,-65600.01061725244,False
930.0,24,en_route,1,46.747290215903305,-65600.01061725244,False
930.0,25,en_route,1,46.747290215903305,-65600.01061725244,False
930.0,26,en_route,1,46.747290215903305,-65600.01061725244,False
930.0,27,en_route,1,46.747290215903305,-65600.01061725244,False
930.0,28,en_route,1,46.747290215903305,-65600.01061725244,False
930.0,29,en_route,1,46.747290215903305,-65600.01061725244,False
930.0,30,en_route,1,46.747290215903305,-65600.01061725244,False
930.0,31,en_route,0,-479.0627327732769,-65601.5877654652,False
930.0,32,en_route,0,-479.0627327732769,-65601.5877654652,False
930.0,33,en_route,0,-479.0627327732769,-65601.5877654652,False
930.0,34,en_route,0,-479.0627327732769,-65601.5877654652,False
930.0,35,en_route,0,-479.0627327732769,-65601.5877654652,False
930.0,36,en_route,0,-479.0627327732769,-65601.5877654652,False
930.0,37,en_route,0,-479.0627327732769,-65601.5877654652,False
930.0,38,en_route,0,-479.0627327732769,-65601.5877654652,False
930.0,39,available,,7.0,-140000.0,False
930.0,40,available,,7.0,-140000.0,False
930.0,41,available,,7.0,-140000.0,False
960.0,1,en_route,2,370.60201674718485,-63200.85128088016,False
960.0,2,en_route,1,46.21624025270529,-63200.01215913798,False
960.0,3,en_route,0,-494.2929422464807,-63201.642583970905,False
960.0,4,available,,10.0,-140000.0,False
960.0,5,available,,5.0,-140000.0,False
960.0,6,available,,4.0,-140000.0,False
960.0,7,available,,4.0,-140000.0,False
960.0,8,available,,4.0,-140000.0,False
960.0,9,available,,4.0,-140000.0,False
960.0,10,available,,4.0,-140000.0,False
960.0,11,available,,4.0,-140000.0,False
960.0,12,en_route,2,366.5670705452492,-63200.87481889646,False
960.0,13,en_route,2,367.01539812685957,-63200.87218771079,False
960.0,14,en_route,2,369.2570351867314,-63200.85909122177,False
960.0,15,en_route,2,370.15368961645737,-63200.8538803645,False
960.0,16,en_route,2,367.4637256518109,-63200.86956048757,False
960.0,17,en_route,2,369.70536242966773,-63200.85648381193,False
960.0,18,en_route,2,369.70536242966773,-63200.85648381193,False
960.0,19,en_route,2,369.70536242966773,-63200.85648381193,False
960.0,20,en_route,2,369.70536242966773,-63200.85648381193,False
960.0,21,en_route,2,369.70536242966773,-63200.85648381193,False
960.0,22,en_route,1,48.02946086802922,-63200.01095974446,False
960.0,23,en_route,1,48.02946086802922,-63200.01095974446,False
960.0,24,en_route,1,48.02946086802922,-63200.01095974446,False
960.0,25,en_route,1,48.02946086802922,-63200.01095974446,False
960.0,26,en_route,1,48.02946086802922,-63200.01095974446,False
960.0,27,en_route,1,48.02946086802922,-63200.01095974446,False
960.0,28,en_route,1,48.02946086802922,-63200.01095974446,False
960.0,29,en_route,1,48.02946086802922,-63200.01095974446,False
960.0,30,en_route,1,48.02946086802922,-63200.01095974446,False
960.0,31,en_route,0,-494.7421757659632,-63201.638983706005,False
960.0,32,en_route,0,-494.7421757659632,-63201.638983706005,False
960.0,33,en_route,0,-494.7421757659632,-63201.638983706005,False
960.0,34,en_route,0,-494.7421757659632,-63201.638983706005,False
960.0,35,en_route,0,-494.7421757659632,-63201.638983706005,False
960.0,36,en_route,0,-494.7421757659632,-63201.638983706005,False
960.0,37,en_route,0,-494.7421757659632,-63201.638983706005,False
960.0,38,en_route,0,-494.7421757659632,-63201.638983706005,False
960.0,39,available,,7.0,-140000.0,False
960.0,40,available,,7.0,-140000.0,False
960.0,41,available,,7.0,-140000.0,False
990.0,1,en_route,2,381.9020797705344,-60800.877883407666,False
990.0,2,en_route,1,47.566747760602325,-60800.012539111034,False
990.0,3,en_route,0,-509.98959669168323,-60801.69391471999,False
990.0,4,available,,10.0,-140000.0,False
990.0,5,available,,5.0,-140000.0,False
990.0,6,available,,4.0,-140000.0,False
990.0,7,available,,4.0,-140000.0,False
990.0,8,available,,4.0,-140000.0,False
990.0,9,available,,4.0,-140000.0,False
990.0,10,available,,4.0,-140000.0,False
990.0,11,available,,4.0,-140000.0,False
990.0,12,en_route,2,378.02229149978825,-60800.90215698698,False
990.0,13,en_route,2,378.4533793183239,-60800.89944357675,False
990.0,14,en_route,2,380.60881753631674,-60800.885937822444,False
990.0,15,en_route,2,381.4709924169717,-60800.880564125895,False
990.0,16,en_route,2,378.88446707842996,-60800.896734252805,False
990.0,17,en_route,2,381.03990500559485,-60800.883248931044,False
990.0,18,en_route,2,381.03990500559485,-60800.883248931044,False
990.0,19,en_route,2,381.03990500559485,-60800.883248931044,False
990.0,20,en_route,2,381.03990500559485,-60800.883248931044,False
990.0,21,en_route,2,381.03990500559485,-60800.883248931044,False
990.0,22,en_route,1,49.31163152015513,-60800.01130223648,False
990.0,23,en_route,1,49.31163152015513,-60800.01130223648,False
990.0,24,en_route,1,49.31163152015513,-60800.01130223648,False
990.0,25,en_route,1,49.31163152015513,-60800.01130223648,False
990.0,26,en_route,1,49.31163152015513,-60800.01130223648,False
990.0,27,en_route,1,49.31163152015513,-60800.01130223648,False
990.0,28,en_route,1,49.31163152015513,-60800.01130223648,False
990.0,29,en_route,1,49.31163152015513,-60800.01130223648,False
990.0,30,en_route,1,49.31163152015513,-60800.01130223648,False
990.0,31,en_route,0,-510.4216187586496,-60801.69020194681,False
990.0,32,en_route,0,-510.4216187586496,-60801.69020194681,False
990.0,33,en_route,0,-510.4216187586496,-60801.69020194681,False
990.0,34,en_route,0,-510.4216187586496,-60801.69020194681,False
990.0,35,en_route,0,-510.4216187586496,-60801.69020194681,False
990.0,36,en_route,0,-510.4216187586496,-60801.69020194681,False
990.0,37,en_route,0,-510.4216187586496,-60801.69020194681,False
990.0,38,en_route,0,-510.4216187586496,-60801.69020194681,False
990.0,39,available,,7.0,-140000.0,False
990.0,40,available,,7.0,-140000.0,False
990.0,41,available,,7.0,-140000.0,False
1020.0,1,en_route,2,393.2021427938839,-58400.90448593517,False
1020.0,2,en_route,1,48.91725526849937,-58400.01291908409,False
1020.0,3,en_route,0,-525.6862511368857,-58401.74524546907,False
1020.0,4,available,,10.0,-140000.0,False
1020.0,5,available,,5.0,-140000.0,False
1020.0,6,available,,4.0,-140000.0,False
1020.0,7,available,,4.0,-140000.0,False
1020.0,8,available,,4.0,-140000.0,False
1020.0,9,available,,4.0,-140000.0,False
1020.0,10,available,,4.0,-140000.0,False
1020.0,11,available,,4.0,-140000.0,False
1020.0,12,en_route,2,389.4775124543273,-58400.9294950775,False
1020.0,13,en_route,2,389.8913605097883,-58400.926699442716,False
1020.0,14,en_route,2,391.96059988590207,-58400.91278442312,False
1020.0,15,en_route,2,392.788295217486,-58400.90724788729,False
1020.0,16,en_route,2,390.30520850504905,-58400.92390801804,False
1020.0,17,en_route,2,392.37444758152196,-58400.91001405016,False
1020.0,18,en_route,2,392.37444758152196,-58400.91001405016,False
1020.0,19,en_route,2,392.37444758152196,-58400.91001405016,False
1020.0,20,en_route,2,392.37444758152196,-58400.91001405016,False
1020.0,21,en_route,2,392.37444758152196,-58400.91001405016,False
1020.0,22,en_route,1,50.593802172281045,-58400.0116447285,False
1020.0,23,en_route,1,50.593802172281045,-58400.0116447285,False
1020.0,24,en_route,1,50.593802172281045,-58400.0116447285,False
1020.0,25,en_route,1,50.593802172281045,-58400.0116447285,False
1020.0,26,en_route,1,50.593802172281045,-58400.0116447285,False
1020.0,27,en_route,1,50.593802172281045,-58400.0116447285,False
1020.0,28,en_route,1,50.593802172281045,-58400.0116447285,False
1020.0,29,en_route,1,50.593802172281045,-58400.0116447285,False
1020.0,30,en_route,1,50.593802172281045,-58400.0116447285,False
1020.0,31,en_route,0,-526.1010617513359,-58401.741420187616,False
1020.0,32,en_route,0,-526.1010617513359,-58401.741420187616,False
1020.0,33,en_route,0,-526.1010617513359,-58401.741420187616,False
1020.0,34,en_route,0,-526.1010617513359,-58401.741420187616,False
1020.0,35,en_route,0,-526.1010617513359,-58401.741420187616,False
1020.0,36,en_route,0,-526.1010617513359,-58401.741420187616,False
1020.0,37,en_route,0,-526.1010617513359,-58401.741420187616,False
1020.0,38,en_route,0,-526.1010617513359,-58401.741420187616,False
1020.0,39,available,,7.0,-140000.0,False
1020.0,40,available,,7.0,-140000.0,False
1020.0,41,available,,7.0,-140000.0,False
1050.0,1,en_route,2,404.50220581723346,-56000.931088462676,False
1050.0,2,en_route,1,50.26776277639641,-56000.013299057144,False
1050.0,3,en_route,0,-541.3829055820883,-56001.796576218156,False
1050.0,4,available,,10.0,-140000.0,False
1050.0,5,available,,5.0,-140000.0,False
1050.0,6,available,,4.0,-140000.0,False
1050.0,7,available,,4.0,-140000.0,False
1050.0,8,available,,4.0,-140000.0,False
1050.0,9,available,,4.0,-140000.0,False
1050.0,10,available,,4.0,-140000.0,False
1050.0,11,available,,4.0,-140000.0,False
1050.0,12,en_route,2,400.9327334088664,-56000.95683316802,False
1050.0,13,en_route,2,401.32934170125264,-56000.95395530868,False
1050.0,14,en_route,2,403.31238223548746,-56000.93963102379,False
1050.0,15,en_route,2,404.1055980180003,-56000.93393164869,False
1050.0,16,en_route,2,401.72594993166814,-56000.95108178328,False
1050.0,17,en_route,2,403.7089901574491,-56000.93677916928,False
1050.0,18,en_route,2,403.7089901574491,-56000.93677916928,False
1050.0,19,en_route,2,403.7089901574491,-56000.93677916928,False
1050.0,20,en_route,2,403.7089901574491,-56000.93677916928,False
1050.0,21,en_route,2,403.7089901574491,-56000.93677916928,False
1050.0,22,en_route,1,51.875972824406965,-56000.011987220525,False
1050.0,23,en_route,1,51.875972824406965,-56000.011987220525,False
1050.0,24,en_route,1,51.875972824406965,-56000.011987220525,False
1050.0,25,en_route,1,51.875972824406965,-56000.011987220525,False
1050.0,26,en_route,1,51.875972824406965,-56000.011987220525,False
1050.0,27,en_route,1,51.875972824406965,-56000.011987220525,False
1050.0,28,en_route,1,51.875972824406965,-56000.011987220525,False
1050.0,29,en_route,1,51.875972824406965,-56000.011987220525,False
1050.0,30,en_route,1,51.875972824406965,-56000.011987220525,False
1050.0,31,en_route,0,-541.7805047440222,-56001.79263842842,False
1050.0,32,en_route,0,-541.7805047440222,-56001.79263842842,False
1050.0,33,en_route,0,-541.7805047440222,-56001.79263842842,False
1050.0,34,en_route,0,-541.7805047440222,-56001.79263842842,False
1050.0,35,en_route,0,-541.7805047440222,-56001.79263842842,False
1050.0,36,en_route,0,-541.7805047440222,-56001.79263842842,False
1050.0,37,en_route,0,-541.7805047440222,-56001.79263842842,False
1050.0,38,en_route,0,-541.7805047440222,-56001.79263842842,False
1050.0,39,available,,7.0,-140000.0,False
1050.0,40,available,,7.0,-140000.0,False
1050.0,41,available,,7.0,-140000.0,False
1080.0,1,en_route,2,415.802268840583,-53600.95769099018,False
1080.0,2,en_route,1,51.61827028429345,-53600.0136790302,False
1080.0,3,en_route,0,-557.0795600272908,-53601.84790696724,False
1080.0,4,available,,10.0,-140000.0,False
1080.0,5,available,,5.0,-140000.0,False
1080.0,6,available,,4.0,-140000.0,False
1080.0,7,available,,4.0,-140000.0,False
1080.0,8,available,,4.0,-140000.0,False
1080.0,9,available,,4.0,-140000.0,False
1080.0,10,available,,4.0,-140000.0,False
1080.0,11,available,,4.0,-140000.0,False
1080.0,12,en_route,2,412.3879543634054,-53600.98417125854,False
1080.0,13,en_route,2,412.767322892717,-53600.98121117464,False
1080.0,14,en_route,2,414.66416458507285,-53600.96647762447,False
1080.0,15,en_route,2,415.4229008185146,-53600.960615410084,False
1080.0,16,en_route,2,413.1466913582872,-53600.978255548514,False
1080.0,17,en_route,2,415.0435327333762,-53600.963544288395,False
1080.0,18,en_route,2,415.0435327333762,-53600.963544288395,False
1080.0,19,en_route,2,415.0435327333762,-53600.963544288395,False
1080.0,20,en_route,2,415.0435327333762,-53600.963544288395,False
1080.0,21,en_route,2,415.0435327333762,-53600.963544288395,False
1080.0,22,en_route,1,53.15814347653288,-53600.01232971255,False
1080.0,23,en_route,1,53.15814347653288,-53600.01232971255,False
1080.0,24,en_route,1,53.15814347653288,-53600.01232971255,False
1080.0,25,en_route,1,53.15814347653288,-53600.01232971255,False
1080.0,26,en_route,1,53.15814347653288,-53600.01232971255,False
1080.0,27,en_route,1,53.15814347653288,-53600.01232971255,False
1080.0,28,en_route,1,53.15814347653288,-53600.01232971255,False
1080.0,29,en_route,1,53.15814347653288,-53600.01232971255,False
1080.0,30,en_route,1,53.15814347653288,-53600.01232971255,False
1080.0,31,en_route,0,-557.4599477367085,-53601.84385666923,False
1080.0,32,en_route,0,-557.4599477367085,-53601.84385666923,False
1080.0,33,en_route,0,-557.4599477367085,-53601.84385666923,False
1080.0,34,en_route,0,-557.4599477367085,-53601.84385666923,False
1080.0,35,en_route,0,-557.4599477367085,-53601.84385666923,False
1080.0,36,en_route,0,-557.4599477367085,-53601.84385666923,False
1080.0,37,en_route,0,-557.4599477367085,-53601.84385666923,False
1080.0,38,en_route,0,-557.4599477367085,-53601.84385666923,False
1080.0,39,available,,7.0,-140000.0,False
1080.0,40,available,,7.0,-140000.0,False
1080.0,41,available,,7.0,-140000.0,False
1110.0,1,en_route,2,427.10233186393253,-51200.984293517686,False
1110.0,2,en_route,1,52.968777792190494,-51200.01405900325,False
1110.0,3,en_route,0,-572.7762144724933,-51201.89923771632,False
1110.0,4,available,,10.0,-140000.0,False
1110.0,5,available,,5.0,-140000.0,False
1110.0,6,available,,4.0,-140000.0,False
1110.0,7,available,,4.0,-140000.0,False
1110.0,8,available,,4.0,-140000.0,False
1110.0,9,available,,4.0,-140000.0,False
1110.0,10,available,,4.0,-140000.0,False
1110.0,11,available,,4.0,-140000.0,False
1110.0,12,en_route,2,423.84317531794443,-51201.01150934906,False
1110.0,13,en_route,2,424.20530408418136,-51201.00846704061,False
1110.0,14,en_route,2,426.01594693465825,-51200.99332422514,False
1110.0,15,en_route,2,426.74020361902893,-51200.98729917148,False
1110.0,16,en_route,2,424.5674327849063,-51201.00542931375,False
1110.0,17,en_route,2,426.3780753093033,-51200.99030940751,False
1110.0,18,en_route,2,426.3780753093033,-51200.99030940751,False
1110.0,19,en_route,2,426.3780753093033,-51200.99030940751,False
1110.0,20,en_route,2,426.3780753093033,-51200.99030940751,False
1110.0,21,en_route,2,426.3780753093033,-51200.99030940751,False
1110.0,22,en_route,1,54.4403141286588,-51200.01267220457,False
1110.0,23,en_route,1,54.4403141286588,-51200.01267220457,False
1110.0,24,en_route,1,54.4403141286588,-51200.01267220457,False
1110.0,25,en_route,1,54.4403141286588,-51200.01267220457,False
1110.0,26,en_route,1,54.4403141286588,-51200.01267220457,False
1110.0,27,en_route,1,54.4403141286588,-51200.01267220457,False
1110.0,28,en_route,1,54.4403141286588,-51200.01267220457,False
1110.0,29,en_route,1,54.4403141286588,-51200.01267220457,False
1110.0,30,en_route,1,54.4403141286588,-51200.01267220457,False
1110.0,31,en_route,0,-573.1393907293948,-51201.89507491003,False
1110.0,32,en_route,0,-573.1393907293948,-51201.89507491003,False
1110.0,33,en_route,0,-573.1393907293948,-51201.89507491003,False
1110.0,34,en_route,0,-573.1393907293948,-51201.89507491003,False
1110.0,35,en_route,0,-573.1393907293948,-51201.89507491003,False
1110.0,36,en_route,0,-573.1393907293948,-51201.89507491003,False
1110.0,37,en_route,0,-573.1393907293948,-51201.89507491003,False
1110.0,38,en_route,0,-573.1393907293948,-51201.89507491003,False
1110.0,39,available,,7.0,-140000.0,False
1110.0,40,available,,7.0,-140000.0,False
1110.0,41,available,,7.0,-140000.0,False
1140.0,1,en_route,2,438.40239488728207,-48801.01089604519,False
1140.0,2,en_route,1,54.319285300087536,-48800.01443897631,False
1140.0,3,en_route,0,-588.4728689176958,-48801.95056846541,False
1140.0,4,available,,10.0,-140000.0,False
1140.0,5,available,,5.0,-140000.0,False
1140.0,6,available,,4.0,-140000.0,False
1140.0,7,available,,4.0,-140000.0,False
1140.0,8,available,,4.0,-140000.0,False
1140.0,9,available,,4.0,-140000.0,False
1140.0,10,available,,4.0,-140000.0,False
1140.0,11,available,,4.0,-140000.0,False
1140.0,12,en_route,2,435.29839627248344,-48801.03884743958,False
1140.0,13,en_route,2,435.6432852756457,-48801.03572290657,False
1140.0,14,en_route,2,437.36772928424364,-48801.02017082582,False
1140.0,15,en_route,2,438.05750641954324,-48801.01398293288,False
1140.0,16,en_route,2,435.9881742115254,-48801.03260307899,False
1140.0,17,en_route,2,437.71261788523043,-48801.01707452663,False
1140.0,18,en_route,2,437.71261788523043,-48801.01707452663,False
1140.0,19,en_route,2,437.71261788523043,-48801.01707452663,False
1140.0,20,en_route,2,437.71261788523043,-48801.01707452663,False
1140.0,21,en_route,2,437.71261788523043,-48801.01707452663,False
1140.0,22,en_route,1,55.72248478078471,-48800.01301469659,False
1140.0,23,en_route,1,55.72248478078471,-48800.01301469659,False
1140.0,24,en_route,1,55.72248478078471,-48800.01301469659,False
1140.0,25,en_route,1,55.72248478078471,-48800.01301469659,False
1140.0,26,en_route,1,55.72248478078471,-48800.01301469659,False
1140.0,27,en_route,1,55.72248478078471,-48800.01301469659,False
1140.0,28,en_route,1,55.72248478078471,-48800.01301469659,False
1140.0,29,en_route,1,55.72248478078471,-48800.01301469659,False
1140.0,30,en_route,1,55.72248478078471,-48800.01301469659,False
1140.0,31,en_route,0,-588.8188337220811,-48801.94629315084,False
1140.0,32,en_route,0,-588.8188337220811,-48801.94629315084,False
1140.0,33,en_route,0,-588.8188337220811,-48801.94629315084,False
1140.0,34,en_route,0,-588.8188337220811,-48801.94629315084,False
1140.0,35,en_route,0,-588.8188337220811,-48801.94629315084,False
1140.0,36,en_route,0,-588.8188337220811,-48801.94629315084,False
1140.0,37,en_route,0,-588.8188337220811,-48801.94629315084,False
1140.0,38,en_route,0,-588.8188337220811,-48801.94629315084,False
1140.0,39,available,,7.0,-140000.0,False
1140.0,40,available,,7.0,-140000.0,False
1140.0,41,available,,7.0,-140000.0,False
1170.0,1,en_route,2,449.7024579106316,-46401.037498572696,False
1170.0,2,en_route,1,55.66979280798457,-46400.01481894936,False
1170.0,3,en_route,0,-604.1695233628983,-46402.00189921449,False
1170.0,4,available,,10.0,-140000.0,False
1170.0,5,available,,5.0,-140000.0,False
1170.0,6,available,,4.0,-140000.0,False
1170.0,7,available,,4.0,-140000.0,False
1170.0,8,available,,4.0,-140000.0,False
1170.0,9,available,,4.0,-140000.0,False
1170.0,10,available,,4.0,-140000.0,False
1170.0,11,available,,4.0,-140000.0,False
1170.0,12,en_route,2,446.75361722702246,-46401.0661855301,False
1170.0,13,en_route,2,447.0812664671101,-46401.062978772534,False
1170.0,14,en_route,2,448.719511633829,-46401.04701742649,False
1170.0,15,en_route,2,449.37480922005756,-46401.04066669427,False
1170.0,16,en_route,2,447.4089156381445,-46401.059776844224,False
1170.0,17,en_route,2,449.04716046115755,-46401.04383964575,False
1170.0,18,en_route,2,449.04716046115755,-46401.04383964575,False
1170.0,19,en_route,2,449.04716046115755,-46401.04383964575,False
1170.0,20,en_route,2,449.04716046115755,-46401.04383964575,False
1170.0,21,en_route,2,449.04716046115755,-46401.04383964575,False
1170.0,22,en_route,1,57.004655432910624,-46400.01335718861,False
1170.0,23,en_route,1,57.004655432910624,-46400.01335718861,False
1170.0,24,en_route,1,57.004655432910624,-46400.01335718861,False
1170.0,25,en_route,1,57.004655432910624,-46400.01335718861,False
1170.0,26,en_route,1,57.004655432910624,-46400.01335718861,False
1170.0,27,en_route,1,57.004655432910624,-46400.01335718861,False
1170.0,28,en_route,1,57.004655432910624,-46400.01335718861,False
1170.0,29,en_route,1,57.004655432910624,-46400.01335718861,False
1170.0,30,en_route,1,57.004655432910624,-46400.01335718861,False
1170.0,31,en_route,0,-604.4982767147674,-46401.997511391644,False
1170.0,32,en_route,0,-604.4982767147674,-46401.997511391644,False
1170.0,33,en_route,0,-604.4982767147674,-46401.997511391644,False
1170.0,34,en_route,0,-604.4982767147674,-46401.997511391644,False
1170.0,35,en_route,0,-604.4982767147674,-46401.997511391644,False
1170.0,36,en_route,0,-604.4982767147674,-46401.997511391644,False
1170.0,37,en_route,0,-604.4982767147674,-46401.997511391644,False
1170.0,38,en_route,0,-604.4982767147674,-46401.997511391644,False
1170.0,39,available,,7.0,-140000.0,False
1170.0,40,available,,7.0,-140000.0,False
1170.0,41,available,,7.0,-140000.0,False
1200.0,1,en_route,2,461.00252093398115,-44001.0641011002,False
1200.0,2,en_route,1,57.02030031588161,-44000.01519892242,False
1200.0,3,en_route,0,-619.8661778081008,-44002.05322996358,False
1200.0,4,available,,10.0,-140000.0,False
1200.0,5,available,,5.0,-140000.0,False
1200.0,6,available,,4.0,-140000.0,False
1200.0,7,available,,4.0,-140000.0,False
1200.0,8,available,,4.0,-140000.0,False
1200.0,9,available,,4.0,-140000.0,False
1200.0,10,available,,4.0,-140000.0,False
1200.0,11,available,,4.0,-140000.0,False
1200.0,12,en_route,2,458.20883818156153,-44001.09352362062,False
1200.0,13,en_route,2,458.51924765857444,-44001.0902346385,False
1200.0,14,en_route,2,460.0712939834143,-44001.07386402717,False
1200.0,15,en_route,2,460.69211202057187,-44001.06735045567,False
1200.0,16,en_route,2,458.8296570647636,-44001.08695060946,False
1200.0,17,en_route,2,460.38170303708466,-44001.070604764864,False
1200.0,18,en_route,2,460.38170303708466,-44001.070604764864,False
1200.0,19,en_route,2,460.38170303708466,-44001.070604764864,False
1200.0,20,en_route,2,460.38170303708466,-44001.070604764864,False
1200.0,21,en_route,2,460.38170303708466,-44001.070604764864,False
1200.0,22,en_route,1,58.286826085036544,-44000.01369968063,False
1200.0,23,en_route,1,58.286826085036544,-44000.01369968063,False
1200.0,24,en_route,1,58.286826085036544,-44000.01369968063,False
1200.0,25,en_route,1,58.286826085036544,-44000.01369968063,False
1200.0,26,en_route,1,58.286826085036544,-44000.01369968063,False
1200.0,27,en_route,1,58.286826085036544,-44000.01369968063,False
1200.0,28,en_route,1,58.286826085036544,-44000.01369968063,False
1200.0,29,en_route,1,58.286826085036544,-44000.01369968063,False
1200.0,30,en_route,1,58.286826085036544,-44000.01369968063,False
1200.0,31,en_route,0,-620.1777197074537,-44002.04872963245,False
1200.0,32,en_route,0,-620.1777197074537,-44002.04872963245,False
1200.0,33,en_route,0,-620.1777197074537,-44002.04872963245,False
1200.0,34,en_route,0,-620.1777197074537,-44002.04872963245,False
1200.0,35,en_route,0,-620.1777197074537,-44002.04872963245,False
1200.0,36,en_route,0,-620.1777197074537,-44002.04872963245,False
1200.0,37,en_route,0,-620.1777197074537,-44002.04872963245,False
1200.0,38,en_route,0,-620.1777197074537,-44002.04872963245,False
1200.0,39,available,,7.0,-140000.0,False
1200.0,40,available,,7.0,-140000.0,False
1200.0,41,available,,7.0,-140000.0,False
1230.0,1,en_route,2,472.3025839573306,-41601.090703627706,False
1230.0,2,en_route,1,58.37080782377865,-41600.01557889547,False
1230.0,3,en_route,0,-635.5628322533033,-41602.10456071267,False
1230.0,4,available,,10.0,-140000.0,False
1230.0,5,available,,5.0,-140000.0,False
1230.0,6,available,,4.0,-140000.0,False
1230.0,7,available,,4.0,-140000.0,False
1230.0,8,available,,4.0,-140000.0,False
1230.0,9,available,,4.0,-140000.0,False
1230.0,10,available,,4.0,-140000.0,False
1230.0,11,available,,4.0,-140000.0,False
1230.0,12,en_route,2,469.66405913610055,-41601.12086171114,False
1230.0,13,en_route,2,469.9572288500388,-41601.11749050446,False
1230.0,14,en_route,2,471.4230763329997,-41601.10071062784,False
1230.0,15,en_route,2,472.0094148210862,-41601.094034217065,False
1230.0,16,en_route,2,470.25039849138267,-41601.1141243747,False
1230.0,17,en_route,2,471.7162456130118,-41601.09736988398,False
1230.0,18,en_route,2,471.7162456130118,-41601.09736988398,False
1230.0,19,en_route,2,471.7162456130118,-41601.09736988398,False
1230.0,20,en_route,2,471.7162456130118,-41601.09736988398,False
1230.0,21,en_route,2,471.7162456130118,-41601.09736988398,False
1230.0,22,en_route,1,59.568996737162465,-41600.014042172654,False
1230.0,23,en_route,1,59.568996737162465,-41600.014042172654,False
1230.0,24,en_route,1,59.568996737162465,-41600.014042172654,False
1230.0,25,en_route,1,59.568996737162465,-41600.014042172654,False
1230.0,26,en_route,1,59.568996737162465,-41600.014042172654,False
1230.0,27,en_route,1,59.568996737162465,-41600.014042172654,False
1230.0,28,en_route,1,59.568996737162465,-41600.014042172654,False
1230.0,29,en_route,1,59.568996737162465,-41600.014042172654,False
1230.0,30,en_route,1,59.568996737162465,-41600.014042172654,False
1230.0,31,en_route,0,-635.85716270014,-41602.099947873256,False
1230.0,32,en_route,0,-635.85716270014,-41602.099947873256,False
1230.0,33,en_route,0,-635.85716270014,-41602.099947873256,False
1230.0,34,en_route,0,-635.85716270014,-41602.099947873256,False
1230.0,35,en_route,0,-635.85716270014,-41602.099947873256,False
1230.0,36,en_route,0,-635.85716270014,-41602.099947873256,False
1230.0,37,en_route,0,-635.85716270014,-41602.099947873256,False
1230.0,38,en_route,0,-635.85716270014,-41602.099947873256,False
1230.0,39,available,,7.0,-140000.0,False
1230.0,40,available,,7.0,-140000.0,False
1230.0,41,available,,7.0,-140000.0,False
1260.0,1,en_route,2,483.60264698068016,-39201.11730615521,False
1260.0,2,en_route,1,59.72131533167569,-39200.01595886853,False
1260.0,3,en_route,0,-651.2594866985058,-39202.15589146176,False
1260.0,4,available,,10.0,-140000.0,False
1260.0,5,available,,5.0,-140000.0,False
1260.0,6,available,,4.0,-140000.0,False
1260.0,7,available,,4.0,-140000.0,False
1260.0,8,available,,4.0,-140000.0,False
1260.0,9,available,,4.0,-140000.0,False
1260.0,10,available,,4.0,-140000.0,False
1260.0,11,available,,4.0,-140000.0,False
1260.0,12,en_route,2,481.11928009063956,-39201.14819980166,False
1260.0,13,en_route,2,481.39521004150316,-39201.144746370424,False
1260.0,14,en_route,2,482.7748586825851,-39201.127557228516,False
1260.0,15,en_route,2,483.3267176216005,-39201.12071797846,False
1260.0,16,en_route,2,481.67113991800176,-39201.14129813993,False
1260.0,17,en_route,2,483.0507881889389,-39201.1241350031,False
1260.0,18,en_route,2,483.0507881889389,-39201.1241350031,False
1260.0,19,en_route,2,483.0507881889389,-39201.1241350031,False
1260.0,20,en_route,2,483.0507881889389,-39201.1241350031,False
1260.0,21,en_route,2,483.0507881889389,-39201.1241350031,False
1260.0,22,en_route,1,60.85116738928838,-39200.014384664675,False
1260.0,23,en_route,1,60.85116738928838,-39200.014384664675,False
1260.0,24,en_route,1,60.85116738928838,-39200.014384664675,False
1260.0,25,en_route,1,60.85116738928838,-39200.014384664675,False
1260.0,26,en_route,1,60.85116738928838,-39200.014384664675,False
1260.0,27,en_route,1,60.85116738928838,-39200.014384664675,False
1260.0,28,en_route,1,60.85116738928838,-39200.014384664675,False
1260.0,29,en_route,1,60.85116738928838,-39200.014384664675,False
1260.0,30,en_route,1,60.85116738928838,-39200.014384664675,False
1260.0,31,en_route,0,-651.5366056928262,-39202.15116611406,False
1260.0,32,en_route,0,-651.5366056928262,-39202.15116611406,False
1260.0,33,en_route,0,-651.5366056928262,-39202.15116611406,False
1260.0,34,en_route,0,-651.5366056928262,-39202.15116611406,False
1260.0,35,en_route,0,-651.5366056928262,-39202.15116611406,False
1260.0,36,en_route,0,-651.5366056928262,-39202.15116611406,False
1260.0,37,en_route,0,-651.5366056928262,-39202.15116611406,False
1260.0,38,en_route,0,-651.5366056928262,-39202.15116611406,False
1260.0,39,available,,7.0,-140000.0,False
1260.0,40,available,,7.0,-140000.0,False
1260.0,41,available,,7.0,-140000.0,False
1290.0,1,en_route,2,494.9027100040297,-36801.143908682716,False
1290.0,2,en_route,1,61.07182283957273,-36800.01633884158,False
1290.0,3,en_route,0,-666.9561411437084,-36802.20722221085,False
1290.0,4,available,,10.0,-140000.0,False
1290.0,5,available,,5.0,-140000.0,False
1290.0,6,available,,4.0,-140000.0,False
1290.0,7,available,,4.0,-140000.0,False
1290.0,8,available,,4.0,-140000.0,False
1290.0,9,available,,4.0,-140000.0,False
1290.0,10,available,,4.0,-140000.0,False
1290.0,11,available,,4.0,-140000.0,False
1290.0,12,en_route,2,492.57450104517864,-36801.17553789218,False
1290.0,13,en_route,2,492.8331912329675,-36801.17200223639,False
1290.0,14,en_route,2,494.1266410321705,-36801.15440382919,False
1290.0,15,en_route,2,494.6440204221148,-36801.14740173986,False
1290.0,16,en_route,2,493.0918813446209,-36801.16847190517,False
1290.0,17,en_route,2,494.385330764866,-36801.150900122215,False
1290.0,18,en_route,2,494.385330764866,-36801.150900122215,False
1290.0,19,en_route,2,494.385330764866,-36801.150900122215,False
1290.0,20,en_route,2,494.385330764866,-36801.150900122215,False
1290.0,21,en_route,2,494.385330764866,-36801.150900122215,False
1290.0,22,en_route,1,62.13333804141429,-36800.0147271567,False
1290.0,23,en_route,1,62.13333804141429,-36800.0147271567,False
1290.0,24,en_route,1,62.13333804141429,-36800.0147271567,False
1290.0,25,en_route,1,62.13333804141429,-36800.0147271567,False
1290.0,26,en_route,1,62.13333804141429,-36800.0147271567,False
1290.0,27,en_route,1,62.13333804141429,-36800.0147271567,False
1290.0,28,en_route,1,62.13333804141429,-36800.0147271567,False
1290.0,29,en_route,1,62.13333804141429,-36800.0147271567,False
1290.0,30,en_route,1,62.13333804141429,-36800.0147271567,False
1290.0,31,en_route,0,-667.2160486855126,-36802.20238435487,False
1290.0,32,en_route,0,-667.2160486855126,-36802.20238435487,False
1290.0,33,en_route,0,-667.2160486855126,-36802.20238435487,False
1290.0,34,en_route,0,-667.2160486855126,-36802.20238435487,False
1290.0,35,en_route,0,-667.2160486855126,-36802.20238435487,False
1290.0,36,en_route,0,-667.2160486855126,-36802.20238435487,False
1290.0,37,en_route,0,-667.2160486855126,-36802.20238435487,False
1290.0,38,en_route,0,-667.2160486855126,-36802.20238435487,False
1290.0,39,available,,7.0,-140000.0,False
1290.0,40,available,,7.0,-140000.0,False
1290.0,41,available,,7.0,-140000.0,False
1320.0,1,en_route,2,506.2027730273792,-34401.17051121022,False
1320.0,2,en_route,1,62.42233034746977,-34400.01671881464,False
1320.0,3,en_route,0,-682.6527955889109,-34402.25855295993,False
1320.0,4,available,,10.0,-140000.0,False
1320.0,5,available,,5.0,-140000.0,False
1320.0,6,available,,4.0,-140000.0,False
1320.0,7,available,,4.0,-140000.0,False
1320.0,8,available,,4.0,-140000.0,False
1320.0,9,available,,4.0,-140000.0,False
1320.0,10,available,,4.0,-140000.0,False
1320.0,11,available,,4.0,-140000.0,False
1320.0,12,en_route,2,504.02972199971765,-34401.2028759827,False
1320.0,13,en_route,2,504.2711724244319,-34401.19925810235,False
1320.0,14,en_route,2,505.4784233817559,-34401.181250429865,False
1320.0,15,en_route,2,505.9613232226291,-34401.174085501254,False
1320.0,16,en_route,2,504.51262277124,-34401.19564567041,False
1320.0,17,en_route,2,505.71987334079313,-34401.17766524133,False
1320.0,18,en_route,2,505.71987334079313,-34401.17766524133,False
1320.0,19,en_route,2,505.71987334079313,-34401.17766524133,False
1320.0,20,en_route,2,505.71987334079313,-34401.17766524133,False
1320.0,21,en_route,2,505.71987334079313,-34401.17766524133,False
1320.0,22,en_route,1,63.41550869354021,-34400.01506964872,False
1320.0,23,en_route,1,63.41550869354021,-34400.01506964872,False
1320.0,24,en_route,1,63.41550869354021,-34400.01506964872,False
1320.0,25,en_route,1,63.41550869354021,-34400.01506964872,False
1320.0,26,en_route,1,63.41550869354021,-34400.01506964872,False
1320.0,27,en_route,1,63.41550869354021,-34400.01506964872,False
1320.0,28,en_route,1,63.41550869354021,-34400.01506964872,False
1320.0,29,en_route,1,63.41550869354021,-34400.01506964872,False
1320.0,30,en_route,1,63.41550869354021,-34400.01506964872,False
1320.0,31,en_route,0,-682.8954916781989,-34402.25360259567,False
1320.0,32,en_route,0,-682.8954916781989,-34402.25360259567,False
1320.0,33,en_route,0,-682.8954916781989,-34402.25360259567,False
1320.0,34,en_route,0,-682.8954916781989,-34402.25360259567,False
1320.0,35,en_route,0,-682.8954916781989,-34402.25360259567,False
1320.0,36,en_route,0,-682.8954916781989,-34402.25360259567,False
1320.0,37,en_route,0,-682.8954916781989,-34402.25360259567,False
1320.0,38,en_route,0,-682.8954916781989,-34402.25360259567,False
1320.0,39,available,,7.0,-140000.0,False
1320.0,40,available,,7.0,-140000.0,False
1320.0,41,available,,7.0,-140000.0,False
1350.0,1,en_route,2,517.5028360507287,-32001.197113737726,False
1350.0,2,en_route,1,63.77283785536681,-32000.01709878769,False
1350.0,3,en_route,0,-698.3494500341134,-32002.30988370902,False
1350.0,4,available,,10.0,-140000.0,False
1350.0,5,available,,5.0,-140000.0,False
1350.0,6,available,,4.0,-140000.0,False
1350.0,7,available,,4.0,-140000.0,False
1350.0,8,available,,4.0,-140000.0,False
1350.0,9,available,,4.0,-140000.0,False
1350.0,10,available,,4.0,-140000.0,False
1350.0,11,available,,4.0,-140000.0,False
1350.0,12,en_route,2,515.4849429542567,-32001.23021407322,False
1350.0,13,en_route,2,515.7091536158962,-32001.226513968315,False
1350.0,14,en_route,2,516.8302057313413,-32001.208097030543,False
1350.0,15,en_route,2,517.2786260231434,-32001.20076926265,False
1350.0,16,en_route,2,515.9333641978591,-32001.222819435647,False
1350.0,17,en_route,2,517.0544159167202,-32001.204430360453,False
1350.0,18,en_route,2,517.0544159167202,-32001.204430360453,False
1350.0,19,en_route,2,517.0544159167202,-32001.204430360453,False
1350.0,20,en_route,2,517.0544159167202,-32001.204430360453,False
1350.0,21,en_route,2,517.0544159167202,-32001.204430360453,False
1350.0,22,en_route,1,64.69767934566613,-32000.01541214074,False
1350.0,23,en_route,1,64.69767934566613,-32000.01541214074,False
1350.0,24,en_route,1,64.69767934566613,-32000.01541214074,False
1350.0,25,en_route,1,64.69767934566613,-32000.01541214074,False
1350.0,26,en_route,1,64.69767934566613,-32000.01541214074,False
1350.0,27,en_route,1,64.69767934566613,-32000.01541214074,False
1350.0,28,en_route,1,64.69767934566613,-32000.01541214074,False
1350.0,29,en_route,1,64.69767934566613,-32000.01541214074,False
1350.0,30,en_route,1,64.69767934566613,-32000.01541214074,False
1350.0,31,en_route,0,-698.5749346708853,-32002.304820836478,False
1350.0,32,en_route,0,-698.5749346708853,-32002.304820836478,False
1350.0,33,en_route,0,-698.5749346708853,-32002.304820836478,False
1350.0,34,en_route,0,-698.5749346708853,-32002.304820836478,False
1350.0,35,en_route,0,-698.5749346708853,-32002.304820836478,False
1350.0,36,en_route,0,-698.5749346708853,-32002.304820836478,False
1350.0,37,en_route,0,-698.5749346708853,-32002.304820836478,False
1350.0,38,en_route,0,-698.5749346708853,-32002.304820836478,False
1350.0,39,available,,7.0,-140000.0,False
1350.0,40,available,,7.0,-140000.0,False
1350.0,41,available,,7.0,-140000.0,False
1380.0,1,en_route,2,528.8028990740781,-29601.22371626523,False
1380.0,2,en_route,1,65.12334536326385,-29600.01747876075,False
1380.0,3,en_route,0,-714.0461044793159,-29602.361214458106,False
1380.0,4,available,,10.0,-140000.0,False
1380.0,5,available,,5.0,-140000.0,False
1380.0,6,available,,4.0,-140000.0,False
1380.0,7,available,,4.0,-140000.0,False
1380.0,8,available,,4.0,-140000.0,False
1380.0,9,available,,4.0,-140000.0,False
1380.0,10,available,,4.0,-140000.0,False
1380.0,11,available,,4.0,-140000.0,False
1380.0,12,en_route,2,526.9401639087957,-29601.25755216374,False
1380.0,13,en_route,2,527.1471348073605,-29601.25376983428,False
1380.0,14,en_route,2,528.1819880809267,-29601.23494363122,False
1380.0,15,en_route,2,528.5959288236577,-29601.227453024047,False
1380.0,16,en_route,2,527.3541056244782,-29601.249993200887,False
1380.0,17,en_route,2,528.3889584926474,-29601.231195479573,False
1380.0,18,en_route,2,528.3889584926474,-29601.231195479573,False
1380.0,19,en_route,2,528.3889584926474,-29601.231195479573,False
1380.0,20,en_route,2,528.3889584926474,-29601.231195479573,False
1380.0,21,en_route,2,528.3889584926474,-29601.231195479573,False
1380.0,22,en_route,1,65.97984999779204,-29600.01575463276,False
1380.0,23,en_route,1,65.97984999779204,-29600.01575463276,False
1380.0,24,en_route,1,65.97984999779204,-29600.01575463276,False
1380.0,25,en_route,1,65.97984999779204,-29600.01575463276,False
1380.0,26,en_route,1,65.97984999779204,-29600.01575463276,False
1380.0,27,en_route,1,65.97984999779204,-29600.01575463276,False
1380.0,28,en_route,1,65.97984999779204,-29600.01575463276,False
1380.0,29,en_route,1,65.97984999779204,-29600.01575463276,False
1380.0,30,en_route,1,65.97984999779204,-29600.01575463276,False
1380.0,31,en_route,0,-714.2543776635717,-29602.356039077284,False
1380.0,32,en_route,0,-714.2543776635717,-29602.356039077284,False
1380.0,33,en_route,0,-714.2543776635717,-29602.356039077284,False
1380.0,34,en_route,0,-714.2543776635717,-29602.356039077284,False
1380.0,35,en_route,0,-714.2543776635717,-29602.356039077284,False
1380.0,36,en_route,0,-714.2543776635717,-29602.356039077284,False
1380.0,37,en_route,0,-714.2543776635717,-29602.356039077284,False
1380.0,38,en_route,0,-714.2543776635717,-29602.356039077284,False
1380.0,39,available,,7.0,-140000.0,False
1380.0,40,available,,7.0,-140000.0,False
1380.0,41,available,,7.0,-140000.0,False
1410.0,1,en_route,2,540.1029620974276,-27201.250318792736,False
1410.0,2,en_route,1,66.47385287116089,-27200.01785873381,False
1410.0,3,en_route,0,-729.7427589245184,-27202.412545207193,False
1410.0,4,available,,10.0,-140000.0,False
1410.0,5,available,,5.0,-140000.0,False
1410.0,6,available,,4.0,-140000.0,False
1410.0,7,available,,4.0,-140000.0,False
1410.0,8,available,,4.0,-140000.0,False
1410.0,9,available,,4.0,-140000.0,False
1410.0,10,available,,4.0,-140000.0,False
1410.0,11,available,,4.0,-140000.0,False
1410.0,12,en_route,2,538.3953848633348,-27201.28489025426,False
1410.0,13,en_route,2,538.5851159988249,-27201.281025700242,False
1410.0,14,en_route,2,539.533770430512,-27201.2617902319,False
1410.0,15,en_route,2,539.913231624172,-27201.254136785443,False
1410.0,16,en_route,2,538.7748470510973,-27201.277166966127,False
1410.0,17,en_route,2,539.7235010685745,-27201.257960598694,False
1410.0,18,en_route,2,539.7235010685745,-27201.257960598694,False
1410.0,19,en_route,2,539.7235010685745,-27201.257960598694,False
1410.0,20,en_route,2,539.7235010685745,-27201.257960598694,False
1410.0,21,en_route,2,539.7235010685745,-27201.257960598694,False
1410.0,22,en_route,1,67.26202064991796,-27200.016097124782,False
1410.0,23,en_route,1,67.26202064991796,-27200.016097124782,False
1410.0,24,en_route,1,67.26202064991796,-27200.016097124782,False
1410.0,25,en_route,1,67.26202064991796,-27200.016097124782,False
1410.0,26,en_route,1,67.26202064991796,-27200.016097124782,False
1410.0,27,en_route,1,67.26202064991796,-27200.016097124782,False
1410.0,28,en_route,1,67.26202064991796,-27200.016097124782,False
1410.0,29,en_route,1,67.26202064991796,-27200.016097124782,False
1410.0,30,en_route,1,67.26202064991796,-27200.016097124782,False
1410.0,31,en_route,0,-729.933820656258,-27202.40725731809,False
1410.0,32,en_route,0,-729.933820656258,-27202.40725731809,False
1410.0,33,en_route,0,-729.933820656258,-27202.40725731809,False
1410.0,34,en_route,0,-729.933820656258,-27202.40725731809,False
1410.0,35,en_route,0,-729.933820656258,-27202.40725731809,False
1410.0,36,en_route,0,-729.933820656258,-27202.40725731809,False
1410.0,37,en_route,0,-729.933820656258,-27202.40725731809,False
1410.0,38,en_route,0,-729.933820656258,-27202.40725731809,False
1410.0,39,available,,7.0,-140000.0,False
1410.0,40,available,,7.0,-140000.0,False
1410.0,41,available,,7.0,-140000.0,False
1440.0,1,en_route,2,551.4030251207771,-24801.27692132024,False
1440.0,2,en_route,1,67.82436037905792,-24800.018238706863,False
1440.0,3,en_route,0,-745.4394133697209,-24802.46387595628,False
1440.0,4,available,,10.0,-140000.0,False
1440.0,5,available,,5.0,-140000.0,False
1440.0,6,available,,4.0,-140000.0,False
1440.0,7,available,,4.0,-140000.0,False
1440.0,8,available,,4.0,-140000.0,False
1440.0,9,available,,4.0,-140000.0,False
1440.0,10,available,,4.0,-140000.0,False
1440.0,11,available,,4.0,-140000.0,False
1440.0,12,en_route,2,549.8506058178739,-24801.31222834478,False
1440.0,13,en_route,2,550.0230971902893,-24801.308281566206,False
1440.0,14,en_route,2,550.8855527800974,-24801.288636832578,False
1440.0,15,en_route,2,551.2305344246863,-24801.28082054684,False
1440.0,16,en_route,2,550.1955884777163,-24801.304340731367,False
1440.0,17,en_route,2,551.0580436445016,-24801.284725717815,False
1440.0,18,en_route,2,551.0580436445016,-24801.284725717815,False
1440.0,19,en_route,2,551.0580436445016,-24801.284725717815,False
1440.0,20,en_route,2,551.0580436445016,-24801.284725717815,False
1440.0,21,en_route,2,551.0580436445016,-24801.284725717815,False
1440.0,22,en_route,1,68.54419130204387,-24800.016439616804,False
1440.0,23,en_route,1,68.54419130204387,-24800.016439616804,False
1440.0,24,en_route,1,68.54419130204387,-24800.016439616804,False
1440.0,25,en_route,1,68.54419130204387,-24800.016439616804,False
1440.0,26,en_route,1,68.54419130204387,-24800.016439616804,False
1440.0,27,en_route,1,68.54419130204387,-24800.016439616804,False
1440.0,28,en_route,1,68.54419130204387,-24800.016439616804,False
1440.0,29,en_route,1,68.54419130204387,-24800.016439616804,False
1440.0,30,en_route,1,68.54419130204387,-24800.016439616804,False
1440.0,31,en_route,0,-745.6132636489444,-24802.458475558895,False
1440.0,32,en_route,0,-745.6132636489444,-24802.458475558895,False
1440.0,33,en_route,0,-745.6132636489444,-24802.458475558895,False
1440.0,34,en_route,0,-745.6132636489444,-24802.458475558895,False
1440.0,35,en_route,0,-745.6132636489444,-24802.458475558895,False
1440.0,36,en_route,0,-745.6132636489444,-24802.458475558895,False
1440.0,37,en_route,0,-745.6132636489444,-24802.458475558895,False
1440.0,38,en_route,0,-745.6132636489444,-24802.458475558895,False
1440.0,39,available,,7.0,-140000.0,False
1440.0,40,available,,7.0,-140000.0,False
1440.0,41,available,,7.0,-140000.0,False
1470.0,1,en_route,2,562.7030881441266,-22401.303523847746,False
1470.0,2,en_route,1,69.17486788695496,-22400.01861867992,False
1470.0,3,en_route,0,-761.1360678149234,-22402.515206705368,False
1470.0,4,available,,10.0,-140000.0,False
1470.0,5,available,,5.0,-140000.0,False
1470.0,6,available,,4.0,-140000.0,False
1470.0,7,available,,4.0,-140000.0,False
1470.0,8,available,,4.0,-140000.0,False
1470.0,9,available,,4.0,-140000.0,False
1470.0,10,available,,4.0,-140000.0,False
1470.0,11,available,,4.0,-140000.0,False
1470.0,12,en_route,2,561.305826772413,-22401.3395664353,False
1470.0,13,en_route,2,561.4610783817536,-22401.33553743217,False
1470.0,14,en_route,2,562.2373351296828,-22401.315483433256,False
1470.0,15,en_route,2,562.5478372252006,-22401.307504308235,False
1470.0,16,en_route,2,561.6163299043354,-22401.331514496607,False
1470.0,17,en_route,2,562.3925862204287,-22401.311490836935,False
1470.0,18,en_route,2,562.3925862204287,-22401.311490836935,False
1470.0,19,en_route,2,562.3925862204287,-22401.311490836935,False
1470.0,20,en_route,2,562.3925862204287,-22401.311490836935,False
1470.0,21,en_route,2,562.3925862204287,-22401.311490836935,False
1470.0,22,en_route,1,69.82636195416978,-22400.016782108825,False
1470.0,23,en_route,1,69.82636195416978,-22400.016782108825,False
1470.0,24,en_route,1,69.82636195416978,-22400.016782108825,False
1470.0,25,en_route,1,69.82636195416978,-22400.016782108825,False
1470.0,26,en_route,1,69.82636195416978,-22400.016782108825,False
1470.0,27,en_route,1,69.82636195416978,-22400.016782108825,False
1470.0,28,en_route,1,69.82636195416978,-22400.016782108825,False
1470.0,29,en_route,1,69.82636195416978,-22400.016782108825,False
1470.0,30,en_route,1,69.82636195416978,-22400.016782108825,False
1470.0,31,en_route,0,-761.2927066416307,-22402.5096937997,False
1470.0,32,en_route,0,-761.2927066416307,-22402.5096937997,False
1470.0,33,en_route,0,-761.2927066416307,-22402.5096937997,False
1470.0,34,en_route,0,-761.2927066416307,-22402.5096937997,False
1470.0,35,en_route,0,-761.2927066416307,-22402.5096937997,False
1470.0,36,en_route,0,-761.2927066416307,-22402.5096937997,False
1470.0,37,en_route,0,-761.2927066416307,-22402.5096937997,False
1470.0,38,en_route,0,-761.2927066416307,-22402.5096937997,False
1470.0,39,available,,7.0,-140000.0,False
1470.0,40,available,,7.0,-140000.0,False
1470.0,41,available,,7.0,-140000.0,False
1500.0,1,en_route,2,574.0031511674761,-20001.33012637525,False
1500.0,2,en_route,1,70.52537539485199,-20000.018998652977,False
1500.0,3,en_route,0,-776.8327222601259,-20002.566537454455,False
1500.0,4,available,,10.0,-140000.0,False
1500.0,5,available,,5.0,-140000.0,False
1500.0,6,available,,4.0,-140000.0,False
1500.0,7,available,,4.0,-140000.0,False
1500.0,8,available,,4.0,-140000.0,False
1500.0,9,available,,4.0,-140000.0,False
1500.0,10,available,,4.0,-140000.0,False
1500.0,11,available,,4.0,-140000.0,False
1500.0,12,en_route,2,572.761047726952,-20001.36690452582,False
1500.0,13,en_route,2,572.899059573218,-20001.362793298133,False
1500.0,14,en_route,2,573.5891174792682,-20001.342330033935,False
1500.0,15,en_route,2,573.8651400257149,-20001.33418806963,False
1500.0,16,en_route,2,573.0370713309545,-20001.358688261847,False
1500.0,17,en_route,2,573.7271287963558,-20001.338255956056,False
1500.0,18,en_route,2,573.7271287963558,-20001.338255956056,False
1500.0,19,en_route,2,573.7271287963558,-20001.338255956056,False
1500.0,20,en_route,2,573.7271287963558,-20001.338255956056,False
1500.0,21,en_route,2,573.7271287963558,-20001.338255956056,False
1500.0,22,en_route,1,71.1085326062957,-20000.017124600847,False
1500.0,23,en_route,1,71.1085326062957,-20000.017124600847,False
1500.0,24,en_route,1,71.1085326062957,-20000.017124600847,False
1500.0,25,en_route,1,71.1085326062957,-20000.017124600847,False
1500.0,26,en_route,1,71.1085326062957,-20000.017124600847,False
1500.0,27,en_route,1,71.1085326062957,-20000.017124600847,False
1500.0,28,en_route,1,71.1085326062957,-20000.017124600847,False
1500.0,29,en_route,1,71.1085326062957,-20000.017124600847,False
1500.0,30,en_route,1,71.1085326062957,-20000.017124600847,False
1500.0,31,en_route,0,-776.9721496343171,-20002.560912040506,False
1500.0,32,en_route,0,-776.9721496343171,-20002.560912040506,False
1500.0,33,en_route,0,-776.9721496343171,-20002.560912040506,False
1500.0,34,en_route,0,-776.9721496343171,-20002.560912040506,False
1500.0,35,en_route,0,-776.9721496343171,-20002.560912040506,False
1500.0,36,en_route,0,-776.9721496343171,-20002.560912040506,False
1500.0,37,en_route,0,-776.9721496343171,-20002.560912040506,False
1500.0,38,en_route,0,-776.9721496343171,-20002.560912040506,False
1500.0,39,available,,7.0,-140000.0,False
1500.0,40,available,,7.0,-140000.0,False
1500.0,41,available,,7.0,-140000.0,False
1530.0,1,en_route,2,585.3032141908257,-17601.356728902756,False
1530.0,2,en_route,1,71.87588290274903,-17600.019378626035,False
1530.0,3,en_route,0,-792.5293767053284,-17602.617868203542,False
1530.0,4,available,,10.0,-140000.0,False
1530.0,5,available,,5.0,-140000.0,False
1530.0,6,available,,4.0,-140000.0,False
1530.0,7,available,,4.0,-140000.0,False
1530.0,8,available,,4.0,-140000.0,False
1530.0,9,available,,4.0,-140000.0,False
1530.0,10,available,,4.0,-140000.0,False
1530.0,11,available,,4.0,-140000.0,False
1530.0,12,en_route,2,584.2162686814911,-17601.39424261634,False
1530.0,13,en_route,2,584.3370407646823,-17601.390049164096,False
1530.0,14,en_route,2,584.9408998288536,-17601.369176634613,False
1530.0,15,en_route,2,585.1824428262292,-17601.360871831028,False
1530.0,16,en_route,2,584.4578127575736,-17601.385862027088,False
1530.0,17,en_route,2,585.061671372283,-17601.365021075177,False
1530.0,18,en_route,2,585.061671372283,-17601.365021075177,False
1530.0,19,en_route,2,585.061671372283,-17601.365021075177,False
1530.0,20,en_route,2,585.061671372283,-17601.365021075177,False
1530.0,21,en_route,2,585.061671372283,-17601.365021075177,False
1530.0,22,en_route,1,72.39070325842161,-17600.017467092868,False
1530.0,23,en_route,1,72.39070325842161,-17600.017467092868,False
1530.0,24,en_route,1,72.39070325842161,-17600.017467092868,False
1530.0,25,en_route,1,72.39070325842161,-17600.017467092868,False
1530.0,26,en_route,1,72.39070325842161,-17600.017467092868,False
1530.0,27,en_route,1,72.39070325842161,-17600.017467092868,False
1530.0,28,en_route,1,72.39070325842161,-17600.017467092868,False
1530.0,29,en_route,1,72.39070325842161,-17600.017467092868,False
1530.0,30,en_route,1,72.39070325842161,-17600.017467092868,False
1530.0,31,en_route,0,-792.6515926270034,-17602.61213028131,False
1530.0,32,en_route,0,-792.6515926270034,-17602.61213028131,False
1530.0,33,en_route,0,-792.6515926270034,-17602.61213028131,False
1530.0,34,en_route,0,-792.6515926270034,-17602.61213028131,False
1530.0,35,en_route,0,-792.6515926270034,-17602.61213028131,False
1530.0,36,en_route,0,-792.6515926270034,-17602.61213028131,False
1530.0,37,en_route,0,-792.6515926270034,-17602.61213028131,False
1530.0,38,en_route,0,-792.6515926270034,-17602.61213028131,False
1530.0,39,available,,7.0,-140000.0,False
1530.0,40,available,,7.0,-140000.0,False
1530.0,41,available,,7.0,-140000.0,False
1560.0,1,en_route,2,596.6032772141751,-15201.383331430261,False
1560.0,2,en_route,1,73.22639041064606,-15200.019758599092,False
1560.0,3,en_route,0,-808.226031150531,-15202.66919895263,False
1560.0,4,available,,10.0,-140000.0,False
1560.0,5,available,,5.0,-140000.0,False
1560.0,6,available,,4.0,-140000.0,False
1560.0,7,available,,4.0,-140000.0,False
1560.0,8,available,,4.0,-140000.0,False
1560.0,9,available,,4.0,-140000.0,False
1560.0,10,available,,4.0,-140000.0,False
1560.0,11,available,,4.0,-140000.0,False
1560.0,12,en_route,2,595.6714896360302,-15201.42158070686,False
1560.0,13,en_route,2,595.7750219561467,-15201.417305030058,False
1560.0,14,en_route,2,596.292682178439,-15201.396023235291,False
1560.0,15,en_route,2,596.4997456267436,-15201.387555592424,False
1560.0,16,en_route,2,595.8785541841928,-15201.413035792328,False
1560.0,17,en_route,2,596.3962139482101,-15201.391786194297,False
1560.0,18,en_route,2,596.3962139482101,-15201.391786194297,False
1560.0,19,en_route,2,596.3962139482101,-15201.391786194297,False
1560.0,20,en_route,2,596.3962139482101,-15201.391786194297,False
1560.0,21,en_route,2,596.3962139482101,-15201.391786194297,False
1560.0,22,en_route,1,73.67287391054752,-15200.01780958489,False
1560.0,23,en_route,1,73.67287391054752,-15200.01780958489,False
1560.0,24,en_route,1,73.67287391054752,-15200.01780958489,False
1560.0,25,en_route,1,73.67287391054752,-15200.01780958489,False
1560.0,26,en_route,1,73.67287391054752,-15200.01780958489,False
1560.0,27,en_route,1,73.67287391054752,-15200.01780958489,False
1560.0,28,en_route,1,73.67287391054752,-15200.01780958489,False
1560.0,29,en_route,1,73.67287391054752,-15200.01780958489,False
1560.0,30,en_route,1,73.67287391054752,-15200.01780958489,False
1560.0,31,en_route,0,-808.3310356196898,-15202.663348522117,False
1560.0,32,en_route,0,-808.3310356196898,-15202.663348522117,False
1560.0,33,en_route,0,-808.3310356196898,-15202.663348522117,False
1560.0,34,en_route,0,-808.3310356196898,-15202.663348522117,False
1560.0,35,en_route,0,-808.3310356196898,-15202.663348522117,False
1560.0,36,en_route,0,-808.3310356196898,-15202.663348522117,False
1560.0,37,en_route,0,-808.3310356196898,-15202.663348522117,False
1560.0,38,en_route,0,-808.3310356196898,-15202.663348522117,False
1560.0,39,available,,7.0,-140000.0,False
1560.0,40,available,,7.0,-140000.0,False
1560.0,41,available,,7.0,-140000.0,False
1590.0,1,en_route,2,607.9033402375246,-12801.409933957766,False
1590.0,2,en_route,1,74.5768979185431,-12800.020138572148,False
1590.0,3,en_route,0,-823.9226855957336,-12802.720529701717,False
1590.0,4,available,,10.0,-140000.0,False
1590.0,5,available,,5.0,-140000.0,False
1590.0,6,available,,4.0,-140000.0,False
1590.0,7,available,,4.0,-140000.0,False
1590.0,8,available,,4.0,-140000.0,False
1590.0,9,available,,4.0,-140000.0,False
1590.0,10,available,,4.0,-140000.0,False
1590.0,11,available,,4.0,-140000.0,False
1590.0,12,en_route,2,607.1267105905691,-12801.448918797378,False
1590.0,13,en_route,2,607.2130031476111,-12801.44456089602,False
1590.0,14,en_route,2,607.6444645280243,-12801.42286983597,False
1590.0,15,en_route,2,607.8170484272579,-12801.41423935382,False
1590.0,16,en_route,2,607.2992956108119,-12801.440209557566,False
1590.0,17,en_route,2,607.7307565241372,-12801.418551313418,False
1590.0,18,en_route,2,607.7307565241372,-12801.418551313418,False
1590.0,19,en_route,2,607.7307565241372,-12801.418551313418,False
1590.0,20,en_route,2,607.7307565241372,-12801.418551313418,False
1590.0,21,en_route,2,607.7307565241372,-12801.418551313418,False
1590.0,22,en_route,1,74.95504456267344,-12800.01815207691,False
1590.0,23,en_route,1,74.95504456267344,-12800.01815207691,False
1590.0,24,en_route,1,74.95504456267344,-12800.01815207691,False
1590.0,25,en_route,1,74.95504456267344,-12800.01815207691,False
1590.0,26,en_route,1,74.95504456267344,-12800.01815207691,False
1590.0,27,en_route,1,74.95504456267344,-12800.01815207691,False
1590.0,28,en_route,1,74.95504456267344,-12800.01815207691,False
1590.0,29,en_route,1,74.95504456267344,-12800.01815207691,False
1590.0,30,en_route,1,74.95504456267344,-12800.01815207691,False
1590.0,31,en_route,0,-824.0104786123761,-12802.714566762923,False
1590.0,32,en_route,0,-824.0104786123761,-12802.714566762923,False
1590.0,33,en_route,0,-824.0104786123761,-12802.714566762923,False
1590.0,34,en_route,0,-824.0104786123761,-12802.714566762923,False
1590.0,35,en_route,0,-824.0104786123761,-12802.714566762923,False
1590.0,36,en_route,0,-824.0104786123761,-12802.714566762923,False
1590.0,37,en_route,0,-824.0104786123761,-12802.714566762923,False
1590.0,38,en_route,0,-824.0104786123761,-12802.714566762923,False
1590.0,39,available,,7.0,-140000.0,False
1590.0,40,available,,7.0,-140000.0,False
1590.0,41,available,,7.0,-140000.0,False
1620.0,1,en_route,2,619.2034032608742,-10401.436536485271,False
1620.0,2,en_route,1,75.92740542644015,-10400.020518545205,False
1620.0,3,en_route,0,-839.6193400409361,-10402.771860450805,False
1620.0,4,available,,10.0,-140000.0,False
1620.0,5,available,,5.0,-140000.0,False
1620.0,6,available,,4.0,-140000.0,False
1620.0,7,available,,4.0,-140000.0,False
1620.0,8,available,,4.0,-140000.0,False
1620.0,9,available,,4.0,-140000.0,False
1620.0,10,available,,4.0,-140000.0,False
1620.0,11,available,,4.0,-140000.0,False
1620.0,12,en_route,2,618.5819315451082,-10401.476256887896,False
1620.0,13,en_route,2,618.6509843390754,-10401.471816761983,False
1620.0,14,en_route,2,618.9962468776096,-10401.449716436648,False
1620.0,15,en_route,2,619.1343512277721,-10401.440923115217,False
1620.0,16,en_route,2,618.7200370374311,-10401.467383322804,False
1620.0,17,en_route,2,619.0652991000643,-10401.445316432539,False
1620.0,18,en_route,2,619.0652991000643,-10401.445316432539,False
1620.0,19,en_route,2,619.0652991000643,-10401.445316432539,False
1620.0,20,en_route,2,619.0652991000643,-10401.445316432539,False
1620.0,21,en_route,2,619.0652991000643,-10401.445316432539,False
1620.0,22,en_route,1,76.23721521479935,-10400.018494568929,False
1620.0,23,en_route,1,76.23721521479935,-10400.018494568929,False
1620.0,24,en_route,1,76.23721521479935,-10400.018494568929,False
1620.0,25,en_route,1,76.23721521479935,-10400.018494568929,False
1620.0,26,en_route,1,76.23721521479935,-10400.018494568929,False
1620.0,27,en_route,1,76.23721521479935,-10400.018494568929,False
1620.0,28,en_route,1,76.23721521479935,-10400.018494568929,False
1620.0,29,en_route,1,76.23721521479935,-10400.018494568929,False
1620.0,30,en_route,1,76.23721521479935,-10400.018494568929,False
1620.0,31,en_route,0,-839.6899216050625,-10402.765785003729,False
1620.0,32,en_route,0,-839.6899216050625,-10402.765785003729,False
1620.0,33,en_route,0,-839.6899216050625,-10402.765785003729,False
1620.0,34,en_route,0,-839.6899216050625,-10402.765785003729,False
1620.0,35,en_route,0,-839.6899216050625,-10402.765785003729,False
1620.0,36,en_route,0,-839.6899216050625,-10402.765785003729,False
1620.0,37,en_route,0,-839.6899216050625,-10402.765785003729,False
1620.0,38,en_route,0,-839.6899216050625,-10402.765785003729,False
1620.0,39,available,,7.0,-140000.0,False
1620.0,40,available,,7.0,-140000.0,False
1620.0,41,available,,7.0,-140000.0,False
1650.0,1,en_route,2,630.5034662842238,-8001.463139012776,False
1650.0,2,en_route,1,77.27791293433718,-8000.020898518262,False
1650.0,3,en_route,0,-855.3159944861386,-8002.823191199892,False
1650.0,4,available,,10.0,-140000.0,False
1650.0,5,available,,5.0,-140000.0,False
1650.0,6,available,,4.0,-140000.0,False
1650.0,7,available,,4.0,-140000.0,False
1650.0,8,available,,4.0,-140000.0,False
1650.0,9,available,,4.0,-140000.0,False
1650.0,10,available,,4.0,-140000.0,False
1650.0,11,available,,4.0,-140000.0,False
1650.0,12,en_route,2,630.0371524996472,-8001.503594978414,False
1650.0,13,en_route,2,630.0889655305398,-8001.499072627945,False
1650.0,14,en_route,2,630.348029227195,-8001.476563037326,False
1650.0,15,en_route,2,630.4516540282864,-8001.467606876613,False
1650.0,16,en_route,2,630.1407784640502,-8001.494557088044,False
1650.0,17,en_route,2,630.3998416759914,-8001.472081551659,False
1650.0,18,en_route,2,630.3998416759914,-8001.472081551659,False
1650.0,19,en_route,2,630.3998416759914,-8001.472081551659,False
1650.0,20,en_route,2,630.3998416759914,-8001.472081551659,False
1650.0,21,en_route,2,630.3998416759914,-8001.472081551659,False
1650.0,22,en_route,1,77.51938586692528,-8000.01883706095,False
1650.0,23,en_route,1,77.51938586692528,-8000.01883706095,False
1650.0,24,en_route,1,77.51938586692528,-8000.01883706095,False
1650.0,25,en_route,1,77.51938586692528,-8000.01883706095,False
1650.0,26,en_route,1,77.51938586692528,-8000.01883706095,False
1650.0,27,en_route,1,77.51938586692528,-8000.01883706095,False
1650.0,28,en_route,1,77.51938586692528,-8000.01883706095,False
1650.0,29,en_route,1,77.51938586692528,-8000.01883706095,False
1650.0,30,en_route,1,77.51938586692528,-8000.01883706095,False
1650.0,31,en_route,0,-855.3693645977488,-8002.817003244535,False
1650.0,32,en_route,0,-855.3693645977488,-8002.817003244535,False
1650.0,33,en_route,0,-855.3693645977488,-8002.817003244535,False
1650.0,34,en_route,0,-855.3693645977488,-8002.817003244535,False
1650.0,35,en_route,0,-855.3693645977488,-8002.817003244535,False
1650.0,36,en_route,0,-855.3693645977488,-8002.817003244535,False
1650.0,37,en_route,0,-855.3693645977488,-8002.817003244535,False
1650.0,38,en_route,0,-855.3693645977488,-8002.817003244535,False
1650.0,39,available,,7.0,-140000.0,False
1650.0,40,available,,7.0,-140000.0,False
1650.0,41,available,,7.0,-140000.0,False
1680.0,1,en_route,2,641.8035293075733,-5601.489741540281,False
1680.0,2,en_route,1,78.62842044223423,-5600.021278491318,False
1680.0,3,en_route,0,-871.0126489313412,-5602.874521948979,False
1680.0,4,available,,10.0,-140000.0,False
1680.0,5,available,,5.0,-140000.0,False
1680.0,6,available,,4.0,-140000.0,False
1680.0,7,available,,4.0,-140000.0,False
1680.0,8,available,,4.0,-140000.0,False
1680.0,9,available,,4.0,-140000.0,False
1680.0,10,available,,4.0,-140000.0,False
1680.0,11,available,,4.0,-140000.0,False
1680.0,12,en_route,2,641.4923734541862,-5601.530933068932,False
1680.0,13,en_route,2,641.5269467220041,-5601.5263284939065,False
1680.0,14,en_route,2,641.6998115767802,-5601.503409638004,False
1680.0,15,en_route,2,641.7689568288006,-5601.494290638009,False
1680.0,16,en_route,2,641.5615198906694,-5601.521730853283,False
1680.0,17,en_route,2,641.7343842519185,-5601.49884667078,False
1680.0,18,en_route,2,641.7343842519185,-5601.49884667078,False
1680.0,19,en_route,2,641.7343842519185,-5601.49884667078,False
1680.0,20,en_route,2,641.7343842519185,-5601.49884667078,False
1680.0,21,en_route,2,641.7343842519185,-5601.49884667078,False
1680.0,22,en_route,1,78.80155651905119,-5600.019179552971,False
1680.0,23,en_route,1,78.80155651905119,-5600.019179552971,False
1680.0,24,en_route,1,78.80155651905119,-5600.019179552971,False
1680.0,25,en_route,1,78.80155651905119,-5600.019179552971,False
1680.0,26,en_route,1,78.80155651905119,-5600.019179552971,False
1680.0,27,en_route,1,78.80155651905119,-5600.019179552971,False
1680.0,28,en_route,1,78.80155651905119,-5600.019179552971,False
1680.0,29,en_route,1,78.80155651905119,-5600.019179552971,False
1680.0,30,en_route,1,78.80155651905119,-5600.019179552971,False
1680.0,31,en_route,0,-871.0488075904352,-5602.868221485342,False
1680.0,32,en_route,0,-871.0488075904352,-5602.868221485342,False
1680.0,33,en_route,0,-871.0488075904352,-5602.868221485342,False
1680.0,34,en_route,0,-871.0488075904352,-5602.868221485342,False
1680.0,35,en_route,0,-871.0488075904352,-5602.868221485342,False
1680.0,36,en_route,0,-871.0488075904352,-5602.868221485342,False
1680.0,37,en_route,0,-871.0488075904352,-5602.868221485342,False
1680.0,38,en_route,0,-871.0488075904352,-5602.868221485342,False
1680.0,39,available,,7.0,-140000.0,False
1680.0,40,available,,7.0,-140000.0,False
1680.0,41,available,,7.0,-140000.0,False
1710.0,1,en_route,2,653.1035923309229,-3201.5163440677866,False
1710.0,2,en_route,1,79.97892795013126,-3200.0216584643754,False
1710.0,3,en_route,0,-886.7093033765437,-3202.925852698066,False
1710.0,4,available,,10.0,-140000.0,False
1710.0,5,available,,5.0,-140000.0,False
1710.0,6,available,,4.0,-140000.0,False
1710.0,7,available,,4.0,-140000.0,False
1710.0,8,available,,4.0,-140000.0,False
1710.0,9,available,,4.0,-140000.0,False
1710.0,10,available,,4.0,-140000.0,False
1710.0,11,available,,4.0,-140000.0,False
1710.0,12,en_route,2,652.9475944087252,-3201.558271159451,False
1710.0,13,en_route,2,652.9649279134685,-3201.5535843598686,False
1710.0,14,en_route,2,653.0515939263656,-3201.5302562386814,False
1710.0,15,en_route,2,653.0862596293149,-3201.520974399405,False
1710.0,16,en_route,2,652.9822613172885,-3201.548904618522,False
1710.0,17,en_route,2,653.0689268278455,-3201.5256117899003,False
1710.0,18,en_route,2,653.0689268278455,-3201.5256117899003,False
1710.0,19,en_route,2,653.0689268278455,-3201.5256117899003,False
1710.0,20,en_route,2,653.0689268278455,-3201.5256117899003,False
1710.0,21,en_route,2,653.0689268278455,-3201.5256117899003,False
1710.0,22,en_route,1,80.08372717117712,-3200.0195220449914,False
1710.0,23,en_route,1,80.08372717117712,-3200.0195220449914,False
1710.0,24,en_route,1,80.08372717117712,-3200.0195220449914,False
1710.0,25,en_route,1,80.08372717117712,-3200.0195220449914,False
1710.0,26,en_route,1,80.08372717117712,-3200.0195220449914,False
1710.0,27,en_route,1,80.08372717117712,-3200.0195220449914,False
1710.0,28,en_route,1,80.08372717117712,-3200.0195220449914,False
1710.0,29,en_route,1,80.08372717117712,-3200.0195220449914,False
1710.0,30,en_route,1,80.08372717117712,-3200.0195220449914,False
1710.0,31,en_route,0,-886.7282505831215,-3202.9194397261476,False
1710.0,32,en_route,0,-886.7282505831215,-3202.9194397261476,False
1710.0,33,en_route,0,-886.7282505831215,-3202.9194397261476,False
1710.0,34,en_route,0,-886.7282505831215,-3202.9194397261476,False
1710.0,35,en_route,0,-886.7282505831215,-3202.9194397261476,False
1710.0,36,en_route,0,-886.7282505831215,-3202.9194397261476,False
1710.0,37,en_route,0,-886.7282505831215,-3202.9194397261476,False
1710.0,38,en_route,0,-886.7282505831215,-3202.9194397261476,False
1710.0,39,available,,7.0,-140000.0,False
1710.0,40,available,,7.0,-140000.0,False
1710.0,41,available,,7.0,-140000.0,False
1740.0,1,en_route,2,664.4036553542724,-801.5429465952916,False
1740.0,2,en_route,1,81.32943545802831,-800.0220384374325,False
1740.0,3,en_route,0,-902.4059578217464,-802.977183447153,False
1740.0,4,available,,10.0,-140000.0,False
1740.0,5,available,,5.0,-140000.0,False
1740.0,6,available,,4.0,-140000.0,False
1740.0,7,available,,4.0,-140000.0,False
1740.0,8,available,,4.0,-140000.0,False
1740.0,9,available,,4.0,-140000.0,False
1740.0,10,available,,4.0,-140000.0,False
1740.0,11,available,,4.0,-140000.0,False
1740.0,12,striking,2,664.4028153632643,-801.5856092499698,False
1740.0,13,striking,2,664.4029091049327,-801.5808402258308,False
1740.0,14,striking,2,664.4033762759509,-801.5571028393592,False
1740.0,15,striking,2,664.4035624298291,-801.5476581608013,False
1740.0,16,striking,2,664.4030027439077,-801.5760783837609,False
1740.0,17,striking,2,664.4034694037726,-801.5523769090205,False
1740.0,18,striking,2,664.4034694037726,-801.5523769090205,False
1740.0,19,striking,2,664.4034694037726,-801.5523769090205,False
1740.0,20,striking,2,664.4034694037726,-801.5523769090205,False
1740.0,21,striking,2,664.4034694037726,-801.5523769090205,False
1740.0,22,en_route,1,81.36589782330303,-800.0198645370115,False
1740.0,23,en_route,1,81.36589782330303,-800.0198645370115,False
1740.0,24,en_route,1,81.36589782330303,-800.0198645370115,False
1740.0,25,en_route,1,81.36589782330303,-800.0198645370115,False
1740.0,26,en_route,1,81.36589782330303,-800.0198645370115,False
1740.0,27,en_route,1,81.36589782330303,-800.0198645370115,False
1740.0,28,en_route,1,81.36589782330303,-800.0198645370115,False
1740.0,29,en_route,1,81.36589782330303,-800.0198645370115,False
1740.0,30,en_route,1,81.36589782330303,-800.0198645370115,False
1740.0,31,en_route,0,-902.4076935758079,-802.9706579669537,False
1740.0,32,en_route,0,-902.4076935758079,-802.9706579669537,False
1740.0,33,en_route,0,-902.4076935758079,-802.9706579669537,False
1740.0,34,en_route,0,-902.4076935758079,-802.9706579669537,False
1740.0,35,en_route,0,-902.4076935758079,-802.9706579669537,False
1740.0,36,en_route,0,-902.4076935758079,-802.9706579669537,False
1740.0,37,en_route,0,-902.4076935758079,-802.9706579669537,False
1740.0,38,en_route,0,-902.4076935758079,-802.9706579669537,False
1740.0,39,available,,7.0,-140000.0,False
1740.0,40,available,,7.0,-140000.0,False
1740.0,41,available,,7.0,-140000.0,False
1770.0,1,en_route,2,664.4036553542724,-801.5429465952916,False
1770.0,2,en_route,1,82.05000000000018,480.4999999999998,False
1770.0,3,en_route,0,-903.9499999999998,-566.8999999999999,False
1770.0,4,available,,10.0,-140000.0,False
1770.0,5,available,,5.0,-140000.0,False
1770.0,6,available,,4.0,-140000.0,False
1770.0,7,available,,4.0,-140000.0,False
1770.0,8,available,,4.0,-140000.0,False
1770.0,9,available,,4.0,-140000.0,False
1770.0,10,available,,4.0,-140000.0,False
1770.0,11,available,,4.0,-140000.0,False
1770.0,12,striking,2,664.4028153632643,-801.5856092499698,False
1770.0,13,striking,2,664.4029091049327,-801.5808402258308,False
1770.0,14,striking,2,664.4033762759509,-801.5571028393592,False
1770.0,15,striking,2,664.4035624298291,-801.5476581608013,False
1770.0,16,striking,2,664.4030027439077,-801.5760783837609,False
1770.0,17,striking,2,664.4034694037726,-801.5523769090205,False
1770.0,18,striking,2,664.4034694037726,-801.5523769090205,False
1770.0,19,striking,2,664.4034694037726,-801.5523769090205,False
1770.0,20,striking,2,664.4034694037726,-801.5523769090205,False
1770.0,21,striking,2,664.4034694037726,-801.5523769090205,False
1770.0,22,striking,1,82.05000000000018,480.4999999999998,False
1770.0,23,striking,1,82.05000000000018,480.4999999999998,False
1770.0,24,striking,1,82.05000000000018,480.4999999999998,False
1770.0,25,striking,1,82.05000000000018,480.4999999999998,False
1770.0,26,striking,1,82.05000000000018,480.4999999999998,False
1770.0,27,striking,1,82.05000000000018,480.4999999999998,False
1770.0,28,striking,1,82.05000000000018,480.4999999999998,False
1770.0,29,striking,1,82.05000000000018,480.4999999999998,False
1770.0,30,striking,1,82.05000000000018,480.4999999999998,False
1770.0,31,striking,0,-903.9499999999998,-566.8999999999999,False
1770.0,32,striking,0,-903.9499999999998,-566.8999999999999,False
1770.0,33,striking,0,-903.9499999999998,-566.8999999999999,False
1770.0,34,striking,0,-903.9499999999998,-566.8999999999999,False
1770.0,35,striking,0,-903.9499999999998,-566.8999999999999,False
1770.0,36,striking,0,-903.9499999999998,-566.8999999999999,False
1770.0,37,striking,0,-903.9499999999998,-566.8999999999999,False
1770.0,38,striking,0,-903.9499999999998,-566.8999999999999,False
1770.0,39,available,,7.0,-140000.0,False
1770.0,40,available,,7.0,-140000.0,False
1770.0,41,available,,7.0,-140000.0,False
1800.0,1,en_route,2,664.4036553542724,-801.5429465952916,False
1800.0,2,en_route,1,82.05000000000018,480.4999999999998,False
1800.0,3,en_route,0,-903.9499999999998,-566.8999999999999,False
1800.0,4,available,,10.0,-140000.0,False
1800.0,5,available,,5.0,-140000.0,False
1800.0,6,available,,4.0,-140000.0,False
1800.0,7,available,,4.0,-140000.0,False
1800.0,8,available,,4.0,-140000.0,False
1800.0,9,available,,4.0,-140000.0,False
1800.0,10,available,,4.0,-140000.0,False
1800.0,11,available,,4.0,-140000.0,False
1800.0,12,striking,2,664.4028153632643,-801.5856092499698,False
1800.0,13,striking,2,664.4029091049327,-801.5808402258308,False
1800.0,14,striking,2,664.4033762759509,-801.5571028393592,False
1800.0,15,striking,2,664.4035624298291,-801.5476581608013,False
1800.0,16,striking,2,664.4030027439077,-801.5760783837609,False
1800.0,17,striking,2,664.4034694037726,-801.5523769090205,False
1800.0,18,striking,2,664.4034694037726,-801.5523769090205,False
1800.0,19,striking,2,664.4034694037726,-801.5523769090205,False
1800.0,20,striking,2,664.4034694037726,-801.5523769090205,False
1800.0,21,striking,2,664.4034694037726,-801.5523769090205,False
1800.0,22,striking,1,82.05000000000018,480.4999999999998,False
1800.0,23,striking,1,82.05000000000018,480.4999999999998,False
1800.0,24,striking,1,82.05000000000018,480.4999999999998,False
1800.0,25,striking,1,82.05000000000018,480.4999999999998,False
1800.0,26,striking,1,82.05000000000018,480.4999999999998,False
1800.0,27,striking,1,82.05000000000018,480.4999999999998,False
1800.0,28,striking,1,82.05000000000018,480.4999999999998,False
1800.0,29,striking,1,82.05000000000018,480.4999999999998,False
1800.0,30,striking,1,82.05000000000018,480.4999999999998,False
1800.0,31,striking,0,-903.9499999999998,-566.8999999999999,False
1800.0,32,striking,0,-903.9499999999998,-566.8999999999999,False
1800.0,33,striking,0,-903.9499999999998,-566.8999999999999,False
1800.0,34,striking,0,-903.9499999999998,-566.8999999999999,False
1800.0,35,striking,0,-903.9499999999998,-566.8999999999999,False
1800.0,36,striking,0,-903.9499999999998,-566.8999999999999,False
1800.0,37,striking,0,-903.9499999999998,-566.8999999999999,False
1800.0,38,striking,0,-903.9499999999998,-566.8999999999999,False
1800.0,39,available,,7.0,-140000.0,False
1800.0,40,available,,7.0,-140000.0,False
1800.0,41,available,,7.0,-140000.0,False
1830.0,1,en_route,2,664.4036553542724,-801.5429465952916,False
1830.0,2,en_route,1,82.05000000000018,480.4999999999998,False
1830.0,3,en_route,0,-903.9499999999998,-566.8999999999999,False
1830.0,4,available,,10.0,-140000.0,False
1830.0,5,available,,5.0,-140000.0,False
1830.0,6,available,,4.0,-140000.0,False
1830.0,7,available,,4.0,-140000.0,False
1830.0,8,available,,4.0,-140000.0,False
1830.0,9,available,,4.0,-140000.0,False
1830.0,10,available,,4.0,-140000.0,False
1830.0,11,available,,4.0,-140000.0,False
1830.0,12,striking,2,664.4028153632643,-801.5856092499698,False
1830.0,13,striking,2,664.4029091049327,-801.5808402258308,False
1830.0,14,striking,2,664.4033762759509,-801.5571028393592,False
1830.0,15,striking,2,664.4035624298291,-801.5476581608013,False
1830.0,16,striking,2,664.4030027439077,-801.5760783837609,False
1830.0,17,striking,2,664.4034694037726,-801.5523769090205,False
1830.0,18,striking,2,664.4034694037726,-801.5523769090205,False
1830.0,19,striking,2,664.4034694037726,-801.5523769090205,False
1830.0,20,striking,2,664.4034694037726,-801.5523769090205,False
1830.0,21,striking,2,664.4034694037726,-801.5523769090205,False
1830.0,22,striking,1,82.05000000000018,480.4999999999998,False
1830.0,23,striking,1,82.05000000000018,480.4999999999998,False
1830.0,24,striking,1,82.05000000000018,480.4999999999998,False
1830.0,25,striking,1,82.05000000000018,480.4999999999998,False
1830.0,26,striking,1,82.05000000000018,480.4999999999998,False
1830.0,27,striking,1,82.05000000000018,480.4999999999998,False
1830.0,28,striking,1,82.05000000000018,480.4999999999998,False
1830.0,29,striking,1,82.05000000000018,480.4999999999998,False
1830.0,30,striking,1,82.05000000000018,480.4999999999998,False
1830.0,31,striking,0,-903.9499999999998,-566.8999999999999,False
1830.0,32,striking,0,-903.9499999999998,-566.8999999999999,False
1830.0,33,striking,0,-903.9499999999998,-566.8999999999999,False
1830.0,34,striking,0,-903.9499999999998,-566.8999999999999,False
1830.0,35,striking,0,-903.9499999999998,-566.8999999999999,False
1830.0,36,striking,0,-903.9499999999998,-566.8999999999999,False
1830.0,37,striking,0,-903.9499999999998,-566.8999999999999,False
1830.0,38,striking,0,-903.9499999999998,-566.8999999999999,False
1830.0,39,available,,7.0,-140000.0,False
1830.0,40,available,,7.0,-140000.0,False
1830.0,41,available,,7.0,-140000.0,False
1860.0,1,en_route,2,664.4036553542724,-801.5429465952916,False
1860.0,2,en_route,1,82.05000000000018,480.4999999999998,False
1860.0,3,en_route,0,-903.9499999999998,-566.8999999999999,False
1860.0,4,available,,10.0,-140000.0,False
1860.0,5,available,,5.0,-140000.0,False
1860.0,6,available,,4.0,-140000.0,False
1860.0,7,available,,4.0,-140000.0,False
1860.0,8,available,,4.0,-140000.0,False
1860.0,9,available,,4.0,-140000.0,False
1860.0,10,available,,4.0,-140000.0,False
1860.0,11,available,,4.0,-140000.0,False
1860.0,12,striking,2,664.4028153632643,-801.5856092499698,False
1860.0,13,striking,2,664.4029091049327,-801.5808402258308,False
1860.0,14,striking,2,664.4033762759509,-801.5571028393592,False
1860.0,15,striking,2,664.4035624298291,-801.5476581608013,False
1860.0,16,striking,2,664.4030027439077,-801.5760783837609,False
1860.0,17,striking,2,664.4034694037726,-801.5523769090205,False
1860.0,18,striking,2,664.4034694037726,-801.5523769090205,False
1860.0,19,striking,2,664.4034694037726,-801.5523769090205,False
1860.0,20,striking,2,664.4034694037726,-801.5523769090205,False
1860.0,21,striking,2,664.4034694037726,-801.5523769090205,False
1860.0,22,striking,1,82.05000000000018,480.4999999999998,False
1860.0,23,striking,1,82.05000000000018,480.4999999999998,False
1860.0,24,striking,1,82.05000000000018,480.4999999999998,False
1860.0,25,striking,1,82.05000000000018,480.4999999999998,False
1860.0,26,striking,1,82.05000000000018,480.4999999999998,False
1860.0,27,striking,1,82.05000000000018,480.4999999999998,False
1860.0,28,striking,1,82.05000000000018,480.4999999999998,False
1860.0,29,striking,1,82.05000000000018,480.4999999999998,False
1860.0,30,striking,1,82.05000000000018,480.4999999999998,False
1860.0,31,striking,0,-903.9499999999998,-566.8999999999999,False
1860.0,32,striking,0,-903.9499999999998,-566.8999999999999,False
1860.0,33,striking,0,-903.9499999999998,-566.8999999999999,False
1860.0,34,striking,0,-903.9499999999998,-566.8999999999999,False
1860.0,35,striking,0,-903.9499999999998,-566.8999999999999,False
1860.0,36,striking,0,-903.9499999999998,-566.8999999999999,False
1860.0,37,striking,0,-903.9499999999998,-566.8999999999999,False
1860.0,38,striking,0,-903.9499999999998,-566.8999999999999,False
1860.0,39,available,,7.0,-140000.0,False
1860.0,40,available,,7.0,-140000.0,False
1860.0,41,available,,7.0,-140000.0,False
1890.0,1,en_route,2,664.4036553542724,-801.5429465952916,False
1890.0,2,en_route,1,82.05000000000018,480.4999999999998,False
1890.0,3,en_route,0,-903.9499999999998,-566.8999999999999,False
1890.0,4,available,,10.0,-140000.0,False
1890.0,5,available,,5.0,-140000.0,False
1890.0,6,available,,4.0,-140000.0,False
1890.0,7,available,,4.0,-140000.0,False
1890.0,8,available,,4.0,-140000.0,False
1890.0,9,available,,4.0,-140000.0,False
1890.0,10,available,,4.0,-140000.0,False
1890.0,11,available,,4.0,-140000.0,False
1890.0,12,striking,2,664.4028153632643,-801.5856092499698,False
1890.0,13,striking,2,664.4029091049327,-801.5808402258308,False
1890.0,14,striking,2,664.4033762759509,-801.5571028393592,False
1890.0,15,striking,2,664.4035624298291,-801.5476581608013,False
1890.0,16,striking,2,664.4030027439077,-801.5760783837609,False
1890.0,17,striking,2,664.4034694037726,-801.5523769090205,False
1890.0,18,striking,2,664.4034694037726,-801.5523769090205,False
1890.0,19,striking,2,664.4034694037726,-801.5523769090205,False
1890.0,20,striking,2,664.4034694037726,-801.5523769090205,False
1890.0,21,striking,2,664.4034694037726,-801.5523769090205,False
1890.0,22,striking,1,82.05000000000018,480.4999999999998,False
1890.0,23,striking,1,82.05000000000018,480.4999999999998,False
1890.0,24,striking,1,82.05000000000018,480.4999999999998,False
1890.0,25,striking,1,82.05000000000018,480.4999999999998,False
1890.0,26,striking,1,82.05000000000018,480.4999999999998,False
1890.0,27,striking,1,82.05000000000018,480.4999999999998,False
1890.0,28,striking,1,82.05000000000018,480.4999999999998,False
1890.0,29,striking,1,82.05000000000018,480.4999999999998,False
1890.0,30,striking,1,82.05000000000018,480.4999999999998,False
1890.0,31,striking,0,-903.9499999999998,-566.8999999999999,False
1890.0,32,striking,0,-903.9499999999998,-566.8999999999999,False
1890.0,33,striking,0,-903.9499999999998,-566.8999999999999,False
1890.0,34,striking,0,-903.9499999999998,-566.8999999999999,False
1890.0,35,striking,0,-903.9499999999998,-566.8999999999999,False
1890.0,36,striking,0,-903.9499999999998,-566.8999999999999,False
1890.0,37,striking,0,-903.9499999999998,-566.8999999999999,False
1890.0,38,striking,0,-903.9499999999998,-566.8999999999999,False
1890.0,39,available,,7.0,-140000.0,False
1890.0,40,available,,7.0,-140000.0,False
1890.0,41,available,,7.0,-140000.0,False
1920.0,1,en_route,2,664.4036553542724,-801.5429465952916,False
1920.0,2,en_route,1,82.05000000000018,480.4999999999998,False
1920.0,3,en_route,0,-903.9499999999998,-566.8999999999999,False
1920.0,4,available,,10.0,-140000.0,False
1920.0,5,available,,5.0,-140000.0,False
1920.0,6,available,,4.0,-140000.0,False
1920.0,7,available,,4.0,-140000.0,False
1920.0,8,available,,4.0,-140000.0,False
1920.0,9,available,,4.0,-140000.0,False
1920.0,10,available,,4.0,-140000.0,False
1920.0,11,available,,4.0,-140000.0,False
1920.0,12,striking,2,664.4028153632643,-801.5856092499698,False
1920.0,13,striking,2,664.4029091049327,-801.5808402258308,False
1920.0,14,striking,2,664.4033762759509,-801.5571028393592,False
1920.0,15,striking,2,664.4035624298291,-801.5476581608013,False
1920.0,16,striking,2,664.4030027439077,-801.5760783837609,False
1920.0,17,striking,2,664.4034694037726,-801.5523769090205,False
1920.0,18,striking,2,664.4034694037726,-801.5523769090205,False
1920.0,19,striking,2,664.4034694037726,-801.5523769090205,False
1920.0,20,striking,2,664.4034694037726,-801.5523769090205,False
1920.0,21,striking,2,664.4034694037726,-801.5523769090205,False
1920.0,22,striking,1,82.05000000000018,480.4999999999998,False
1920.0,23,striking,1,82.05000000000018,480.4999999999998,False
1920.0,24,striking,1,82.05000000000018,480.4999999999998,False
1920.0,25,striking,1,82.05000000000018,480.4999999999998,False
1920.0,26,striking,1,82.05000000000018,480.4999999999998,False
1920.0,27,striking,1,82.05000000000018,480.4999999999998,False
1920.0,28,striking,1,82.05000000000018,480.4999999999998,False
1920.0,29,striking,1,82.05000000000018,480.4999999999998,False
1920.0,30,striking,1,82.05000000000018,480.4999999999998,False
1920.0,31,striking,0,-903.9499999999998,-566.8999999999999,False
1920.0,32,striking,0,-903.9499999999998,-566.8999999999999,False
1920.0,33,striking,0,-903.9499999999998,-566.8999999999999,False
1920.0,34,striking,0,-903.9499999999998,-566.8999999999999,False
1920.0,35,striking,0,-903.9499999999998,-566.8999999999999,False
1920.0,36,striking,0,-903.9499999999998,-566.8999999999999,False
1920.0,37,striking,0,-903.9499999999998,-566.8999999999999,False
1920.0,38,striking,0,-903.9499999999998,-566.8999999999999,False
1920.0,39,available,,7.0,-140000.0,False
1920.0,40,available,,7.0,-140000.0,False
1920.0,41,available,,7.0,-140000.0,False
1950.0,1,en_route,2,664.4036553542724,-801.5429465952916,False
1950.0,2,en_route,1,82.05000000000018,480.4999999999998,False
1950.0,3,en_route,0,-903.9499999999998,-566.8999999999999,False
1950.0,4,available,,10.0,-140000.0,False
1950.0,5,available,,5.0,-140000.0,False
1950.0,6,available,,4.0,-140000.0,False
1950.0,7,available,,4.0,-140000.0,False
1950.0,8,available,,4.0,-140000.0,False
1950.0,9,available,,4.0,-140000.0,False
1950.0,10,available,,4.0,-140000.0,False
1950.0,11,available,,4.0,-140000.0,False
1950.0,12,striking,2,664.4028153632643,-801.5856092499698,False
1950.0,13,striking,2,664.4029091049327,-801.5808402258308,False
1950.0,14,striking,2,664.4033762759509,-801.5571028393592,False
1950.0,15,striking,2,664.4035624298291,-801.5476581608013,False
1950.0,16,striking,2,664.4030027439077,-801.5760783837609,False
1950.0,17,striking,2,664.4034694037726,-801.5523769090205,False
1950.0,18,striking,2,664.4034694037726,-801.5523769090205,False
1950.0,19,striking,2,664.4034694037726,-801.5523769090205,False
1950.0,20,striking,2,664.4034694037726,-801.5523769090205,False
1950.0,21,striking,2,664.4034694037726,-801.5523769090205,False
1950.0,22,striking,1,82.05000000000018,480.4999999999998,False
1950.0,23,striking,1,82.05000000000018,480.4999999999998,False
1950.0,24,striking,1,82.05000000000018,480.4999999999998,False
1950.0,25,striking,1,82.05000000000018,480.4999999999998,False
1950.0,26,striking,1,82.05000000000018,480.4999999999998,False
1950.0,27,striking,1,82.05000000000018,480.4999999999998,False
1950.0,28,striking,1,82.05000000000018,480.4999999999998,False
1950.0,29,striking,1,82.05000000000018,480.4999999999998,False
1950.0,30,striking,1,82.05000000000018,480.4999999999998,False
1950.0,31,striking,0,-903.9499999999998,-566.8999999999999,False
1950.0,32,striking,0,-903.9499999999998,-566.8999999999999,False
1950.0,33,striking,0,-903.9499999999998,-566.8999999999999,False
1950.0,34,striking,0,-903.9499999999998,-566.8999999999999,False
1950.0,35,striking,0,-903.9499999999998,-566.8999999999999,False
1950.0,36,striking,0,-903.9499999999998,-566.8999999999999,False
1950.0,37,striking,0,-903.9499999999998,-566.8999999999999,False
1950.0,38,striking,0,-903.9499999999998,-566.8999999999999,False
1950.0,39,available,,7.0,-140000.0,False
1950.0,40,available,,7.0,-140000.0,False
1950.0,41,available,,7.0,-140000.0,False
1980.0,1,en_route,2,664.4036553542724,-801.5429465952916,False
1980.0,2,en_route,1,82.05000000000018,480.4999999999998,False
1980.0,3,en_route,0,-903.9499999999998,-566.8999999999999,False
1980.0,4,available,,10.0,-140000.0,False
1980.0,5,available,,5.0,-140000.0,False
1980.0,6,available,,4.0,-140000.0,False
1980.0,7,available,,4.0,-140000.0,False
1980.0,8,available,,4.0,-140000.0,False
1980.0,9,available,,4.0,-140000.0,False
1980.0,10,available,,4.0,-140000.0,False
1980.0,11,available,,4.0,-140000.0,False
1980.0,12,striking,2,664.4028153632643,-801.5856092499698,False
1980.0,13,striking,2,664.4029091049327,-801.5808402258308,False
1980.0,14,striking,2,664.4033762759509,-801.5571028393592,False
1980.0,15,striking,2,664.4035624298291,-801.5476581608013,False
1980.0,16,striking,2,664.4030027439077,-801.5760783837609,False
1980.0,17,striking,2,664.4034694037726,-801.5523769090205,False
1980.0,18,striking,2,664.4034694037726,-801.5523769090205,False
1980.0,19,striking,2,664.4034694037726,-801.5523769090205,False
1980.0,20,striking,2,664.4034694037726,-801.5523769090205,False
1980.0,21,striking,2,664.4034694037726,-801.5523769090205,False
1980.0,22,striking,1,82.05000000000018,480.4999999999998,False
1980.0,23,striking,1,82.05000000000018,480.4999999999998,False
1980.0,24,striking,1,82.05000000000018,480.4999999999998,False
1980.0,25,striking,1,82.05000000000018,480.4999999999998,False
1980.0,26,striking,1,82.05000000000018,480.4999999999998,False
1980.0,27,striking,1,82.05000000000018,480.4999999999998,False
1980.0,28,striking,1,82.05000000000018,480.4999999999998,False
1980.0,29,striking,1,82.05000000000018,480.4999999999998,False
1980.0,30,striking,1,82.05000000000018,480.4999999999998,False
1980.0,31,striking,0,-903.9499999999998,-566.8999999999999,False
1980.0,32,striking,0,-903.9499999999998,-566.8999999999999,False
1980.0,33,striking,0,-903.9499999999998,-566.8999999999999,False
1980.0,34,striking,0,-903.9499999999998,-566.8999999999999,False
1980.0,35,striking,0,-903.9499999999998,-566.8999999999999,False
1980.0,36,striking,0,-903.9499999999998,-566.8999999999999,False
1980.0,37,striking,0,-903.9499999999998,-566.8999999999999,False
1980.0,38,striking,0,-903.9499999999998,-566.8999999999999,False
1980.0,39,available,,7.0,-140000.0,False
1980.0,40,available,,7.0,-140000.0,False
1980.0,41,available,,7.0,-140000.0,False
2010.0,1,en_route,2,664.4036553542724,-801.5429465952916,False
2010.0,2,en_route,1,82.05000000000018,480.4999999999998,False
2010.0,3,en_route,0,-903.9499999999998,-566.8999999999999,False
2010.0,4,available,,10.0,-140000.0,False
2010.0,5,available,,5.0,-140000.0,False
2010.0,6,available,,4.0,-140000.0,False
2010.0,7,available,,4.0,-140000.0,False
2010.0,8,available,,4.0,-140000.0,False
2010.0,9,available,,4.0,-140000.0,False
2010.0,10,available,,4.0,-140000.0,False
2010.0,11,available,,4.0,-140000.0,False
2010.0,12,striking,2,664.4028153632643,-801.5856092499698,False
2010.0,13,striking,2,664.4029091049327,-801.5808402258308,False
2010.0,14,striking,2,664.4033762759509,-801.5571028393592,False
2010.0,15,striking,2,664.4035624298291,-801.5476581608013,False
2010.0,16,striking,2,664.4030027439077,-801.5760783837609,False
2010.0,17,striking,2,664.4034694037726,-801.5523769090205,False
2010.0,18,striking,2,664.4034694037726,-801.5523769090205,False
2010.0,19,striking,2,664.4034694037726,-801.5523769090205,False
2010.0,20,striking,2,664.4034694037726,-801.5523769090205,False
2010.0,21,striking,2,664.4034694037726,-801.5523769090205,False
2010.0,22,striking,1,82.05000000000018,480.4999999999998,False
2010.0,23,striking,1,82.05000000000018,480.4999999999998,False
2010.0,24,striking,1,82.05000000000018,480.4999999999998,False
2010.0,25,striking,1,82.05000000000018,480.4999999999998,False
2010.0,26,striking,1,82.05000000000018,480.4999999999998,False
2010.0,27,striking,1,82.05000000000018,480.4999999999998,False
2010.0,28,striking,1,82.05000000000018,480.4999999999998,False
2010.0,29,striking,1,82.05000000000018,480.4999999999998,False
2010.0,30,striking,1,82.05000000000018,480.4999999999998,False
2010.0,31,striking,0,-903.9499999999998,-566.8999999999999,False
2010.0,32,striking,0,-903.9499999999998,-566.8999999999999,False
2010.0,33,striking,0,-903.9499999999998,-566.8999999999999,False
2010.0,34,striking,0,-903.9499999999998,-566.8999999999999,False
2010.0,35,striking,0,-903.9499999999998,-566.8999999999999,False
2010.0,36,striking,0,-903.9499999999998,-566.8999999999999,False
2010.0,37,striking,0,-903.9499999999998,-566.8999999999999,False
2010.0,38,striking,0,-903.9499999999998,-566.8999999999999,False
2010.0,39,available,,7.0,-140000.0,False
2010.0,40,available,,7.0,-140000.0,False
2010.0,41,available,,7.0,-140000.0,False
2040.0,1,en_route,2,664.4036553542724,-801.5429465952916,False
2040.0,2,en_route,1,82.05000000000018,480.4999999999998,False
2040.0,3,en_route,0,-903.9499999999998,-566.8999999999999,False
2040.0,4,available,,10.0,-140000.0,False
2040.0,5,available,,5.0,-140000.0,False
2040.0,6,available,,4.0,-140000.0,False
2040.0,7,available,,4.0,-140000.0,False
2040.0,8,available,,4.0,-140000.0,False
2040.0,9,available,,4.0,-140000.0,False
2040.0,10,available,,4.0,-140000.0,False
2040.0,11,available,,4.0,-140000.0,False
2040.0,12,striking,2,664.4028153632643,-801.5856092499698,False
2040.0,13,striking,2,664.4029091049327,-801.5808402258308,False
2040.0,14,striking,2,664.4033762759509,-801.5571028393592,False
2040.0,15,striking,2,664.4035624298291,-801.5476581608013,False
2040.0,16,striking,2,664.4030027439077,-801.5760783837609,False
2040.0,17,striking,2,664.4034694037726,-801.5523769090205,False
2040.0,18,striking,2,664.4034694037726,-801.5523769090205,False
2040.0,19,striking,2,664.4034694037726,-801.5523769090205,False
2040.0,20,striking,2,664.4034694037726,-801.5523769090205,False
2040.0,21,striking,2,664.4034694037726,-801.5523769090205,False
2040.0,22,striking,1,82.05000000000018,480.4999999999998,False
2040.0,23,striking,1,82.05000000000018,480.4999999999998,False
2040.0,24,striking,1,82.05000000000018,480.4999999999998,False
2040.0,25,striking,1,82.05000000000018,480.4999999999998,False
2040.0,26,striking,1,82.05000000000018,480.4999999999998,False
2040.0,27,striking,1,82.05000000000018,480.4999999999998,False
2040.0,28,striking,1,82.05000000000018,480.4999999999998,False
2040.0,29,striking,1,82.05000000000018,480.4999999999998,False
2040.0,30,striking,1,82.05000000000018,480.4999999999998,False
2040.0,31,striking,0,-903.9499999999998,-566.8999999999999,False
2040.0,32,striking,0,-903.9499999999998,-566.8999999999999,False
2040.0,33,striking,0,-903.9499999999998,-566.8999999999999,False
2040.0,34,striking,0,-903.9499999999998,-566.8999999999999,False
2040.0,35,striking,0,-903.9499999999998,-566.8999999999999,False
2040.0,36,striking,0,-903.9499999999998,-566.8999999999999,False
2040.0,37,striking,0,-903.9499999999998,-566.8999999999999,False
2040.0,38,striking,0,-903.9499999999998,-566.8999999999999,False
2040.0,39,available,,7.0,-140000.0,False
2040.0,40,available,,7.0,-140000.0,False
2040.0,41,available,,7.0,-140000.0,False
2070.0,1,en_route,2,664.4036553542724,-801.5429465952916,False
2070.0,2,en_route,1,82.05000000000018,480.4999999999998,False
2070.0,3,en_route,0,-903.9499999999998,-566.8999999999999,False
2070.0,4,available,,10.0,-140000.0,False
2070.0,5,available,,5.0,-140000.0,False
2070.0,6,available,,4.0,-140000.0,False
2070.0,7,available,,4.0,-140000.0,False
2070.0,8,available,,4.0,-140000.0,False
2070.0,9,available,,4.0,-140000.0,False
2070.0,10,available,,4.0,-140000.0,False
2070.0,11,available,,4.0,-140000.0,False
2070.0,12,striking,2,664.4028153632643,-801.5856092499698,False
2070.0,13,striking,2,664.4029091049327,-801.5808402258308,False
2070.0,14,striking,2,664.4033762759509,-801.5571028393592,False
2070.0,15,striking,2,664.4035624298291,-801.5476581608013,False
2070.0,16,striking,2,664.4030027439077,-801.5760783837609,False
2070.0,17,striking,2,664.4034694037726,-801.5523769090205,False
2070.0,18,striking,2,664.4034694037726,-801.5523769090205,False
2070.0,19,striking,2,664.4034694037726,-801.5523769090205,False
2070.0,20,striking,2,664.4034694037726,-801.5523769090205,False
2070.0,21,striking,2,664.4034694037726,-801.5523769090205,False
2070.0,22,striking,1,82.05000000000018,480.4999999999998,False
2070.0,23,striking,1,82.05000000000018,480.4999999999998,False
2070.0,24,striking,1,82.05000000000018,480.4999999999998,False
2070.0,25,striking,1,82.05000000000018,480.4999999999998,False
2070.0,26,striking,1,82.05000000000018,480.4999999999998,False
2070.0,27,striking,1,82.05000000000018,480.4999999999998,False
2070.0,28,striking,1,82.05000000000018,480.4999999999998,False
2070.0,29,striking,1,82.05000000000018,480.4999999999998,False
2070.0,30,striking,1,82.05000000000018,480.4999999999998,False
2070.0,31,striking,0,-903.9499999999998,-566.8999999999999,False
2070.0,32,striking,0,-903.9499999999998,-566.8999999999999,False
2070.0,33,striking,0,-903.9499999999998,-566.8999999999999,False
2070.0,34,striking,0,-903.9499999999998,-566.8999999999999,False
2070.0,35,striking,0,-903.9499999999998,-566.8999999999999,False
2070.0,36,striking,0,-903.9499999999998,-566.8999999999999,False
2070.0,37,striking,0,-903.9499999999998,-566.8999999999999,False
2070.0,38,striking,0,-903.9499999999998,-566.8999999999999,False
2070.0,39,available,,7.0,-140000.0,False
2070.0,40,available,,7.0,-140000.0,False
2070.0,41,available,,7.0,-140000.0,False
2100.0,1,en_route,2,664.4036553542724,-801.5429465952916,False
2100.0,2,en_route,1,82.05000000000018,480.4999999999998,False
2100.0,3,en_route,0,-903.9499999999998,-566.8999999999999,False
2100.0,4,available,,10.0,-140000.0,False
2100.0,5,available,,5.0,-140000.0,False
2100.0,6,available,,4.0,-140000.0,False
2100.0,7,available,,4.0,-140000.0,False
2100.0,8,available,,4.0,-140000.0,False
2100.0,9,available,,4.0,-140000.0,False
2100.0,10,available,,4.0,-140000.0,False
2100.0,11,available,,4.0,-140000.0,False
2100.0,12,striking,2,664.4028153632643,-801.5856092499698,False
2100.0,13,striking,2,664.4029091049327,-801.5808402258308,False
2100.0,14,striking,2,664.4033762759509,-801.5571028393592,False
2100.0,15,striking,2,664.4035624298291,-801.5476581608013,False
2100.0,16,striking,2,664.4030027439077,-801.5760783837609,False
2100.0,17,striking,2,664.4034694037726,-801.5523769090205,False
2100.0,18,striking,2,664.4034694037726,-801.5523769090205,False
2100.0,19,striking,2,664.4034694037726,-801.5523769090205,False
2100.0,20,striking,2,664.4034694037726,-801.5523769090205,False
2100.0,21,striking,2,664.4034694037726,-801.5523769090205,False
2100.0,22,striking,1,82.05000000000018,480.4999999999998,False
2100.0,23,striking,1,82.05000000000018,480.4999999999998,False
2100.0,24,striking,1,82.05000000000018,480.4999999999998,False
2100.0,25,striking,1,82.05000000000018,480.4999999999998,False
2100.0,26,striking,1,82.05000000000018,480.4999999999998,False
2100.0,27,striking,1,82.05000000000018,480.4999999999998,False
2100.0,28,striking,1,82.05000000000018,480.4999999999998,False
2100.0,29,striking,1,82.05000000000018,480.4999999999998,False
2100.0,30,striking,1,82.05000000000018,480.4999999999998,False
2100.0,31,striking,0,-903.9499999999998,-566.8999999999999,False
2100.0,32,striking,0,-903.9499999999998,-566.8999999999999,False
2100.0,33,striking,0,-903.9499999999998,-566.8999999999999,False
2100.0,34,striking,0,-903.9499999999998,-566.8999999999999,False
2100.0,35,striking,0,-903.9499999999998,-566.8999999999999,False
2100.0,36,striking,0,-903.9499999999998,-566.8999999999999,False
2100.0,37,striking,0,-903.9499999999998,-566.8999999999999,False
2100.0,38,striking,0,-903.9499999999998,-566.8999999999999,False
2100.0,39,available,,7.0,-140000.0,False
2100.0,40,available,,7.0,-140000.0,False
2100.0,41,available,,7.0,-140000.0,False
2130.0,1,en_route,2,664.4036553542724,-801.5429465952916,False
2130.0,2,en_route,1,82.05000000000018,480.4999999999998,False
2130.0,3,en_route,0,-903.9499999999998,-566.8999999999999,False
2130.0,4,available,,10.0,-140000.0,False
2130.0,5,available,,5.0,-140000.0,False
2130.0,6,available,,4.0,-140000.0,False
2130.0,7,available,,4.0,-140000.0,False
2130.0,8,available,,4.0,-140000.0,False
2130.0,9,available,,4.0,-140000.0,False
2130.0,10,available,,4.0,-140000.0,False
2130.0,11,available,,4.0,-140000.0,False
2130.0,12,striking,2,664.4028153632643,-801.5856092499698,False
2130.0,13,striking,2,664.4029091049327,-801.5808402258308,False
2130.0,14,striking,2,664.4033762759509,-801.5571028393592,False
2130.0,15,striking,2,664.4035624298291,-801.5476581608013,False
2130.0,16,striking,2,664.4030027439077,-801.5760783837609,False
2130.0,17,striking,2,664.4034694037726,-801.5523769090205,False
2130.0,18,striking,2,664.4034694037726,-801.5523769090205,False
2130.0,19,striking,2,664.4034694037726,-801.5523769090205,False
2130.0,20,striking,2,664.4034694037726,-801.5523769090205,False
2130.0,21,striking,2,664.4034694037726,-801.5523769090205,False
2130.0,22,striking,1,82.05000000000018,480.4999999999998,False
2130.0,23,striking,1,82.05000000000018,480.4999999999998,False
2130.0,24,striking,1,82.05000000000018,480.4999999999998,False
2130.0,25,striking,1,82.05000000000018,480.4999999999998,False
2130.0,26,striking,1,82.05000000000018,480.4999999999998,False
2130.0,27,striking,1,82.05000000000018,480.4999999999998,False
2130.0,28,striking,1,82.05000000000018,480.4999999999998,False
2130.0,29,striking,1,82.05000000000018,480.4999999999998,False
2130.0,30,striking,1,82.05000000000018,480.4999999999998,False
2130.0,31,striking,0,-903.9499999999998,-566.8999999999999,False
2130.0,32,striking,0,-903.9499999999998,-566.8999999999999,False
2130.0,33,striking,0,-903.9499999999998,-566.8999999999999,False
2130.0,34,striking,0,-903.9499999999998,-566.8999999999999,False
2130.0,35,striking,0,-903.9499999999998,-566.8999999999999,False
2130.0,36,striking,0,-903.9499999999998,-566.8999999999999,False
2130.0,37,striking,0,-903.9499999999998,-566.8999999999999,False
2130.0,38,striking,0,-903.9499999999998,-566.8999999999999,False
2130.0,39,available,,7.0,-140000.0,False
2130.0,40,available,,7.0,-140000.0,False
2130.0,41,available,,7.0,-140000.0,False
2160.0,1,en_route,2,664.4036553542724,-801.5429465952916,False
2160.0,2,en_route,1,82.05000000000018,480.4999999999998,False
2160.0,3,en_route,0,-903.9499999999998,-566.8999999999999,False
2160.0,4,available,,10.0,-140000.0,False
2160.0,5,available,,5.0,-140000.0,False
2160.0,6,available,,4.0,-140000.0,False
2160.0,7,available,,4.0,-140000.0,False
2160.0,8,available,,4.0,-140000.0,False
2160.0,9,available,,4.0,-140000.0,False
2160.0,10,available,,4.0,-140000.0,False
2160.0,11,available,,4.0,-140000.0,False
2160.0,12,striking,2,664.4028153632643,-801.5856092499698,False
2160.0,13,striking,2,664.4029091049327,-801.5808402258308,False
2160.0,14,striking,2,664.4033762759509,-801.5571028393592,False
2160.0,15,striking,2,664.4035624298291,-801.5476581608013,False
2160.0,16,striking,2,664.4030027439077,-801.5760783837609,False
2160.0,17,striking,2,664.4034694037726,-801.5523769090205,False
2160.0,18,striking,2,664.4034694037726,-801.5523769090205,False
2160.0,19,striking,2,664.4034694037726,-801.5523769090205,False
2160.0,20,striking,2,664.4034694037726,-801.5523769090205,False
2160.0,21,striking,2,664.4034694037726,-801.5523769090205,False
2160.0,22,striking,1,82.05000000000018,480.4999999999998,False
2160.0,23,striking,1,82.05000000000018,480.4999999999998,False
2160.0,24,striking,1,82.05000000000018,480.4999999999998,False
2160.0,25,striking,1,82.05000000000018,480.4999999999998,False
2160.0,26,striking,1,82.05000000000018,480.4999999999998,False
2160.0,27,striking,1,82.05000000000018,480.4999999999998,False
2160.0,28,striking,1,82.05000000000018,480.4999999999998,False
2160.0,29,striking,1,82.05000000000018,480.4999999999998,False
2160.0,30,striking,1,82.05000000000018,480.4999999999998,False
2160.0,31,striking,0,-903.9499999999998,-566.8999999999999,False
2160.0,32,striking,0,-903.9499999999998,-566.8999999999999,False
2160.0,33,striking,0,-903.9499999999998,-566.8999999999999,False
2160.0,34,striking,0,-903.9499999999998,-566.8999999999999,False
2160.0,35,striking,0,-903.9499999999998,-566.8999999999999,False
2160.0,36,striking,0,-903.9499999999998,-566.8999999999999,False
2160.0,37,striking,0,-903.9499999999998,-566.8999999999999,False
2160.0,38,striking,0,-903.9499999999998,-566.8999999999999,False
2160.0,39,available,,7.0,-140000.0,False
2160.0,40,available,,7.0,-140000.0,False
2160.0,41,available,,7.0,-140000.0,False
2190.0,1,en_route,2,664.4036553542724,-801.5429465952916,False
2190.0,2,en_route,1,82.05000000000018,480.4999999999998,False
2190.0,3,en_route,0,-903.9499999999998,-566.8999999999999,False
2190.0,4,available,,10.0,-140000.0,False
2190.0,5,available,,5.0,-140000.0,False
2190.0,6,available,,4.0,-140000.0,False
2190.0,7,available,,4.0,-140000.0,False
2190.0,8,available,,4.0,-140000.0,False
2190.0,9,available,,4.0,-140000.0,False
2190.0,10,available,,4.0,-140000.0,False
2190.0,11,available,,4.0,-140000.0,False
2190.0,12,striking,2,664.4028153632643,-801.5856092499698,False
2190.0,13,striking,2,664.4029091049327,-801.5808402258308,False
2190.0,14,striking,2,664.4033762759509,-801.5571028393592,False
2190.0,15,striking,2,664.4035624298291,-801.5476581608013,False
2190.0,16,striking,2,664.4030027439077,-801.5760783837609,False
2190.0,17,striking,2,664.4034694037726,-801.5523769090205,False
2190.0,18,striking,2,664.4034694037726,-801.5523769090205,False
2190.0,19,striking,2,664.4034694037726,-801.5523769090205,False
2190.0,20,striking,2,664.4034694037726,-801.5523769090205,False
2190.0,21,striking,2,664.4034694037726,-801.5523769090205,False
2190.0,22,striking,1,82.05000000000018,480.4999999999998,False
2190.0,23,striking,1,82.05000000000018,480.4999999999998,False
2190.0,24,striking,1,82.05000000000018,480.4999999999998,False
2190.0,25,striking,1,82.05000000000018,480.4999999999998,False
2190.0,26,striking,1,82.05000000000018,480.4999999999998,False
2190.0,27,striking,1,82.05000000000018,480.4999999999998,False
2190.0,28,striking,1,82.05000000000018,480.4999999999998,False
2190.0,29,striking,1,82.05000000000018,480.4999999999998,False
2190.0,30,striking,1,82.05000000000018,480.4999999999998,False
2190.0,31,striking,0,-903.9499999999998,-566.8999999999999,False
2190.0,32,striking,0,-903.9499999999998,-566.8999999999999,False
2190.0,33,striking,0,-903.9499999999998,-566.8999999999999,False
2190.0,34,striking,0,-903.9499999999998,-566.8999999999999,False
2190.0,35,striking,0,-903.9499999999998,-566.8999999999999,False
2190.0,36,striking,0,-903.9499999999998,-566.8999999999999,False
2190.0,37,striking,0,-903.9499999999998,-566.8999999999999,False
2190.0,38,striking,0,-903.9499999999998,-566.8999999999999,False
2190.0,39,available,,7.0,-140000.0,False
2190.0,40,available,,7.0,-140000.0,False
2190.0,41,available,,7.0,-140000.0,False
2200.0,1,en_route,2,664.4036553542724,-801.5429465952916,False
2200.0,2,en_route,1,82.05000000000018,480.4999999999998,False
2200.0,3,en_route,0,-903.9499999999998,-566.8999999999999,False
2200.0,4,available,,10.0,-140000.0,False
2200.0,5,available,,5.0,-140000.0,False
2200.0,6,available,,4.0,-140000.0,False
2200.0,7,available,,4.0,-140000.0,False
2200.0,8,available,,4.0,-140000.0,False
2200.0,9,available,,4.0,-140000.0,False
2200.0,10,available,,4.0,-140000.0,False
2200.0,11,available,,4.0,-140000.0,False
2200.0,12,striking,2,664.4028153632643,-801.5856092499698,False
2200.0,13,striking,2,664.4029091049327,-801.5808402258308,False
2200.0,14,striking,2,664.4033762759509,-801.5571028393592,False
2200.0,15,striking,2,664.4035624298291,-801.5476581608013,False
2200.0,16,striking,2,664.4030027439077,-801.5760783837609,False
2200.0,17,striking,2,664.4034694037726,-801.5523769090205,False
2200.0,18,striking,2,664.4034694037726,-801.5523769090205,False
2200.0,19,striking,2,664.4034694037726,-801.5523769090205,False
2200.0,20,striking,2,664.4034694037726,-801.5523769090205,False
2200.0,21,striking,2,664.4034694037726,-801.5523769090205,False
2200.0,22,striking,1,82.05000000000018,480.4999999999998,False
2200.0,23,striking,1,82.05000000000018,480.4999999999998,False
2200.0,24,striking,1,82.05000000000018,480.4999999999998,False
2200.0,25,striking,1,82.05000000000018,480.4999999999998,False
2200.0,26,striking,1,82.05000000000018,480.4999999999998,False
2200.0,27,striking,1,82.05000000000018,480.4999999999998,False
2200.0,28,striking,1,82.05000000000018,480.4999999999998,False
2200.0,29,striking,1,82.05000000000018,480.4999999999998,False
2200.0,30,striking,1,82.05000000000018,480.4999999999998,False
2200.0,31,striking,0,-903.9499999999998,-566.8999999999999,False
2200.0,32,striking,0,-903.9499999999998,-566.8999999999999,False
2200.0,33,striking,0,-903.9499999999998,-566.8999999999999,False
2200.0,34,striking,0,-903.9499999999998,-566.8999999999999,False
2200.0,35,striking,0,-903.9499999999998,-566.8999999999999,False
2200.0,36,striking,0,-903.9499999999998,-566.8999999999999,False
2200.0,37,striking,0,-903.9499999999998,-566.8999999999999,False
2200.0,38,striking,0,-903.9499999999998,-566.8999999999999,False
2200.0,39,available,,7.0,-140000.0,False
2200.0,40,available,,7.0,-140000.0,False
2200.0,41,available,,7.0,-140000.0,False
